23/11/2000;605.5
24/11/2000;598
27/11/2000;596
28/11/2000;587.5
29/11/2000;573
30/11/2000;548.5
01/12/2000;549
04/12/2000;541
05/12/2000;553.5
06/12/2000;531
07/12/2000;546
08/12/2000;551
11/12/2000;551
12/12/2000;558
13/12/2000;569.5
14/12/2000;542.5
15/12/2000;533
18/12/2000;541.5
19/12/2000;542
20/12/2000;521.5
21/12/2000;517.5
22/12/2000;524
27/12/2000;542
28/12/2000;546.5
29/12/2000;540
02/01/2001;545
03/01/2001;536.5
04/01/2001;538
05/01/2001;544.5
08/01/2001;543.5
09/01/2001;526.5
10/01/2001;527
11/01/2001;546
12/01/2001;555.5
15/01/2001;570.5
16/01/2001;557
17/01/2001;569
18/01/2001;578
19/01/2001;579
22/01/2001;588
23/01/2001;585
24/01/2001;582
25/01/2001;590
26/01/2001;595
29/01/2001;590
30/01/2001;578.5
31/01/2001;588.5
01/02/2001;579
02/02/2001;587
05/02/2001;598
06/02/2001;600.5
07/02/2001;598
08/02/2001;599
09/02/2001;607
12/02/2001;609
13/02/2001;590
14/02/2001;588
15/02/2001;578
16/02/2001;567
19/02/2001;580
20/02/2001;570
21/02/2001;568
22/02/2001;561.5
23/02/2001;566
26/02/2001;568.5
27/02/2001;574
28/02/2001;573
01/03/2001;579.5
02/03/2001;572
05/03/2001;581
06/03/2001;589
07/03/2001;602
08/03/2001;600
09/03/2001;585.5
12/03/2001;589
13/03/2001;571.5
14/03/2001;570
15/03/2001;575
16/03/2001;567.5
19/03/2001;571
20/03/2001;575.5
21/03/2001;573
22/03/2001;562
23/03/2001;542.5
26/03/2001;556.5
27/03/2001;574
28/03/2001;575
29/03/2001;568
30/03/2001;582
02/04/2001;576
03/04/2001;562
04/04/2001;563.5
05/04/2001;575.5
06/04/2001;580
09/04/2001;598.5
10/04/2001;610
11/04/2001;604
12/04/2001;600.5
17/04/2001;607
18/04/2001;592.5
19/04/2001;597
20/04/2001;607
23/04/2001;620
24/04/2001;615
25/04/2001;616.5
26/04/2001;638.5
27/04/2001;635
30/04/2001;627
01/05/2001;625
02/05/2001;615.5
03/05/2001;591
04/05/2001;611
08/05/2001;600
09/05/2001;616
10/05/2001;620
11/05/2001;610
14/05/2001;587.5
15/05/2001;616.5
16/05/2001;618
17/05/2001;614.5
18/05/2001;625
21/05/2001;629
22/05/2001;630
23/05/2001;623.5
24/05/2001;629
25/05/2001;628
29/05/2001;632.5
30/05/2001;628.5
31/05/2001;622
01/06/2001;631.5
04/06/2001;638
05/06/2001;647
06/06/2001;638
07/06/2001;632
08/06/2001;641
11/06/2001;640
12/06/2001;645
13/06/2001;636
14/06/2001;630
15/06/2001;637.5
18/06/2001;628
19/06/2001;626.5
20/06/2001;631
21/06/2001;613.5
22/06/2001;614
25/06/2001;620
26/06/2001;617.5
27/06/2001;613
28/06/2001;585
29/06/2001;584.5
02/07/2001;573
03/07/2001;574
04/07/2001;584
05/07/2001;587.5
06/07/2001;574.5
09/07/2001;576.5
10/07/2001;567.5
11/07/2001;562
12/07/2001;568.5
13/07/2001;572
16/07/2001;576
17/07/2001;566
18/07/2001;547
19/07/2001;553.5
20/07/2001;558
23/07/2001;561
24/07/2001;546.5
25/07/2001;557
26/07/2001;570
27/07/2001;570.5
30/07/2001;572
31/07/2001;583.5
01/08/2001;586
02/08/2001;575.5
03/08/2001;571
06/08/2001;576
07/08/2001;591
08/08/2001;601
09/08/2001;591.5
10/08/2001;590
13/08/2001;601
14/08/2001;608
15/08/2001;610.5
16/08/2001;605
17/08/2001;599
20/08/2001;596
21/08/2001;598.5
22/08/2001;602
23/08/2001;601.5
24/08/2001;606
28/08/2001;593
29/08/2001;591.5
30/08/2001;583.5
31/08/2001;584.5
03/09/2001;583
04/09/2001;591.5
05/09/2001;587.5
06/09/2001;584
07/09/2001;573
10/09/2001;561
11/09/2001;588.5
12/09/2001;560
13/09/2001;550
14/09/2001;535.5
17/09/2001;565
18/09/2001;566
19/09/2001;544
20/09/2001;525
21/09/2001;504
24/09/2001;512.5
25/09/2001;509.5
26/09/2001;519.5
27/09/2001;538
28/09/2001;562
01/10/2001;528.5
02/10/2001;546
03/10/2001;545
04/10/2001;564
05/10/2001;561
08/10/2001;568
09/10/2001;568.5
10/10/2001;590
11/10/2001;586.5
12/10/2001;594.5
15/10/2001;584
16/10/2001;581
17/10/2001;593
18/10/2001;569
19/10/2001;544.5
22/10/2001;561
23/10/2001;575
24/10/2001;557
25/10/2001;549
26/10/2001;575.5
29/10/2001;560
30/10/2001;553.5
31/10/2001;555
01/11/2001;558
02/11/2001;553.5
05/11/2001;560
06/11/2001;541.5
07/11/2001;549.5
08/11/2001;556
09/11/2001;565
12/11/2001;550.5
13/11/2001;566
14/11/2001;530
15/11/2001;491.5
16/11/2001;503
19/11/2001;509
20/11/2001;528
21/11/2001;524.5
22/11/2001;535.5
23/11/2001;530
26/11/2001;512.5
27/11/2001;522
28/11/2001;514
29/11/2001;518.5
30/11/2001;518.5
03/12/2001;516.5
04/12/2001;517
05/12/2001;532
06/12/2001;528.5
07/12/2001;512.5
10/12/2001;509
11/12/2001;508
12/12/2001;507
13/12/2001;508
14/12/2001;504
17/12/2001;513.5
18/12/2001;514
19/12/2001;513
20/12/2001;511
21/12/2001;528.5
24/12/2001;530.5
27/12/2001;533
28/12/2001;537
31/12/2001;534
02/01/2002;531
03/01/2002;535
04/01/2002;533
07/01/2002;531.5
08/01/2002;522
09/01/2002;524
10/01/2002;522.5
11/01/2002;519
14/01/2002;515
15/01/2002;523
16/01/2002;521.5
17/01/2002;519
18/01/2002;511
21/01/2002;513.5
22/01/2002;513.5
23/01/2002;532
24/01/2002;535.5
25/01/2002;539
28/01/2002;550
29/01/2002;537.5
30/01/2002;538.5
31/01/2002;548
01/02/2002;554
04/02/2002;554
05/02/2002;538
06/02/2002;549
07/02/2002;545
08/02/2002;543.5
11/02/2002;541.5
12/02/2002;545
13/02/2002;552.5
14/02/2002;569.5
15/02/2002;571.5
18/02/2002;573
19/02/2002;569.5
20/02/2002;553
21/02/2002;561
22/02/2002;563
25/02/2002;574
26/02/2002;584.5
27/02/2002;592
28/02/2002;582.5
01/03/2002;589.5
04/03/2002;596.5
05/03/2002;599.5
06/03/2002;599
07/03/2002;611.5
08/03/2002;603
11/03/2002;608.5
12/03/2002;612
13/03/2002;617
14/03/2002;606.5
15/03/2002;609
18/03/2002;604.5
19/03/2002;614
20/03/2002;616
21/03/2002;614
22/03/2002;613
25/03/2002;606.5
26/03/2002;609
27/03/2002;612.5
28/03/2002;625
02/04/2002;624
03/04/2002;625
04/04/2002;610
05/04/2002;608.5
08/04/2002;608.5
09/04/2002;599.5
10/04/2002;600.5
11/04/2002;590
12/04/2002;584
15/04/2002;596
16/04/2002;605
17/04/2002;598
18/04/2002;595.5
19/04/2002;597.5
22/04/2002;597.5
23/04/2002;588
24/04/2002;577.5
25/04/2002;573.5
26/04/2002;565
29/04/2002;569
30/04/2002;585.5
01/05/2002;578
02/05/2002;577.5
03/05/2002;594
07/05/2002;576
08/05/2002;583
09/05/2002;587
10/05/2002;585
13/05/2002;590
14/05/2002;606
15/05/2002;596
16/05/2002;596
17/05/2002;592
20/05/2002;589.5
21/05/2002;596
22/05/2002;584
23/05/2002;584
24/05/2002;591
27/05/2002;588
28/05/2002;573.5
29/05/2002;580
30/05/2002;576.5
31/05/2002;585
05/06/2002;565
06/06/2002;564
07/06/2002;558
10/06/2002;555.5
11/06/2002;560
12/06/2002;551
13/06/2002;542.5
14/06/2002;523.5
17/06/2002;540
18/06/2002;541
19/06/2002;538
20/06/2002;538.5
21/06/2002;532
24/06/2002;531
25/06/2002;545.5
26/06/2002;534.5
27/06/2002;535
28/06/2002;551
01/07/2002;559.5
02/07/2002;543.5
03/07/2002;532.5
04/07/2002;537
05/07/2002;555
08/07/2002;554
09/07/2002;546
10/07/2002;537
11/07/2002;513
12/07/2002;500
15/07/2002;462.5
16/07/2002;470
17/07/2002;489
18/07/2002;495
19/07/2002;464.5
22/07/2002;428
23/07/2002;428.5
24/07/2002;425
25/07/2002;449.5
26/07/2002;454
29/07/2002;479.5
30/07/2002;482
31/07/2002;497
01/08/2002;473
02/08/2002;475
05/08/2002;473.5
06/08/2002;494
07/08/2002;494
08/08/2002;512
09/08/2002;524.5
12/08/2002;503
13/08/2002;515.5
14/08/2002;501
15/08/2002;524
16/08/2002;519
19/08/2002;530
20/08/2002;526
21/08/2002;521.5
22/08/2002;537
23/08/2002;528
27/08/2002;543
28/08/2002;512
29/08/2002;498
30/08/2002;500.5
02/09/2002;499
03/09/2002;468
04/09/2002;451.5
05/09/2002;456
06/09/2002;473
09/09/2002;467
10/09/2002;478
11/09/2002;482.5
12/09/2002;466
13/09/2002;456
16/09/2002;467
17/09/2002;459
18/09/2002;435.5
19/09/2002;433
20/09/2002;437
23/09/2002;432.5
24/09/2002;424.5
25/09/2002;418
26/09/2002;441.5
27/09/2002;452.5
30/09/2002;425
01/10/2002;435.5
02/10/2002;442.5
03/10/2002;431.5
04/10/2002;425.5
07/10/2002;424
08/10/2002;412
09/10/2002;407
10/10/2002;412
11/10/2002;427.5
14/10/2002;423
15/10/2002;448
16/10/2002;445
17/10/2002;456
18/10/2002;458.5
21/10/2002;452
22/10/2002;427.5
23/10/2002;420
24/10/2002;434
25/10/2002;426.5
28/10/2002;423
29/10/2002;392.5
30/10/2002;404
31/10/2002;410
01/11/2002;418
04/11/2002;411.5
05/11/2002;406.5
06/11/2002;399.5
07/11/2002;396.5
08/11/2002;403
11/11/2002;405.5
12/11/2002;408.5
13/11/2002;403
14/11/2002;402.5
15/11/2002;410
18/11/2002;413.5
19/11/2002;418.5
20/11/2002;407
21/11/2002;412
22/11/2002;404
25/11/2002;402.5
26/11/2002;400
27/11/2002;417
28/11/2002;423
29/11/2002;418.5
02/12/2002;412.5
03/12/2002;415.5
04/12/2002;414
05/12/2002;418
06/12/2002;414
09/12/2002;412
10/12/2002;414
11/12/2002;419
12/12/2002;414
13/12/2002;410.5
16/12/2002;426
17/12/2002;421
18/12/2002;413
19/12/2002;413
20/12/2002;416.5
23/12/2002;426
24/12/2002;429
27/12/2002;415
30/12/2002;424
31/12/2002;427
02/01/2003;428
03/01/2003;427
06/01/2003;429
07/01/2003;424
08/01/2003;418.5
09/01/2003;420.25
10/01/2003;424
13/01/2003;416
14/01/2003;410.5
15/01/2003;405.75
16/01/2003;408.75
17/01/2003;403.5
20/01/2003;395
21/01/2003;388.75
22/01/2003;379.75
23/01/2003;374
24/01/2003;369
27/01/2003;356.5
28/01/2003;362.5
29/01/2003;383
30/01/2003;382.5
31/01/2003;382
03/02/2003;393.5
04/02/2003;386.5
05/02/2003;397.5
06/02/2003;382.5
07/02/2003;379
10/02/2003;379.5
11/02/2003;393.5
12/02/2003;385
13/02/2003;381
14/02/2003;388
17/02/2003;395.5
18/02/2003;404
19/02/2003;393.25
20/02/2003;400.5
21/02/2003;413.5
24/02/2003;416.5
25/02/2003;414
26/02/2003;402
27/02/2003;400
28/02/2003;400
03/03/2003;408
04/03/2003;408
05/03/2003;405.5
06/03/2003;404.5
07/03/2003;395.25
10/03/2003;392
11/03/2003;395.25
12/03/2003;371
13/03/2003;391.5
14/03/2003;400.25
17/03/2003;415
18/03/2003;412.5
19/03/2003;414.25
20/03/2003;417.25
21/03/2003;428
24/03/2003;416.5
25/03/2003;422.25
26/03/2003;429.25
27/03/2003;416
28/03/2003;413.75
31/03/2003;401.25
01/04/2003;415.5
02/04/2003;406.25
03/04/2003;407
04/04/2003;416.5
07/04/2003;421
08/04/2003;411.25
09/04/2003;411.75
10/04/2003;405.75
11/04/2003;404.75
14/04/2003;408.5
15/04/2003;414.5
16/04/2003;407
17/04/2003;407.5
22/04/2003;413.75
23/04/2003;412.5
24/04/2003;406
25/04/2003;395
28/04/2003;403
29/04/2003;399.75
30/04/2003;396.5
01/05/2003;395
02/05/2003;405.25
06/05/2003;410.75
07/05/2003;413.5
08/05/2003;408
09/05/2003;410
12/05/2003;416.5
13/05/2003;415.75
14/05/2003;407.25
15/05/2003;413.5
16/05/2003;414.5
19/05/2003;407.5
20/05/2003;414.25
21/05/2003;410.25
22/05/2003;418.5
23/05/2003;415.25
27/05/2003;423.5
28/05/2003;428
29/05/2003;424
30/05/2003;418
02/06/2003;428.75
03/06/2003;430.75
04/06/2003;436.5
05/06/2003;429.25
06/06/2003;429.5
09/06/2003;429
10/06/2003;432.25
11/06/2003;439
12/06/2003;446
13/06/2003;439
16/06/2003;438
17/06/2003;433.25
18/06/2003;438
19/06/2003;429.25
20/06/2003;434
23/06/2003;431.25
24/06/2003;427.5
25/06/2003;424.5
26/06/2003;420.5
27/06/2003;423.5
30/06/2003;420.25
01/07/2003;411.75
02/07/2003;412.5
03/07/2003;410.25
04/07/2003;411.75
07/07/2003;417.5
08/07/2003;413.5
09/07/2003;410
10/07/2003;404.25
11/07/2003;406.75
14/07/2003;410.5
15/07/2003;404.25
16/07/2003;405.25
17/07/2003;411.25
18/07/2003;414.25
21/07/2003;415
22/07/2003;419
23/07/2003;419
24/07/2003;423
25/07/2003;416
28/07/2003;422.75
29/07/2003;419.5
30/07/2003;422.75
31/07/2003;426
01/08/2003;417.5
04/08/2003;420.5
05/08/2003;427.25
06/08/2003;421
07/08/2003;425.25
08/08/2003;435.75
11/08/2003;441.5
12/08/2003;438.75
13/08/2003;434
14/08/2003;440.5
15/08/2003;436.25
18/08/2003;442.5
19/08/2003;436.75
20/08/2003;435
21/08/2003;436
22/08/2003;437
26/08/2003;432
27/08/2003;436.5
28/08/2003;437
29/08/2003;429
01/09/2003;433.25
02/09/2003;437
03/09/2003;448.5
04/09/2003;447.5
05/09/2003;441.5
08/09/2003;449.5
09/09/2003;442.5
10/09/2003;441
11/09/2003;443
12/09/2003;438.75
15/09/2003;436
16/09/2003;440
17/09/2003;437.75
18/09/2003;429.25
19/09/2003;422
22/09/2003;422.75
23/09/2003;419
24/09/2003;422.75
25/09/2003;426.25
26/09/2003;415.5
29/09/2003;415
30/09/2003;413
01/10/2003;422
02/10/2003;420.5
03/10/2003;428.75
06/10/2003;432.25
07/10/2003;432.25
08/10/2003;430.5
09/10/2003;435
10/10/2003;433.75
13/10/2003;441.75
14/10/2003;435.25
15/10/2003;432.75
16/10/2003;426.5
17/10/2003;426.25
20/10/2003;426.5
21/10/2003;421.25
22/10/2003;417.75
23/10/2003;412.5
24/10/2003;413.5
27/10/2003;412.5
28/10/2003;408.5
29/10/2003;407.25
30/10/2003;404.75
31/10/2003;409
03/11/2003;416.25
04/11/2003;418.5
05/11/2003;417.5
06/11/2003;418
07/11/2003;422.25
10/11/2003;419
11/11/2003;420.5
12/11/2003;414.75
13/11/2003;413.25
14/11/2003;419.25
17/11/2003;414
18/11/2003;410.5
19/11/2003;411.75
20/11/2003;411.75
21/11/2003;411.25
24/11/2003;416
25/11/2003;411.75
26/11/2003;411
27/11/2003;408.25
28/11/2003;405.75
01/12/2003;412.5
02/12/2003;410
03/12/2003;412
04/12/2003;412.75
05/12/2003;416
08/12/2003;419
09/12/2003;427
10/12/2003;430
11/12/2003;428.5
12/12/2003;434
15/12/2003;432.5
16/12/2003;429.5
17/12/2003;436.75
18/12/2003;446.75
19/12/2003;451.75
22/12/2003;454.25
23/12/2003;448.5
24/12/2003;451
29/12/2003;453.75
30/12/2003;454.5
31/12/2003;453
02/01/2004;454.75
05/01/2004;454.75
06/01/2004;452.75
07/01/2004;441.25
08/01/2004;442.5
09/01/2004;434.25
12/01/2004;441.25
13/01/2004;443.5
14/01/2004;435
15/01/2004;436.5
16/01/2004;433
19/01/2004;442.5
20/01/2004;438.25
21/01/2004;448.25
22/01/2004;442.5
23/01/2004;438.5
26/01/2004;434.5
27/01/2004;436.75
28/01/2004;439.5
29/01/2004;434.25
30/01/2004;428.25
02/02/2004;426.5
03/02/2004;425.25
04/02/2004;428.75
05/02/2004;423
06/02/2004;421
09/02/2004;426.75
10/02/2004;416
11/02/2004;414.5
12/02/2004;413.5
13/02/2004;415.5
16/02/2004;418.5
17/02/2004;420.75
18/02/2004;415.5
19/02/2004;418.5
20/02/2004;424.5
23/02/2004;424.5
24/02/2004;421.25
25/02/2004;424.75
26/02/2004;433
27/02/2004;432.75
01/03/2004;440
02/03/2004;444.5
03/03/2004;445
04/03/2004;449
05/03/2004;445
08/03/2004;446.5
09/03/2004;444.5
10/03/2004;454.5
11/03/2004;448.5
12/03/2004;445.75
15/03/2004;448
16/03/2004;449
17/03/2004;452.5
18/03/2004;446.75
19/03/2004;452.5
22/03/2004;440
23/03/2004;435
24/03/2004;437.5
25/03/2004;437.75
26/03/2004;435.5
29/03/2004;445
30/03/2004;457
31/03/2004;456
01/04/2004;455.5
02/04/2004;463.25
05/04/2004;478
06/04/2004;478.5
07/04/2004;481
08/04/2004;482.25
13/04/2004;490.25
14/04/2004;488
15/04/2004;499
16/04/2004;497
19/04/2004;492
20/04/2004;489
21/04/2004;484.75
22/04/2004;489.5
23/04/2004;491
26/04/2004;488
27/04/2004;491.5
28/04/2004;494.25
29/04/2004;489.5
30/04/2004;487.5
04/05/2004;492.25
05/05/2004;498
06/05/2004;499.75
07/05/2004;500.5
10/05/2004;487.25
11/05/2004;490.5
12/05/2004;485.5
13/05/2004;494.25
14/05/2004;495.75
17/05/2004;493.5
18/05/2004;483.25
19/05/2004;485.5
20/05/2004;483.5
21/05/2004;478.75
24/05/2004;482.25
25/05/2004;492.5
26/05/2004;494
27/05/2004;484
28/05/2004;477.75
01/06/2004;482
02/06/2004;487.5
03/06/2004;489
04/06/2004;484.5
07/06/2004;488.75
08/06/2004;492.25
09/06/2004;480.75
10/06/2004;481.5
11/06/2004;482.5
14/06/2004;478
15/06/2004;483.25
16/06/2004;490.5
17/06/2004;490.5
18/06/2004;496
21/06/2004;490.25
22/06/2004;486.75
23/06/2004;492.5
24/06/2004;496.25
25/06/2004;491
28/06/2004;490.5
29/06/2004;494
30/06/2004;487
01/07/2004;485
02/07/2004;481
05/07/2004;482.5
06/07/2004;486
07/07/2004;481
08/07/2004;487
09/07/2004;497
12/07/2004;490.5
13/07/2004;486.25
14/07/2004;488
15/07/2004;492
16/07/2004;495
19/07/2004;494.5
20/07/2004;494.5
21/07/2004;496
22/07/2004;488
23/07/2004;491
26/07/2004;489.75
27/07/2004;488.75
28/07/2004;497.75
29/07/2004;513.75
30/07/2004;516
02/08/2004;512.25
03/08/2004;521
04/08/2004;514
05/08/2004;511.75
06/08/2004;499.5
09/08/2004;501.25
10/08/2004;507
11/08/2004;494.5
12/08/2004;497.5
13/08/2004;487.25
16/08/2004;493.5
17/08/2004;490.5
18/08/2004;490.5
19/08/2004;487
20/08/2004;489.5
23/08/2004;488.75
24/08/2004;484.5
25/08/2004;483
26/08/2004;485
27/08/2004;497
31/08/2004;492.75
01/09/2004;503.5
02/09/2004;505.75
03/09/2004;506.25
06/09/2004;503
07/09/2004;504.25
08/09/2004;505
09/09/2004;506
10/09/2004;509.25
13/09/2004;507.5
14/09/2004;507
15/09/2004;511.5
16/09/2004;511
17/09/2004;519.5
20/09/2004;528.5
21/09/2004;538
22/09/2004;534
23/09/2004;531.5
24/09/2004;536
27/09/2004;532
28/09/2004;539
29/09/2004;532
30/09/2004;527.5
01/10/2004;540
04/10/2004;534.5
05/10/2004;549
06/10/2004;556.5
07/10/2004;554.5
08/10/2004;551.5
11/10/2004;549.5
12/10/2004;547.5
13/10/2004;538
14/10/2004;546
15/10/2004;543.5
18/10/2004;546
19/10/2004;541.5
20/10/2004;540
21/10/2004;539
22/10/2004;542
25/10/2004;537.5
26/10/2004;531
27/10/2004;535.5
28/10/2004;529.5
29/10/2004;527.5
01/11/2004;532
02/11/2004;532.5
03/11/2004;533
04/11/2004;542
05/11/2004;537.5
08/11/2004;537
09/11/2004;537.5
10/11/2004;532
11/11/2004;531
12/11/2004;535.5
15/11/2004;535.5
16/11/2004;533.5
17/11/2004;534.5
18/11/2004;533.5
19/11/2004;538
22/11/2004;534.5
23/11/2004;537.5
24/11/2004;536
25/11/2004;547.5
26/11/2004;542
29/11/2004;541
30/11/2004;534
01/12/2004;532
02/12/2004;515.5
03/12/2004;513
06/12/2004;513
07/12/2004;514
08/12/2004;507
09/12/2004;508.5
10/12/2004;512.5
13/12/2004;511
14/12/2004;508.5
15/12/2004;509
16/12/2004;502
17/12/2004;500.5
20/12/2004;502.5
21/12/2004;506
22/12/2004;508.5
23/12/2004;509.5
24/12/2004;512.5
29/12/2004;512
30/12/2004;510.5
31/12/2004;508
04/01/2005;505
05/01/2005;504
06/01/2005;509
07/01/2005;509
10/01/2005;510
11/01/2005;508
12/01/2005;506.5
13/01/2005;513.5
14/01/2005;516.5
17/01/2005;516
18/01/2005;518
19/01/2005;517.5
20/01/2005;512.5
21/01/2005;512
24/01/2005;519
25/01/2005;523
26/01/2005;532.5
27/01/2005;533
28/01/2005;525
31/01/2005;523
01/02/2005;537
02/02/2005;537.5
03/02/2005;534
04/02/2005;538
07/02/2005;544
08/02/2005;547
09/02/2005;549
10/02/2005;555
11/02/2005;555
14/02/2005;550.5
15/02/2005;551
16/02/2005;555
17/02/2005;557.5
18/02/2005;555
21/02/2005;558.5
22/02/2005;560.5
23/02/2005;556.5
24/02/2005;555.5
25/02/2005;568
28/02/2005;562
01/03/2005;559
02/03/2005;562
03/03/2005;569
04/03/2005;576
07/03/2005;570
08/03/2005;570
09/03/2005;569.5
10/03/2005;557
11/03/2005;560
14/03/2005;561.5
15/03/2005;567
16/03/2005;560.5
17/03/2005;558.5
18/03/2005;565
21/03/2005;567
22/03/2005;566.5
23/03/2005;555.5
24/03/2005;551
29/03/2005;556
30/03/2005;547
31/03/2005;548.5
01/04/2005;552
04/04/2005;559.5
05/04/2005;563
06/04/2005;560
07/04/2005;570
08/04/2005;564.5
11/04/2005;560
12/04/2005;555.5
13/04/2005;547
14/04/2005;540
15/04/2005;530
18/04/2005;523
19/04/2005;528.5
20/04/2005;527.5
21/04/2005;524.5
22/04/2005;532
25/04/2005;539
26/04/2005;543
27/04/2005;532
28/04/2005;532.5
29/04/2005;534
03/05/2005;538.5
04/05/2005;539
05/05/2005;545
06/05/2005;548.5
09/05/2005;545.5
10/05/2005;546.5
11/05/2005;537
12/05/2005;535
13/05/2005;533
16/05/2005;528
17/05/2005;533.5
18/05/2005;542
19/05/2005;544.5
20/05/2005;543
23/05/2005;544
24/05/2005;547
25/05/2005;552
26/05/2005;560.5
27/05/2005;557
31/05/2005;551
01/06/2005;562
02/06/2005;563
03/06/2005;561
06/06/2005;558
07/06/2005;562.5
08/06/2005;562
09/06/2005;563.5
10/06/2005;573
13/06/2005;578
14/06/2005;577
15/06/2005;574
16/06/2005;577.5
17/06/2005;586.5
20/06/2005;590.5
21/06/2005;586.5
22/06/2005;584.5
23/06/2005;587.5
24/06/2005;585
27/06/2005;584
28/06/2005;595
29/06/2005;587
30/06/2005;581
01/07/2005;594
04/07/2005;617
05/07/2005;622.5
06/07/2005;630
07/07/2005;621.5
08/07/2005;641.5
11/07/2005;634
12/07/2005;619.5
13/07/2005;621.5
14/07/2005;625.5
15/07/2005;618.5
18/07/2005;623
19/07/2005;629
20/07/2005;625
21/07/2005;618.5
22/07/2005;626
25/07/2005;642.5
26/07/2005;629.5
27/07/2005;630
28/07/2005;630.5
29/07/2005;629.5
01/08/2005;625
02/08/2005;634
03/08/2005;643
04/08/2005;642
05/08/2005;637.5
08/08/2005;649.5
09/08/2005;659
10/08/2005;653.5
11/08/2005;654.5
12/08/2005;647.5
15/08/2005;646
16/08/2005;638
17/08/2005;636.5
18/08/2005;624
19/08/2005;633
22/08/2005;629.5
23/08/2005;623
24/08/2005;623.5
25/08/2005;618
26/08/2005;610
30/08/2005;622
31/08/2005;632
01/09/2005;637.5
02/09/2005;634.5
05/09/2005;629.5
06/09/2005;633.5
07/09/2005;634.5
08/09/2005;628
09/09/2005;638.5
12/09/2005;639
13/09/2005;632.5
14/09/2005;632
15/09/2005;646.5
16/09/2005;653.5
19/09/2005;665
20/09/2005;661
21/09/2005;663
22/09/2005;668
23/09/2005;662
26/09/2005;663
27/09/2005;669.5
28/09/2005;679
29/09/2005;683.5
30/09/2005;673.5
03/10/2005;673.5
04/10/2005;655.5
05/10/2005;634.5
06/10/2005;620.5
07/10/2005;622
10/10/2005;631
11/10/2005;637.5
12/10/2005;634
13/10/2005;622
14/10/2005;613.5
17/10/2005;629.5
18/10/2005;620
19/10/2005;608
20/10/2005;609.5
21/10/2005;606.5
24/10/2005;616.5
25/10/2005;609
26/10/2005;626.5
27/10/2005;613.5
28/10/2005;617.5
31/10/2005;624
01/11/2005;629
02/11/2005;628
03/11/2005;640.5
04/11/2005;638
07/11/2005;635.5
08/11/2005;640
09/11/2005;627
10/11/2005;614
11/11/2005;618.5
14/11/2005;628
15/11/2005;634
16/11/2005;630.5
17/11/2005;637
18/11/2005;644
21/11/2005;653.5
22/11/2005;663.5
23/11/2005;657.5
24/11/2005;657
25/11/2005;661
28/11/2005;644.5
29/11/2005;641.5
30/11/2005;634
01/12/2005;649.5
02/12/2005;656.5
05/12/2005;659
06/12/2005;660
07/12/2005;646.5
08/12/2005;651
09/12/2005;640
12/12/2005;630.5
13/12/2005;634
14/12/2005;630
15/12/2005;624
16/12/2005;624
19/12/2005;621
20/12/2005;620
21/12/2005;625
22/12/2005;622.5
23/12/2005;621.5
28/12/2005;621
29/12/2005;623
30/12/2005;619
03/01/2006;637
04/01/2006;634
05/01/2006;634.5
06/01/2006;642.5
09/01/2006;643
10/01/2006;643.5
11/01/2006;640.5
12/01/2006;652.5
13/01/2006;654.5
16/01/2006;666
17/01/2006;662
18/01/2006;659
19/01/2006;663
20/01/2006;661.5
23/01/2006;660.5
24/01/2006;661.5
25/01/2006;660.5
26/01/2006;654.5
27/01/2006;665.5
30/01/2006;682
31/01/2006;676
01/02/2006;675.5
02/02/2006;655
03/02/2006;658.5
06/02/2006;665.5
07/02/2006;647.5
08/02/2006;641
09/02/2006;648
10/02/2006;640
13/02/2006;646.5
14/02/2006;643
15/02/2006;646.5
16/02/2006;653.5
17/02/2006;655.5
20/02/2006;668
21/02/2006;663
22/02/2006;651
23/02/2006;644
24/02/2006;647.5
27/02/2006;644.5
28/02/2006;630
01/03/2006;637.5
02/03/2006;635
03/03/2006;637.5
06/03/2006;637
07/03/2006;633.5
08/03/2006;634
09/03/2006;636.5
10/03/2006;639.5
13/03/2006;649.5
14/03/2006;651
15/03/2006;665
16/03/2006;659
17/03/2006;661.5
20/03/2006;657.5
21/03/2006;654
22/03/2006;657
23/03/2006;655.5
24/03/2006;668.5
27/03/2006;659
28/03/2006;663
29/03/2006;668.5
30/03/2006;670
31/03/2006;661
03/04/2006;674.5
04/04/2006;664.5
05/04/2006;675
06/04/2006;672.5
07/04/2006;681.5
10/04/2006;693.5
11/04/2006;695
12/04/2006;691
13/04/2006;688
18/04/2006;696.5
19/04/2006;704
20/04/2006;700.5
21/04/2006;712
24/04/2006;711.5
25/04/2006;701.5
26/04/2006;698
27/04/2006;683.5
28/04/2006;676.5
02/05/2006;688
03/05/2006;677
04/05/2006;681
05/05/2006;684.5
08/05/2006;675
09/05/2006;683
10/05/2006;674.5
11/05/2006;673.5
12/05/2006;659.5
15/05/2006;646
16/05/2006;642
17/05/2006;620
18/05/2006;618
19/05/2006;623
22/05/2006;609.5
23/05/2006;635
24/05/2006;620
25/05/2006;634
26/05/2006;642
30/05/2006;624.5
31/05/2006;625
01/06/2006;633
02/06/2006;633.5
05/06/2006;636
06/06/2006;628
07/06/2006;624
08/06/2006;603
09/06/2006;612
12/06/2006;607.5
13/06/2006;594
14/06/2006;586
15/06/2006;600
16/06/2006;599
19/06/2006;595.5
20/06/2006;602.5
21/06/2006;603.5
22/06/2006;605
23/06/2006;617
26/06/2006;609.5
27/06/2006;613
28/06/2006;618.5
29/06/2006;627
30/06/2006;630.5
03/07/2006;638
04/07/2006;633
05/07/2006;631
06/07/2006;638
07/07/2006;647.5
10/07/2006;645
11/07/2006;642
12/07/2006;640
13/07/2006;641
14/07/2006;643
17/07/2006;640
18/07/2006;634.5
19/07/2006;631
20/07/2006;625
21/07/2006;619.5
24/07/2006;633.5
25/07/2006;630
26/07/2006;634.5
27/07/2006;648.5
28/07/2006;651
31/07/2006;645
01/08/2006;642
02/08/2006;651
03/08/2006;637
04/08/2006;636
07/08/2006;622.5
08/08/2006;614
09/08/2006;619.5
10/08/2006;615
11/08/2006;611
14/08/2006;616
15/08/2006;614.5
16/08/2006;608
17/08/2006;609
18/08/2006;614
21/08/2006;619
22/08/2006;616
23/08/2006;610
24/08/2006;607.5
25/08/2006;605.5
29/08/2006;593
30/08/2006;592
31/08/2006;597
01/09/2006;596
04/09/2006;594.5
05/09/2006;601.5
06/09/2006;595.5
07/09/2006;584
08/09/2006;591
11/09/2006;583
12/09/2006;582
13/09/2006;589
14/09/2006;584.5
15/09/2006;573
18/09/2006;579
19/09/2006;580.5
20/09/2006;579.5
21/09/2006;579
22/09/2006;574
25/09/2006;563.5
26/09/2006;571
27/09/2006;579
28/09/2006;587
29/09/2006;582
02/10/2006;582.5
03/10/2006;568.5
04/10/2006;570
05/10/2006;575
06/10/2006;572.5
09/10/2006;578.5
10/10/2006;578
11/10/2006;576.5
12/10/2006;581
13/10/2006;592
16/10/2006;600
17/10/2006;602
18/10/2006;601
19/10/2006;600.5
20/10/2006;602
23/10/2006;601.5
24/10/2006;608
25/10/2006;612.5
26/10/2006;606.5
27/10/2006;602
30/10/2006;591.5
31/10/2006;583
01/11/2006;586.5
02/11/2006;586.5
03/11/2006;590
06/11/2006;597
07/11/2006;598.5
08/11/2006;599.5
09/11/2006;601.5
10/11/2006;598
13/11/2006;590
14/11/2006;593
15/11/2006;596.5
16/11/2006;598
17/11/2006;582
20/11/2006;584
21/11/2006;585
22/11/2006;578
23/11/2006;573
24/11/2006;574.5
27/11/2006;571
28/11/2006;574
29/11/2006;578.5
30/11/2006;574
01/12/2006;567.5
04/12/2006;567.5
05/12/2006;578
06/12/2006;579.5
07/12/2006;578
08/12/2006;582.5
11/12/2006;584.5
12/12/2006;580.5
13/12/2006;579.5
14/12/2006;577
15/12/2006;580
18/12/2006;575.5
19/12/2006;573
20/12/2006;569.5
21/12/2006;567
22/12/2006;571.5
27/12/2006;574.5
28/12/2006;571.5
29/12/2006;567.5
02/01/2007;572
03/01/2007;569.5
04/01/2007;562.5
05/01/2007;557
08/01/2007;552.5
09/01/2007;535.5
10/01/2007;529.5
11/01/2007;537
12/01/2007;546.5
15/01/2007;549
16/01/2007;541
17/01/2007;536.5
18/01/2007;536.5
19/01/2007;543.5
22/01/2007;541
23/01/2007;545
24/01/2007;548.5
25/01/2007;542.5
26/01/2007;540
29/01/2007;538.5
30/01/2007;537
31/01/2007;534.5
01/02/2007;538
02/02/2007;535
05/02/2007;541.5
06/02/2007;535
07/02/2007;538.5
08/02/2007;535
09/02/2007;538
12/02/2007;532
13/02/2007;534.5
14/02/2007;534
15/02/2007;537
16/02/2007;535
19/02/2007;534.5
20/02/2007;531
21/02/2007;521.5
22/02/2007;521
23/02/2007;535
26/02/2007;545
27/02/2007;535
28/02/2007;522
01/03/2007;517.5
02/03/2007;516.5
05/03/2007;511
06/03/2007;512
07/03/2007;517
08/03/2007;525
09/03/2007;525
12/03/2007;526
13/03/2007;521.5
14/03/2007;507.5
15/03/2007;516.5
16/03/2007;511.5
19/03/2007;515.5
20/03/2007;511.5
21/03/2007;516.5
22/03/2007;528.5
23/03/2007;541.5
26/03/2007;542.5
27/03/2007;543.5
28/03/2007;552
29/03/2007;558
30/03/2007;552
02/04/2007;547.5
03/04/2007;549
04/04/2007;548
05/04/2007;554.5
10/04/2007;554.5
11/04/2007;559.5
12/04/2007;563
13/04/2007;576
16/04/2007;576.5
17/04/2007;577.5
18/04/2007;574
19/04/2007;571.5
20/04/2007;570
23/04/2007;577.5
24/04/2007;568.5
25/04/2007;571.5
26/04/2007;571
27/04/2007;561.5
30/04/2007;565.5
01/05/2007;563
02/05/2007;566
03/05/2007;575.5
04/05/2007;577
08/05/2007;570.5
09/05/2007;562
10/05/2007;557.5
11/05/2007;560
14/05/2007;562.5
15/05/2007;558.5
16/05/2007;557
17/05/2007;570.5
18/05/2007;582
21/05/2007;590
22/05/2007;581.5
23/05/2007;575.5
24/05/2007;569
25/05/2007;567.5
29/05/2007;568
30/05/2007;566.5
31/05/2007;564.5
01/06/2007;567.5
04/06/2007;570.5
05/06/2007;566.5
06/06/2007;559
07/06/2007;562
08/06/2007;563
11/06/2007;569
12/06/2007;568.5
13/06/2007;574
14/06/2007;582.5
15/06/2007;589
18/06/2007;583.5
19/06/2007;583.5
20/06/2007;581.5
21/06/2007;579.5
22/06/2007;583.5
25/06/2007;589
26/06/2007;589.5
27/06/2007;587.5
28/06/2007;599
29/06/2007;603
02/07/2007;604
03/07/2007;605.5
04/07/2007;609.5
05/07/2007;604
06/07/2007;610.5
09/07/2007;612
10/07/2007;611.5
11/07/2007;605
12/07/2007;611
13/07/2007;613
16/07/2007;608
17/07/2007;606
18/07/2007;600
19/07/2007;605
20/07/2007;599.5
23/07/2007;601.5
24/07/2007;590
25/07/2007;584.5
26/07/2007;575.5
27/07/2007;572.5
30/07/2007;569.5
31/07/2007;577.5
01/08/2007;573.5
02/08/2007;563
03/08/2007;554.5
06/08/2007;547.5
07/08/2007;554
08/08/2007;558
09/08/2007;546
10/08/2007;530.5
13/08/2007;544.5
14/08/2007;540
15/08/2007;542
16/08/2007;520
17/08/2007;541
20/08/2007;538.5
21/08/2007;538.5
22/08/2007;544.5
23/08/2007;546.5
24/08/2007;552.5
28/08/2007;542
29/08/2007;542.5
30/08/2007;551
31/08/2007;557.5
03/09/2007;550.5
04/09/2007;561
05/09/2007;559
06/09/2007;565
07/09/2007;560
10/09/2007;558
11/09/2007;563.5
12/09/2007;567.5
13/09/2007;572
14/09/2007;571
17/09/2007;568.5
18/09/2007;571.5
19/09/2007;588.5
20/09/2007;590.5
21/09/2007;592
24/09/2007;589.5
25/09/2007;572.5
26/09/2007;567
27/09/2007;566
28/09/2007;567.5
01/10/2007;565.5
02/10/2007;559.5
03/10/2007;557
04/10/2007;562
05/10/2007;572.5
08/10/2007;569.5
09/10/2007;580.5
10/10/2007;580
11/10/2007;593.5
12/10/2007;619
15/10/2007;622.5
16/10/2007;627
17/10/2007;619.5
18/10/2007;616
19/10/2007;611
22/10/2007;605
23/10/2007;612
24/10/2007;611.5
25/10/2007;612.5
26/10/2007;629
29/10/2007;634
30/10/2007;622.5
31/10/2007;625
01/11/2007;618.5
02/11/2007;627
05/11/2007;632
06/11/2007;633.5
07/11/2007;624
08/11/2007;609
09/11/2007;598.5
12/11/2007;586.5
13/11/2007;583
14/11/2007;599.5
15/11/2007;586
16/11/2007;587
19/11/2007;572.5
20/11/2007;580
21/11/2007;577.5
22/11/2007;576
23/11/2007;577.5
26/11/2007;573.5
27/11/2007;569
28/11/2007;577.5
29/11/2007;587.5
30/11/2007;590
03/12/2007;588.5
04/12/2007;587.5
05/12/2007;608.5
06/12/2007;610
07/12/2007;619.5
10/12/2007;616
11/12/2007;616.5
12/12/2007;623
13/12/2007;608
14/12/2007;617.5
17/12/2007;608
18/12/2007;606.5
19/12/2007;604
20/12/2007;611.5
21/12/2007;616
24/12/2007;617
27/12/2007;621.5
28/12/2007;619
31/12/2007;615
02/01/2008;616.5
03/01/2008;635.5
04/01/2008;627.5
07/01/2008;637
08/01/2008;633.5
09/01/2008;610.5
10/01/2008;605
11/01/2008;600.5
14/01/2008;597
15/01/2008;573
16/01/2008;564
17/01/2008;553.5
18/01/2008;554
21/01/2008;519
22/01/2008;526.5
23/01/2008;503.5
24/01/2008;531
25/01/2008;538
28/01/2008;531
29/01/2008;532.5
30/01/2008;524.5
31/01/2008;532
01/02/2008;542
04/02/2008;542
05/02/2008;543
06/02/2008;544.5
07/02/2008;536
08/02/2008;547
11/02/2008;547.5
12/02/2008;563
13/02/2008;561
14/02/2008;564
15/02/2008;553.5
18/02/2008;568.5
19/02/2008;572
20/02/2008;557.5
21/02/2008;551
22/02/2008;548
25/02/2008;562.5
26/02/2008;566.5
27/02/2008;561.5
28/02/2008;548
29/02/2008;546
03/03/2008;540.5
04/03/2008;536
05/03/2008;547
06/03/2008;534.5
07/03/2008;528.5
10/03/2008;534
11/03/2008;538.5
12/03/2008;545.5
13/03/2008;534
14/03/2008;529.5
17/03/2008;510
18/03/2008;519
19/03/2008;511.5
20/03/2008;496
25/03/2008;515
26/03/2008;515.5
27/03/2008;512
28/03/2008;503
31/03/2008;512
01/04/2008;512
02/04/2008;520.5
03/04/2008;522.5
04/04/2008;528
07/04/2008;535.5
08/04/2008;537
09/04/2008;545.5
10/04/2008;550
11/04/2008;547
14/04/2008;549
15/04/2008;552.5
16/04/2008;564
17/04/2008;562
18/04/2008;568
21/04/2008;573.5
22/04/2008;576
23/04/2008;583.5
24/04/2008;575
25/04/2008;580
28/04/2008;578.5
29/04/2008;613
30/04/2008;611
01/05/2008;605
02/05/2008;611.5
06/05/2008;610
07/05/2008;618
08/05/2008;617.5
09/05/2008;613
12/05/2008;619.5
13/05/2008;618.5
14/05/2008;621.5
15/05/2008;625.5
16/05/2008;635
19/05/2008;643
20/05/2008;628
21/05/2008;649.75
22/05/2008;646.5
23/05/2008;630
27/05/2008;616.5
28/05/2008;605.5
29/05/2008;612.5
30/05/2008;608
02/06/2008;604.25
03/06/2008;604.5
04/06/2008;581
05/06/2008;583
06/06/2008;580.75
09/06/2008;594.75
10/06/2008;583
11/06/2008;591.75
12/06/2008;594.25
13/06/2008;585.25
16/06/2008;587.25
17/06/2008;592.25
18/06/2008;579.75
19/06/2008;570.25
20/06/2008;564.5
23/06/2008;574.75
24/06/2008;571.25
25/06/2008;573.75
26/06/2008;570
27/06/2008;565.25
30/06/2008;583.25
01/07/2008;569.5
02/07/2008;558.5
03/07/2008;557
04/07/2008;551.5
07/07/2008;572
08/07/2008;552.5
09/07/2008;552
10/07/2008;540.25
11/07/2008;538.75
14/07/2008;539
15/07/2008;524.25
16/07/2008;509.5
17/07/2008;519.75
18/07/2008;521
21/07/2008;521.5
22/07/2008;527.5
23/07/2008;521.75
24/07/2008;512.5
25/07/2008;517.5
28/07/2008;519.5
29/07/2008;506.75
30/07/2008;511
31/07/2008;521.5
01/08/2008;521.25
04/08/2008;518
05/08/2008;512
06/08/2008;521
07/08/2008;532
08/08/2008;519.5
11/08/2008;525
12/08/2008;535
13/08/2008;524.5
14/08/2008;527
15/08/2008;515.5
18/08/2008;514.5
19/08/2008;507
20/08/2008;510.75
21/08/2008;517
22/08/2008;519.25
26/08/2008;516.25
27/08/2008;525.75
28/08/2008;522.25
29/08/2008;528.75
01/09/2008;521
02/09/2008;511.5
03/09/2008;506
04/09/2008;505.5
05/09/2008;499.25
08/09/2008;517
09/09/2008;507.25
10/09/2008;502
11/09/2008;502
12/09/2008;510
15/09/2008;491.5
16/09/2008;476
17/09/2008;472.25
18/09/2008;464.5
19/09/2008;490.25
22/09/2008;500.25
23/09/2008;491.5
24/09/2008;487
25/09/2008;498
26/09/2008;488.5
29/09/2008;467
30/09/2008;464
01/10/2008;464
02/10/2008;450
03/10/2008;467.75
06/10/2008;429.75
07/10/2008;447.25
08/10/2008;417
09/10/2008;409.5
10/10/2008;376.25
13/10/2008;418.25
14/10/2008;446.75
15/10/2008;414.25
16/10/2008;397.5
17/10/2008;431.75
20/10/2008;476.75
21/10/2008;468.5
22/10/2008;442.75
23/10/2008;465
24/10/2008;440
27/10/2008;438
28/10/2008;461.5
29/10/2008;505.75
30/10/2008;494.5
31/10/2008;507.25
03/11/2008;508.25
04/11/2008;533.25
05/11/2008;523
06/11/2008;493
07/11/2008;515
10/11/2008;519.75
11/11/2008;499.25
12/11/2008;476.25
13/11/2008;471
14/11/2008;488
17/11/2008;487.75
18/11/2008;507.5
19/11/2008;488
20/11/2008;464
21/11/2008;462.25
24/11/2008;513
25/11/2008;520.5
26/11/2008;512.75
27/11/2008;530.25
28/11/2008;526.75
01/12/2008;496
02/12/2008;508.75
03/12/2008;506
04/12/2008;511.75
05/12/2008;478
08/12/2008;508.5
09/12/2008;525.25
10/12/2008;512.5
11/12/2008;537.25
12/12/2008;516.25
15/12/2008;524.75
16/12/2008;523.75
17/12/2008;535.5
18/12/2008;524.5
19/12/2008;505
22/12/2008;502
23/12/2008;504.75
24/12/2008;496
29/12/2008;514.25
30/12/2008;520
31/12/2008;526
02/01/2009;552.75
05/01/2009;560
06/01/2009;554.5
07/01/2009;523.75
08/01/2009;532
09/01/2009;519
12/01/2009;509
13/01/2009;515.5
14/01/2009;488.75
15/01/2009;484.75
16/01/2009;492
19/01/2009;489
20/01/2009;498
21/01/2009;485.75
22/01/2009;489.75
23/01/2009;487.5
26/01/2009;508
27/01/2009;508.75
28/01/2009;504.25
29/01/2009;499
30/01/2009;494.5
02/02/2009;484.75
03/02/2009;487.25
04/02/2009;499.75
05/02/2009;501.5
06/02/2009;511
09/02/2009;511.5
10/02/2009;503
11/02/2009;510
12/02/2009;509.25
13/02/2009;505.5
16/02/2009;495
17/02/2009;492.5
18/02/2009;477.75
19/02/2009;483.25
20/02/2009;462.5
23/02/2009;453.5
24/02/2009;454.75
25/02/2009;464.5
26/02/2009;459.25
27/02/2009;448.25
02/03/2009;422.75
03/03/2009;404.5
04/03/2009;421.25
05/03/2009;413
06/03/2009;414
09/03/2009;438.25
10/03/2009;451.25
11/03/2009;448.25
12/03/2009;447.75
13/03/2009;450.75
16/03/2009;459
17/03/2009;459
18/03/2009;461.5
19/03/2009;462.5
20/03/2009;463.5
23/03/2009;475.75
24/03/2009;471.75
25/03/2009;476.5
26/03/2009;478.25
27/03/2009;476.5
30/03/2009;459.5
31/03/2009;471.5
01/04/2009;461
02/04/2009;472.5
03/04/2009;457.5
06/04/2009;453.25
07/04/2009;445.5
08/04/2009;443.25
09/04/2009;446
14/04/2009;438.5
15/04/2009;429.5
16/04/2009;442.5
17/04/2009;447.75
20/04/2009;445.25
21/04/2009;448.5
22/04/2009;451
23/04/2009;457
24/04/2009;478.75
27/04/2009;483.25
28/04/2009;483.5
29/04/2009;489.25
30/04/2009;482.5
01/05/2009;485.75
05/05/2009;493
06/05/2009;500.25
07/05/2009;510
08/05/2009;521
11/05/2009;514.5
12/05/2009;517
13/05/2009;510.5
14/05/2009;504.25
15/05/2009;501
18/05/2009;513.25
19/05/2009;509.25
20/05/2009;513
21/05/2009;498
22/05/2009;500.75
26/05/2009;505.25
27/05/2009;505
28/05/2009;508.25
29/05/2009;511
01/06/2009;524.75
02/06/2009;530
03/06/2009;518.5
04/06/2009;523.5
05/06/2009;523.75
08/06/2009;525.25
09/06/2009;529.75
10/06/2009;533
11/06/2009;524.25
12/06/2009;515
15/06/2009;504.25
16/06/2009;503
17/06/2009;491
18/06/2009;485
19/06/2009;497
22/06/2009;478
23/06/2009;475.05
24/06/2009;477
25/06/2009;476.25
26/06/2009;473.45
29/06/2009;482.75
30/06/2009;477.8
01/07/2009;490
02/07/2009;480.95
03/07/2009;479.25
06/07/2009;466.7
07/07/2009;467.8
08/07/2009;465
09/07/2009;465.25
10/07/2009;461.5
13/07/2009;471.6
14/07/2009;473.8
15/07/2009;489.4
16/07/2009;491.6
17/07/2009;494.7
20/07/2009;503.2
21/07/2009;505.3
22/07/2009;505.45
23/07/2009;511.15
24/07/2009;510.9
27/07/2009;519
28/07/2009;503
29/07/2009;504
30/07/2009;506.2
31/07/2009;497.2
03/08/2009;511.5
04/08/2009;511.3
05/08/2009;504.1
06/08/2009;499.1
07/08/2009;509.75
10/08/2009;515
11/08/2009;512
12/08/2009;507.3
13/08/2009;505.7
14/08/2009;505.5
17/08/2009;500.6
18/08/2009;502.9
19/08/2009;509.65
20/08/2009;517
21/08/2009;527.8
24/08/2009;528.45
25/08/2009;533
26/08/2009;527.55
27/08/2009;525.7
28/08/2009;532
01/09/2009;519.5
02/09/2009;541.65
03/09/2009;536.45
04/09/2009;536.9
07/09/2009;540
08/09/2009;543
09/09/2009;554.05
10/09/2009;547.4
11/09/2009;543.45
14/09/2009;543
15/09/2009;543.5
16/09/2009;547.35
17/09/2009;556.3
18/09/2009;555
21/09/2009;557
22/09/2009;561.1
23/09/2009;552.8
24/09/2009;546.3
25/09/2009;548.8
28/09/2009;559
29/09/2009;558.9
30/09/2009;553
01/10/2009;541
02/10/2009;535.3
05/10/2009;535.2
06/10/2009;550.2
07/10/2009;540.6
08/10/2009;545.5
09/10/2009;542.5
12/10/2009;552.2
13/10/2009;546.8
14/10/2009;559
15/10/2009;555.6
16/10/2009;559.1
19/10/2009;574.2
20/10/2009;569
21/10/2009;573
22/10/2009;565
23/10/2009;565
26/10/2009;567.1
27/10/2009;594.4
28/10/2009;584.4
29/10/2009;586.5
30/10/2009;572.3
02/11/2009;584.7
03/11/2009;580.3
04/11/2009;581.4
05/11/2009;587.1
06/11/2009;583.9
09/11/2009;595.2
10/11/2009;593.4
11/11/2009;583.6
12/11/2009;578.4
13/11/2009;581.1
16/11/2009;588.3
17/11/2009;587.5
18/11/2009;589
19/11/2009;581.5
20/11/2009;579
23/11/2009;588.7
24/11/2009;587
25/11/2009;589.7
26/11/2009;574
27/11/2009;583.8
30/11/2009;574.6
01/12/2009;586.7
02/12/2009;585.6
03/12/2009;582.4
04/12/2009;584.7
07/12/2009;587.6
08/12/2009;581.1
09/12/2009;576.4
10/12/2009;573.7
11/12/2009;575.2
14/12/2009;581
15/12/2009;579
16/12/2009;579.1
17/12/2009;574.3
18/12/2009;576.5
21/12/2009;591.1
22/12/2009;597.5
23/12/2009;604.3
24/12/2009;608.5
29/12/2009;605
30/12/2009;601.4
31/12/2009;600
04/01/2010;613.6
05/01/2010;620.1
06/01/2010;619.4
07/01/2010;623.3
08/01/2010;621.7
11/01/2010;635.5
12/01/2010;633.8
13/01/2010;626.6
14/01/2010;628.4
15/01/2010;629
18/01/2010;629
19/01/2010;629.5
20/01/2010;619.5
21/01/2010;610.3
22/01/2010;605.6
25/01/2010;599
26/01/2010;602
27/01/2010;594.1
28/01/2010;587
29/01/2010;586.9
01/02/2010;594.6
02/02/2010;572
03/02/2010;574.3
04/02/2010;565.1
05/02/2010;560
08/02/2010;563
09/02/2010;563.6
10/02/2010;569.7
11/02/2010;574.6
12/02/2010;573.7
15/02/2010;575.3
16/02/2010;588.2
17/02/2010;572.6
18/02/2010;577.1
19/02/2010;581.3
22/02/2010;581.2
23/02/2010;572.9
24/02/2010;576.3
25/02/2010;567.4
26/02/2010;578.7
01/03/2010;596
02/03/2010;600.2
03/03/2010;604.1
04/03/2010;606.7
05/03/2010;612
08/03/2010;616.2
09/03/2010;619.6
10/03/2010;624.9
11/03/2010;623.7
12/03/2010;619.9
15/03/2010;619.3
16/03/2010;622.4
17/03/2010;630.7
18/03/2010;633
19/03/2010;635.1
22/03/2010;629.8
23/03/2010;634.6
24/03/2010;637.2
25/03/2010;635
26/03/2010;631.6
29/03/2010;628.2
30/03/2010;624
31/03/2010;623.4
01/04/2010;631.3
06/04/2010;646.3
07/04/2010;642.3
08/04/2010;637.1
09/04/2010;641.1
12/04/2010;641.1
13/04/2010;640.7
14/04/2010;643.1
15/04/2010;653
16/04/2010;641.8
19/04/2010;642.5
20/04/2010;655.4
21/04/2010;648.2
22/04/2010;636.4
23/04/2010;639.7
26/04/2010;626.8
27/04/2010;610
28/04/2010;625
29/04/2010;584.2
30/04/2010;575.5
03/05/2010;#N/A N/A
04/05/2010;558.5
05/05/2010;565
06/05/2010;567
07/05/2010;553.9
10/05/2010;549.2
11/05/2010;545.5
12/05/2010;541.6
13/05/2010;547.6
14/05/2010;530.2
17/05/2010;529.9
18/05/2010;534
19/05/2010;523.5
20/05/2010;528.8
21/05/2010;506.7
24/05/2010;493
25/05/2010;485.2
26/05/2010;492
27/05/2010;520.8
28/05/2010;494.8
01/06/2010;430
02/06/2010;429.75
03/06/2010;432.25
04/06/2010;433.35
07/06/2010;430.3
08/06/2010;408.9
09/06/2010;391.55
10/06/2010;365.5
11/06/2010;391.9
14/06/2010;355.45
15/06/2010;342
16/06/2010;337
17/06/2010;359.7
18/06/2010;357.45
21/06/2010;349.5
22/06/2010;334.2
23/06/2010;333.5
24/06/2010;325.25
25/06/2010;304.6
28/06/2010;308.25
29/06/2010;302.9
30/06/2010;318.9
01/07/2010;327.95
02/07/2010;322
05/07/2010;333.3
06/07/2010;345.5
07/07/2010;362.05
08/07/2010;367
09/07/2010;364.8
12/07/2010;398.95
13/07/2010;410.35
14/07/2010;401
15/07/2010;401.75
16/07/2010;407.15
19/07/2010;387.85
20/07/2010;387.45
21/07/2010;399.9
22/07/2010;400
23/07/2010;398.6
26/07/2010;416.95
27/07/2010;406
28/07/2010;402.5
29/07/2010;413.45
30/07/2010;405.95
02/08/2010;413.1
03/08/2010;415.65
04/08/2010;421.65
05/08/2010;423.4
06/08/2010;425.35
09/08/2010;432.75
10/08/2010;419.35
11/08/2010;411
12/08/2010;410.05
13/08/2010;416.4
16/08/2010;409.75
17/08/2010;408
18/08/2010;397.6
19/08/2010;386.7
20/08/2010;388.35
23/08/2010;390.6
24/08/2010;377.5
25/08/2010;375.15
26/08/2010;385.6
27/08/2010;379.65
31/08/2010;380.6
01/09/2010;388.75
02/09/2010;392.6
03/09/2010;401.7
06/09/2010;406.5
07/09/2010;406.8
08/09/2010;412.15
09/09/2010;415.45
10/09/2010;411.65
13/09/2010;416.05
14/09/2010;415.2
15/09/2010;404.1
16/09/2010;408.45
17/09/2010;403.05
20/09/2010;411.35
21/09/2010;414.8
22/09/2010;406.25
23/09/2010;405.1
24/09/2010;404.9
27/09/2010;403.9
28/09/2010;405.15
29/09/2010;421
30/09/2010;427.8
01/10/2010;440.5
04/10/2010;430.1
05/10/2010;431.5
06/10/2010;435.55
07/10/2010;437.05
08/10/2010;435.85
11/10/2010;432.35
12/10/2010;429.15
13/10/2010;436.95
14/10/2010;429.7
15/10/2010;425.45
18/10/2010;432.15
19/10/2010;435.7
20/10/2010;435.4
21/10/2010;432.5
22/10/2010;428.7
25/10/2010;428.65
26/10/2010;426.35
27/10/2010;419.05
28/10/2010;423
29/10/2010;425.8
01/11/2010;424
02/11/2010;431.65
03/11/2010;439.3
04/11/2010;445.1
05/11/2010;446.35
08/11/2010;444
09/11/2010;454.45
10/11/2010;445.45
11/11/2010;449.8
12/11/2010;445.95
15/11/2010;448.7
16/11/2010;435.65
17/11/2010;435.6
18/11/2010;438.25
19/11/2010;435.85
22/11/2010;431
23/11/2010;428.75
24/11/2010;437
25/11/2010;437.4
26/11/2010;436
29/11/2010;428.25
30/11/2010;425.95
01/12/2010;429.85
02/12/2010;441.6
03/12/2010;435.2
06/12/2010;450
07/12/2010;455
08/12/2010;456.55
09/12/2010;455.4
10/12/2010;455
13/12/2010;458.35
14/12/2010;473.1
15/12/2010;476.55
16/12/2010;470
17/12/2010;467.15
20/12/2010;469.1
21/12/2010;472.45
22/12/2010;470
23/12/2010;476.65
24/12/2010;474.55
29/12/2010;473.35
30/12/2010;471.2
31/12/2010;465.55
04/01/2011;492.9
05/01/2011;499.25
06/01/2011;496.9
07/01/2011;492.5
10/01/2011;486.35
11/01/2011;500
12/01/2011;503.9
13/01/2011;503.7
14/01/2011;499.5
17/01/2011;500.7
18/01/2011;509
19/01/2011;506
20/01/2011;494.05
21/01/2011;497.3
24/01/2011;497
25/01/2011;497
26/01/2011;491.7
27/01/2011;486.4
28/01/2011;486.8
31/01/2011;484.85
01/02/2011;491
02/02/2011;488
03/02/2011;477.95
04/02/2011;476.25
07/02/2011;481.45
08/02/2011;484.5
09/02/2011;476.45
10/02/2011;476.7
11/02/2011;475.75
14/02/2011;480
15/02/2011;486.2
16/02/2011;488.85
17/02/2011;489.35
18/02/2011;493
21/02/2011;491.55
22/02/2011;492.75
23/02/2011;488.5
24/02/2011;493
25/02/2011;494.75
28/02/2011;494.7
01/03/2011;490
02/03/2011;484.5
03/03/2011;491.5
04/03/2011;493.9
07/03/2011;497.5
08/03/2011;493.8
09/03/2011;485.05
10/03/2011;476.5
11/03/2011;468.4
14/03/2011;459.3
15/03/2011;451.25
16/03/2011;450.3
17/03/2011;457.6
18/03/2011;462
21/03/2011;464.6
22/03/2011;463.6
23/03/2011;470.25
24/03/2011;480.9
25/03/2011;483.55
28/03/2011;477.1
29/03/2011;466.55
30/03/2011;458.45
31/03/2011;454
01/04/2011;470
04/04/2011;469.25
05/04/2011;474.85
06/04/2011;476.5
07/04/2011;474.9
08/04/2011;478.5
11/04/2011;474.8
12/04/2011;461.35
13/04/2011;464.2
14/04/2011;460.05
15/04/2011;455.75
18/04/2011;451.65
19/04/2011;452.5
20/04/2011;466.25
21/04/2011;460.6
25/04/2011;#N/A N/A
26/04/2011;464.2
27/04/2011;466
28/04/2011;462.55
29/04/2011;#N/A N/A
03/05/2011;457.95
04/05/2011;448.7
05/05/2011;441.05
06/05/2011;454.7
09/05/2011;454.5
10/05/2011;455.45
11/05/2011;448
12/05/2011;443.25
13/05/2011;442.2
16/05/2011;438.45
17/05/2011;434.8
18/05/2011;441.05
19/05/2011;447.9
20/05/2011;460
23/05/2011;452
24/05/2011;456.4
25/05/2011;457.2
26/05/2011;461.2
27/05/2011;459.65
30/05/2011;#N/A N/A
31/05/2011;468.35
01/06/2011;466.15
02/06/2011;455.65
03/06/2011;454.35
06/06/2011;450.9
07/06/2011;448.15
08/06/2011;444.15
09/06/2011;450.05
10/06/2011;442.05
13/06/2011;437.55
14/06/2011;440.5
15/06/2011;435.5
16/06/2011;433.9
17/06/2011;433.2
20/06/2011;429.65
21/06/2011;445.7
22/06/2011;445.25
23/06/2011;435.5
24/06/2011;437.15
27/06/2011;440
28/06/2011;443.5
29/06/2011;449.35
30/06/2011;458.65
01/07/2011;459.65
04/07/2011;462.85
05/07/2011;459.35
06/07/2011;455
07/07/2011;462.6
08/07/2011;458.5
11/07/2011;459.1
12/07/2011;453.25
13/07/2011;456.5
14/07/2011;457.95
15/07/2011;459
18/07/2011;456
19/07/2011;460.6
20/07/2011;472
21/07/2011;470
22/07/2011;470.35
25/07/2011;475.4
26/07/2011;463.25
27/07/2011;460.2
28/07/2011;458.8
29/07/2011;461
01/08/2011;458
02/08/2011;447.05
03/08/2011;433
04/08/2011;420.5
05/08/2011;410.65
08/08/2011;403.05
09/08/2011;405.25
10/08/2011;396.4
11/08/2011;396.6
12/08/2011;404.85
15/08/2011;416.7
16/08/2011;416.55
17/08/2011;413
18/08/2011;400
19/08/2011;389.9
22/08/2011;390.2
23/08/2011;396.05
24/08/2011;399.25
25/08/2011;386.1
26/08/2011;386.3
29/08/2011;#N/A N/A
30/08/2011;397.6
31/08/2011;402.45
01/09/2011;388.5
02/09/2011;374.4
05/09/2011;363.2
06/09/2011;371.65
07/09/2011;386.5
08/09/2011;388.5
09/09/2011;378
12/09/2011;375.5
13/09/2011;381.6
14/09/2011;395.1
15/09/2011;411
16/09/2011;413.55
19/09/2011;407.4
20/09/2011;414.5
21/09/2011;404.05
22/09/2011;384
23/09/2011;385.05
26/09/2011;384.7
27/09/2011;404.75
28/09/2011;399.9
29/09/2011;391.8
30/09/2011;388.5
03/10/2011;386.85
04/10/2011;372
05/10/2011;390.3
06/10/2011;392.8
07/10/2011;393.6
10/10/2011;405.15
11/10/2011;405.85
12/10/2011;411.95
13/10/2011;405.8
14/10/2011;416.4
17/10/2011;425.55
18/10/2011;430.9
19/10/2011;436.95
20/10/2011;429.8
21/10/2011;439.4
24/10/2011;438.1
25/10/2011;457.2
26/10/2011;461
27/10/2011;467.85
28/10/2011;467.2
31/10/2011;461
01/11/2011;444
02/11/2011;452.6
03/11/2011;456.7
04/11/2011;452.55
07/11/2011;452.8
08/11/2011;457.3
09/11/2011;450
10/11/2011;448.65
11/11/2011;458.3
14/11/2011;458.8
15/11/2011;457.15
16/11/2011;464.25
17/11/2011;455.6
18/11/2011;449.95
21/11/2011;440
22/11/2011;435.8
23/11/2011;426.4
24/11/2011;420.55
25/11/2011;425.4
28/11/2011;437.8
29/11/2011;438.8
30/11/2011;460.75
01/12/2011;454.35
02/12/2011;464.8
05/12/2011;466.3
06/12/2011;465.55
07/12/2011;460.05
08/12/2011;451.1
09/12/2011;452.05
12/12/2011;444.55
13/12/2011;452.25
14/12/2011;440.95
15/12/2011;447.85
16/12/2011;445.75
19/12/2011;437.65
20/12/2011;444
21/12/2011;439.55
22/12/2011;450.3
23/12/2011;459.7
28/12/2011;455.75
29/12/2011;460.85
30/12/2011;460.5
03/01/2012;471.05
04/01/2012;473.45
05/01/2012;474.05
06/01/2012;477.05
09/01/2012;473.6
10/01/2012;479.6
11/01/2012;475.3
12/01/2012;479.5
13/01/2012;476.3
16/01/2012;478
17/01/2012;481.95
18/01/2012;481.4
19/01/2012;482.45
20/01/2012;467.45
23/01/2012;476.7
24/01/2012;477.4
25/01/2012;474.55
26/01/2012;476.75
27/01/2012;464.55
30/01/2012;458.45
31/01/2012;470.85
01/02/2012;483
02/02/2012;477.9
03/02/2012;484.5
06/02/2012;489.55
07/02/2012;486.5
08/02/2012;489.75
09/02/2012;493.4
10/02/2012;490.3
13/02/2012;496
14/02/2012;494.8
15/02/2012;487.4
16/02/2012;487.55
17/02/2012;488.95
20/02/2012;499.25
21/02/2012;497.7
22/02/2012;496.95
23/02/2012;495.35
24/02/2012;496.2
27/02/2012;501.7
28/02/2012;499.3
29/02/2012;492.4
01/03/2012;496.4
02/03/2012;496.5
05/03/2012;504.6
06/03/2012;490.1
07/03/2012;492.75
08/03/2012;494.45
09/03/2012;493.9
12/03/2012;495.7
13/03/2012;498.85
14/03/2012;499.05
15/03/2012;492.75
16/03/2012;490.15
19/03/2012;491.25
20/03/2012;484.1
21/03/2012;481.55
22/03/2012;476.55
23/03/2012;477.55
26/03/2012;481.9
27/03/2012;471.35
28/03/2012;468.1
29/03/2012;458.9
30/03/2012;462.55
02/04/2012;471.45
03/04/2012;464.25
04/04/2012;452.05
05/04/2012;456.1
09/04/2012;#N/A N/A
10/04/2012;445.35
11/04/2012;444.25
12/04/2012;444.85
13/04/2012;441.85
16/04/2012;442.95
17/04/2012;452.5
18/04/2012;446
19/04/2012;440.05
20/04/2012;434.85
23/04/2012;429.7
24/04/2012;436.6
25/04/2012;432.3
26/04/2012;444.25
27/04/2012;446.35
30/04/2012;445
01/05/2012;441.3
02/05/2012;433.8
03/05/2012;435.7
04/05/2012;422.15
07/05/2012;#N/A N/A
08/05/2012;415
09/05/2012;404
10/05/2012;410.5
11/05/2012;415.1
14/05/2012;403.9
15/05/2012;400.4
16/05/2012;399.65
17/05/2012;396.65
18/05/2012;391.95
21/05/2012;395.6
22/05/2012;401.95
23/05/2012;393.9
24/05/2012;407
25/05/2012;407.35
28/05/2012;399.7
29/05/2012;406.85
30/05/2012;398.3
31/05/2012;394.9
01/06/2012;402
05/06/2012;#N/A N/A
06/06/2012;406.95
07/06/2012;413.6
08/06/2012;409.05
11/06/2012;414.9
12/06/2012;417.45
13/06/2012;418.7
14/06/2012;416.7
15/06/2012;423.5
18/06/2012;420.7
19/06/2012;426.9
20/06/2012;425.65
21/06/2012;412.1
22/06/2012;407.25
25/06/2012;402.05
26/06/2012;401.6
27/06/2012;408.5
28/06/2012;412.4
29/06/2012;421.95
02/07/2012;432.5
03/07/2012;432.9
04/07/2012;430.55
05/07/2012;434.2
06/07/2012;428.2
09/07/2012;423.95
10/07/2012;428.5
11/07/2012;432.55
12/07/2012;435.1
13/07/2012;438.1
16/07/2012;441.5
17/07/2012;444
18/07/2012;444.9
19/07/2012;444.2
20/07/2012;439.85
23/07/2012;430.55
24/07/2012;427.85
25/07/2012;428.45
26/07/2012;432.7
27/07/2012;438.7
30/07/2012;444.45
31/07/2012;425.05
01/08/2012;428.05
02/08/2012;429.25
03/08/2012;437.95
06/08/2012;441
07/08/2012;453.8
08/08/2012;450.95
09/08/2012;448.9
10/08/2012;448.6
13/08/2012;446.85
14/08/2012;450.9
15/08/2012;450
16/08/2012;451.25
17/08/2012;454.35
20/08/2012;452
21/08/2012;450.65
22/08/2012;447
23/08/2012;445.45
24/08/2012;444.55
28/08/2012;444.25
29/08/2012;441.95
30/08/2012;442.05
31/08/2012;441.35
03/09/2012;443.7
04/09/2012;436.6
05/09/2012;423.85
06/09/2012;431.45
07/09/2012;434.7
10/09/2012;437.8
11/09/2012;443
12/09/2012;441
13/09/2012;444.85
14/09/2012;450.2
17/09/2012;451.5
18/09/2012;438.95
19/09/2012;443.75
20/09/2012;444.3
21/09/2012;441
24/09/2012;443
25/09/2012;446
26/09/2012;438.35
27/09/2012;440.6
28/09/2012;436.5
01/10/2012;438.55
02/10/2012;438.35
03/10/2012;439.05
04/10/2012;434.2
05/10/2012;436.75
08/10/2012;437
09/10/2012;437.6
10/10/2012;436.05
11/10/2012;438.75
12/10/2012;431.45
15/10/2012;429.55
16/10/2012;435.35
17/10/2012;448.35
18/10/2012;452.05
19/10/2012;450.4
22/10/2012;443.45
23/10/2012;433.25
24/10/2012;435
25/10/2012;431.1
26/10/2012;431.6
29/10/2012;425
30/10/2012;442.85
31/10/2012;443.3
01/11/2012;444.5
02/11/2012;445.2
05/11/2012;441.2
06/11/2012;444.2
07/11/2012;432.9
08/11/2012;430.25
09/11/2012;429.2
12/11/2012;427.3
13/11/2012;428.8
14/11/2012;425.75
15/11/2012;425.4
16/11/2012;416.6
19/11/2012;431.6
20/11/2012;432.25
21/11/2012;433
22/11/2012;433.6
23/11/2012;435.5
26/11/2012;431.35
27/11/2012;431.25
28/11/2012;429.4
29/11/2012;431.05
30/11/2012;431.6
03/12/2012;430.15
04/12/2012;424.3
05/12/2012;425.5
06/12/2012;427.6
07/12/2012;426.05
10/12/2012;426.1
11/12/2012;427.5
12/12/2012;430.05
13/12/2012;428.75
14/12/2012;426.45
17/12/2012;427
18/12/2012;428.45
19/12/2012;431.3
20/12/2012;430.1
21/12/2012;430.75
24/12/2012;430.7
27/12/2012;428.45
28/12/2012;425.05
31/12/2012;424.8
02/01/2013;431.3
03/01/2013;441.7
04/01/2013;453.5
07/01/2013;448.75
08/01/2013;448.95
09/01/2013;458.65
10/01/2013;461.05
11/01/2013;461.95
14/01/2013;459.3
15/01/2013;459.5
16/01/2013;458.4
17/01/2013;461
18/01/2013;460.35
21/01/2013;459
22/01/2013;455.45
23/01/2013;463.25
24/01/2013;467.7
25/01/2013;465.3
28/01/2013;468.45
29/01/2013;475.65
30/01/2013;475.9
31/01/2013;466.75
01/02/2013;472.5
04/02/2013;462.05
05/02/2013;468.7
06/02/2013;465.75
07/02/2013;456.8
08/02/2013;455.6
11/02/2013;454.75
12/02/2013;460.05
13/02/2013;453.6
14/02/2013;450.05
15/02/2013;448.1
18/02/2013;445
19/02/2013;446.35
20/02/2013;447.75
21/02/2013;443
22/02/2013;444.05
25/02/2013;451.15
26/02/2013;444.1
27/02/2013;446.95
28/02/2013;445.7
01/03/2013;446.35
04/03/2013;443.9
05/03/2013;447
06/03/2013;449.5
07/03/2013;449.6
08/03/2013;450.7
11/03/2013;452.55
12/03/2013;452.1
13/03/2013;449.3
14/03/2013;451.05
15/03/2013;449.65
18/03/2013;448.5
19/03/2013;449.7
20/03/2013;448
21/03/2013;449.4
22/03/2013;457.7
25/03/2013;459.95
26/03/2013;462.95
27/03/2013;463.45
28/03/2013;459.9
01/04/2013;#N/A N/A
02/04/2013;462.5
03/04/2013;461.9
04/04/2013;452
05/04/2013;447.1
08/04/2013;448.05
09/04/2013;450.75
10/04/2013;452
11/04/2013;451.7
12/04/2013;448
15/04/2013;446.5
16/04/2013;445.6
17/04/2013;440.7
18/04/2013;441.8
19/04/2013;446.7
22/04/2013;446.65
23/04/2013;451.65
24/04/2013;458.15
25/04/2013;458.7
26/04/2013;454.1
29/04/2013;456.75
30/04/2013;466.4
01/05/2013;465.35
02/05/2013;466.25
03/05/2013;471.3
06/05/2013;#N/A N/A
07/05/2013;473.65
08/05/2013;467.05
09/05/2013;465.5
10/05/2013;465.7
13/05/2013;465.55
14/05/2013;468.55
15/05/2013;467.6
16/05/2013;465.8
17/05/2013;469.95
20/05/2013;472.55
21/05/2013;477.65
22/05/2013;483.3
23/05/2013;477.5
24/05/2013;476.4
28/05/2013;482.65
29/05/2013;477.5
30/05/2013;478.3
31/05/2013;473.45
03/06/2013;469
04/06/2013;469.5
05/06/2013;464.1
06/06/2013;458
07/06/2013;461
10/06/2013;461.85
11/06/2013;460.3
12/06/2013;454.75
13/06/2013;453.45
14/06/2013;453.8
17/06/2013;458.2
18/06/2013;460.4
19/06/2013;455
20/06/2013;449.2
21/06/2013;445.85
24/06/2013;444.95
25/06/2013;448.55
26/06/2013;452
27/06/2013;456.6
28/06/2013;455.25
01/07/2013;457.95
02/07/2013;455.65
03/07/2013;448.1
04/07/2013;454.75
05/07/2013;454
08/07/2013;460.45
09/07/2013;464.8
10/07/2013;469.45
11/07/2013;464.75
12/07/2013;464.15
15/07/2013;465.85
16/07/2013;465.2
17/07/2013;466.5
18/07/2013;470.4
19/07/2013;469.8
22/07/2013;468.45
23/07/2013;470.75
24/07/2013;473.9
25/07/2013;473.55
26/07/2013;471
29/07/2013;467.4
30/07/2013;451.45
31/07/2013;454.55
01/08/2013;458.5
02/08/2013;455.4
05/08/2013;455.75
06/08/2013;454.35
07/08/2013;443.55
08/08/2013;441.8
09/08/2013;443.25
12/08/2013;442.9
13/08/2013;446.25
14/08/2013;446.25
15/08/2013;441.2
16/08/2013;441.7
19/08/2013;439.5
20/08/2013;437.2
21/08/2013;432.55
22/08/2013;437
23/08/2013;442.95
26/08/2013;#N/A N/A
27/08/2013;447.1
28/08/2013;452.65
29/08/2013;450.9
30/08/2013;446.2
02/09/2013;445.55
03/09/2013;441.85
04/09/2013;443.15
05/09/2013;445.75
06/09/2013;445.55
09/09/2013;444.1
10/09/2013;443.75
11/09/2013;445.8
12/09/2013;444.7
13/09/2013;442.5
16/09/2013;443.25
17/09/2013;440
18/09/2013;438.3
19/09/2013;440.1
20/09/2013;442.05
23/09/2013;440.2
24/09/2013;442.3
25/09/2013;441.5
26/09/2013;444.35
27/09/2013;441.1
30/09/2013;433.1
01/10/2013;432.45
02/10/2013;432.3
03/10/2013;437.15
04/10/2013;438.25
07/10/2013;438.6
08/10/2013;433.7
09/10/2013;433.45
10/10/2013;437.3
11/10/2013;439.65
14/10/2013;443.4
15/10/2013;444.65
16/10/2013;445.75
17/10/2013;443.9
18/10/2013;447.45
21/10/2013;449.55
22/10/2013;448
23/10/2013;449.25
24/10/2013;450.15
25/10/2013;451.15
28/10/2013;452.1
29/10/2013;477.5
30/10/2013;482
31/10/2013;482.7
01/11/2013;484.75
04/11/2013;489.2
05/11/2013;488.05
06/11/2013;484.45
07/11/2013;480.45
08/11/2013;477.65
11/11/2013;481.15
12/11/2013;483.9
13/11/2013;481.25
14/11/2013;483.3
15/11/2013;488.1
18/11/2013;488.55
19/11/2013;486.75
20/11/2013;487.95
21/11/2013;489.35
22/11/2013;493.45
25/11/2013;490.1
26/11/2013;487
27/11/2013;482.05
28/11/2013;481.5
29/11/2013;482
02/12/2013;475.3
03/12/2013;473.6
04/12/2013;476.5
05/12/2013;475.15
06/12/2013;477.45
09/12/2013;476.8
10/12/2013;473.15
11/12/2013;477.2
12/12/2013;470.75
13/12/2013;465.7
16/12/2013;473.2
17/12/2013;465
18/12/2013;464.9
19/12/2013;472.55
20/12/2013;477.6
23/12/2013;484.85
24/12/2013;486.2
27/12/2013;488.7
30/12/2013;485.75
31/12/2013;488.05
02/01/2014;488.85
03/01/2014;487.9
06/01/2014;488.95
07/01/2014;494
08/01/2014;492.85
09/01/2014;495.3
10/01/2014;497
13/01/2014;495.8
14/01/2014;491.05
15/01/2014;492.85
16/01/2014;489.45
17/01/2014;491.05
20/01/2014;494.3
21/01/2014;491.3
22/01/2014;493.6
23/01/2014;488.15
24/01/2014;486.65
27/01/2014;475.8
28/01/2014;476.9
29/01/2014;476.9
30/01/2014;477.9
31/01/2014;478
03/02/2014;473.6
04/02/2014;473.8
05/02/2014;470.05
06/02/2014;482.15
07/02/2014;481.7
10/02/2014;482.05
11/02/2014;491.75
12/02/2014;487.05
13/02/2014;485.2
14/02/2014;486.4
17/02/2014;487.7
18/02/2014;495.1
19/02/2014;495
20/02/2014;499.55
21/02/2014;501.7
24/02/2014;505.9
25/02/2014;508
26/02/2014;506.8
27/02/2014;503.3
28/02/2014;504.4
03/03/2014;492.9
04/03/2014;491.5
05/03/2014;486
06/03/2014;486.9
07/03/2014;480.05
10/03/2014;484
11/03/2014;484
12/03/2014;482.6
13/03/2014;478.5
14/03/2014;477.25
17/03/2014;476.85
18/03/2014;477
19/03/2014;476.95
20/03/2014;468.25
21/03/2014;468.75
24/03/2014;468.5
25/03/2014;473.95
26/03/2014;476.2
27/03/2014;476.35
28/03/2014;484.15
31/03/2014;480
01/04/2014;484.3
02/04/2014;485.4
03/04/2014;485.15
04/04/2014;490.05
07/04/2014;484.85
08/04/2014;477.2
09/04/2014;482.9
10/04/2014;484
11/04/2014;475.45
14/04/2014;474.55
15/04/2014;473.5
16/04/2014;478.5
17/04/2014;482.05
22/04/2014;486.6
23/04/2014;485.85
24/04/2014;489.35
25/04/2014;493.5
28/04/2014;488.35
29/04/2014;502.6
30/04/2014;499.2
01/05/2014;498.05
02/05/2014;501.7
06/05/2014;501
07/05/2014;501.4
08/05/2014;501.3
09/05/2014;500.9
12/05/2014;501.3
13/05/2014;500.2
14/05/2014;503.5
15/05/2014;503
16/05/2014;507.1
19/05/2014;509.1
20/05/2014;506.3
21/05/2014;509.3
22/05/2014;508.2
23/05/2014;507
27/05/2014;504.2
28/05/2014;506.1
29/05/2014;505.6
30/05/2014;503
02/06/2014;504.9
03/06/2014;503.2
04/06/2014;497.85
05/06/2014;499.7
06/06/2014;505
09/06/2014;505.6
10/06/2014;507.2
11/06/2014;506
12/06/2014;508.3
13/06/2014;507.5
16/06/2014;505.6
17/06/2014;506.1
18/06/2014;514.4
19/06/2014;515.7
20/06/2014;518.6
23/06/2014;520
24/06/2014;523.9
25/06/2014;516.9
26/06/2014;515.5
27/06/2014;514.6
30/06/2014;514.9
01/07/2014;515.3
02/07/2014;519.8
03/07/2014;516.9
04/07/2014;519.2
07/07/2014;513.7
08/07/2014;510.7
09/07/2014;508
10/07/2014;503.7
11/07/2014;503.8
14/07/2014;503.4
15/07/2014;500.3
16/07/2014;506.6
17/07/2014;496.8
18/07/2014;493.7
21/07/2014;492.05
22/07/2014;498.5
23/07/2014;500.8
24/07/2014;503.8
25/07/2014;499.1
28/07/2014;496.85
29/07/2014;484.25
30/07/2014;481.75
31/07/2014;484
01/08/2014;482.95
04/08/2014;484.55
05/08/2014;482.3
06/08/2014;473.7
07/08/2014;469.1
08/08/2014;464.05
11/08/2014;469
12/08/2014;468.9
13/08/2014;470.25
14/08/2014;472
15/08/2014;470.95
18/08/2014;474
19/08/2014;481.6
20/08/2014;481
21/08/2014;483.85
22/08/2014;485.1
25/08/2014;#N/A N/A
26/08/2014;485.75
27/08/2014;485.4
28/08/2014;482.35
29/08/2014;481.65
01/09/2014;482.7
02/09/2014;477.3
03/09/2014;483.75
04/09/2014;455
05/09/2014;466.8
08/09/2014;468.7
09/09/2014;466.85
10/09/2014;471.6
11/09/2014;472.2
12/09/2014;470.15
15/09/2014;468.3
16/09/2014;472.35
17/09/2014;471.05
18/09/2014;471.3
19/09/2014;473.3
22/09/2014;469.95
23/09/2014;466.05
24/09/2014;464.95
25/09/2014;451.8
26/09/2014;451.7
29/09/2014;456.35
30/09/2014;453.45
01/10/2014;452.75
02/10/2014;440.1
03/10/2014;445
06/10/2014;446.1
07/10/2014;441.75
08/10/2014;440.15
09/10/2014;435.15
10/10/2014;428.15
13/10/2014;431.95
14/10/2014;426.65
15/10/2014;416.7
16/10/2014;420
17/10/2014;428.5
20/10/2014;421.9
21/10/2014;433.65
22/10/2014;434.25
23/10/2014;438.95
24/10/2014;432.85
27/10/2014;430.25
28/10/2014;437
29/10/2014;445.3
30/10/2014;444
31/10/2014;449
03/11/2014;443.7
04/11/2014;430.4
05/11/2014;440.15
06/11/2014;435.9
07/11/2014;441.3
10/11/2014;439.6
11/11/2014;433.75
12/11/2014;433.9
13/11/2014;429.95
14/11/2014;431.8
17/11/2014;432.45
18/11/2014;437.6
19/11/2014;440.15
20/11/2014;441.35
21/11/2014;448.2
24/11/2014;447.2
25/11/2014;442.5
26/11/2014;437.9
27/11/2014;426.2
28/11/2014;420.2
01/12/2014;414.5
02/12/2014;433.85
03/12/2014;436.85
04/12/2014;426.9
05/12/2014;424.5
08/12/2014;417.3
09/12/2014;405.95
10/12/2014;399.6
11/12/2014;398.8
12/12/2014;385.65
15/12/2014;373.25
16/12/2014;383.95
17/12/2014;397.55
18/12/2014;402.55
19/12/2014;413
22/12/2014;413.65
23/12/2014;415.85
24/12/2014;416.85
29/12/2014;418
30/12/2014;409.3
31/12/2014;411
02/01/2015;410.45
05/01/2015;389.7
06/01/2015;391.05
07/01/2015;393.75
08/01/2015;405
09/01/2015;398.65
12/01/2015;396.55
13/01/2015;396.3
14/01/2015;382.15
15/01/2015;392.6
16/01/2015;413.35
19/01/2015;408.9
20/01/2015;412.2
21/01/2015;426
22/01/2015;428.4
23/01/2015;432.4
26/01/2015;439
27/01/2015;440.6
28/01/2015;432.95
29/01/2015;424.85
30/01/2015;424.45
02/02/2015;437.7
03/02/2015;449.85
04/02/2015;445.35
05/02/2015;450.1
06/02/2015;450.6
09/02/2015;457.1
10/02/2015;446.35
11/02/2015;445.8
12/02/2015;444.3
13/02/2015;454.2
16/02/2015;451.9
17/02/2015;452
18/02/2015;451.3
19/02/2015;445.7
20/02/2015;446.7
23/02/2015;444.6
24/02/2015;448.35
25/02/2015;449.4
26/02/2015;448
27/02/2015;448.05
02/03/2015;446.65
03/03/2015;448.6
04/03/2015;451.05
05/03/2015;452.6
06/03/2015;447
09/03/2015;445.7
10/03/2015;428.1
11/03/2015;425.15
12/03/2015;425.85
13/03/2015;418.25
16/03/2015;417.6
17/03/2015;425.9
18/03/2015;436.1
19/03/2015;440.9
20/03/2015;451
23/03/2015;447.9
24/03/2015;444.15
25/03/2015;448.35
26/03/2015;446.1
27/03/2015;443.6
30/03/2015;446.1
31/03/2015;436.7
01/04/2015;442.1
02/04/2015;442.85
06/04/2015;#N/A N/A
07/04/2015;454.85
08/04/2015;457.3
09/04/2015;463.7
10/04/2015;472.25
13/04/2015;471
14/04/2015;470.95
15/04/2015;475.8
16/04/2015;473.45
17/04/2015;479.35
20/04/2015;483.4
21/04/2015;480
22/04/2015;479.75
23/04/2015;484.15
24/04/2015;478.4
27/04/2015;476.9
28/04/2015;476.1
29/04/2015;468.15
30/04/2015;470.1
01/05/2015;468.6
04/05/2015;#N/A N/A
05/05/2015;474.95
06/05/2015;473.3
07/05/2015;457.1
08/05/2015;461.3
11/05/2015;457.7
12/05/2015;456.05
13/05/2015;456
14/05/2015;456.8
15/05/2015;452.4
18/05/2015;452.3
19/05/2015;452.35
20/05/2015;452.1
21/05/2015;458
22/05/2015;457.75
25/05/2015;#N/A N/A
26/05/2015;451.7
27/05/2015;454.4
28/05/2015;453.3
29/05/2015;450.75
01/06/2015;447.4
02/06/2015;449.95
03/06/2015;449.55
04/06/2015;440.15
05/06/2015;443.35
08/06/2015;441.9
09/06/2015;441.35
10/06/2015;443.55
11/06/2015;446.8
12/06/2015;437.6
15/06/2015;435.05
16/06/2015;432.4
17/06/2015;435
18/06/2015;434.45
19/06/2015;431.35
22/06/2015;439.4
23/06/2015;438.95
24/06/2015;442.1
25/06/2015;442.3
26/06/2015;437.55
29/06/2015;427.55
30/06/2015;420.15
01/07/2015;419.15
02/07/2015;437.4
03/07/2015;434.4
06/07/2015;429.5
07/07/2015;418.55
08/07/2015;423.2
09/07/2015;426.05
10/07/2015;427
13/07/2015;428.8
14/07/2015;429.15
15/07/2015;427.1
16/07/2015;422
17/07/2015;416.95
20/07/2015;416.6
21/07/2015;414
22/07/2015;406.6
23/07/2015;401
24/07/2015;394.7
27/07/2015;387.3
28/07/2015;392.65
29/07/2015;398.6
30/07/2015;401
31/07/2015;395.45
03/08/2015;391.45
04/08/2015;390.4
05/08/2015;395.05
06/08/2015;383.2
07/08/2015;385.6
10/08/2015;385.5
11/08/2015;380.5
12/08/2015;383.6
13/08/2015;383.15
14/08/2015;379.25
17/08/2015;378.15
18/08/2015;373.75
19/08/2015;367.5
20/08/2015;369.6
21/08/2015;357.2
24/08/2015;331.05
25/08/2015;335.35
26/08/2015;331.2
27/08/2015;351.2
28/08/2015;360.5
01/09/2015;349.4
02/09/2015;345.3
03/09/2015;355.85
04/09/2015;337.9
07/09/2015;336
08/09/2015;340.2
09/09/2015;342.5
10/09/2015;335.3
11/09/2015;333.5
14/09/2015;332
15/09/2015;338.7
16/09/2015;345.85
17/09/2015;345.7
18/09/2015;333.45
21/09/2015;333.55
22/09/2015;325.2
23/09/2015;329.45
24/09/2015;322.9
25/09/2015;333.3
28/09/2015;323.05
29/09/2015;326.2
30/09/2015;334
01/10/2015;342.25
02/10/2015;351.45
05/10/2015;368
06/10/2015;378.1
07/10/2015;387
08/10/2015;388.95
09/10/2015;391.6
12/10/2015;384.8
13/10/2015;382.75
14/10/2015;377.65
15/10/2015;379.65
16/10/2015;384
19/10/2015;377.25
20/10/2015;376.55
21/10/2015;380.95
22/10/2015;388.55
23/10/2015;388.1
26/10/2015;384.4
27/10/2015;380
28/10/2015;391
29/10/2015;391.7
30/10/2015;386.4
02/11/2015;388.25
03/11/2015;403.25
04/11/2015;402.05
05/11/2015;390.45
06/11/2015;386.5
09/11/2015;382.6
10/11/2015;382.5
11/11/2015;377.9
12/11/2015;367.25
13/11/2015;364.5
16/11/2015;368.65
17/11/2015;378.55
18/11/2015;382.5
19/11/2015;385.15
20/11/2015;381.3
23/11/2015;380.75
24/11/2015;385.9
25/11/2015;386.1
26/11/2015;389.6
27/11/2015;386.55
30/11/2015;385.25
01/12/2015;384.55
02/12/2015;382
03/12/2015;368.55
04/12/2015;359.7
07/12/2015;347.6
08/12/2015;347.8
09/12/2015;350.45
10/12/2015;350.95
11/12/2015;338
14/12/2015;329.3
15/12/2015;337.7
16/12/2015;340.2
17/12/2015;340.35
18/12/2015;339.3
21/12/2015;335.2
22/12/2015;344.95
23/12/2015;360.4
24/12/2015;365.95
28/12/2015;#N/A N/A
29/12/2015;360.75
30/12/2015;355.15
31/12/2015;354
04/01/2016;347.55
05/01/2016;348.15
06/01/2016;343.45
07/01/2016;337.7
08/01/2016;328.7
11/01/2016;328.05
12/01/2016;323.1
13/01/2016;335.85
14/01/2016;347.7
15/01/2016;338.15
18/01/2016;340.5
19/01/2016;342.45
20/01/2016;328.15
21/01/2016;342.25
22/01/2016;352.7
25/01/2016;350.15
26/01/2016;356.5
27/01/2016;362.9
28/01/2016;368.45
29/01/2016;376.1
01/02/2016;366.95
02/02/2016;335.1
03/02/2016;332.35
04/02/2016;350.85
05/02/2016;350.65
08/02/2016;343.9
09/02/2016;334.45
10/02/2016;330.1
11/02/2016;310.25
12/02/2016;332.5
15/02/2016;332.8
16/02/2016;337.4
17/02/2016;349.85
18/02/2016;345.4
19/02/2016;343.25
22/02/2016;356.65
23/02/2016;345.35
24/02/2016;335
25/02/2016;338.45
26/02/2016;349.55
29/02/2016;351.45
01/03/2016;350.65
02/03/2016;352.9
03/03/2016;362
04/03/2016;367.9
07/03/2016;365.55
08/03/2016;354.2
09/03/2016;356
10/03/2016;343.2
11/03/2016;348.4
14/03/2016;345.45
15/03/2016;342
16/03/2016;350.1
17/03/2016;359.6
18/03/2016;357
21/03/2016;356.2
22/03/2016;360.75
23/03/2016;356.1
24/03/2016;353.35
28/03/2016;#N/A N/A
29/03/2016;345.8
30/03/2016;355.55
31/03/2016;350.15
01/04/2016;343.8
04/04/2016;344.7
05/04/2016;337.45
06/04/2016;339.55
07/04/2016;339.3
08/04/2016;350.35
11/04/2016;351.85
12/04/2016;356.95
13/04/2016;365.45
14/04/2016;358.55
15/04/2016;355.95
18/04/2016;355.8
19/04/2016;362.95
20/04/2016;363.65
21/04/2016;368.6
22/04/2016;368.3
25/04/2016;360.35
26/04/2016;375.9
27/04/2016;382.45
28/04/2016;382.3
29/04/2016;373.75
03/05/2016;368.4
04/05/2016;362.55
05/05/2016;358.35
06/05/2016;360.8
09/05/2016;351.5
10/05/2016;357.55
11/05/2016;361.2
12/05/2016;360.1
13/05/2016;362.5
16/05/2016;366
17/05/2016;366.3
18/05/2016;364.6
19/05/2016;356
20/05/2016;361.5
23/05/2016;357.5
24/05/2016;357.8
25/05/2016;366
26/05/2016;364.45
27/05/2016;361.95
31/05/2016;357.25
01/06/2016;353.6
02/06/2016;353.1
03/06/2016;358.55
06/06/2016;368.4
07/06/2016;373.25
08/06/2016;376.55
09/06/2016;374.15
10/06/2016;370.75
13/06/2016;368.9
14/06/2016;358.2
15/06/2016;359.5
16/06/2016;364.85
17/06/2016;373.15
20/06/2016;378.95
21/06/2016;382.3
22/06/2016;383.4
23/06/2016;386.95
24/06/2016;393.65
27/06/2016;394.95
28/06/2016;404.45
29/06/2016;424.8
30/06/2016;438.15
01/07/2016;445.4
04/07/2016;446.8
05/07/2016;453.55
06/07/2016;449.4
07/07/2016;453.3
08/07/2016;457
11/07/2016;459
12/07/2016;461.8
13/07/2016;455.7
14/07/2016;454.65
15/07/2016;457.15
18/07/2016;449.3
19/07/2016;452.8
20/07/2016;451.2
21/07/2016;450.8
22/07/2016;452.1
25/07/2016;440.35
26/07/2016;434.6
27/07/2016;434.05
28/07/2016;426.65
29/07/2016;426.85
01/08/2016;418.35
02/08/2016;413.9
03/08/2016;415
04/08/2016;416.35
05/08/2016;419.35
08/08/2016;422.15
09/08/2016;425.2
10/08/2016;423
11/08/2016;432.3
12/08/2016;432.7
15/08/2016;436.85
16/08/2016;436.25
17/08/2016;432.75
18/08/2016;435.55
19/08/2016;434.35
22/08/2016;427.9
23/08/2016;428.6
24/08/2016;429
25/08/2016;432
26/08/2016;434.85
30/08/2016;433.7
31/08/2016;427.9
01/09/2016;418.75
02/09/2016;431
05/09/2016;434.8
06/09/2016;427.65
07/09/2016;433.35
08/09/2016;437.15
09/09/2016;432.15
12/09/2016;428.7
13/09/2016;420.55
14/09/2016;417.5
15/09/2016;421.15
16/09/2016;420.4
19/09/2016;426.3
20/09/2016;423.95
21/09/2016;424.3
22/09/2016;434.6
23/09/2016;436.9
26/09/2016;432
27/09/2016;428.2
28/09/2016;432.25
29/09/2016;451
30/09/2016;450
03/10/2016;458.4
04/10/2016;467.95
05/10/2016;472
06/10/2016;473.5
07/10/2016;486
10/10/2016;494.45
11/10/2016;486.75
12/10/2016;484.8
13/10/2016;485
14/10/2016;489.5
17/10/2016;483.75
18/10/2016;485.9
19/10/2016;490.15
20/10/2016;490.05
21/10/2016;492.75
24/10/2016;486.95
25/10/2016;495.15
26/10/2016;487.95
27/10/2016;493.5
28/10/2016;492.15
31/10/2016;483.7
01/11/2016;462.05
02/11/2016;457.3
03/11/2016;451.35
04/11/2016;446.45
07/11/2016;453.45
08/11/2016;456.55
09/11/2016;458.1
10/11/2016;448.9
11/11/2016;435.35
14/11/2016;433.45
15/11/2016;444.8
16/11/2016;441.9
17/11/2016;447.2
18/11/2016;447.65
21/11/2016;456.25
22/11/2016;456.25
23/11/2016;458.15
24/11/2016;458.85
25/11/2016;454.95
28/11/2016;452.25
29/11/2016;442.55
30/11/2016;459.45
01/12/2016;470.05
02/12/2016;466.65
05/12/2016;464.95
06/12/2016;463.55
07/12/2016;473.45
08/12/2016;477
09/12/2016;476.2
12/12/2016;483.4
13/12/2016;482.7
14/12/2016;481
15/12/2016;479.5
16/12/2016;489.7
19/12/2016;490.8
20/12/2016;495.1
21/12/2016;496.75
22/12/2016;503
23/12/2016;503
28/12/2016;508.9
29/12/2016;511.2
30/12/2016;509.6
03/01/2017;517.3
04/01/2017;519.3
05/01/2017;517.3
06/01/2017;514.5
09/01/2017;513.5
10/01/2017;511.7
11/01/2017;513.3
12/01/2017;515.4
13/01/2017;518
16/01/2017;512.6
17/01/2017;502
18/01/2017;505.1
19/01/2017;499.15
20/01/2017;498.35
23/01/2017;487.15
24/01/2017;489.7
25/01/2017;488.05
26/01/2017;485.4
27/01/2017;486.8
30/01/2017;476.05
31/01/2017;472.85
01/02/2017;472.9
02/02/2017;472.7
03/02/2017;478.6
06/02/2017;476.55
07/02/2017;457.1
08/02/2017;455.95
09/02/2017;458.7
10/02/2017;459.6
13/02/2017;459.6
14/02/2017;459.5
15/02/2017;457.55
16/02/2017;448.4
17/02/2017;446
20/02/2017;445.2
21/02/2017;450.8
22/02/2017;447.7
23/02/2017;450.4
24/02/2017;447.1
27/02/2017;451.5
28/02/2017;453.55
01/03/2017;464.6
02/03/2017;464.85
03/03/2017;464.05
06/03/2017;462.8
07/03/2017;463
08/03/2017;460.7
09/03/2017;454
10/03/2017;470.7
13/03/2017;463.5
14/03/2017;457
15/03/2017;456.15
16/03/2017;459.25
17/03/2017;463
20/03/2017;461.1
21/03/2017;458.35
22/03/2017;454.75
23/03/2017;456.6
24/03/2017;451.85
27/03/2017;447.9
28/03/2017;453.45
29/03/2017;461.2
30/03/2017;461.65
31/03/2017;457.55
03/04/2017;456.1
04/04/2017;463.65
05/04/2017;465.2
06/04/2017;464.45
07/04/2017;470.4
10/04/2017;469.65
11/04/2017;470.7
12/04/2017;472.5
13/04/2017;471.1
17/04/2017;#N/A N/A
18/04/2017;452.6
19/04/2017;447.8
20/04/2017;446.65
21/04/2017;441.4
24/04/2017;449.3
25/04/2017;449.25
26/04/2017;453.65
27/04/2017;442.65
28/04/2017;442.5
01/05/2017;#N/A N/A
02/05/2017;449.6
03/05/2017;446.65
04/05/2017;444.8
05/05/2017;451.35
08/05/2017;454.45
09/05/2017;455.75
10/05/2017;460.55
11/05/2017;455.95
12/05/2017;460
15/05/2017;464.2
16/05/2017;469.25
17/05/2017;470.5
18/05/2017;469
19/05/2017;472.15
22/05/2017;473.95
23/05/2017;474.25
24/05/2017;478.5
25/05/2017;473.1
26/05/2017;474.55
29/05/2017;#N/A N/A
30/05/2017;472.1
31/05/2017;466.7
01/06/2017;470
02/06/2017;462.75
05/06/2017;464.05
06/06/2017;464.9
07/06/2017;456.8
08/06/2017;456.35
09/06/2017;467.8
12/06/2017;470.9
13/06/2017;470.15
14/06/2017;461.6
15/06/2017;460.95
16/06/2017;466.65
19/06/2017;472.65
20/06/2017;460.25
21/06/2017;456.7
22/06/2017;456.75
23/06/2017;456.35
26/06/2017;457.8
27/06/2017;460.3
28/06/2017;455.3
29/06/2017;449.9
30/06/2017;442.8
03/07/2017;451.3
04/07/2017;450
05/07/2017;444.15
06/07/2017;445.9
07/07/2017;444
10/07/2017;443.75
11/07/2017;442.45
12/07/2017;450.65
13/07/2017;446.85
14/07/2017;444.8
17/07/2017;447.85
18/07/2017;445.45
19/07/2017;445.95
20/07/2017;450.25
21/07/2017;446.3
24/07/2017;439.75
25/07/2017;446.45
26/07/2017;445.15
27/07/2017;444.7
28/07/2017;443.65
31/07/2017;445.8
01/08/2017;456.45
02/08/2017;459.3
03/08/2017;460.6
04/08/2017;463.3
07/08/2017;468.45
08/08/2017;471.15
09/08/2017;468.85
10/08/2017;457.75
11/08/2017;447.75
14/08/2017;446.1
15/08/2017;444.1
16/08/2017;445.45
17/08/2017;443.2
18/08/2017;440
21/08/2017;440.15
22/08/2017;442.2
23/08/2017;444.5
24/08/2017;443.15
25/08/2017;445.5
28/08/2017;#N/A N/A
29/08/2017;440.4
30/08/2017;441.9
31/08/2017;445.15
01/09/2017;444.75
04/09/2017;446.45
05/09/2017;446.7
06/09/2017;446.75
07/09/2017;449.9
08/09/2017;446.1
11/09/2017;449.1
12/09/2017;448.9
13/09/2017;452.35
14/09/2017;451.7
15/09/2017;448.25
18/09/2017;450.8
19/09/2017;456.1
20/09/2017;459.4
21/09/2017;463.5
22/09/2017;466.6
25/09/2017;472.4
26/09/2017;471.55
27/09/2017;473.05
28/09/2017;476.05
29/09/2017;477.3
02/10/2017;480
03/10/2017;486.4
04/10/2017;485.75
05/10/2017;490.4
06/10/2017;488.15
09/10/2017;486.3
10/10/2017;489.95
11/10/2017;488.65
12/10/2017;491.45
13/10/2017;490.8
16/10/2017;491.5
17/10/2017;490.6
18/10/2017;488
19/10/2017;492.15
20/10/2017;491.9
23/10/2017;490.95
24/10/2017;496.25
25/10/2017;487.75
26/10/2017;490
27/10/2017;497.9
30/10/2017;501.6
31/10/2017;510.2
01/11/2017;514
02/11/2017;518.1
03/11/2017;516.8
06/11/2017;521.1
07/11/2017;524.7
08/11/2017;524.1
09/11/2017;514.6
10/11/2017;506.9
13/11/2017;506.9
14/11/2017;503
15/11/2017;495
16/11/2017;491.15
17/11/2017;493.1
20/11/2017;492
21/11/2017;494.3
22/11/2017;497.85
23/11/2017;500.9
24/11/2017;501.3
27/11/2017;496.2
28/11/2017;501.4
29/11/2017;494.5
30/11/2017;489.1
01/12/2017;492
04/12/2017;493
05/12/2017;491.75
06/12/2017;494.25
07/12/2017;488.2
08/12/2017;492.75
11/12/2017;498.7
12/12/2017;511
13/12/2017;505.4
14/12/2017;504
15/12/2017;505.2
18/12/2017;509.7
19/12/2017;507.8
20/12/2017;508.7
21/12/2017;519.5
22/12/2017;517.2
