24/11/2000;42.1563
27/11/2000;42.4375
28/11/2000;42.9063
29/11/2000;41.0625
30/11/2000;40.9375
01/12/2000;41.3125
04/12/2000;41.5
05/12/2000;40.9063
06/12/2000;40.25
07/12/2000;40.3438
08/12/2000;40.6563
11/12/2000;40.75
12/12/2000;40.9063
13/12/2000;41.125
14/12/2000;39.5313
15/12/2000;39.125
18/12/2000;40.375
19/12/2000;40.5313
20/12/2000;39.2188
21/12/2000;39.1875
22/12/2000;40.3125
26/12/2000;41.4063
27/12/2000;41.5313
28/12/2000;42.875
29/12/2000;42.2188
02/01/2001;42.9688
03/01/2001;41.3125
04/01/2001;40.4375
05/01/2001;40.75
08/01/2001;40.6563
09/01/2001;40.125
10/01/2001;40.0625
11/01/2001;40.7188
12/01/2001;40.4688
16/01/2001;40.5
17/01/2001;40.125
18/01/2001;39.7188
19/01/2001;39.6563
22/01/2001;39.8125
23/01/2001;39.7813
24/01/2001;39.9375
25/01/2001;41.5938
26/01/2001;41.3125
29/01/2001;40.75
30/01/2001;40.93
31/01/2001;41.64
01/02/2001;41.635
02/02/2001;41.21
05/02/2001;41.285
06/02/2001;42.345
07/02/2001;41.675
08/02/2001;42.13
09/02/2001;42.945
12/02/2001;43.265
13/02/2001;43
14/02/2001;42.925
15/02/2001;42.7
16/02/2001;43.275
20/02/2001;43.25
21/02/2001;42.965
22/02/2001;43.04
23/02/2001;42.23
26/02/2001;42.28
27/02/2001;42.85
28/02/2001;42.83
01/03/2001;43.42
02/03/2001;44.225
05/03/2001;45.19
06/03/2001;45.225
07/03/2001;45.69
08/03/2001;46.475
09/03/2001;46.39
12/03/2001;46.055
13/03/2001;45.31
14/03/2001;44.765
15/03/2001;44.35
16/03/2001;43.75
19/03/2001;44.53
20/03/2001;45.315
21/03/2001;44.84
22/03/2001;43.75
23/03/2001;43.35
26/03/2001;43.22
27/03/2001;43.915
28/03/2001;43.3
29/03/2001;43.21
30/03/2001;43.9
02/04/2001;43.435
03/04/2001;43
04/04/2001;43.85
05/04/2001;44.84
06/04/2001;44.61
09/04/2001;45.75
10/04/2001;46.4
11/04/2001;45.4
12/04/2001;45.9
16/04/2001;46.9
17/04/2001;46.625
18/04/2001;46.73
19/04/2001;46.375
20/04/2001;46.625
23/04/2001;47.355
24/04/2001;47.15
25/04/2001;47.66
26/04/2001;48.93
27/04/2001;48.745
30/04/2001;48.28
01/05/2001;48.225
02/05/2001;46
03/05/2001;45.85
04/05/2001;46.675
07/05/2001;47.1
08/05/2001;46.9
09/05/2001;47.715
10/05/2001;47.605
11/05/2001;47.01
14/05/2001;47.2
15/05/2001;47.7
16/05/2001;47.625
17/05/2001;47.83
18/05/2001;48.785
21/05/2001;48.57
22/05/2001;47.535
23/05/2001;47.09
24/05/2001;47.15
25/05/2001;47.09
29/05/2001;47.775
30/05/2001;47.92
31/05/2001;48.025
01/06/2001;48.19
04/06/2001;49.015
05/06/2001;48.85
06/06/2001;48.08
07/06/2001;48.005
08/06/2001;48.22
11/06/2001;48.75
12/06/2001;48.795
13/06/2001;48.525
14/06/2001;47.83
15/06/2001;48.345
18/06/2001;47.85
19/06/2001;47.75
20/06/2001;47.235
21/06/2001;46.73
22/06/2001;47.37
25/06/2001;47.475
26/06/2001;47.35
27/06/2001;45.7
28/06/2001;44.37
29/06/2001;45.25
02/07/2001;45.155
03/07/2001;45.195
05/07/2001;45.66
06/07/2001;45.5
09/07/2001;45.02
10/07/2001;44.7
11/07/2001;43.835
12/07/2001;44.53
13/07/2001;44.7
16/07/2001;43.825
17/07/2001;43.425
18/07/2001;43.4
19/07/2001;43.575
20/07/2001;44.475
23/07/2001;43.82
24/07/2001;42.59
25/07/2001;44.585
26/07/2001;45.025
27/07/2001;45.55
30/07/2001;45.765
31/07/2001;45.695
01/08/2001;45.585
02/08/2001;45.525
03/08/2001;45.34
06/08/2001;45.195
07/08/2001;45.565
08/08/2001;45.005
09/08/2001;45.295
10/08/2001;45.875
13/08/2001;45.85
14/08/2001;46.12
15/08/2001;46.505
16/08/2001;46.525
17/08/2001;46.005
20/08/2001;45.67
21/08/2001;45.23
22/08/2001;45.975
23/08/2001;46.14
24/08/2001;46.4
27/08/2001;46.05
28/08/2001;45.56
29/08/2001;45.88
30/08/2001;45.235
31/08/2001;45.375
04/09/2001;45.675
05/09/2001;45.7
06/09/2001;45.875
07/09/2001;46.2
10/09/2001;45.85
17/09/2001;45.11
18/09/2001;43.88
19/09/2001;42.45
20/09/2001;41.85
21/09/2001;42.005
24/09/2001;40.55
25/09/2001;39.85
26/09/2001;39.385
27/09/2001;41.75
28/09/2001;42.375
01/10/2001;41.85
02/10/2001;42.75
03/10/2001;42.705
04/10/2001;43.555
05/10/2001;44.22
08/10/2001;44.475
09/10/2001;45.445
10/10/2001;46.725
11/10/2001;46.64
12/10/2001;45.5
15/10/2001;44.225
16/10/2001;44.575
17/10/2001;44.55
18/10/2001;43.015
19/10/2001;43.37
22/10/2001;44.375
23/10/2001;43.3
24/10/2001;43.455
25/10/2001;43.95
26/10/2001;44.465
29/10/2001;44.505
30/10/2001;44.5
31/10/2001;44.275
01/11/2001;44.93
02/11/2001;43.725
05/11/2001;43.555
06/11/2001;43.4
07/11/2001;43.64
08/11/2001;43.795
09/11/2001;44.745
12/11/2001;44.615
13/11/2001;45.085
14/11/2001;43.31
15/11/2001;41.9
16/11/2001;41.725
19/11/2001;41.455
20/11/2001;43.265
21/11/2001;43.04
23/11/2001;43.29
26/11/2001;42.6
27/11/2001;42.81
28/11/2001;42.275
29/11/2001;42.725
30/11/2001;42.505
03/12/2001;43.225
04/12/2001;43.415
05/12/2001;43.75
06/12/2001;42.99
07/12/2001;43.615
10/12/2001;43.065
11/12/2001;42.55
12/12/2001;42.8
13/12/2001;42.125
14/12/2001;42
17/12/2001;42.82
18/12/2001;43.125
19/12/2001;43.75
20/12/2001;43.7
21/12/2001;44.3
24/12/2001;44.275
26/12/2001;44.6
27/12/2001;45.155
28/12/2001;45.22
31/12/2001;44.805
02/01/2002;44.74
03/01/2002;44.75
04/01/2002;44.65
07/01/2002;44.86
08/01/2002;45.025
09/01/2002;44.555
10/01/2002;44.475
11/01/2002;43.705
14/01/2002;43.695
15/01/2002;44.6
16/01/2002;43.73
17/01/2002;43.7
18/01/2002;43.4
22/01/2002;43.365
23/01/2002;43.875
24/01/2002;44.05
25/01/2002;44.28
28/01/2002;44.435
29/01/2002;42.585
30/01/2002;41.55
31/01/2002;41.9
01/02/2002;42.685
04/02/2002;41.96
05/02/2002;41.18
06/02/2002;41.6
07/02/2002;40.875
08/02/2002;40.925
11/02/2002;41.475
12/02/2002;41.195
13/02/2002;41.225
14/02/2002;41.25
15/02/2002;41.175
19/02/2002;40.825
20/02/2002;40.875
21/02/2002;41.055
22/02/2002;41.85
25/02/2002;41.95
26/02/2002;42.09
27/02/2002;42.5
28/02/2002;42.22
01/03/2002;42.75
04/03/2002;43.09
05/03/2002;43.125
06/03/2002;43.95
07/03/2002;44.315
08/03/2002;43.825
11/03/2002;44.55
12/03/2002;44.81
13/03/2002;44.71
14/03/2002;44.75
15/03/2002;44.9
18/03/2002;45.18
19/03/2002;45.35
20/03/2002;44.9
21/03/2002;45.19
22/03/2002;44.555
25/03/2002;44.2
26/03/2002;44.5
27/03/2002;45.25
28/03/2002;45.135
01/04/2002;44.85
02/04/2002;45.43
03/04/2002;45
04/04/2002;43.895
05/04/2002;43.57
08/04/2002;44.2
09/04/2002;43.645
10/04/2002;43.8
11/04/2002;43.225
12/04/2002;42.05
15/04/2002;42.65
16/04/2002;43.3
17/04/2002;43.48
18/04/2002;43.75
19/04/2002;44
22/04/2002;43.325
23/04/2002;43.49
24/04/2002;42.5
25/04/2002;42.95
26/04/2002;42.3
29/04/2002;42.93
30/04/2002;43.355
01/05/2002;43.995
02/05/2002;44.435
03/05/2002;44.755
06/05/2002;43.5
07/05/2002;43.835
08/05/2002;44.525
09/05/2002;44.135
10/05/2002;43.975
13/05/2002;45.05
14/05/2002;44.95
15/05/2002;44.025
16/05/2002;44.5
17/05/2002;44.575
20/05/2002;44.375
21/05/2002;43.915
22/05/2002;44.51
23/05/2002;44.8
24/05/2002;44.55
28/05/2002;44.04
29/05/2002;43.95
30/05/2002;43.4
31/05/2002;43.625
03/06/2002;43.26
04/06/2002;43.4
05/06/2002;43.575
06/06/2002;42.98
07/06/2002;43.625
10/06/2002;43.175
11/06/2002;43.2
12/06/2002;43.375
13/06/2002;43.45
14/06/2002;43.385
17/06/2002;44.35
18/06/2002;44.215
19/06/2002;43.3
20/06/2002;43.665
21/06/2002;43.825
24/06/2002;43.615
25/06/2002;43
26/06/2002;43.125
27/06/2002;43.815
28/06/2002;44.25
01/07/2002;44.3
02/07/2002;43.9
03/07/2002;43.35
05/07/2002;43.95
08/07/2002;44.04
09/07/2002;43.475
10/07/2002;42.435
11/07/2002;41.325
12/07/2002;41.4
15/07/2002;40.375
16/07/2002;39.69
17/07/2002;40.15
18/07/2002;39.35
19/07/2002;37.25
22/07/2002;34.76
23/07/2002;33.48
24/07/2002;35.3
25/07/2002;34.85
26/07/2002;35.405
29/07/2002;37.19
30/07/2002;36.5
31/07/2002;37.5
01/08/2002;35.275
02/08/2002;35.4
05/08/2002;34.03
06/08/2002;35.285
07/08/2002;35.975
08/08/2002;37.28
09/08/2002;37.775
12/08/2002;37.525
13/08/2002;37.65
14/08/2002;38.7
15/08/2002;38.925
16/08/2002;38.46
19/08/2002;38.435
20/08/2002;37.675
21/08/2002;38.425
22/08/2002;39.36
23/08/2002;39.215
26/08/2002;39.535
27/08/2002;39.05
28/08/2002;38.5
29/08/2002;38.035
30/08/2002;38.315
03/09/2002;36.2
04/09/2002;36.74
05/09/2002;36.595
06/09/2002;37.35
09/09/2002;37
10/09/2002;37.685
11/09/2002;37.19
12/09/2002;36.56
13/09/2002;36.595
16/09/2002;37
17/09/2002;35.685
18/09/2002;35.62
19/09/2002;34.965
20/09/2002;35.275
23/09/2002;34.845
24/09/2002;34.35
25/09/2002;35.085
26/09/2002;36.6
27/09/2002;35.485
30/09/2002;34.625
01/10/2002;36.055
02/10/2002;35.8
03/10/2002;36.17
04/10/2002;35.45
07/10/2002;35.25
08/10/2002;34.8
09/10/2002;34.225
10/10/2002;35.65
11/10/2002;35.99
14/10/2002;36.325
15/10/2002;37.165
16/10/2002;36.8
17/10/2002;37.15
18/10/2002;37.45
21/10/2002;37.215
22/10/2002;35.875
23/10/2002;36.5
24/10/2002;36.675
25/10/2002;36.615
28/10/2002;36.79
29/10/2002;35.075
30/10/2002;35.7
31/10/2002;33.815
01/11/2002;34.425
04/11/2002;33.97
05/11/2002;34.65
06/11/2002;34.58
07/11/2002;33.75
08/11/2002;33.75
11/11/2002;33.59
12/11/2002;33.6
13/11/2002;33.25
14/11/2002;33.6
15/11/2002;33.775
18/11/2002;33.9
19/11/2002;33.765
20/11/2002;34.025
21/11/2002;33.8
22/11/2002;33.215
25/11/2002;33.875
26/11/2002;33.14
27/11/2002;33.44
29/11/2002;33.515
02/12/2002;33.33
03/12/2002;33.575
04/12/2002;33.9
05/12/2002;33.975
06/12/2002;34.175
09/12/2002;33.66
10/12/2002;34.225
11/12/2002;33.925
12/12/2002;33.935
13/12/2002;33.815
16/12/2002;34.225
17/12/2002;33.95
18/12/2002;33.715
19/12/2002;33.125
20/12/2002;33.325
23/12/2002;33.385
24/12/2002;33.325
26/12/2002;33.455
27/12/2002;32.95
30/12/2002;33.325
31/12/2002;33.24
02/01/2003;33.91
03/01/2003;34.17
06/01/2003;34.95
07/01/2003;34.225
08/01/2003;34.025
09/01/2003;34.56
10/01/2003;34.305
13/01/2003;34.09
14/01/2003;34.25
15/01/2003;34.075
16/01/2003;34.16
17/01/2003;34.055
21/01/2003;33.425
22/01/2003;32.85
23/01/2003;32.485
24/01/2003;31.77
27/01/2003;30.925
28/01/2003;31.475
29/01/2003;32.65
30/01/2003;32.1
31/01/2003;32.2
03/02/2003;32.825
04/02/2003;32.735
05/02/2003;32.535
06/02/2003;32.325
07/02/2003;31.86
10/02/2003;32.47
11/02/2003;32.265
12/02/2003;31.54
13/02/2003;31.5
14/02/2003;31.865
18/02/2003;32
19/02/2003;32.205
20/02/2003;31.75
21/02/2003;32.025
24/02/2003;32.205
25/02/2003;32.095
26/02/2003;32.04
27/02/2003;32.08
28/02/2003;32.085
03/03/2003;32.27
04/03/2003;32.325
05/03/2003;32.975
06/03/2003;32.69
07/03/2003;32.63
10/03/2003;31.95
11/03/2003;31.87
12/03/2003;31.525
13/03/2003;31.83
14/03/2003;32.095
17/03/2003;32.355
18/03/2003;32.815
19/03/2003;32.915
20/03/2003;32.9
21/03/2003;33
24/03/2003;32.49
25/03/2003;33.01
26/03/2003;32.9
27/03/2003;32.6
28/03/2003;32.625
31/03/2003;32.325
01/04/2003;32.745
02/04/2003;32.54
03/04/2003;32.2
04/04/2003;32.47
07/04/2003;32.2
08/04/2003;32.1
09/04/2003;32.1
10/04/2003;32.04
11/04/2003;31.78
14/04/2003;31.96
15/04/2003;32.015
16/04/2003;31.75
17/04/2003;32.025
21/04/2003;32.34
22/04/2003;32.58
23/04/2003;32.44
24/04/2003;32.04
25/04/2003;31.7
28/04/2003;31.9
29/04/2003;31.6
30/04/2003;31.405
01/05/2003;31.5
02/05/2003;32.675
05/05/2003;33.59
06/05/2003;33.59
07/05/2003;33.325
08/05/2003;33.67
09/05/2003;33.775
12/05/2003;34.125
13/05/2003;34.325
14/05/2003;33.91
15/05/2003;33.565
16/05/2003;33.65
19/05/2003;33.155
20/05/2003;33.335
21/05/2003;33.85
22/05/2003;33.725
23/05/2003;34.215
27/05/2003;35.325
28/05/2003;35.305
29/05/2003;35.085
30/05/2003;35.47
02/06/2003;36.04
03/06/2003;36.47
04/06/2003;36.89
05/06/2003;37.135
06/06/2003;37.13
09/06/2003;36.805
10/06/2003;37.115
11/06/2003;37.805
12/06/2003;37.81
13/06/2003;37.525
16/06/2003;37.47
17/06/2003;37.155
18/06/2003;37.095
19/06/2003;36.865
20/06/2003;36.9
23/06/2003;36.81
24/06/2003;36.905
25/06/2003;36.7
26/06/2003;36.59
27/06/2003;36.19
30/06/2003;36.1
01/07/2003;36.225
02/07/2003;36.325
03/07/2003;35.965
07/07/2003;36.65
08/07/2003;36.735
09/07/2003;36.4
10/07/2003;36.035
11/07/2003;36.5
14/07/2003;36.095
15/07/2003;35.68
16/07/2003;35.73
17/07/2003;35.75
18/07/2003;36.37
21/07/2003;36.05
22/07/2003;36.275
23/07/2003;36.01
24/07/2003;35.9
25/07/2003;36.365
28/07/2003;36.29
29/07/2003;35.9
30/07/2003;35.9
31/07/2003;36.055
01/08/2003;35.525
04/08/2003;35.335
05/08/2003;35.4
06/08/2003;35.44
07/08/2003;36.13
08/08/2003;36.4
11/08/2003;36.6
12/08/2003;36.955
13/08/2003;36.62
14/08/2003;37.12
15/08/2003;36.41
18/08/2003;36.29
19/08/2003;36.05
20/08/2003;36.3
21/08/2003;36.39
22/08/2003;35.905
25/08/2003;36.175
26/08/2003;36.1
27/08/2003;36.145
28/08/2003;36.585
29/08/2003;36.435
02/09/2003;36.855
03/09/2003;36.97
04/09/2003;36.85
05/09/2003;36.51
08/09/2003;37.01
09/09/2003;36.71
10/09/2003;36.495
11/09/2003;36.75
12/09/2003;36.475
15/09/2003;36.375
16/09/2003;36.5
17/09/2003;36.135
18/09/2003;36.125
19/09/2003;36.18
22/09/2003;36.1
23/09/2003;36.26
24/09/2003;36.165
25/09/2003;35.88
26/09/2003;35.74
29/09/2003;35.85
30/09/2003;35.725
01/10/2003;36.565
02/10/2003;36.4
03/10/2003;36.54
06/10/2003;36.85
07/10/2003;36.99
08/10/2003;36.68
09/10/2003;36.765
10/10/2003;36.9
13/10/2003;37.225
14/10/2003;37.495
15/10/2003;37
16/10/2003;37.115
17/10/2003;36.865
20/10/2003;37.155
21/10/2003;37.135
22/10/2003;36.745
23/10/2003;36.905
24/10/2003;36.56
27/10/2003;36.415
28/10/2003;36.695
29/10/2003;36.55
30/10/2003;35.88
31/10/2003;37.15
03/11/2003;36.965
04/11/2003;36.955
05/11/2003;36.835
06/11/2003;37.075
07/11/2003;37.275
10/11/2003;36.905
11/11/2003;37.075
12/11/2003;37.355
13/11/2003;37.875
14/11/2003;37.135
17/11/2003;36.8
18/11/2003;36.77
19/11/2003;37.1
20/11/2003;37
21/11/2003;36.74
24/11/2003;37.01
25/11/2003;37.285
26/11/2003;37.625
28/11/2003;37.55
01/12/2003;37.85
02/12/2003;37.82
03/12/2003;38.05
04/12/2003;38.81
05/12/2003;39
08/12/2003;39.305
09/12/2003;39.44
10/12/2003;39.34
11/12/2003;39.75
12/12/2003;40.125
15/12/2003;39.475
16/12/2003;40.35
17/12/2003;40.87
18/12/2003;41.775
19/12/2003;41.635
22/12/2003;41.675
23/12/2003;41.59
24/12/2003;41.675
26/12/2003;41.925
29/12/2003;42.75
30/12/2003;43.03
31/12/2003;43.195
02/01/2004;42.945
05/01/2004;43.775
06/01/2004;43.535
07/01/2004;42.98
08/01/2004;43.025
09/01/2004;42.56
12/01/2004;42.35
13/01/2004;42.35
14/01/2004;42.8
15/01/2004;42.215
16/01/2004;42.36
20/01/2004;43.015
21/01/2004;43.39
22/01/2004;43.575
23/01/2004;43.45
26/01/2004;43.8
27/01/2004;43.85
28/01/2004;43.365
29/01/2004;43.655
30/01/2004;43.175
02/02/2004;43.095
03/02/2004;42.925
04/02/2004;42.575
05/02/2004;42.515
06/02/2004;42.71
09/02/2004;42.89
10/02/2004;43.27
11/02/2004;43.785
12/02/2004;43.71
13/02/2004;43.26
17/02/2004;43.66
18/02/2004;43.31
19/02/2004;43.29
20/02/2004;43.305
23/02/2004;44.17
24/02/2004;44.09
25/02/2004;43.92
26/02/2004;44.055
27/02/2004;44.175
01/03/2004;45.135
02/03/2004;44.64
03/03/2004;44.915
04/03/2004;44.665
05/03/2004;45.11
08/03/2004;45.35
09/03/2004;45.005
10/03/2004;44.365
11/03/2004;43.465
12/03/2004;44.225
15/03/2004;43.83
16/03/2004;43.84
17/03/2004;44.46
18/03/2004;44.875
19/03/2004;44.1
22/03/2004;43.65
23/03/2004;43.735
24/03/2004;42.94
25/03/2004;42.34
26/03/2004;42.67
29/03/2004;42.69
30/03/2004;43.54
31/03/2004;43.89
01/04/2004;43.98
02/04/2004;44.015
05/04/2004;44.53
06/04/2004;44.525
07/04/2004;44.875
08/04/2004;44.97
12/04/2004;45.735
13/04/2004;45.38
14/04/2004;45.5
15/04/2004;45.75
16/04/2004;45.865
19/04/2004;45.935
20/04/2004;45.01
21/04/2004;44.935
22/04/2004;45.9
23/04/2004;45.845
26/04/2004;46.125
27/04/2004;46.445
28/04/2004;45.87
29/04/2004;45.175
30/04/2004;45.75
03/05/2004;46.595
04/05/2004;46.54
05/05/2004;47.195
06/05/2004;46.76
07/05/2004;45.825
10/05/2004;44.585
11/05/2004;45.48
12/05/2004;45.915
13/05/2004;45.935
14/05/2004;46.345
17/05/2004;45.775
18/05/2004;45.095
19/05/2004;44.955
20/05/2004;44.75
21/05/2004;44.805
24/05/2004;45.085
25/05/2004;45.835
26/05/2004;45.49
27/05/2004;45.105
28/05/2004;45.2
01/06/2004;45.65
02/06/2004;45.685
03/06/2004;45.47
04/06/2004;45.1
07/06/2004;46.08
08/06/2004;45.575
09/06/2004;45
10/06/2004;45.395
14/06/2004;45
15/06/2004;45.3
16/06/2004;45.995
17/06/2004;46.39
18/06/2004;46.71
21/06/2004;46.65
22/06/2004;46.915
23/06/2004;47.44
24/06/2004;47.2
25/06/2004;46.695
28/06/2004;46.41
29/06/2004;46.72
30/06/2004;47.055
01/07/2004;46.735
02/07/2004;46.625
06/07/2004;46.695
07/07/2004;46.72
08/07/2004;46.675
09/07/2004;46.975
12/07/2004;46.9
13/07/2004;46.99
14/07/2004;47.375
15/07/2004;47.395
16/07/2004;47.7
19/07/2004;47.585
20/07/2004;47.385
21/07/2004;46.965
22/07/2004;47.12
23/07/2004;46.85
26/07/2004;46.73
27/07/2004;46.925
28/07/2004;47.155
29/07/2004;47.74
30/07/2004;47.825
02/08/2004;48.24
03/08/2004;49.33
04/08/2004;48.3
05/08/2004;47.9
06/08/2004;46.91
09/08/2004;47.315
10/08/2004;47.135
11/08/2004;47.435
12/08/2004;47.185
13/08/2004;47.8
16/08/2004;48.33
17/08/2004;47.07
18/08/2004;47.085
19/08/2004;46.55
20/08/2004;47.09
23/08/2004;46.56
24/08/2004;46.65
25/08/2004;46.9
26/08/2004;47.255
27/08/2004;47.625
30/08/2004;47.75
31/08/2004;48.75
01/09/2004;49.335
02/09/2004;49.825
03/09/2004;49.885
07/09/2004;49.96
08/09/2004;49.9
09/09/2004;50.54
10/09/2004;50.025
13/09/2004;50.94
14/09/2004;51.22
15/09/2004;51.04
16/09/2004;50.97
17/09/2004;51.94
20/09/2004;52.03
21/09/2004;53.52
22/09/2004;53.14
23/09/2004;52.32
24/09/2004;52.83
27/09/2004;53.7
28/09/2004;54.07
29/09/2004;53.63
30/09/2004;53.64
01/10/2004;53.92
04/10/2004;53.86
05/10/2004;54.45
06/10/2004;55.41
07/10/2004;55.22
08/10/2004;55.29
11/10/2004;54.91
12/10/2004;54.47
13/10/2004;53.31
14/10/2004;53.39
15/10/2004;53.4
18/10/2004;52.91
19/10/2004;52.75
20/10/2004;53.37
21/10/2004;53.39
22/10/2004;53.34
25/10/2004;53.44
26/10/2004;53.95
27/10/2004;52.97
28/10/2004;52.47
29/10/2004;53.06
01/11/2004;52.95
02/11/2004;52.1
03/11/2004;53.17
04/11/2004;54.38
05/11/2004;54.53
08/11/2004;53.36
09/11/2004;52.77
10/11/2004;52.65
11/11/2004;52.92
12/11/2004;54.57
15/11/2004;52.97
16/11/2004;52.54
17/11/2004;53.4
18/11/2004;53.59
19/11/2004;53.9
22/11/2004;54.8
23/11/2004;54.56
24/11/2004;54.58
26/11/2004;54.84
29/11/2004;54.66
30/11/2004;54.6
01/12/2004;53.48
02/12/2004;52.48
03/12/2004;52.59
06/12/2004;52.81
07/12/2004;52.13
08/12/2004;52.69
09/12/2004;52.78
10/12/2004;52.6
13/12/2004;53.65
14/12/2004;53.08
15/12/2004;52.68
16/12/2004;51.97
17/12/2004;51.72
20/12/2004;52.56
21/12/2004;52.78
22/12/2004;52.3
23/12/2004;52.67
27/12/2004;52.01
28/12/2004;52.44
29/12/2004;52.93
30/12/2004;52.52
31/12/2004;52.51
03/01/2005;50.9
04/01/2005;50.55
05/01/2005;50.88
06/01/2005;51.73
07/01/2005;51.15
10/01/2005;51.38
11/01/2005;51.4
12/01/2005;52.49
13/01/2005;52.06
14/01/2005;52.3
18/01/2005;53.09
19/01/2005;52.69
20/01/2005;51.96
21/01/2005;51.98
24/01/2005;52.57
25/01/2005;53.04
26/01/2005;53.54
27/01/2005;54.06
28/01/2005;53.72
31/01/2005;54.4
01/02/2005;55.15
02/02/2005;55.53
03/02/2005;56.24
04/02/2005;56.74
07/02/2005;56.26
08/02/2005;56.6
09/02/2005;56.16
10/02/2005;57.4
11/02/2005;58.16
14/02/2005;58.11
15/02/2005;58.17
16/02/2005;59.5
17/02/2005;58.61
18/02/2005;59.73
22/02/2005;59.34
23/02/2005;60.16
24/02/2005;61.16
25/02/2005;61.94
28/02/2005;62.08
01/03/2005;60.94
02/03/2005;61.57
03/03/2005;61.19
04/03/2005;61.71
07/03/2005;61.4
08/03/2005;61.5
09/03/2005;59.76
10/03/2005;58.49
11/03/2005;58.3
14/03/2005;58.94
15/03/2005;58.17
16/03/2005;58.61
17/03/2005;59.45
18/03/2005;60.38
21/03/2005;60.02
22/03/2005;59.17
23/03/2005;58.42
24/03/2005;58.21
28/03/2005;58.29
29/03/2005;57.89
30/03/2005;58.26
31/03/2005;58.31
01/04/2005;59.31
04/04/2005;56.98
05/04/2005;55.71
06/04/2005;57.23
07/04/2005;57.96
08/04/2005;56.69
11/04/2005;56.87
12/04/2005;55.74
13/04/2005;54.27
14/04/2005;53.77
15/04/2005;52.21
18/04/2005;52.6
19/04/2005;53.34
20/04/2005;52.05
21/04/2005;53.35
22/04/2005;53.87
25/04/2005;54.37
26/04/2005;53.62
27/04/2005;52
28/04/2005;51.15
29/04/2005;52
02/05/2005;53.21
03/05/2005;52.66
04/05/2005;53.01
05/05/2005;53.3
06/05/2005;52.74
09/05/2005;53.45
10/05/2005;52.98
11/05/2005;53.4
12/05/2005;52.05
13/05/2005;51.28
16/05/2005;50.51
17/05/2005;51.47
18/05/2005;51.45
19/05/2005;52.16
20/05/2005;51.72
23/05/2005;52.57
24/05/2005;52.65
25/05/2005;53.32
26/05/2005;53.72
27/05/2005;54.58
31/05/2005;53.78
01/06/2005;54.75
02/06/2005;54.97
03/06/2005;55.06
06/06/2005;54.85
07/06/2005;54.78
08/06/2005;54.83
09/06/2005;56.01
10/06/2005;56.3
13/06/2005;56.01
14/06/2005;56.13
15/06/2005;56.84
16/06/2005;57.92
17/06/2005;58.97
20/06/2005;59.34
21/06/2005;58.78
22/06/2005;58.27
23/06/2005;57.33
24/06/2005;56.69
27/06/2005;57.25
28/06/2005;57
29/06/2005;56.76
30/06/2005;55.92
01/07/2005;56.97
05/07/2005;58.56
06/07/2005;57.16
07/07/2005;57.8
08/07/2005;57.36
11/07/2005;57.3
12/07/2005;57.51
13/07/2005;57.47
14/07/2005;56.82
15/07/2005;56.67
18/07/2005;56.36
19/07/2005;57.3
20/07/2005;57.6
21/07/2005;56.97
22/07/2005;57.79
25/07/2005;58.37
26/07/2005;57.85
27/07/2005;58.33
28/07/2005;58.94
29/07/2005;58.01
01/08/2005;58.43
02/08/2005;59.56
03/08/2005;60.35
04/08/2005;60.41
05/08/2005;60.34
08/08/2005;61.26
09/08/2005;61.22
10/08/2005;62.48
11/08/2005;62.5
12/08/2005;62.28
15/08/2005;62.13
16/08/2005;60.94
17/08/2005;59.64
18/08/2005;59.48
19/08/2005;59.92
22/08/2005;60.34
23/08/2005;60.07
24/08/2005;59.83
25/08/2005;59.84
26/08/2005;59.38
29/08/2005;59.51
30/08/2005;60.54
31/08/2005;61.4
01/09/2005;62.71
02/09/2005;62.3
06/09/2005;62.34
07/09/2005;62.37
08/09/2005;62.06
09/09/2005;63.81
12/09/2005;63.3
13/09/2005;62.37
14/09/2005;62.55
15/09/2005;62.45
16/09/2005;63.38
19/09/2005;64.31
20/09/2005;64.04
21/09/2005;64.27
22/09/2005;63.77
23/09/2005;63.27
26/09/2005;64.24
27/09/2005;64.18
28/09/2005;64.98
29/09/2005;65.77
30/09/2005;64.73
03/10/2005;64.45
04/10/2005;62.84
05/10/2005;62.04
06/10/2005;60
07/10/2005;61
10/10/2005;60.33
11/10/2005;62.15
12/10/2005;60.96
13/10/2005;59.54
14/10/2005;59.48
17/10/2005;59.95
18/10/2005;57.29
19/10/2005;58.34
20/10/2005;55.75
21/10/2005;56.3
24/10/2005;57.83
25/10/2005;58.67
26/10/2005;57.66
27/10/2005;56.5
28/10/2005;57.38
31/10/2005;57.07
01/11/2005;57.64
02/11/2005;58.52
03/11/2005;59.48
04/11/2005;58.01
07/11/2005;57.4
08/11/2005;57.86
09/11/2005;56.77
10/11/2005;56.23
11/11/2005;56.63
14/11/2005;56.6
15/11/2005;56.69
16/11/2005;57.15
17/11/2005;57.46
18/11/2005;58.11
21/11/2005;58.85
22/11/2005;59.12
23/11/2005;58.71
25/11/2005;58.54
28/11/2005;57.18
29/11/2005;57.37
30/11/2005;57.31
01/12/2005;58.71
02/12/2005;59.18
05/12/2005;59.64
06/12/2005;59.98
07/12/2005;59.3
08/12/2005;59.62
09/12/2005;58.82
12/12/2005;59.58
13/12/2005;58.86
14/12/2005;59.28
15/12/2005;59.02
16/12/2005;57.51
19/12/2005;56.75
20/12/2005;56.87
21/12/2005;57.02
22/12/2005;57.11
23/12/2005;57.13
27/12/2005;55.89
28/12/2005;56.7
29/12/2005;56.47
30/12/2005;56.77
03/01/2006;59.08
04/01/2006;58.91
05/01/2006;58.19
06/01/2006;59.25
09/01/2006;58.95
10/01/2006;59.24
11/01/2006;59.84
12/01/2006;59.89
13/01/2006;60.36
17/01/2006;61.86
18/01/2006;60.9
19/01/2006;61.6
20/01/2006;61.12
23/01/2006;62.21
24/01/2006;62.05
25/01/2006;61.26
26/01/2006;60.22
27/01/2006;60.38
30/01/2006;60.75
31/01/2006;59.38
01/02/2006;58.7
02/02/2006;58.51
03/02/2006;57.5
06/02/2006;58.84
07/02/2006;57.74
08/02/2006;57.89
09/02/2006;56.9
10/02/2006;56.61
13/02/2006;56.62
14/02/2006;55.72
15/02/2006;55.96
16/02/2006;56.3
17/02/2006;57.17
21/02/2006;57.9
22/02/2006;57.24
23/02/2006;57.14
24/02/2006;57.65
27/02/2006;57.1
28/02/2006;56.48
01/03/2006;57.24
02/03/2006;57.01
03/03/2006;56.97
06/03/2006;55.85
07/03/2006;55.32
08/03/2006;55.12
09/03/2006;54.45
10/03/2006;54.08
13/03/2006;55.18
14/03/2006;56.35
15/03/2006;56.5
16/03/2006;57.74
17/03/2006;57.18
20/03/2006;56.75
21/03/2006;56.57
22/03/2006;56.49
23/03/2006;56.63
24/03/2006;57.57
27/03/2006;58.21
28/03/2006;57.86
29/03/2006;58.63
30/03/2006;58.51
31/03/2006;57.97
03/04/2006;58.34
04/04/2006;58.91
05/04/2006;59.5
06/04/2006;59.41
07/04/2006;58.65
10/04/2006;59.72
11/04/2006;59.46
12/04/2006;58.67
13/04/2006;58.78
17/04/2006;59.32
18/04/2006;60.87
19/04/2006;61.01
20/04/2006;60.03
21/04/2006;61.48
24/04/2006;60.99
25/04/2006;60.41
26/04/2006;60.22
27/04/2006;59.98
28/04/2006;61.02
01/05/2006;61.17
02/05/2006;62.8
03/05/2006;61.9
04/05/2006;62
05/05/2006;62.35
08/05/2006;62.01
09/05/2006;62.86
10/05/2006;62.88
11/05/2006;62.71
12/05/2006;61.38
15/05/2006;60.56
16/05/2006;61.02
17/05/2006;58.94
18/05/2006;58.7
19/05/2006;58.47
22/05/2006;58.22
23/05/2006;58.1
24/05/2006;57.6
25/05/2006;59.49
26/05/2006;59.83
30/05/2006;58.45
31/05/2006;59.79
01/06/2006;59.98
02/06/2006;60.75
05/06/2006;59.35
06/06/2006;58.93
07/06/2006;57.17
08/06/2006;57.86
09/06/2006;57.53
12/06/2006;57.59
13/06/2006;56.78
14/06/2006;57.83
15/06/2006;59.43
16/06/2006;58.71
19/06/2006;57.51
20/06/2006;57.51
21/06/2006;58.28
22/06/2006;58.66
23/06/2006;58.71
26/06/2006;59.68
27/06/2006;60.1
28/06/2006;61.36
29/06/2006;62.45
30/06/2006;62.06
03/07/2006;62.75
05/07/2006;63.88
06/07/2006;63.98
07/07/2006;63.68
10/07/2006;64.27
11/07/2006;65.3
12/07/2006;64.87
13/07/2006;64.94
14/07/2006;66.38
17/07/2006;64.87
18/07/2006;65.55
19/07/2006;65.99
20/07/2006;65.32
21/07/2006;64.45
24/07/2006;66.27
25/07/2006;66.95
26/07/2006;67.5
27/07/2006;67.73
28/07/2006;66.05
31/07/2006;65.78
01/08/2006;66.25
02/08/2006;65.97
03/08/2006;65.5
04/08/2006;65.66
07/08/2006;66.83
08/08/2006;67.2
09/08/2006;67.48
10/08/2006;67.35
11/08/2006;67.85
14/08/2006;67.05
15/08/2006;66.86
16/08/2006;65.41
17/08/2006;66.15
18/08/2006;67.26
21/08/2006;66.89
22/08/2006;66.55
23/08/2006;65.68
24/08/2006;66.73
25/08/2006;66.77
28/08/2006;66.16
29/08/2006;65.74
30/08/2006;65.19
31/08/2006;64.4
01/09/2006;64.83
05/09/2006;66.34
06/09/2006;65.22
07/09/2006;65.4
08/09/2006;64.22
11/09/2006;62
12/09/2006;61.39
13/09/2006;62.39
14/09/2006;62.05
15/09/2006;61.79
18/09/2006;62.85
19/09/2006;61.89
20/09/2006;60.88
21/09/2006;62.05
22/09/2006;61.94
25/09/2006;62.18
26/09/2006;63.59
27/09/2006;64.2
28/09/2006;64.53
29/09/2006;64.86
02/10/2006;64.51
03/10/2006;62.94
04/10/2006;63.7
05/10/2006;63.88
06/10/2006;63.66
09/10/2006;63.24
10/10/2006;63.9
11/10/2006;63.1
12/10/2006;64.02
13/10/2006;64.2
16/10/2006;65.05
17/10/2006;64.93
18/10/2006;64.6
19/10/2006;65.64
20/10/2006;65.28
23/10/2006;65.64
24/10/2006;66.89
25/10/2006;67.58
26/10/2006;67.5
27/10/2006;67.68
30/10/2006;66.39
31/10/2006;67.2
01/11/2006;66.98
02/11/2006;67.79
03/11/2006;68.91
06/11/2006;69.77
07/11/2006;68.91
08/11/2006;69.51
09/11/2006;70.2
10/11/2006;69.54
13/11/2006;70.35
14/11/2006;70.38
15/11/2006;69.95
16/11/2006;68.55
17/11/2006;69.1
20/11/2006;69.24
21/11/2006;70.22
22/11/2006;69.6
24/11/2006;68.84
27/11/2006;68.75
28/11/2006;69.88
29/11/2006;71.05
30/11/2006;72.32
01/12/2006;73.11
04/12/2006;73.5
05/12/2006;73.95
06/12/2006;73.56
07/12/2006;73.32
08/12/2006;72.83
11/12/2006;73.7
12/12/2006;73.85
13/12/2006;74.4
14/12/2006;75.97
15/12/2006;75.38
18/12/2006;73.33
19/12/2006;74.49
20/12/2006;73.65
21/12/2006;73.23
22/12/2006;72.73
26/12/2006;73.09
27/12/2006;74.04
28/12/2006;74.28
29/12/2006;73.53
03/01/2007;70.97
04/01/2007;70.28
05/01/2007;70.55
08/01/2007;71.45
09/01/2007;70.63
10/01/2007;69.41
11/01/2007;68.69
12/01/2007;70.35
16/01/2007;69.67
17/01/2007;70.82
18/01/2007;70.92
19/01/2007;72.32
22/01/2007;71.22
23/01/2007;72.56
24/01/2007;72.84
25/01/2007;71.52
26/01/2007;71.5
29/01/2007;71.53
30/01/2007;73.07
31/01/2007;72.88
01/02/2007;74.47
02/02/2007;74.04
05/02/2007;73.78
06/02/2007;73.37
07/02/2007;72.64
08/02/2007;73.75
09/02/2007;73.32
12/02/2007;72.32
13/02/2007;72.83
14/02/2007;72.19
15/02/2007;71.36
16/02/2007;70.81
20/02/2007;70.12
21/02/2007;69.94
22/02/2007;70.67
23/02/2007;71.07
26/02/2007;71.41
27/02/2007;68.58
28/02/2007;68.52
01/03/2007;67.6
02/03/2007;66.79
05/03/2007;66.43
06/03/2007;67.67
07/03/2007;68.33
08/03/2007;68.46
09/03/2007;68.47
12/03/2007;68.83
13/03/2007;67.84
14/03/2007;68.32
15/03/2007;68.87
16/03/2007;68.08
19/03/2007;69.38
20/03/2007;70.05
21/03/2007;71.34
22/03/2007;72.93
23/03/2007;73.7
26/03/2007;74.4
27/03/2007;74.17
28/03/2007;74.08
29/03/2007;74.95
30/03/2007;73.96
02/04/2007;74.83
03/04/2007;75.34
04/04/2007;75.55
05/04/2007;75.61
09/04/2007;75.49
10/04/2007;77.04
11/04/2007;76.56
12/04/2007;77.17
13/04/2007;77.01
16/04/2007;77.87
17/04/2007;77.96
18/04/2007;77.77
19/04/2007;76.81
20/04/2007;78.45
23/04/2007;77.56
24/04/2007;77.1
25/04/2007;78.32
26/04/2007;78.18
27/04/2007;78.08
30/04/2007;77.79
01/05/2007;78.35
02/05/2007;78.64
03/05/2007;79.56
04/05/2007;79.3
07/05/2007;79.58
08/05/2007;80.05
09/05/2007;79.75
10/05/2007;78.19
11/05/2007;80.04
14/05/2007;80.87
15/05/2007;80.73
16/05/2007;80.73
17/05/2007;81.46
18/05/2007;82.85
21/05/2007;82.83
22/05/2007;82.18
23/05/2007;81.4
24/05/2007;79.97
25/05/2007;81.13
29/05/2007;80.71
30/05/2007;82.25
31/05/2007;81.49
01/06/2007;82.23
04/06/2007;83.13
05/06/2007;82.73
06/06/2007;81.79
07/06/2007;80.2
08/06/2007;80.69
11/06/2007;81.36
12/06/2007;80.56
13/06/2007;81.15
14/06/2007;82.33
15/06/2007;83.17
18/06/2007;83.39
19/06/2007;83.29
20/06/2007;80.97
21/06/2007;82.85
22/06/2007;81.55
25/06/2007;82.95
26/06/2007;82.7
27/06/2007;83.89
28/06/2007;84.18
29/06/2007;84.24
02/07/2007;85.15
03/07/2007;86.33
05/07/2007;86.57
06/07/2007;87.68
09/07/2007;89.5
10/07/2007;89
11/07/2007;90.75
12/07/2007;93.3
13/07/2007;93.33
16/07/2007;92.12
17/07/2007;91.1
18/07/2007;93.08
19/07/2007;93
20/07/2007;92.12
23/07/2007;92.57
24/07/2007;89.85
25/07/2007;91.05
26/07/2007;87.46
27/07/2007;85.2
30/07/2007;86.43
31/07/2007;85.26
01/08/2007;85.17
02/08/2007;83.89
03/08/2007;81.02
06/08/2007;82.02
07/08/2007;83.18
08/08/2007;84.33
09/08/2007;81.11
10/08/2007;83.42
13/08/2007;82.45
14/08/2007;82.45
15/08/2007;80.76
16/08/2007;81.39
17/08/2007;84.36
20/08/2007;84.89
21/08/2007;84.3
22/08/2007;85.39
23/08/2007;85.48
24/08/2007;87.22
27/08/2007;87
28/08/2007;84.3
29/08/2007;86.7
30/08/2007;87.19
31/08/2007;87.76
04/09/2007;88.73
05/09/2007;88.36
06/09/2007;88.93
07/09/2007;87.65
10/09/2007;87.05
11/09/2007;88.59
12/09/2007;89.19
13/09/2007;90.09
14/09/2007;90.65
17/09/2007;90.93
18/09/2007;93.34
19/09/2007;94.11
20/09/2007;94.17
21/09/2007;94.84
24/09/2007;94.35
25/09/2007;91.88
26/09/2007;92.51
27/09/2007;93.51
28/09/2007;93.58
01/10/2007;94.44
02/10/2007;92.56
03/10/2007;91.48
04/10/2007;91.84
05/10/2007;92.32
08/10/2007;91.58
09/10/2007;92.8
10/10/2007;92.08
11/10/2007;91
12/10/2007;91.41
15/10/2007;92.33
16/10/2007;93.45
17/10/2007;93.26
18/10/2007;92.42
19/10/2007;89.27
22/10/2007;88.44
23/10/2007;88.92
24/10/2007;89.9
25/10/2007;91.23
26/10/2007;91.65
29/10/2007;92.88
30/10/2007;90.08
31/10/2007;91.51
01/11/2007;89.04
02/11/2007;88.48
05/11/2007;88.48
06/11/2007;90.64
07/11/2007;87.54
08/11/2007;89.18
09/11/2007;87.26
12/11/2007;85.27
13/11/2007;86.83
14/11/2007;86.15
15/11/2007;84.16
16/11/2007;85.98
19/11/2007;85.03
20/11/2007;87.9
21/11/2007;85.75
23/11/2007;86.67
26/11/2007;83.79
27/11/2007;84.31
28/11/2007;86.06
29/11/2007;86.56
30/11/2007;87.77
03/12/2007;87.84
04/12/2007;87.16
05/12/2007;89.3
06/12/2007;91.38
07/12/2007;90.96
10/12/2007;91.72
11/12/2007;89.89
12/12/2007;91.78
13/12/2007;93.08
14/12/2007;92.02
17/12/2007;89.98
18/12/2007;91.19
19/12/2007;90.9
20/12/2007;92.05
21/12/2007;94.04
24/12/2007;94.48
26/12/2007;94.84
27/12/2007;93.75
28/12/2007;94.86
31/12/2007;93.33
02/01/2008;93.46
03/01/2008;94.61
04/01/2008;93.35
07/01/2008;92.13
08/01/2008;90.95
09/01/2008;92.57
10/01/2008;91.9
11/01/2008;90.67
14/01/2008;90.91
15/01/2008;88.27
16/01/2008;86.25
17/01/2008;82.75
18/01/2008;83.46
22/01/2008;81.25
23/01/2008;81.45
24/01/2008;83.67
25/01/2008;81.82
28/01/2008;82.86
29/01/2008;82.6
30/01/2008;83.23
31/01/2008;83.25
01/02/2008;82.49
04/02/2008;82.02
05/02/2008;79.74
06/02/2008;77.51
07/02/2008;78.74
08/02/2008;79.26
11/02/2008;80.43
12/02/2008;81.12
13/02/2008;82.12
14/02/2008;82.84
15/02/2008;83.6
19/02/2008;84.83
20/02/2008;86.34
21/02/2008;84.78
22/02/2008;85.42
25/02/2008;87.18
26/02/2008;88.12
27/02/2008;88.22
28/02/2008;89.02
29/02/2008;86.66
03/03/2008;87.2
04/03/2008;86.73
05/03/2008;88.79
06/03/2008;87.8
07/03/2008;85.26
10/03/2008;84.73
11/03/2008;88.16
12/03/2008;86.73
13/03/2008;87.04
14/03/2008;85.34
17/03/2008;84.19
18/03/2008;86.12
19/03/2008;81.89
20/03/2008;83.21
24/03/2008;84.01
25/03/2008;84.54
26/03/2008;84.96
27/03/2008;84.4
28/03/2008;84.5
31/03/2008;85.36
01/04/2008;86.74
02/04/2008;87.51
03/04/2008;87.72
04/04/2008;88.05
07/04/2008;88.27
08/04/2008;89.28
09/04/2008;89.95
10/04/2008;89.6
11/04/2008;88.8
14/04/2008;89.3
15/04/2008;90.17
16/04/2008;91.93
17/04/2008;91.99
18/04/2008;93.18
21/04/2008;92.7
22/04/2008;94.03
23/04/2008;94.48
24/04/2008;92.4
25/04/2008;92.69
28/04/2008;92.5
29/04/2008;94.74
30/04/2008;96.15
01/05/2008;94.94
02/05/2008;95.32
05/05/2008;95.62
06/05/2008;96.87
07/05/2008;95.28
08/05/2008;97.44
09/05/2008;97.39
12/05/2008;97.36
13/05/2008;97.73
14/05/2008;97.72
15/05/2008;98.49
16/05/2008;100.38
19/05/2008;102.2
20/05/2008;103.09
21/05/2008;103.02
22/05/2008;101.91
23/05/2008;100.73
27/05/2008;99.58
28/05/2008;100.42
29/05/2008;98.86
30/05/2008;99.15
02/06/2008;99.37
03/06/2008;97.86
04/06/2008;96.04
05/06/2008;99.99
06/06/2008;99.5
09/06/2008;101.2
10/06/2008;98.78
11/06/2008;99.42
12/06/2008;98.06
13/06/2008;99.4
16/06/2008;99.49
17/06/2008;100.37
18/06/2008;99.26
19/06/2008;96.86
20/06/2008;96.62
23/06/2008;99.06
24/06/2008;98.64
25/06/2008;99.36
26/06/2008;97.41
27/06/2008;97.8
30/06/2008;99.13
01/07/2008;99.08
02/07/2008;97.42
03/07/2008;98.63
07/07/2008;96.82
08/07/2008;95.79
09/07/2008;93.91
10/07/2008;96.25
11/07/2008;92.25
14/07/2008;92.8
15/07/2008;89.42
16/07/2008;86.39
17/07/2008;85.67
18/07/2008;86.05
21/07/2008;86.91
22/07/2008;85.63
23/07/2008;82.65
24/07/2008;82
25/07/2008;82.56
28/07/2008;82.49
29/07/2008;82.84
30/07/2008;87.26
31/07/2008;84.56
01/08/2008;84.31
04/08/2008;82.8
05/08/2008;82.49
06/08/2008;84.56
07/08/2008;83.43
08/08/2008;84.4
11/08/2008;84.08
12/08/2008;83.56
13/08/2008;86.24
14/08/2008;86.58
15/08/2008;84.25
18/08/2008;83.19
19/08/2008;84.71
20/08/2008;86.46
21/08/2008;88.52
22/08/2008;88.1
25/08/2008;85.51
26/08/2008;85.79
27/08/2008;86.62
28/08/2008;87.18
29/08/2008;86.32
02/09/2008;83.29
03/09/2008;84.18
04/09/2008;81.22
05/09/2008;80.22
08/09/2008;81.05
09/09/2008;78.79
10/09/2008;81.16
11/09/2008;82.8
12/09/2008;84.24
15/09/2008;80.09
16/09/2008;81.86
17/09/2008;80.05
18/09/2008;82.88
19/09/2008;87.8
22/09/2008;87.33
23/09/2008;85.46
24/09/2008;85.23
25/09/2008;87.47
26/09/2008;86.95
29/09/2008;77.5
30/09/2008;82.48
01/10/2008;82.2
02/10/2008;79.56
03/10/2008;79.38
06/10/2008;76.84
07/10/2008;73.35
08/10/2008;73.1
09/10/2008;64
10/10/2008;57.83
13/10/2008;69.89
14/10/2008;68.54
15/10/2008;59.98
16/10/2008;63.1
17/10/2008;62.35
20/10/2008;69.61
21/10/2008;66.8
22/10/2008;61.74
23/10/2008;66.77
24/10/2008;63.91
27/10/2008;61.71
28/10/2008;70.02
29/10/2008;71
30/10/2008;74.18
31/10/2008;74.6
03/11/2008;73.69
04/11/2008;78.19
05/11/2008;74.88
06/11/2008;70.11
07/11/2008;73.46
10/11/2008;74.34
11/11/2008;73.54
12/11/2008;67.28
13/11/2008;75.71
14/11/2008;72.68
17/11/2008;70.78
18/11/2008;73.4
19/11/2008;70.61
20/11/2008;64.4
21/11/2008;70.49
24/11/2008;74.3
25/11/2008;76.53
26/11/2008;79.93
28/11/2008;79.01
01/12/2008;72.02
02/12/2008;75.54
03/12/2008;74.74
04/12/2008;71.76
05/12/2008;74.42
08/12/2008;78.09
09/12/2008;75.56
10/12/2008;78.44
11/12/2008;79.46
12/12/2008;79
15/12/2008;78.21
16/12/2008;79.01
17/12/2008;76.82
18/12/2008;73.03
19/12/2008;70.85
22/12/2008;69.39
23/12/2008;69.2
24/12/2008;69.62
26/12/2008;70.35
29/12/2008;71.55
30/12/2008;73.38
31/12/2008;73.97
02/01/2009;76.52
05/01/2009;76.66
06/01/2009;77.35
07/01/2009;73.96
08/01/2009;74.24
09/01/2009;72.82
12/01/2009;70.82
13/01/2009;71.82
14/01/2009;69.69
15/01/2009;70.77
16/01/2009;71.74
20/01/2009;68.31
21/01/2009;71.23
22/01/2009;69.95
23/01/2009;70.82
26/01/2009;71.29
27/01/2009;72.09
28/01/2009;73.79
29/01/2009;70.62
30/01/2009;70.52
02/02/2009;70.29
03/02/2009;71.64
04/02/2009;71.6
05/02/2009;73.25
06/02/2009;74.9
09/02/2009;74.42
10/02/2009;71.12
11/02/2009;71.26
12/02/2009;69.86
13/02/2009;69.73
17/02/2009;66.18
18/02/2009;66.12
19/02/2009;66.68
20/02/2009;65.07
23/02/2009;62.94
24/02/2009;65.28
25/02/2009;63.5
26/02/2009;63.17
27/02/2009;60.71
02/03/2009;57.62
03/03/2009;57.73
04/03/2009;59.28
05/03/2009;56.46
06/03/2009;58.27
09/03/2009;58.28
10/03/2009;61.78
11/03/2009;61.22
12/03/2009;63.4
13/03/2009;62.91
16/03/2009;62.94
17/03/2009;65.31
18/03/2009;66.59
19/03/2009;67.13
20/03/2009;64.71
23/03/2009;69.15
24/03/2009;68.97
25/03/2009;69.7
26/03/2009;70.17
27/03/2009;68.9
30/03/2009;66.8
31/03/2009;67.24
01/04/2009;68.3
02/04/2009;70.31
03/04/2009;70.48
06/04/2009;69.89
07/04/2009;68.4
08/04/2009;68.48
09/04/2009;69.23
13/04/2009;67.98
14/04/2009;66.58
15/04/2009;66.7
16/04/2009;65.93
17/04/2009;66.01
20/04/2009;63.87
21/04/2009;64.88
22/04/2009;63.75
23/04/2009;65.53
24/04/2009;66.6
27/04/2009;65.41
28/04/2009;65.99
29/04/2009;67.56
30/04/2009;66.1
01/05/2009;66.87
04/05/2009;66.68
05/05/2009;65.75
06/05/2009;68.11
07/05/2009;67.98
08/05/2009;70.38
11/05/2009;68
12/05/2009;69.19
13/05/2009;68.1
14/05/2009;67.85
15/05/2009;65.88
18/05/2009;66.03
19/05/2009;65.86
20/05/2009;65.21
21/05/2009;64.47
22/05/2009;64.44
26/05/2009;65.66
27/05/2009;64.57
28/05/2009;65.81
29/05/2009;66.67
01/06/2009;69.21
02/06/2009;69.35
03/06/2009;68.26
04/06/2009;69.79
05/06/2009;69.37
08/06/2009;69.58
09/06/2009;70.19
10/06/2009;70.22
11/06/2009;71.9
12/06/2009;72.67
15/06/2009;71.08
16/06/2009;69.88
17/06/2009;68.83
18/06/2009;68.43
19/06/2009;68.06
22/06/2009;65.76
23/06/2009;65.96
24/06/2009;65.72
25/06/2009;66.87
26/06/2009;65.95
29/06/2009;66.88
30/06/2009;66.25
01/07/2009;66.52
02/07/2009;64.42
06/07/2009;64.14
07/07/2009;62.7
08/07/2009;62.78
09/07/2009;63.08
10/07/2009;61.4
13/07/2009;62.44
14/07/2009;63
15/07/2009;64.57
16/07/2009;64.89
17/07/2009;65.12
20/07/2009;65.64
21/07/2009;66.25
22/07/2009;65.94
23/07/2009;67.89
24/07/2009;68.43
27/07/2009;68.85
28/07/2009;68.34
29/07/2009;67.12
30/07/2009;67.7
31/07/2009;69.47
03/08/2009;70.4
04/08/2009;70.41
05/08/2009;69.79
06/08/2009;69.25
07/08/2009;69.5
10/08/2009;69.23
11/08/2009;67.94
12/08/2009;68.72
13/08/2009;68.53
14/08/2009;68.63
17/08/2009;66.59
18/08/2009;66.94
19/08/2009;68.16
20/08/2009;68.62
21/08/2009;69.73
24/08/2009;70.76
25/08/2009;70.65
26/08/2009;71.09
27/08/2009;71
28/08/2009;70.68
31/08/2009;69.94
01/09/2009;68.48
02/09/2009;68.04
03/09/2009;68.33
04/09/2009;68.96
08/09/2009;70.48
09/09/2009;70.33
10/09/2009;71.45
11/09/2009;70.75
14/09/2009;71.04
15/09/2009;71.63
16/09/2009;72.45
17/09/2009;71.97
18/09/2009;72.64
21/09/2009;72.05
22/09/2009;72.63
23/09/2009;71.37
24/09/2009;70.71
25/09/2009;70.66
28/09/2009;71.7
29/09/2009;70.91
30/09/2009;70.43
01/10/2009;68.81
02/10/2009;68.14
05/10/2009;69.39
06/10/2009;70.56
07/10/2009;70.51
08/10/2009;71.45
09/10/2009;72.76
12/10/2009;73.67
13/10/2009;74.07
14/10/2009;75.46
15/10/2009;76.69
16/10/2009;76.81
19/10/2009;77.66
20/10/2009;77.03
21/10/2009;76.97
22/10/2009;77.29
23/10/2009;76.68
26/10/2009;75.45
27/10/2009;76.59
28/10/2009;75.89
29/10/2009;77.95
30/10/2009;76.54
02/11/2009;76.64
03/11/2009;76.7
04/11/2009;76.28
05/11/2009;77.24
06/11/2009;77.53
09/11/2009;77.66
10/11/2009;78.34
11/11/2009;78.51
12/11/2009;77.42
13/11/2009;77.94
16/11/2009;78.61
17/11/2009;78.81
18/11/2009;78.92
19/11/2009;77.34
20/11/2009;76.77
23/11/2009;78.74
24/11/2009;79.03
25/11/2009;79.64
27/11/2009;78.17
30/11/2009;78.04
01/12/2009;79.06
02/12/2009;78.73
03/12/2009;77.96
04/12/2009;78.07
07/12/2009;78.17
08/12/2009;76.76
09/12/2009;77.06
10/12/2009;77.42
11/12/2009;77.76
14/12/2009;77.26
15/12/2009;77.37
16/12/2009;77.89
17/12/2009;76.78
18/12/2009;76.9
21/12/2009;77.5
22/12/2009;77.49
23/12/2009;77.04
24/12/2009;77.43
28/12/2009;77.77
29/12/2009;77.21
30/12/2009;77.65
31/12/2009;76.99
04/01/2010;79.06
05/01/2010;79.62
06/01/2010;79.63
07/01/2010;79.33
08/01/2010;79.47
11/01/2010;80.88
12/01/2010;80.41
13/01/2010;79.8
14/01/2010;79.55
15/01/2010;79.23
19/01/2010;79.68
20/01/2010;78.15
21/01/2010;76.24
22/01/2010;74.59
25/01/2010;74.55
26/01/2010;74.15
27/01/2010;73.7
28/01/2010;73.24
29/01/2010;72.12
01/02/2010;73.58
02/02/2010;74.45
03/02/2010;73.21
04/02/2010;71.37
05/02/2010;71.18
08/02/2010;70.13
09/02/2010;71.31
10/02/2010;70.75
11/02/2010;71.73
12/02/2010;71.01
16/02/2010;72.99
17/02/2010;72.84
18/02/2010;73.62
19/02/2010;74.05
22/02/2010;72.96
23/02/2010;72.04
24/02/2010;72.34
25/02/2010;72.11
26/02/2010;72.3
01/03/2010;72.81
02/03/2010;73.32
03/03/2010;73.13
04/03/2010;73.08
05/03/2010;74.3
08/03/2010;74.64
09/03/2010;74.3
10/03/2010;73.96
11/03/2010;73.99
12/03/2010;73.72
15/03/2010;73.57
16/03/2010;73.98
17/03/2010;74.67
18/03/2010;74.76
19/03/2010;74.98
22/03/2010;74.46
23/03/2010;74.77
24/03/2010;73.93
25/03/2010;73.8
26/03/2010;74.43
29/03/2010;75.23
30/03/2010;75.3
31/03/2010;75.83
01/04/2010;76.69
05/04/2010;77.66
06/04/2010;77.88
07/04/2010;77.37
08/04/2010;77.66
09/04/2010;79.5
12/04/2010;80.43
13/04/2010;80.21
14/04/2010;80.58
15/04/2010;81.59
16/04/2010;80.75
19/04/2010;81.32
20/04/2010;82.05
21/04/2010;81.92
22/04/2010;81.2
23/04/2010;82.67
26/04/2010;82.59
27/04/2010;80.23
28/04/2010;80.62
29/04/2010;82.29
30/04/2010;81.44
03/05/2010;82.83
04/05/2010;80.76
05/05/2010;80.19
06/05/2010;77.2
07/05/2010;77.1
10/05/2010;79.89
11/05/2010;79.7
12/05/2010;80.06
13/05/2010;78.92
14/05/2010;77.83
17/05/2010;77.73
18/05/2010;76.8475
19/05/2010;76.6
20/05/2010;73.6
21/05/2010;74.48
24/05/2010;73.44
25/05/2010;72.57
26/05/2010;71.55
27/05/2010;74.36
28/05/2010;73.87
01/06/2010;72.29
02/06/2010;74.13
03/06/2010;73.91
04/06/2010;71.28
07/06/2010;71.35
08/06/2010;71.0225
09/06/2010;70.79
10/06/2010;74.17
11/06/2010;74.06
14/06/2010;74.18
15/06/2010;75.23
16/06/2010;74.95
17/06/2010;75.32
18/06/2010;75.52
21/06/2010;75.72
22/06/2010;74
23/06/2010;72.26
24/06/2010;70.83
25/06/2010;70.06
28/06/2010;69.96
29/06/2010;68.36
30/06/2010;67.86
01/07/2010;67.48
02/07/2010;67.31
06/07/2010;67.56
07/07/2010;69.45
08/07/2010;70.41
09/07/2010;71.84
12/07/2010;71.85
13/07/2010;73.23
14/07/2010;73.05
15/07/2010;73.04
16/07/2010;71.5
19/07/2010;72
20/07/2010;73.1
21/07/2010;72.17
22/07/2010;73.44
23/07/2010;73.52
26/07/2010;74.62
27/07/2010;75.3
28/07/2010;75.56
29/07/2010;76.02
30/07/2010;76.21
02/08/2010;77.8
03/08/2010;78.66
04/08/2010;79.02
05/08/2010;79.07
06/08/2010;78.73
09/08/2010;79.29
10/08/2010;79.04
11/08/2010;77.13
12/08/2010;77.07
13/08/2010;77.4
16/08/2010;77.71
17/08/2010;77.77
18/08/2010;77.04
19/08/2010;75.84
20/08/2010;75.05
23/08/2010;75.05
24/08/2010;73.78
25/08/2010;74.07
26/08/2010;73.33
27/08/2010;74.93
30/08/2010;73.78
31/08/2010;74.08
01/09/2010;76.77
02/09/2010;77.45
03/09/2010;78
07/09/2010;77.05
08/09/2010;77.25
09/09/2010;77.36
10/09/2010;78.82
13/09/2010;79.25
14/09/2010;79.51
15/09/2010;79.21
16/09/2010;79.05
17/09/2010;78.46
20/09/2010;79.9
21/09/2010;79.75
22/09/2010;79.25
23/09/2010;78.54
24/09/2010;80.12
27/09/2010;80.08
28/09/2010;80.88
29/09/2010;81.28
30/09/2010;81.05
01/10/2010;81.95
04/10/2010;81.31
05/10/2010;83.39
06/10/2010;83.89
07/10/2010;83.52
08/10/2010;83.94
11/10/2010;83.71
12/10/2010;83.84
13/10/2010;83.67
14/10/2010;83.9
15/10/2010;83.61
18/10/2010;84.48
19/10/2010;82.79
20/10/2010;84.02
21/10/2010;84.25
22/10/2010;84.55
25/10/2010;84.87
26/10/2010;85.15
27/10/2010;84.31
28/10/2010;84.44
29/10/2010;82.6
01/11/2010;81.45
02/11/2010;82.15
03/11/2010;82.7
04/11/2010;85.14
05/11/2010;84.98
08/11/2010;84.8
09/11/2010;83.56
10/11/2010;85.17
11/11/2010;86.09
12/11/2010;85.44
15/11/2010;84.86
16/11/2010;82.48
17/11/2010;82.46
18/11/2010;83.82
19/11/2010;83.94
22/11/2010;83.45
23/11/2010;81.75
24/11/2010;82.93
26/11/2010;82.05
29/11/2010;81.69
30/11/2010;80.97
01/12/2010;82.7
02/12/2010;84.5
03/12/2010;84.89
06/12/2010;84.95
07/12/2010;86.3
08/12/2010;86.14
09/12/2010;86.65
10/12/2010;87.03
13/12/2010;88.37
14/12/2010;88.38
15/12/2010;88.01
16/12/2010;89.06
17/12/2010;88.49
20/12/2010;88.8
21/12/2010;89.23
22/12/2010;89.92
23/12/2010;90.68
27/12/2010;90.12
28/12/2010;91.19
29/12/2010;91.37
30/12/2010;91.6
31/12/2010;91.25
03/01/2011;91.94
04/01/2011;91.6
05/01/2011;91.44
06/01/2011;90.69
07/01/2011;91.19
10/01/2011;90.41
11/01/2011;91.83
12/01/2011;92.45
13/01/2011;92.18
14/01/2011;92.83
18/01/2011;93.35
19/01/2011;92.97
20/01/2011;92.71
21/01/2011;93.78
24/01/2011;94.1
25/01/2011;94.08
26/01/2011;94.64
27/01/2011;94.75
28/01/2011;93.37
31/01/2011;94.93
01/02/2011;96.22
02/02/2011;96.48
03/02/2011;97.31
04/02/2011;97.11
07/02/2011;97.66
08/02/2011;97.74
09/02/2011;96.24
10/02/2011;96.7
11/02/2011;96.45
14/02/2011;96.95
15/02/2011;96.34
16/02/2011;96.66
17/02/2011;97.17
18/02/2011;98.72
22/02/2011;100.32
23/02/2011;102.27
24/02/2011;102.03
25/02/2011;102.1
28/02/2011;103.75
01/03/2011;102.9
02/03/2011;103.47
03/03/2011;104.19
04/03/2011;103.75
07/03/2011;103.01
08/03/2011;103.77
09/03/2011;102.14
10/03/2011;99.08
11/03/2011;99.93
14/03/2011;100.8
15/03/2011;101.23
16/03/2011;99.51
17/03/2011;102.24
18/03/2011;102.8
21/03/2011;105.19
22/03/2011;105.23
23/03/2011;105.48
24/03/2011;105.38
25/03/2011;106.78
28/03/2011;106.04
29/03/2011;107.37
30/03/2011;108.01
31/03/2011;107.49
01/04/2011;108.32
04/04/2011;108.23
05/04/2011;109.33
06/04/2011;108.66
07/04/2011;108.94
08/04/2011;109.66
11/04/2011;107.78
12/04/2011;104.18
13/04/2011;103.81
14/04/2011;104.88
15/04/2011;106.24
18/04/2011;104.5
19/04/2011;105.4
20/04/2011;107.81
21/04/2011;108.13
25/04/2011;107.42
26/04/2011;108.75
27/04/2011;108.97
28/04/2011;108.81
29/04/2011;109.44
02/05/2011;108.18
03/05/2011;106.17
04/05/2011;104.68
05/05/2011;102.62
06/05/2011;102.88
09/05/2011;104.09
10/05/2011;104.36
11/05/2011;102.26
12/05/2011;102.76
13/05/2011;102.39
16/05/2011;101.65
17/05/2011;100.41
18/05/2011;102.86
19/05/2011;103.87
20/05/2011;102.57
23/05/2011;101.37
24/05/2011;102.27
25/05/2011;103.25
26/05/2011;103.36
27/05/2011;103.21
31/05/2011;104.91
01/06/2011;102.49
02/06/2011;101.12
03/06/2011;101
06/06/2011;99.68
07/06/2011;99.47
08/06/2011;99.95
09/06/2011;101.23
10/06/2011;99.67
13/06/2011;98.93
14/06/2011;100.6
15/06/2011;98.41
16/06/2011;99.43
17/06/2011;99.17
20/06/2011;99.91
21/06/2011;101.59
22/06/2011;101.07
23/06/2011;99.36
24/06/2011;97.9
27/06/2011;98.9
28/06/2011;100.35
29/06/2011;101.28
30/06/2011;102.84
01/07/2011;104.09
05/07/2011;105.12
06/07/2011;105.08
07/07/2011;106.59
08/07/2011;105.89
11/07/2011;104.41
12/07/2011;104.39
13/07/2011;105.09
14/07/2011;104.67
15/07/2011;106.19
18/07/2011;106.23
19/07/2011;107.48
20/07/2011;107.1
21/07/2011;109.43
22/07/2011;108.97
25/07/2011;108.1
26/07/2011;107.57
27/07/2011;105.63
28/07/2011;105.03
29/07/2011;104.02
01/08/2011;105.38
02/08/2011;103.45
03/08/2011;102.76
04/08/2011;96.84
05/08/2011;97.61
08/08/2011;90.25
09/08/2011;93.4
10/08/2011;90.57
11/08/2011;94.07
12/08/2011;95.86
15/08/2011;99.1
16/08/2011;98.14
17/08/2011;97.68
18/08/2011;93.24
19/08/2011;93.29
22/08/2011;93.3
23/08/2011;97.33
24/08/2011;97.59
25/08/2011;95.96
26/08/2011;96.85
29/08/2011;98.74
30/08/2011;98.4
31/08/2011;98.84
01/09/2011;98.52
02/09/2011;96.41
06/09/2011;95.61
07/09/2011;99.29
08/09/2011;98.41
09/09/2011;95.19
12/09/2011;95.91
13/09/2011;95.93
14/09/2011;97.31
15/09/2011;99.26
16/09/2011;99.63
19/09/2011;98.71
20/09/2011;97.79
21/09/2011;94.27
22/09/2011;90.17
23/09/2011;90.01
26/09/2011;91.49
27/09/2011;93.54
28/09/2011;91.74
29/09/2011;94.39
30/09/2011;92.59
03/10/2011;89.88
04/10/2011;91.48
05/10/2011;94.66
06/10/2011;94.61
07/10/2011;94.4
10/10/2011;98.2
11/10/2011;97.6
12/10/2011;97.78
13/10/2011;97.79
14/10/2011;100.47
17/10/2011;98.61
18/10/2011;102.95
19/10/2011;102.24
20/10/2011;103.39
21/10/2011;105.53
24/10/2011;106.27
25/10/2011;104.5
26/10/2011;106.77
27/10/2011;108.97
28/10/2011;109.64
31/10/2011;105.05
01/11/2011;102.08
02/11/2011;104.54
03/11/2011;106.13
04/11/2011;106.43
07/11/2011;107.72
08/11/2011;108.86
09/11/2011;104.28
10/11/2011;105.5
11/11/2011;107.05
14/11/2011;106.17
15/11/2011;103.27
16/11/2011;101.05
17/11/2011;100.08
18/11/2011;97.88
21/11/2011;95.66
22/11/2011;96.42
23/11/2011;93.75
25/11/2011;92.29
28/11/2011;95.77
29/11/2011;97.39
30/11/2011;102.82
01/12/2011;101.83
02/12/2011;101.69
05/12/2011;102.82
06/12/2011;104.36
07/12/2011;104.52
08/12/2011;102.25
09/12/2011;104.25
12/12/2011;103.07
13/12/2011;103.62
14/12/2011;100.53
15/12/2011;99.67
16/12/2011;100.86
19/12/2011;99.72
20/12/2011;103.67
21/12/2011;105.43
22/12/2011;106.31
23/12/2011;107.5
27/12/2011;107.98
28/12/2011;105.96
29/12/2011;107.47
30/12/2011;106.4
03/01/2012;110.37
04/01/2012;110.18
05/01/2012;109.1
06/01/2012;108.31
09/01/2012;109.49
10/01/2012;109.06
11/01/2012;107.77
12/01/2012;104.97
13/01/2012;106.09
17/01/2012;106.72
18/01/2012;106.83
19/01/2012;106.93
20/01/2012;106.89
23/01/2012;107.01
24/01/2012;106.72
25/01/2012;107.73
26/01/2012;106.59
27/01/2012;103.96
30/01/2012;103.41
31/01/2012;103.12
01/02/2012;102.79
02/02/2012;103.69
03/02/2012;105.5
06/02/2012;106.67
07/02/2012;106.83
08/02/2012;106.76
09/02/2012;106.37
10/02/2012;105.28
13/02/2012;106.38
14/02/2012;106.49
15/02/2012;105
16/02/2012;106.52
17/02/2012;106.66
21/02/2012;108.41
22/02/2012;107.5
23/02/2012;108.35
24/02/2012;109.08
27/02/2012;109.63
28/02/2012;109.61
29/02/2012;109.12
01/03/2012;109.76
02/03/2012;109.61
05/03/2012;109.32
06/03/2012;108.85
07/03/2012;109.46
08/03/2012;110.03
09/03/2012;109.57
12/03/2012;110
13/03/2012;111.19
14/03/2012;110.69
15/03/2012;110.03
16/03/2012;110.28
19/03/2012;110.7
20/03/2012;109.08
21/03/2012;107.91
22/03/2012;105.35
23/03/2012;106.36
26/03/2012;107.84
27/03/2012;107.04
28/03/2012;105.89
29/03/2012;106.85
30/03/2012;107.21
02/04/2012;108.3
03/04/2012;107.14
04/04/2012;105.6
05/04/2012;104.75
09/04/2012;103.49
10/04/2012;101.45
11/04/2012;100.95
12/04/2012;102.59
13/04/2012;100.78
16/04/2012;101.51
17/04/2012;103.62
18/04/2012;103.39
19/04/2012;102.51
20/04/2012;102.52
23/04/2012;102.44
24/04/2012;103.03
25/04/2012;103.85
26/04/2012;106.22
27/04/2012;106.2
30/04/2012;106.56
01/05/2012;108.27
02/05/2012;107.03
03/05/2012;105.99
04/05/2012;103.72
07/05/2012;103.31
08/05/2012;102.84
09/05/2012;101.78
10/05/2012;103.36
11/05/2012;102.69
14/05/2012;101.94
15/05/2012;100.9
16/05/2012;100.1
17/05/2012;100.14
18/05/2012;98.46
21/05/2012;99.69
22/05/2012;99.32
23/05/2012;99
24/05/2012;100.06
25/05/2012;98.86
29/05/2012;100.24
30/05/2012;97.63
31/05/2012;98.31
01/06/2012;96.41
04/06/2012;96.58
05/06/2012;96.49
06/06/2012;99.8
07/06/2012;100.39
08/06/2012;100.84
11/06/2012;99.91
12/06/2012;100.74
13/06/2012;100.13
14/06/2012;101.92
15/06/2012;104.33
18/06/2012;103.46
19/06/2012;104.06
20/06/2012;103.63
21/06/2012;100.02
22/06/2012;100.44
25/06/2012;99.08
26/06/2012;100.95
27/06/2012;102.57
28/06/2012;103.46
29/06/2012;105.5
02/07/2012;105.86
03/07/2012;107.37
05/07/2012;106.03
06/07/2012;105.07
09/07/2012;104.46
10/07/2012;103.88
11/07/2012;104.85
12/07/2012;105.03
13/07/2012;106.01
16/07/2012;106.78
17/07/2012;107.43
18/07/2012;107.88
19/07/2012;108.84
20/07/2012;109.19
23/07/2012;107.95
24/07/2012;106.3
25/07/2012;106.06
26/07/2012;108.27
27/07/2012;109.26
30/07/2012;109.82
31/07/2012;109.58
01/08/2012;110.5
02/08/2012;109.25
03/08/2012;111.12
06/08/2012;111.31
07/08/2012;111.95
08/08/2012;112.14
09/08/2012;112.63
10/08/2012;113.55
13/08/2012;113.28
14/08/2012;113.32
15/08/2012;112.57
16/08/2012;113.32
17/08/2012;112.66
20/08/2012;112.52
21/08/2012;111.98
22/08/2012;112.15
23/08/2012;111.29
24/08/2012;112.01
27/08/2012;111.73
28/08/2012;112.35
29/08/2012;111.8
30/08/2012;110.93
31/08/2012;112.16
04/09/2012;111.22
05/09/2012;110.77
06/09/2012;113.03
07/09/2012;114
10/09/2012;113.96
11/09/2012;114.18
12/09/2012;114.48
13/09/2012;116.56
14/09/2012;117.25
17/09/2012;117.14
18/09/2012;116.97
19/09/2012;116.6
20/09/2012;117.85
21/09/2012;117.8
24/09/2012;117.775
25/09/2012;116.9254
26/09/2012;116.3
27/09/2012;117.2
28/09/2012;116.56
01/10/2012;117.25
02/10/2012;117.96
03/10/2012;116.14
04/10/2012;117.15
05/10/2012;117.5
08/10/2012;117.62
09/10/2012;117.36
10/10/2012;112.45
11/10/2012;113.06
12/10/2012;112.07
15/10/2012;112.82
16/10/2012;114.09
17/10/2012;115.18
18/10/2012;114.655
19/10/2012;113.38
22/10/2012;112.74
23/10/2012;109.38
24/10/2012;109.71
25/10/2012;110.96
26/10/2012;111.18
31/10/2012;110.2407
01/11/2012;111.46
02/11/2012;108.37
05/11/2012;109.19
06/11/2012;110.36
07/11/2012;107.51
08/11/2012;105.87
09/11/2012;105.84
12/11/2012;105.93
13/11/2012;105.28
14/11/2012;102.5
15/11/2012;101.6203
16/11/2012;102.4
19/11/2012;104.35
20/11/2012;103.56
21/11/2012;104.1
23/11/2012;105.47
26/11/2012;104.99
27/11/2012;103.38
28/11/2012;105.58
29/11/2012;105.79
30/11/2012;105.69
03/12/2012;104.66
04/12/2012;103.96
05/12/2012;105.17
06/12/2012;106.45
07/12/2012;106.99
10/12/2012;106.96
11/12/2012;107.74
12/12/2012;108.08
13/12/2012;107.91
14/12/2012;107.82
17/12/2012;108.68
18/12/2012;110.1
19/12/2012;109.91
20/12/2012;110.38
21/12/2012;109.71
24/12/2012;108.63
26/12/2012;108.46
27/12/2012;108.52
28/12/2012;106.45
31/12/2012;108.14
02/01/2013;110.39
03/01/2013;109.92
04/01/2013;110.5
07/01/2013;109.75
08/01/2013;109.26
09/01/2013;109.54
10/01/2013;110.47
11/01/2013;111.73
14/01/2013;112.85
15/01/2013;113.44
16/01/2013;113.97
17/01/2013;114.74
18/01/2013;115.24
22/01/2013;115.91
23/01/2013;115.01
24/01/2013;115.5
25/01/2013;116.2
28/01/2013;116.04
29/01/2013;117.21
30/01/2013;116.45
31/01/2013;115.15
01/02/2013;116.5
04/02/2013;115.2
05/02/2013;115.81
06/02/2013;115.91
07/02/2013;115.02
08/02/2013;115.64
11/02/2013;115.64
12/02/2013;116.5
13/02/2013;115.53
14/02/2013;115.71
15/02/2013;114.96
19/02/2013;115.92
20/02/2013;114.99
21/02/2013;114.99
22/02/2013;115.96
25/02/2013;113.54
26/02/2013;114.96
27/02/2013;116.65
28/02/2013;117.15
01/03/2013;116.9
04/03/2013;117.49
05/03/2013;117.93
06/03/2013;118.47
07/03/2013;118.56
08/03/2013;118.57
11/03/2013;118.73
12/03/2013;118.25
13/03/2013;118.36
14/03/2013;120
15/03/2013;119.68
18/03/2013;119.13
19/03/2013;119.46
20/03/2013;120.35
21/03/2013;120.34
22/03/2013;121.18
25/03/2013;120.18
26/03/2013;120.98
27/03/2013;120.19
28/03/2013;118.82
01/04/2013;119.61
02/04/2013;119
03/04/2013;117.78
04/04/2013;118.07
05/04/2013;117.52
08/04/2013;117.81
09/04/2013;118.64
10/04/2013;119.64
11/04/2013;120.95
12/04/2013;119.94
15/04/2013;116.57
16/04/2013;117.01
17/04/2013;114.81
18/04/2013;115.59
19/04/2013;115.9
22/04/2013;116.57
23/04/2013;117.48
24/04/2013;118.28
25/04/2013;118.51
26/04/2013;120.04
29/04/2013;121.32
30/04/2013;122.01
01/05/2013;120.27
02/05/2013;122.04
03/05/2013;123.49
06/05/2013;123.25
07/05/2013;123.04
08/05/2013;123.36
09/05/2013;123.64
10/05/2013;123.23
13/05/2013;122.85
14/05/2013;125
15/05/2013;123.01
16/05/2013;122.76
17/05/2013;123.42
20/05/2013;124.78
21/05/2013;125.94
22/05/2013;124.93
23/05/2013;125.4
24/05/2013;125.45
28/05/2013;126.43
29/05/2013;125.49
30/05/2013;125.11
31/05/2013;122.75
03/06/2013;124.09
04/06/2013;122.96
05/06/2013;121.57
06/06/2013;120.59
07/06/2013;121.7
10/06/2013;122.69
11/06/2013;121.45
12/06/2013;119.97
13/06/2013;121.66
14/06/2013;120.28
17/06/2013;121.22
18/06/2013;121.52
19/06/2013;120.5
20/06/2013;117.95
21/06/2013;118.93
24/06/2013;116.82
25/06/2013;117.45
26/06/2013;118.15
27/06/2013;118.71
28/06/2013;118.34
01/07/2013;119.08
02/07/2013;119.15
03/07/2013;119.08
05/07/2013;120.51
08/07/2013;121.24
09/07/2013;123.27
10/07/2013;122.9
11/07/2013;123.77
12/07/2013;124.06
15/07/2013;124.68
16/07/2013;124.12
17/07/2013;124.35
18/07/2013;125.47
19/07/2013;126.91
22/07/2013;127.03
23/07/2013;127.26
24/07/2013;126.37
25/07/2013;127.76
26/07/2013;127.56
29/07/2013;126.17
30/07/2013;125.78
31/07/2013;125.89
01/08/2013;126.44
02/08/2013;124.95
05/08/2013;123.99
06/08/2013;123.14
07/08/2013;123.33
08/08/2013;123.07
09/08/2013;122.5
12/08/2013;121.8
13/08/2013;122.5
14/08/2013;122.05
15/08/2013;120.25
16/08/2013;119.88
19/08/2013;118.66
20/08/2013;118.29
21/08/2013;117.7
22/08/2013;118.29
23/08/2013;119.53
26/08/2013;118.84
27/08/2013;118.81
28/08/2013;121.81
29/08/2013;120.37
30/08/2013;120.43
03/09/2013;120.55
04/09/2013;120.86
05/09/2013;121.37
06/09/2013;121.21
09/09/2013;122.22
10/09/2013;123.01
11/09/2013;123.92
12/09/2013;123.89
13/09/2013;124.14
16/09/2013;124.08
17/09/2013;124.34
18/09/2013;125.82
19/09/2013;125.44
20/09/2013;124.92
23/09/2013;125.52
24/09/2013;124.49
25/09/2013;124.07
26/09/2013;123.49
27/09/2013;122.64
30/09/2013;121.5
01/10/2013;121.32
02/10/2013;120.83
03/10/2013;118.25
04/10/2013;118.13
07/10/2013;117.87
08/10/2013;116.73
09/10/2013;116.13
10/10/2013;116.38
11/10/2013;117.67
14/10/2013;118.58
15/10/2013;118.15
16/10/2013;119.16
17/10/2013;119.521
18/10/2013;119.65
21/10/2013;119.82
22/10/2013;120.64
23/10/2013;120.13
24/10/2013;120.56
25/10/2013;120.59
28/10/2013;120.91
29/10/2013;121.5
30/10/2013;120.3
31/10/2013;119.96
01/11/2013;118.01
04/11/2013;118.1
05/11/2013;118.45
06/11/2013;121.14
07/11/2013;119.91
08/11/2013;121.19
11/11/2013;121.08
12/11/2013;120
13/11/2013;120.09
14/11/2013;119.56
15/11/2013;120.06
18/11/2013;120.56
19/11/2013;122.06
20/11/2013;122
21/11/2013;123.46
22/11/2013;124.03
25/11/2013;123.74
26/11/2013;122.78
27/11/2013;122.42
29/11/2013;122.44
02/12/2013;122.34
03/12/2013;122.52
04/12/2013;121.77
05/12/2013;121.1
06/12/2013;122.29
09/12/2013;123.34
10/12/2013;123.66
11/12/2013;122.1
12/12/2013;120.99
13/12/2013;119.9
16/12/2013;120.22
17/12/2013;118.74
18/12/2013;121.6
19/12/2013;123.22
20/12/2013;122.78
23/12/2013;122.8
24/12/2013;123.51
26/12/2013;124.81
27/12/2013;125.23
30/12/2013;124.23
31/12/2013;124.91
02/01/2014;124.14
03/01/2014;124.35
06/01/2014;124.02
07/01/2014;125.07
08/01/2014;123.29
09/01/2014;123.29
10/01/2014;121.01
13/01/2014;119.25
14/01/2014;119.57
15/01/2014;119.18
16/01/2014;118.83
17/01/2014;119.29
21/01/2014;120.36
22/01/2014;120.43
23/01/2014;118.39
24/01/2014;116.29
27/01/2014;116.43
28/01/2014;116.84
29/01/2014;116
30/01/2014;116.45
31/01/2014;111.63
03/02/2014;111.14
04/02/2014;110.83
05/02/2014;109.52
06/02/2014;111.27
07/02/2014;112.05
10/02/2014;111.69
11/02/2014;113.58
12/02/2014;112.03
13/02/2014;112.51
14/02/2014;113.48
18/02/2014;112.71
19/02/2014;113.6
20/02/2014;114.6
21/02/2014;112.68
24/02/2014;114.15
25/02/2014;114.97
26/02/2014;115.51
27/02/2014;115.69
28/02/2014;115.33
03/03/2014;114.84
04/03/2014;115.32
05/03/2014;114.43
06/03/2014;114.85
07/03/2014;115.08
10/03/2014;115.84
11/03/2014;114.51
12/03/2014;115.65
13/03/2014;114.45
14/03/2014;114.1
17/03/2014;115.07
18/03/2014;116.24
19/03/2014;115.2
20/03/2014;115.51
21/03/2014;115.63
24/03/2014;115.85
25/03/2014;117.09
26/03/2014;117.71
27/03/2014;117.67
28/03/2014;118.5
31/03/2014;118.91
01/04/2014;119
02/04/2014;119.35
03/04/2014;119.04
04/04/2014;118.8
07/04/2014;117.34
08/04/2014;117.8
09/04/2014;119.1
10/04/2014;116.69
11/04/2014;117.03
14/04/2014;118.7
15/04/2014;120.3
16/04/2014;121.83
17/04/2014;123.68
21/04/2014;124.24
22/04/2014;124
23/04/2014;124.69
24/04/2014;124.3
25/04/2014;123.99
28/04/2014;125.73
29/04/2014;125.97
30/04/2014;125.52
01/05/2014;124.94
02/05/2014;124.72
05/05/2014;125.36
06/05/2014;124.97
07/05/2014;126.23
08/05/2014;125.09
09/05/2014;125.03
12/05/2014;125.24
13/05/2014;125.85
14/05/2014;126.42
15/05/2014;123.81
16/05/2014;123.18
19/05/2014;122.95
20/05/2014;122.5
21/05/2014;124.16
22/05/2014;123.63
23/05/2014;123.37
27/05/2014;122.84
28/05/2014;122.52
29/05/2014;122.32
30/05/2014;122.79
02/06/2014;122.21
03/06/2014;122.55
04/06/2014;122.35
05/06/2014;123.52
06/06/2014;124.19
09/06/2014;124.37
10/06/2014;125.34
11/06/2014;125.18
12/06/2014;126.11
13/06/2014;127.26
16/06/2014;128.54
17/06/2014;128.83
18/06/2014;130.28
19/06/2014;131.99
20/06/2014;132.34
23/06/2014;132.98
24/06/2014;131.77
25/06/2014;131.23
26/06/2014;130.92
27/06/2014;130.36
30/06/2014;130.55
01/07/2014;130.54
02/07/2014;130.23
03/07/2014;131.19
07/07/2014;130.47
08/07/2014;129.9
09/07/2014;131.39
10/07/2014;130.25
11/07/2014;128.47
14/07/2014;129.26
15/07/2014;129.26
16/07/2014;130.89
17/07/2014;130.08
18/07/2014;130.39
21/07/2014;131.29
22/07/2014;132.58
23/07/2014;133.88
24/07/2014;134.85
25/07/2014;133.57
28/07/2014;133.24
29/07/2014;132.42
30/07/2014;132.53
31/07/2014;129.24
01/08/2014;127.9
04/08/2014;128.17
05/08/2014;124.96
06/08/2014;125.73
07/08/2014;125.65
08/08/2014;127.86
11/08/2014;127.71
12/08/2014;127.09
13/08/2014;127.6
14/08/2014;126.96
15/08/2014;126.1
18/08/2014;126.3
19/08/2014;127.63
20/08/2014;127.49
21/08/2014;127.93
22/08/2014;127.11
25/08/2014;127.84
26/08/2014;128.25
27/08/2014;128.64
28/08/2014;128.75
29/08/2014;129.45
02/09/2014;127.54
03/09/2014;127.86
04/09/2014;126.8
05/09/2014;127.4
08/09/2014;126.21
09/09/2014;125.18
10/09/2014;124.28
11/09/2014;123.83
12/09/2014;122.66
15/09/2014;124.24
16/09/2014;124.96
17/09/2014;124.72
18/09/2014;124.14
19/09/2014;124.8
22/09/2014;123.49
23/09/2014;123.06
24/09/2014;122.4
25/09/2014;120.68
26/09/2014;121.47
29/09/2014;120.55
30/09/2014;119.32
01/10/2014;117.65
02/10/2014;117.11
03/10/2014;117.71
06/10/2014;118.09
07/10/2014;116.02
08/10/2014;117.95
09/10/2014;114.51
10/10/2014;113.89
13/10/2014;112.03
14/10/2014;109.78
15/10/2014;109.27
16/10/2014;111.06
17/10/2014;111.8
20/10/2014;111.49
21/10/2014;115.09
22/10/2014;114
23/10/2014;116.19
24/10/2014;115.91
27/10/2014;115.02
28/10/2014;117.13
29/10/2014;117.14
30/10/2014;117.2
31/10/2014;119.95
03/11/2014;116.78
04/11/2014;115.37
05/11/2014;117.05
06/11/2014;118.53
07/11/2014;118.8
10/11/2014;117.92
11/11/2014;118.44
12/11/2014;117.65
13/11/2014;116.45
14/11/2014;116.32
17/11/2014;115.75
18/11/2014;115.47
19/11/2014;116.47
20/11/2014;117.31
21/11/2014;118.58
24/11/2014;117.59
25/11/2014;116.15
26/11/2014;115.11
28/11/2014;108.87
01/12/2014;111.73
02/12/2014;114.02
03/12/2014;113.71
04/12/2014;112.28
05/12/2014;110.87
08/12/2014;106.8
09/12/2014;107.01
10/12/2014;104.86
11/12/2014;104.91
12/12/2014;102.38
15/12/2014;100.86
16/12/2014;101.7
17/12/2014;106.02
18/12/2014;109.03
19/12/2014;112.93
22/12/2014;112.03
23/12/2014;113.95
24/12/2014;113.47
26/12/2014;113.25
29/12/2014;113.32
30/12/2014;113.11
31/12/2014;112.18
02/01/2015;112.58
05/01/2015;108.08
06/01/2015;108.03
07/01/2015;107.94
08/01/2015;110.41
09/01/2015;108.21
12/01/2015;105.88
13/01/2015;104.2
14/01/2015;103.9
15/01/2015;102.67
16/01/2015;105.12
20/01/2015;106.47
21/01/2015;108.16
22/01/2015;108.92
23/01/2015;106.85
26/01/2015;108.88
27/01/2015;108.26
28/01/2015;103.71
29/01/2015;103
30/01/2015;102.53
02/02/2015;106.06
03/02/2015;109.53
04/02/2015;108.35
05/02/2015;109.31
06/02/2015;109.61
09/02/2015;110.43
10/02/2015;110.18
11/02/2015;109.98
12/02/2015;110.86
13/02/2015;112.78
17/02/2015;112.4
18/02/2015;110.44
19/02/2015;108.35
20/02/2015;108.6
23/02/2015;107.86
24/02/2015;107.96
25/02/2015;108.58
26/02/2015;107.06
27/02/2015;106.68
02/03/2015;105.9
03/03/2015;105.16
04/03/2015;105.16
05/03/2015;104.73
06/03/2015;103.55
09/03/2015;103.95
10/03/2015;102.91
11/03/2015;103.54
12/03/2015;102.42
13/03/2015;101.62
16/03/2015;103.13
17/03/2015;103.17
18/03/2015;106.7
19/03/2015;104.75
20/03/2015;107.03
23/03/2015;105.92
24/03/2015;104.2
25/03/2015;105.67
26/03/2015;105.25
27/03/2015;104.28
30/03/2015;106.9
31/03/2015;104.98
01/04/2015;104.79
02/04/2015;105.28
06/04/2015;106.92
07/04/2015;108.54
08/04/2015;106.66
09/04/2015;106.95
10/04/2015;106.91
13/04/2015;106.5
14/04/2015;108.84
15/04/2015;110.41
16/04/2015;110.16
17/04/2015;109.11
20/04/2015;110.29
21/04/2015;109.73
22/04/2015;109.5
23/04/2015;109.97
24/04/2015;109.87
27/04/2015;109.7
28/04/2015;111.12
29/04/2015;111.73
30/04/2015;111.06
01/05/2015;109.04
04/05/2015;108.32
05/05/2015;108
06/05/2015;107.95
07/05/2015;107.57
08/05/2015;108.65
11/05/2015;107.36
12/05/2015;107.56
13/05/2015;107.7
14/05/2015;108.45
15/05/2015;108.03
18/05/2015;106.65
19/05/2015;105.02
20/05/2015;105.25
21/05/2015;105.49
22/05/2015;104.89
26/05/2015;103.29
27/05/2015;103.11
28/05/2015;103.24
29/05/2015;103
01/06/2015;102.63
02/06/2015;102.58
03/06/2015;102.17
04/06/2015;101.39
05/06/2015;101.59
08/06/2015;100.42
09/06/2015;100.42
10/06/2015;101.83
11/06/2015;101.12
12/06/2015;99.87
15/06/2015;99.29
16/06/2015;100.04
17/06/2015;99.76
18/06/2015;100.25
19/06/2015;99.47
22/06/2015;100.29
23/06/2015;100.09
24/06/2015;99.27
25/06/2015;98.34
26/06/2015;98.6
29/06/2015;96.69
30/06/2015;96.47
01/07/2015;96.09
02/07/2015;95.87
06/07/2015;94.77
07/07/2015;95.27
08/07/2015;93.56
09/07/2015;93.78
10/07/2015;94.41
13/07/2015;94.6
14/07/2015;95.55
15/07/2015;94.24
16/07/2015;94.48
17/07/2015;93.15
20/07/2015;92.94
21/07/2015;93.9
22/07/2015;93.51
23/07/2015;92.94
24/07/2015;90.6
27/07/2015;89.14
28/07/2015;92.4
29/07/2015;93.25
30/07/2015;93.03
31/07/2015;88.48
03/08/2015;85.6
04/08/2015;85.21
05/08/2015;84.03
06/08/2015;85.19
07/08/2015;83.75
10/08/2015;85.89
11/08/2015;85.78
12/08/2015;86.79
13/08/2015;85.85
14/08/2015;85.99
17/08/2015;83.23
18/08/2015;83.44
19/08/2015;80.91
20/08/2015;79.24
21/08/2015;75.76
24/08/2015;72.12
25/08/2015;70.02
26/08/2015;73.09
27/08/2015;77.64
28/08/2015;80.43
31/08/2015;80.99
01/09/2015;78.19
02/09/2015;78.06
03/09/2015;78.26
04/09/2015;76.67
08/09/2015;76.84
09/09/2015;74.92
10/09/2015;75.66
11/09/2015;75.79
14/09/2015;75.77
15/09/2015;77.17
16/09/2015;79.02
17/09/2015;79.41
18/09/2015;77.74
21/09/2015;78.09
22/09/2015;77.25
23/09/2015;76.12
24/09/2015;76.89
25/09/2015;77.7
28/09/2015;75.77
29/09/2015;76.25
30/09/2015;78.88
01/10/2015;78.34
02/10/2015;81.55
05/10/2015;84.03
06/10/2015;86.99
07/10/2015;88.12
08/10/2015;89.91
09/10/2015;89.57
12/10/2015;88.74
13/10/2015;88.38
14/10/2015;89.76
15/10/2015;90.72
16/10/2015;91.29
19/10/2015;90.03
20/10/2015;89.99
21/10/2015;89.33
22/10/2015;91.62
23/10/2015;91.24
26/10/2015;88.77
27/10/2015;87.7
28/10/2015;89.79
29/10/2015;89.89
30/10/2015;90.88
02/11/2015;94.96
03/11/2015;98.14
04/11/2015;96.77
05/11/2015;94.55
06/11/2015;94.03
09/11/2015;92.32
10/11/2015;93.23
11/11/2015;92.19
12/11/2015;89.86
13/11/2015;88.68
16/11/2015;91.45
17/11/2015;91.03
18/11/2015;92.21
19/11/2015;90.83
20/11/2015;89.01
23/11/2015;90.01
24/11/2015;91.35
25/11/2015;90.87
27/11/2015;90.37
30/11/2015;91.32
01/12/2015;92.48
02/12/2015;90.25
03/12/2015;88.85
04/12/2015;89.71
07/12/2015;87.28
08/12/2015;86.44
09/12/2015;87.6
10/12/2015;89.3
11/12/2015;86.44
14/12/2015;89.33
15/12/2015;92.76
16/12/2015;93.44
17/12/2015;90.54
18/12/2015;89.81
21/12/2015;89.24
22/12/2015;90.27
23/12/2015;93.81
24/12/2015;92.05
28/12/2015;90.36
29/12/2015;91.25
30/12/2015;90.09
31/12/2015;89.96
04/01/2016;88.85
05/01/2016;89.61
06/01/2016;86.07
07/01/2016;83.02
08/01/2016;82.13
11/01/2016;80.77
12/01/2016;82.15
13/01/2016;81.33
14/01/2016;85.47
15/01/2016;83.67
19/01/2016;81.51
20/01/2016;78.98
21/01/2016;81.05
22/01/2016;83.54
25/01/2016;80.89
26/01/2016;84.12
27/01/2016;83.29
28/01/2016;85.92
29/01/2016;86.47
01/02/2016;85.29
02/02/2016;81.24
03/02/2016;84.62
04/02/2016;84.79
05/02/2016;82.88
08/02/2016;85.99
09/02/2016;82.92
10/02/2016;83.04
11/02/2016;82.99
12/02/2016;85.43
16/02/2016;84.81
17/02/2016;88.31
18/02/2016;86.73
19/02/2016;86.5
22/02/2016;88.82
23/02/2016;84.91
24/02/2016;85.27
25/02/2016;85.3
26/02/2016;84.35
29/02/2016;83.44
01/03/2016;86.13
02/03/2016;87.14
03/03/2016;87.53
04/03/2016;87.93
07/03/2016;90.67
08/03/2016;88.74
09/03/2016;92.82
10/03/2016;93.94
11/03/2016;94.58
14/03/2016;94.26
15/03/2016;94.27
16/03/2016;95.4
17/03/2016;96.89
18/03/2016;97.69
21/03/2016;96.44
22/03/2016;95.5
23/03/2016;93.59
24/03/2016;94.85
28/03/2016;94.68
29/03/2016;95.32
30/03/2016;95.25
31/03/2016;95.4
01/04/2016;94.26
04/04/2016;93.43
05/04/2016;92.67
06/04/2016;94.84
07/04/2016;94.79
08/04/2016;96.33
11/04/2016;95.24
12/04/2016;97.51
13/04/2016;97.6
14/04/2016;97.98
15/04/2016;97.23
18/04/2016;98.7
19/04/2016;100.5
20/04/2016;101.69
21/04/2016;101.4
22/04/2016;102.01
25/04/2016;101.51
26/04/2016;102.29
27/04/2016;103.85
28/04/2016;102.4
29/04/2016;102.18
02/05/2016;103.31
03/05/2016;101.32
04/05/2016;100.59
05/05/2016;101.42
06/05/2016;101.86
09/05/2016;100.35
10/05/2016;101.27
11/05/2016;101.14
12/05/2016;102.12
13/05/2016;100.74
16/05/2016;102.29
17/05/2016;100.75
18/05/2016;100.06
19/05/2016;99.85
20/05/2016;99.79
23/05/2016;99.38
24/05/2016;100.19
25/05/2016;101.77
26/05/2016;101.5
27/05/2016;102.02
31/05/2016;101
01/06/2016;101.13
02/06/2016;100.53
03/06/2016;100.66
06/06/2016;101.17
07/06/2016;103.32
08/06/2016;103.09
09/06/2016;102.81
10/06/2016;101.98
13/06/2016;102.1
14/06/2016;101.28
15/06/2016;100.63
16/06/2016;101.07
17/06/2016;101.57
20/06/2016;102.61
21/06/2016;103.24
22/06/2016;102.29
23/06/2016;104.44
24/06/2016;101.9
27/06/2016;100.36
28/06/2016;101.63
29/06/2016;103.42
30/06/2016;104.83
01/07/2016;104.15
05/07/2016;103.57
06/07/2016;104.58
07/07/2016;103.05
08/07/2016;104.77
11/07/2016;105.39
12/07/2016;106.78
13/07/2016;106.65
14/07/2016;106.7
15/07/2016;107.03
18/07/2016;106.09
19/07/2016;106.04
20/07/2016;105.59
21/07/2016;105.39
22/07/2016;105.66
25/07/2016;103.07
26/07/2016;102.68
27/07/2016;102.26
28/07/2016;101.79
29/07/2016;102.48
01/08/2016;99.11
02/08/2016;99.59
03/08/2016;100.61
04/08/2016;100.39
05/08/2016;100.51
08/08/2016;101.2
09/08/2016;101.32
10/08/2016;100.14
11/08/2016;101.4
12/08/2016;102.16
15/08/2016;102.77
16/08/2016;102.62
17/08/2016;102.22
18/08/2016;103.55
19/08/2016;102.32
22/08/2016;101.94
23/08/2016;101.68
24/08/2016;102.2
25/08/2016;101.89
26/08/2016;101.32
29/08/2016;102.05
30/08/2016;101.7
31/08/2016;100.58
01/09/2016;100.21
02/09/2016;100.93
06/09/2016;102.43
07/09/2016;102.88
08/09/2016;104.12
09/09/2016;101.27
12/09/2016;102.25
13/09/2016;99.43
14/09/2016;98.42
15/09/2016;99.5
16/09/2016;97.84
19/09/2016;98.04
20/09/2016;97.7
21/09/2016;99.63
22/09/2016;99.98
23/09/2016;99.22
26/09/2016;98.78
27/09/2016;98.98
28/09/2016;102.15
29/09/2016;101.27
30/09/2016;102.92
03/10/2016;102.45
04/10/2016;101.27
05/10/2016;102.23
06/10/2016;102.18
07/10/2016;102.27
10/10/2016;103.98
11/10/2016;103.04
12/10/2016;102.15
13/10/2016;100.79
14/10/2016;101.08
17/10/2016;101.36
18/10/2016;101.79
19/10/2016;102.27
20/10/2016;101.87
21/10/2016;101.3
24/10/2016;100.66
25/10/2016;100.77
26/10/2016;101.19
27/10/2016;99.92
28/10/2016;103.82
31/10/2016;104.75
01/11/2016;106.48
02/11/2016;105.39
03/11/2016;105.39
04/11/2016;104.78
07/11/2016;106.85
08/11/2016;107.29
09/11/2016;107.64
10/11/2016;107.79
11/11/2016;106.64
14/11/2016;106.59
15/11/2016;108.96
16/11/2016;108.35
17/11/2016;108.12
18/11/2016;109.2
21/11/2016;110.18
22/11/2016;110.62
23/11/2016;111
25/11/2016;111
28/11/2016;110.5
29/11/2016;109.34
30/11/2016;111.56
01/12/2016;113.29
02/12/2016;113
05/12/2016;113.25
06/12/2016;112.76
07/12/2016;114.44
08/12/2016;115.17
09/12/2016;115.81
12/12/2016;117.15
13/12/2016;117.42
14/12/2016;115.96
15/12/2016;117.05
16/12/2016;118.08
19/12/2016;117.65
20/12/2016;117.95
21/12/2016;117.91
22/12/2016;118.77
23/12/2016;118.42
27/12/2016;118.22
28/12/2016;117.91
29/12/2016;117.82
30/12/2016;117.7
03/01/2017;117.85
04/01/2017;117.82
05/01/2017;117.31
06/01/2017;116.84
09/01/2017;115.84
10/01/2017;114.96
11/01/2017;115.93
12/01/2017;116.16
13/01/2017;116.38
17/01/2017;116.28
18/01/2017;115.94
19/01/2017;115.58
20/01/2017;115.6
23/01/2017;115.39
24/01/2017;116.37
25/01/2017;117.24
26/01/2017;116.55
27/01/2017;113.79
30/01/2017;111.82
31/01/2017;111.35
01/02/2017;111
02/02/2017;112.21
03/02/2017;113.57
06/02/2017;112.98
07/02/2017;111.39
08/02/2017;111.58
09/02/2017;112.26
10/02/2017;113.05
13/02/2017;113.91
14/02/2017;112.52
15/02/2017;112.57
16/02/2017;110.68
17/02/2017;110.33
21/02/2017;111.72
22/02/2017;110.38
23/02/2017;111.02
24/02/2017;110.12
27/02/2017;111.75
28/02/2017;112.5
01/03/2017;113.88
02/03/2017;113.36
03/03/2017;113.55
06/03/2017;113.17
07/03/2017;111.81
08/03/2017;109.61
09/03/2017;110.04
10/03/2017;110.61
13/03/2017;109.35
14/03/2017;107.36
15/03/2017;108.88
16/03/2017;107.86
17/03/2017;107.68
20/03/2017;107.66
21/03/2017;108.04
22/03/2017;108.39
23/03/2017;107.87
24/03/2017;107.99
27/03/2017;106.28
28/03/2017;107.17
29/03/2017;108.07
30/03/2017;107.78
31/03/2017;107.37
03/04/2017;107.8
04/04/2017;108.66
05/04/2017;108.64
06/04/2017;109.29
07/04/2017;108.86
10/04/2017;109.43
11/04/2017;108.97
12/04/2017;108.97
13/04/2017;106.1
17/04/2017;106.17
18/04/2017;105.68
19/04/2017;104.23
20/04/2017;104.88
21/04/2017;104.89
24/04/2017;105.93
25/04/2017;106.73
26/04/2017;106.08
27/04/2017;105.47
28/04/2017;106.7
01/05/2017;105.92
02/05/2017;105.36
03/05/2017;106.72
04/05/2017;104.81
05/05/2017;105.79
08/05/2017;106.68
09/05/2017;105.08
10/05/2017;106.5
11/05/2017;106.21
12/05/2017;105.96
15/05/2017;106.85
16/05/2017;107.25
17/05/2017;104.7
18/05/2017;105.17
19/05/2017;106.52
22/05/2017;106.12
23/05/2017;106.27
24/05/2017;106.22
25/05/2017;105.11
26/05/2017;104.72
30/05/2017;104.06
31/05/2017;103.48
01/06/2017;104.27
02/06/2017;103.11
05/06/2017;103.19
06/06/2017;104.17
07/06/2017;103.77
08/06/2017;104
09/06/2017;106.4
12/06/2017;108.04
13/06/2017;108.13
14/06/2017;106.6
15/06/2017;106.33
16/06/2017;108.35
19/06/2017;107.46
20/06/2017;106.48
21/06/2017;104.49
22/06/2017;104.45
23/06/2017;105
26/06/2017;104.14
27/06/2017;104.07
28/06/2017;104.28
29/06/2017;104.12
30/06/2017;104.33
03/07/2017;106.3
05/07/2017;104.62
06/07/2017;103.82
07/07/2017;103.49
10/07/2017;103.04
11/07/2017;103.12
12/07/2017;103.89
13/07/2017;104.13
14/07/2017;104.44
17/07/2017;104.21
18/07/2017;103.72
19/07/2017;104.46
20/07/2017;104.63
21/07/2017;103.25
24/07/2017;103.2
25/07/2017;104.39
26/07/2017;105.12
27/07/2017;106.11
28/07/2017;108.12
31/07/2017;109.19
01/08/2017;110.78
02/08/2017;110.46
03/08/2017;109.43
04/08/2017;110.11
07/08/2017;109.78
08/08/2017;110.35
09/08/2017;110.89
10/08/2017;110.11
11/08/2017;109.23
14/08/2017;108.71
15/08/2017;108.57
16/08/2017;106.84
17/08/2017;105.92
18/08/2017;106.48
21/08/2017;105.78
22/08/2017;106.36
23/08/2017;106.61
24/08/2017;107.44
25/08/2017;108.23
28/08/2017;107.76
29/08/2017;107.86
30/08/2017;107.73
31/08/2017;107.62
01/09/2017;108.76
05/09/2017;109.44
06/09/2017;111.79
07/09/2017;111.8
08/09/2017;110.78
11/09/2017;112.52
12/09/2017;112.49
13/09/2017;114.18
14/09/2017;114.45
15/09/2017;114.63
18/09/2017;115.19
19/09/2017;116.34
20/09/2017;116.37
21/09/2017;116.47
22/09/2017;117.29
25/09/2017;117.99
26/09/2017;117.52
27/09/2017;117.45
28/09/2017;117.62
29/09/2017;117.5
02/10/2017;117.43
03/10/2017;117.82
04/10/2017;117.58
05/10/2017;118.58
06/10/2017;117.03
09/10/2017;117.71
10/10/2017;118.8
11/10/2017;119.33
12/10/2017;119.14
13/10/2017;119.16
16/10/2017;120.13
17/10/2017;120.22
18/10/2017;118.15
19/10/2017;118.2
20/10/2017;118.64
23/10/2017;118.93
24/10/2017;119.23
25/10/2017;118.44
26/10/2017;118.44
27/10/2017;113.54
30/10/2017;114.39
31/10/2017;115.89
01/11/2017;115.9
02/11/2017;115.33
03/11/2017;114.99
06/11/2017;117.04
07/11/2017;117.24
08/11/2017;116.67
09/11/2017;117.24
10/11/2017;117.18
13/11/2017;117.23
14/11/2017;116.92
15/11/2017;116.45
16/11/2017;114.57
17/11/2017;114.71
20/11/2017;114.72
21/11/2017;115.17
22/11/2017;115.91
24/11/2017;116.51
27/11/2017;115.59
28/11/2017;116.45
29/11/2017;117.18
30/11/2017;118.99
01/12/2017;119.51
04/12/2017;120.84
05/12/2017;120.39
06/12/2017;119.61
07/12/2017;119.63
08/12/2017;119.92
11/12/2017;120.42
12/12/2017;119.68
13/12/2017;119.93
14/12/2017;119.53
15/12/2017;119.73
18/12/2017;119.7
19/12/2017;119.84
20/12/2017;120.89
21/12/2017;124.82
22/12/2017;#N/A N/A
