11/12/2000;28.275
12/12/2000;29.49
13/12/2000;29.075
14/12/2000;28.88
15/12/2000;28.58
18/12/2000;29.615
19/12/2000;29.51
20/12/2000;29.655
21/12/2000;30.415
22/12/2000;29.88
26/12/2000;31.175
27/12/2000;32.28
28/12/2000;32.25
29/12/2000;32.275
02/01/2001;31.25
03/01/2001;30.055
04/01/2001;27.96
05/01/2001;28.8
08/01/2001;29.43
09/01/2001;29.975
10/01/2001;29.58
11/01/2001;29.08
12/01/2001;28.95
16/01/2001;28.95
17/01/2001;28.275
18/01/2001;28.44
19/01/2001;28.325
22/01/2001;28.39
23/01/2001;28.865
24/01/2001;29.05
25/01/2001;29.175
26/01/2001;28.505
29/01/2001;28.19
30/01/2001;29.36
31/01/2001;30.04
01/02/2001;30.54
02/02/2001;30.4
05/02/2001;29.925
06/02/2001;30.025
07/02/2001;29.675
08/02/2001;29.955
09/02/2001;29.69
12/02/2001;29.41
13/02/2001;29
14/02/2001;28.2
15/02/2001;28.35
16/02/2001;29.625
20/02/2001;30.025
21/02/2001;29.575
22/02/2001;29.625
23/02/2001;29.2
26/02/2001;29.075
27/02/2001;29.375
28/02/2001;29.525
01/03/2001;28.775
02/03/2001;29.06
05/03/2001;29.25
06/03/2001;28.9
07/03/2001;29.09
08/03/2001;30
09/03/2001;29.45
12/03/2001;28.425
13/03/2001;28.2
14/03/2001;27.735
15/03/2001;27.45
16/03/2001;27.11
19/03/2001;26.725
20/03/2001;26.83
21/03/2001;25.675
22/03/2001;25.5
23/03/2001;25.75
26/03/2001;26.55
27/03/2001;27.605
28/03/2001;27.705
29/03/2001;27.1
30/03/2001;27.63
02/04/2001;27.425
03/04/2001;26.7
04/04/2001;27.025
05/04/2001;27.75
06/04/2001;26.875
09/04/2001;26.05
10/04/2001;25.775
11/04/2001;25.63
12/04/2001;26.6
16/04/2001;26.675
17/04/2001;26.435
18/04/2001;25.875
19/04/2001;26.285
20/04/2001;26.65
23/04/2001;26.52
24/04/2001;26.2
25/04/2001;26.69
26/04/2001;26.9
27/04/2001;27.825
30/04/2001;27.925
01/05/2001;28.23
02/05/2001;28
03/05/2001;27.925
04/05/2001;28.4
07/05/2001;28.59
08/05/2001;28.64
09/05/2001;28.695
10/05/2001;29
11/05/2001;29.07
14/05/2001;29.095
15/05/2001;28.35
16/05/2001;29.26
17/05/2001;29.025
18/05/2001;28.7
21/05/2001;28.8
22/05/2001;28.11
23/05/2001;28.39
24/05/2001;28.595
25/05/2001;28.39
29/05/2001;28.99
30/05/2001;28.765
31/05/2001;28.32
01/06/2001;28.625
04/06/2001;28.73
05/06/2001;29.1
06/06/2001;29.225
07/06/2001;29.375
08/06/2001;29.435
11/06/2001;29.41
12/06/2001;29.415
13/06/2001;28.95
14/06/2001;28.855
15/06/2001;28.95
18/06/2001;28.955
19/06/2001;29.09
20/06/2001;29.6
21/06/2001;30.5
22/06/2001;29.675
25/06/2001;29.45
26/06/2001;30.35
27/06/2001;30.3
28/06/2001;30.475
29/06/2001;29.495
02/07/2001;29.99
03/07/2001;30.125
05/07/2001;29.815
06/07/2001;29.52
09/07/2001;29.215
10/07/2001;28.625
11/07/2001;27.625
12/07/2001;27.44
13/07/2001;27.605
16/07/2001;27.925
17/07/2001;28.15
18/07/2001;27.64
19/07/2001;27.7
20/07/2001;27.905
23/07/2001;27.325
24/07/2001;27.075
25/07/2001;27.195
26/07/2001;27.05
27/07/2001;26.995
30/07/2001;27.09
31/07/2001;27.1
01/08/2001;26.475
02/08/2001;26.47
03/08/2001;26.7
06/08/2001;26.44
07/08/2001;26.475
08/08/2001;26.495
09/08/2001;26.75
10/08/2001;26.75
13/08/2001;27.375
14/08/2001;27.305
15/08/2001;27.19
16/08/2001;27.68
17/08/2001;27.64
20/08/2001;27.725
21/08/2001;27.75
22/08/2001;28.1
23/08/2001;27.985
24/08/2001;27.93
27/08/2001;27.68
28/08/2001;27.355
29/08/2001;27.25
30/08/2001;27.15
31/08/2001;27.075
04/09/2001;27.35
05/09/2001;27.865
06/09/2001;28.155
07/09/2001;28
10/09/2001;28.63
17/09/2001;28.7
18/09/2001;29
19/09/2001;28.475
20/09/2001;27.415
21/09/2001;26.32
24/09/2001;27.265
25/09/2001;27.8
26/09/2001;28.35
27/09/2001;28.985
28/09/2001;29.125
01/10/2001;28.7
02/10/2001;28.75
03/10/2001;28.375
04/10/2001;28.075
05/10/2001;28.925
08/10/2001;28.485
09/10/2001;28.63
10/10/2001;28.995
11/10/2001;28.83
12/10/2001;28.7
15/10/2001;28.55
16/10/2001;28.615
17/10/2001;28.385
18/10/2001;28.8
19/10/2001;29.08
22/10/2001;29.705
23/10/2001;29.36
24/10/2001;29.245
25/10/2001;29.45
26/10/2001;29.25
29/10/2001;28.81
30/10/2001;28.89
31/10/2001;28.76
01/11/2001;28.88
02/11/2001;29.25
05/11/2001;29.275
06/11/2001;29.43
07/11/2001;29.325
08/11/2001;28.875
09/11/2001;28.68
12/11/2001;28.4
13/11/2001;28.93
14/11/2001;28.865
15/11/2001;29.2
16/11/2001;29.275
19/11/2001;29.31
20/11/2001;29.335
21/11/2001;29.29
23/11/2001;29.315
26/11/2001;29.42
27/11/2001;28.895
28/11/2001;28.975
29/11/2001;28.84
30/11/2001;29.18
03/12/2001;29.05
04/12/2001;29.135
05/12/2001;28.97
06/12/2001;28.4
07/12/2001;28.33
10/12/2001;28.305
11/12/2001;28.315
12/12/2001;28.48
13/12/2001;28.51
14/12/2001;28.275
17/12/2001;28.175
18/12/2001;28.775
19/12/2001;29.2
20/12/2001;29.095
21/12/2001;28.835
24/12/2001;28.815
26/12/2001;29.025
27/12/2001;29.08
28/12/2001;29.07
31/12/2001;28.875
02/01/2002;28.81
03/01/2002;28.71
04/01/2002;28.12
07/01/2002;27.825
08/01/2002;28
09/01/2002;28.125
10/01/2002;27.7
11/01/2002;27.635
14/01/2002;27.92
15/01/2002;28.425
16/01/2002;28.445
17/01/2002;28.55
18/01/2002;28.575
22/01/2002;28.375
23/01/2002;28.15
24/01/2002;27.95
25/01/2002;28.21
28/01/2002;28.245
29/01/2002;27.76
30/01/2002;28.05
31/01/2002;28.575
01/02/2002;28.575
04/02/2002;28.165
05/02/2002;27.98
06/02/2002;27.685
07/02/2002;27.215
08/02/2002;27.2
11/02/2002;27.075
12/02/2002;27.3
13/02/2002;27.545
14/02/2002;27.52
15/02/2002;28
19/02/2002;27.8
20/02/2002;28.095
21/02/2002;28
22/02/2002;28.35
25/02/2002;28.475
26/02/2002;28.31
27/02/2002;28.2
28/02/2002;27.99
01/03/2002;28.425
04/03/2002;28.19
05/03/2002;27.675
06/03/2002;27.95
07/03/2002;27.27
08/03/2002;27.165
11/03/2002;27.05
12/03/2002;27.635
13/03/2002;27.35
14/03/2002;27.275
15/03/2002;27.99
18/03/2002;28.215
19/03/2002;28.44
20/03/2002;28.405
21/03/2002;28.31
22/03/2002;28.45
25/03/2002;28.04
26/03/2002;28.335
27/03/2002;28.655
28/03/2002;28.575
01/04/2002;28.3
02/04/2002;28.415
03/04/2002;28.24
04/04/2002;28.69
05/04/2002;28.68
08/04/2002;28.77
09/04/2002;28.675
10/04/2002;29.205
11/04/2002;28.705
12/04/2002;29.365
15/04/2002;28.935
16/04/2002;29.175
17/04/2002;28.875
18/04/2002;26.975
19/04/2002;27.2
22/04/2002;27.325
23/04/2002;27.55
24/04/2002;27.66
25/04/2002;27.82
26/04/2002;27.545
29/04/2002;26.99
30/04/2002;26.505
01/05/2002;26.775
02/05/2002;27.395
03/05/2002;27.275
06/05/2002;27.59
07/05/2002;27.475
08/05/2002;27.695
09/05/2002;27.45
10/05/2002;27.76
13/05/2002;27.8
14/05/2002;27.825
15/05/2002;27.755
16/05/2002;27.835
17/05/2002;27.52
20/05/2002;27.425
21/05/2002;27.03
22/05/2002;27.04
23/05/2002;26.97
24/05/2002;26.73
28/05/2002;26.11
29/05/2002;25.875
30/05/2002;25.95
31/05/2002;27.1
03/06/2002;27.025
04/06/2002;26.985
05/06/2002;27.79
06/06/2002;27.575
07/06/2002;27.575
10/06/2002;26.965
11/06/2002;26.55
12/06/2002;26.93
13/06/2002;26.4
14/06/2002;26.275
17/06/2002;26.865
18/06/2002;26.47
19/06/2002;26.395
20/06/2002;25.8
21/06/2002;25.24
24/06/2002;24.825
25/06/2002;23.975
26/06/2002;24.83
27/06/2002;25.775
28/06/2002;25.025
01/07/2002;25.84
02/07/2002;25.275
03/07/2002;25.075
05/07/2002;25.87
08/07/2002;25.645
09/07/2002;25.02
10/07/2002;24.775
11/07/2002;25.26
12/07/2002;24.74
15/07/2002;24.375
16/07/2002;23.845
17/07/2002;23.575
18/07/2002;23.09
19/07/2002;22.18
22/07/2002;22.655
23/07/2002;23.6
24/07/2002;24.995
25/07/2002;25.295
26/07/2002;25.125
29/07/2002;26.235
30/07/2002;25.65
31/07/2002;25.675
01/08/2002;26.21
02/08/2002;26.175
05/08/2002;25.46
06/08/2002;25.825
07/08/2002;26.25
08/08/2002;27.065
09/08/2002;27.035
12/08/2002;26.855
13/08/2002;26.615
14/08/2002;27.21
15/08/2002;27.4
16/08/2002;26.975
19/08/2002;27.45
20/08/2002;27.15
21/08/2002;27.355
22/08/2002;27.315
23/08/2002;26.885
26/08/2002;26.63
27/08/2002;27.035
28/08/2002;26.83
29/08/2002;26.825
30/08/2002;27.275
03/09/2002;26.34
04/09/2002;27.255
05/09/2002;28.07
06/09/2002;27.45
09/09/2002;27.925
10/09/2002;27.85
11/09/2002;27.955
12/09/2002;27.45
13/09/2002;27.75
16/09/2002;28.03
17/09/2002;27.4
18/09/2002;27.275
19/09/2002;26.705
20/09/2002;26.65
23/09/2002;26.745
24/09/2002;26.25
25/09/2002;26.84
26/09/2002;27.76
27/09/2002;27.355
30/09/2002;26.975
01/10/2002;27.4
02/10/2002;27.08
03/10/2002;27.09
04/10/2002;27.085
07/10/2002;27.375
08/10/2002;27.655
09/10/2002;27.29
10/10/2002;27.675
11/10/2002;28.2
14/10/2002;28.5
15/10/2002;28.045
16/10/2002;27.4
17/10/2002;27.85
18/10/2002;28.34
21/10/2002;28.955
22/10/2002;28.31
23/10/2002;28.3
24/10/2002;27.7
25/10/2002;27.885
28/10/2002;27.385
29/10/2002;27.845
30/10/2002;27.975
31/10/2002;27.49
01/11/2002;27.5
04/11/2002;26.645
05/11/2002;27.25
06/11/2002;26.7
07/11/2002;26.92
08/11/2002;27.015
11/11/2002;26.975
12/11/2002;26.44
13/11/2002;26.3
14/11/2002;26.465
15/11/2002;26.545
18/11/2002;26.325
19/11/2002;26.395
20/11/2002;26.565
21/11/2002;25.7
22/11/2002;25.785
25/11/2002;25.52
26/11/2002;25.575
27/11/2002;25.95
29/11/2002;25.695
02/12/2002;25.7
03/12/2002;25.85
04/12/2002;26.555
05/12/2002;26.28
06/12/2002;26.74
09/12/2002;26.825
10/12/2002;27.05
11/12/2002;26.765
12/12/2002;26.54
13/12/2002;26.45
16/12/2002;26.375
17/12/2002;26.21
18/12/2002;26.335
19/12/2002;25.95
20/12/2002;26.2
23/12/2002;26.325
24/12/2002;26.22
26/12/2002;26.31
27/12/2002;26.075
30/12/2002;26.09
31/12/2002;26.215
02/01/2003;26.9
03/01/2003;26.58
06/01/2003;27.16
07/01/2003;26.79
08/01/2003;26.6
09/01/2003;26.55
10/01/2003;26.465
13/01/2003;26.425
14/01/2003;26.29
15/01/2003;26.15
16/01/2003;27
17/01/2003;26.88
21/01/2003;26.535
22/01/2003;25.99
23/01/2003;26.185
24/01/2003;25.805
27/01/2003;25.425
28/01/2003;25.76
29/01/2003;25.41
30/01/2003;24.81
31/01/2003;25.455
03/02/2003;25.375
04/02/2003;26.095
05/02/2003;25.75
06/02/2003;25.71
07/02/2003;25.6
10/02/2003;25.75
11/02/2003;25.305
12/02/2003;25.085
13/02/2003;25.19
14/02/2003;25.365
18/02/2003;25.46
19/02/2003;25.25
20/02/2003;25.035
21/02/2003;25.5
24/02/2003;25.185
25/02/2003;25.485
26/02/2003;25.405
27/02/2003;25.395
28/02/2003;25.155
03/03/2003;25.025
04/03/2003;24.865
05/03/2003;25.075
06/03/2003;24.825
07/03/2003;24.825
10/03/2003;24.55
11/03/2003;24.925
12/03/2003;25.55
13/03/2003;26.005
14/03/2003;26.1
17/03/2003;26.875
18/03/2003;26.725
19/03/2003;27.21
20/03/2003;27.295
21/03/2003;27.875
24/03/2003;27.055
25/03/2003;26.9
26/03/2003;26.895
27/03/2003;27.04
28/03/2003;27.175
31/03/2003;27.22
01/04/2003;27.5
02/04/2003;27.75
03/04/2003;27.27
04/04/2003;27.26
07/04/2003;27.45
08/04/2003;27.58
09/04/2003;27.75
10/04/2003;27.84
11/04/2003;27.76
14/04/2003;28.31
15/04/2003;28.595
16/04/2003;28.175
17/04/2003;27.875
21/04/2003;28.16
22/04/2003;28.65
23/04/2003;28.71
24/04/2003;28.6
25/04/2003;28.34
28/04/2003;28.705
29/04/2003;28.75
30/04/2003;28.585
01/05/2003;28.445
02/05/2003;28.575
05/05/2003;28.8
06/05/2003;28.775
07/05/2003;28.875
08/05/2003;28.49
09/05/2003;28.685
12/05/2003;29.17
13/05/2003;28.695
14/05/2003;28.885
15/05/2003;29.17
16/05/2003;29.285
19/05/2003;29.25
20/05/2003;29.575
21/05/2003;29.225
22/05/2003;29.445
23/05/2003;29.4
27/05/2003;29.445
28/05/2003;29.465
29/05/2003;29.57
30/05/2003;29.81
02/06/2003;29.745
03/06/2003;29.765
04/06/2003;29.65
05/06/2003;29.54
06/06/2003;29.3
09/06/2003;29.385
10/06/2003;29.315
11/06/2003;29.45
12/06/2003;29.88
13/06/2003;29.99
16/06/2003;30.44
17/06/2003;30.325
18/06/2003;30.39
19/06/2003;29.94
20/06/2003;29.955
23/06/2003;29.815
24/06/2003;30.085
25/06/2003;29.375
26/06/2003;29.16
27/06/2003;28.84
30/06/2003;28.975
01/07/2003;29.125
02/07/2003;29.155
03/07/2003;28.93
07/07/2003;29
08/07/2003;29
09/07/2003;28.81
10/07/2003;28.65
11/07/2003;28.625
14/07/2003;28.49
15/07/2003;28.475
16/07/2003;28.26
17/07/2003;27.98
18/07/2003;28.15
21/07/2003;28.15
22/07/2003;28.3
23/07/2003;28.14
24/07/2003;27.97
25/07/2003;27.95
28/07/2003;27.775
29/07/2003;27.625
30/07/2003;27.56
31/07/2003;27.3
01/08/2003;27.15
04/08/2003;27.165
05/08/2003;27.15
06/08/2003;27.425
07/08/2003;27.36
08/08/2003;27.51
11/08/2003;27.62
12/08/2003;28.025
13/08/2003;27.81
14/08/2003;27.875
15/08/2003;27.495
18/08/2003;27.29
19/08/2003;27.22
20/08/2003;27.24
21/08/2003;27.175
22/08/2003;26.675
25/08/2003;26.7
26/08/2003;26.955
27/08/2003;27.675
28/08/2003;27.665
29/08/2003;27.64
02/09/2003;28.05
03/09/2003;28.275
04/09/2003;28.15
05/09/2003;28.115
08/09/2003;28.245
09/09/2003;27.975
10/09/2003;28.02
11/09/2003;28.225
12/09/2003;28.06
15/09/2003;27.675
16/09/2003;27.81
17/09/2003;27.595
18/09/2003;27.425
19/09/2003;27.675
22/09/2003;27.41
23/09/2003;27.715
24/09/2003;27.785
25/09/2003;27.855
26/09/2003;27.65
29/09/2003;27.88
30/09/2003;27.945
01/10/2003;28.485
02/10/2003;28.615
03/10/2003;28.67
06/10/2003;28.845
07/10/2003;28.975
08/10/2003;28.9
09/10/2003;28.825
10/10/2003;28.95
13/10/2003;29.04
14/10/2003;29.13
15/10/2003;29.31
16/10/2003;29.015
17/10/2003;28.675
20/10/2003;28.685
21/10/2003;28.805
22/10/2003;28.88
23/10/2003;26.595
24/10/2003;25.925
27/10/2003;25.545
28/10/2003;25.58
29/10/2003;26.11
30/10/2003;25.81
31/10/2003;26.595
03/11/2003;26.575
04/11/2003;26.65
05/11/2003;26.185
06/11/2003;26.145
07/11/2003;26.05
10/11/2003;25.97
11/11/2003;26.165
12/11/2003;26.36
13/11/2003;26.4
14/11/2003;26.05
17/11/2003;26.05
18/11/2003;25.715
19/11/2003;25.85
20/11/2003;25.885
21/11/2003;25.935
24/11/2003;26.225
25/11/2003;26.21
26/11/2003;26.17
28/11/2003;26.25
01/12/2003;26.45
02/12/2003;26.52
03/12/2003;26.5
04/12/2003;26.85
05/12/2003;26.93
08/12/2003;26.795
09/12/2003;26.465
10/12/2003;26.305
11/12/2003;26.3
12/12/2003;26.805
15/12/2003;26.78
16/12/2003;26.58
17/12/2003;26.94
18/12/2003;25.15
19/12/2003;24.595
22/12/2003;24.565
23/12/2003;24.67
24/12/2003;24.585
26/12/2003;24.65
29/12/2003;24.99
30/12/2003;24.955
31/12/2003;25.025
02/01/2004;24.81
05/01/2004;25.025
06/01/2004;25.19
07/01/2004;25.325
08/01/2004;25.385
09/01/2004;25.245
12/01/2004;25.18
13/01/2004;25.29
14/01/2004;25.21
15/01/2004;25.525
16/01/2004;25.615
20/01/2004;25.54
21/01/2004;25.725
22/01/2004;25.62
23/01/2004;25.495
26/01/2004;25.695
27/01/2004;25.63
28/01/2004;25.425
29/01/2004;25.975
30/01/2004;25.635
02/02/2004;25.17
03/02/2004;25.925
04/02/2004;26.88
05/02/2004;27.31
06/02/2004;27.4
09/02/2004;27.46
10/02/2004;27.5
11/02/2004;27.535
12/02/2004;27.53
13/02/2004;27.515
17/02/2004;27.675
18/02/2004;27.75
19/02/2004;28.25
20/02/2004;28.025
23/02/2004;28.005
24/02/2004;27.61
25/02/2004;27.5
26/02/2004;27.735
27/02/2004;27.725
01/03/2004;28.12
02/03/2004;28.065
03/03/2004;28.155
04/03/2004;28.02
05/03/2004;28.175
08/03/2004;28.26
09/03/2004;28.13
10/03/2004;28.275
11/03/2004;27.45
12/03/2004;27.46
15/03/2004;27.24
16/03/2004;27.33
17/03/2004;27.5
18/03/2004;27.5
19/03/2004;27.375
22/03/2004;26.825
23/03/2004;26.495
24/03/2004;26.4
25/03/2004;27.455
26/03/2004;27.36
29/03/2004;27.675
30/03/2004;28.025
31/03/2004;27.55
01/04/2004;27.46
02/04/2004;27.81
05/04/2004;27.42
06/04/2004;27.49
07/04/2004;27.18
08/04/2004;27.135
12/04/2004;26.99
13/04/2004;26.78
14/04/2004;27.425
15/04/2004;27.75
16/04/2004;27.875
19/04/2004;28.155
20/04/2004;28.305
21/04/2004;28.125
22/04/2004;28.21
23/04/2004;28.32
26/04/2004;28.53
27/04/2004;28.51
28/04/2004;28.2
29/04/2004;28.925
30/04/2004;28.94
03/05/2004;29.46
04/05/2004;29.365
05/05/2004;29.29
06/05/2004;29.245
07/05/2004;28.815
10/05/2004;28.505
11/05/2004;28.535
12/05/2004;28.455
13/05/2004;27.995
14/05/2004;27.875
17/05/2004;28.085
18/05/2004;28.075
19/05/2004;27.955
20/05/2004;27.985
21/05/2004;28.615
24/05/2004;28.4
25/05/2004;28.58
26/05/2004;28.945
27/05/2004;28.76
28/05/2004;28.6
01/06/2004;28.77
02/06/2004;28.71
03/06/2004;28.525
04/06/2004;28.46
07/06/2004;28.8
08/06/2004;28.885
09/06/2004;29.055
10/06/2004;29.075
14/06/2004;29.05
15/06/2004;29.095
16/06/2004;29.235
17/06/2004;29.175
18/06/2004;29.19
21/06/2004;29.14
22/06/2004;29.34
23/06/2004;29.21
24/06/2004;29.08
25/06/2004;28.675
28/06/2004;28.88
29/06/2004;29.3
30/06/2004;29.225
01/07/2004;29.365
02/07/2004;29.19
06/07/2004;29.145
07/07/2004;29.05
08/07/2004;29.03
09/07/2004;28.88
12/07/2004;28.83
13/07/2004;28.74
14/07/2004;28.445
15/07/2004;28.45
16/07/2004;28.16
19/07/2004;28.065
20/07/2004;28.31
21/07/2004;27.5
22/07/2004;26.925
23/07/2004;26.32
26/07/2004;26.35
27/07/2004;26.53
28/07/2004;26.725
29/07/2004;26.645
30/07/2004;26.6
02/08/2004;26.67
03/08/2004;26.485
04/08/2004;26.41
05/08/2004;26.125
06/08/2004;25.875
09/08/2004;25.775
10/08/2004;26.115
11/08/2004;26.105
12/08/2004;25.99
13/08/2004;25.865
16/08/2004;25.975
17/08/2004;25.81
18/08/2004;26.065
19/08/2004;25.94
20/08/2004;26.33
23/08/2004;26.67
24/08/2004;26.68
25/08/2004;26.925
26/08/2004;26.975
27/08/2004;26.975
30/08/2004;26.86
31/08/2004;27
01/09/2004;27.195
02/09/2004;27.41
03/09/2004;27.425
07/09/2004;27.5
08/09/2004;27.25
09/09/2004;27.11
10/09/2004;27.2
13/09/2004;27.235
14/09/2004;27.175
15/09/2004;27.185
16/09/2004;27.15
17/09/2004;27.165
20/09/2004;24.115
21/09/2004;23.035
22/09/2004;22.925
23/09/2004;22.9
24/09/2004;22.575
27/09/2004;22.615
28/09/2004;22.675
29/09/2004;22.75
30/09/2004;22.59
01/10/2004;22.56
04/10/2004;22.45
05/10/2004;22.25
06/10/2004;22.275
07/10/2004;22.205
08/10/2004;22.075
11/10/2004;21.995
12/10/2004;21.675
13/10/2004;21.725
14/10/2004;21.725
15/10/2004;21.965
18/10/2004;21.96
19/10/2004;21.53
20/10/2004;22.675
21/10/2004;22.925
22/10/2004;22.85
25/10/2004;22.475
26/10/2004;22.69
27/10/2004;22.71
28/10/2004;22.475
29/10/2004;22.31
01/11/2004;22.35
02/11/2004;22.51
03/11/2004;22.74
04/11/2004;23.26
05/11/2004;23.455
08/11/2004;23.19
09/11/2004;23.335
10/11/2004;23.225
11/11/2004;23.69
12/11/2004;23.81
15/11/2004;23.95
16/11/2004;24.07
17/11/2004;24.37
18/11/2004;23.46
19/11/2004;23.11
22/11/2004;23.015
23/11/2004;23
24/11/2004;22.895
26/11/2004;22.95
29/11/2004;23
30/11/2004;22.995
01/12/2004;23.36
02/12/2004;23.68
03/12/2004;23.45
06/12/2004;23.145
07/12/2004;25.035
08/12/2004;24.775
09/12/2004;25.125
10/12/2004;25.23
13/12/2004;25.01
14/12/2004;25.24
15/12/2004;25.11
16/12/2004;24.95
17/12/2004;24.96
20/12/2004;25.155
21/12/2004;25.225
22/12/2004;25.25
23/12/2004;25.365
27/12/2004;25.14
28/12/2004;25.165
29/12/2004;25.16
30/12/2004;25.63
31/12/2004;25.58
03/01/2005;25.01
04/01/2005;24.835
05/01/2005;24.275
06/01/2005;24.865
07/01/2005;25.04
10/01/2005;25.27
11/01/2005;25.225
12/01/2005;25.105
13/01/2005;24.95
14/01/2005;25.04
18/01/2005;25.07
19/01/2005;25.035
20/01/2005;25.06
21/01/2005;24.9
24/01/2005;24.63
25/01/2005;24.9
26/01/2005;24.94
27/01/2005;26.345
28/01/2005;25.83
31/01/2005;26.27
01/02/2005;26.605
02/02/2005;27.145
03/02/2005;27.39
04/02/2005;27.415
07/02/2005;27.6
08/02/2005;27.45
09/02/2005;27.255
10/02/2005;27
11/02/2005;27.325
14/02/2005;27.245
15/02/2005;26.96
16/02/2005;26.99
17/02/2005;26.96
18/02/2005;26.6
22/02/2005;26.2
23/02/2005;26.3
24/02/2005;26.42
25/02/2005;26.3
28/02/2005;26.46
01/03/2005;26.435
02/03/2005;26.355
03/03/2005;26.34
04/03/2005;26.42
07/03/2005;26.465
08/03/2005;26.41
09/03/2005;25.88
10/03/2005;26.35
11/03/2005;26.17
14/03/2005;26.29
15/03/2005;26.3
16/03/2005;26.105
17/03/2005;25.98
18/03/2005;26.07
21/03/2005;25.83
22/03/2005;25.295
23/03/2005;26.065
24/03/2005;25.885
28/03/2005;25.81
29/03/2005;25.715
30/03/2005;26.14
31/03/2005;26.085
01/04/2005;25.76
04/04/2005;25.89
05/04/2005;26.135
06/04/2005;26.41
07/04/2005;26.77
08/04/2005;26.77
11/04/2005;26.855
12/04/2005;26.975
13/04/2005;26.965
14/04/2005;26.65
15/04/2005;26.41
18/04/2005;26.18
19/04/2005;26.06
20/04/2005;25.545
21/04/2005;26
22/04/2005;25.69
25/04/2005;25.825
26/04/2005;25.35
27/04/2005;25.365
28/04/2005;25.21
29/04/2005;24.895
02/05/2005;25.055
03/05/2005;24.925
04/05/2005;25.02
05/05/2005;24.79
06/05/2005;24.585
09/05/2005;24.495
10/05/2005;24.3
11/05/2005;24.645
12/05/2005;24.625
13/05/2005;24.3
16/05/2005;24.59
17/05/2005;24.795
18/05/2005;25.2
19/05/2005;25.345
20/05/2005;25.56
23/05/2005;25.36
24/05/2005;25.405
25/05/2005;25.23
26/05/2005;25.145
27/05/2005;25.03
31/05/2005;24.985
01/06/2005;25.125
02/06/2005;24.805
03/06/2005;24.545
06/06/2005;24.48
07/06/2005;24.835
08/06/2005;24.9
09/06/2005;24.85
10/06/2005;24.88
13/06/2005;24.845
14/06/2005;24.825
15/06/2005;24.77
16/06/2005;24.45
17/06/2005;24.665
20/06/2005;25.37
21/06/2005;25.42
22/06/2005;25.6
23/06/2005;25.675
24/06/2005;25.3
27/06/2005;25.075
28/06/2005;25.315
29/06/2005;25.435
30/06/2005;24.955
01/07/2005;25.025
05/07/2005;25.185
06/07/2005;24.775
07/07/2005;24.995
08/07/2005;25.23
11/07/2005;25.21
12/07/2005;25.415
13/07/2005;25.595
14/07/2005;25.63
15/07/2005;25.775
18/07/2005;25.74
19/07/2005;25.715
20/07/2005;25.715
21/07/2005;25.925
22/07/2005;25.99
25/07/2005;25.93
26/07/2005;25.875
27/07/2005;26
28/07/2005;26.65
29/07/2005;26.47
01/08/2005;26.525
02/08/2005;26.47
03/08/2005;26.56
04/08/2005;26.19
05/08/2005;26.31
08/08/2005;26.29
09/08/2005;26.315
10/08/2005;26.375
11/08/2005;26.35
12/08/2005;26.4
15/08/2005;26.385
16/08/2005;26.19
17/08/2005;25.95
18/08/2005;26.375
19/08/2005;26.06
22/08/2005;26.205
23/08/2005;26.505
24/08/2005;26.325
25/08/2005;26.235
26/08/2005;26.085
29/08/2005;26.42
30/08/2005;26.205
31/08/2005;26.25
01/09/2005;26.32
02/09/2005;26.245
06/09/2005;26.755
07/09/2005;27.03
08/09/2005;26.7
09/09/2005;26.67
12/09/2005;26.55
13/09/2005;26.38
14/09/2005;26.275
15/09/2005;26.495
16/09/2005;26.81
19/09/2005;26.41
20/09/2005;26.295
21/09/2005;25.975
22/09/2005;25.985
23/09/2005;26.04
26/09/2005;25.675
27/09/2005;25.99
28/09/2005;26.185
29/09/2005;26.28
30/09/2005;26.395
03/10/2005;26.5
04/10/2005;26.515
05/10/2005;26.205
06/10/2005;26.1
07/10/2005;26.32
10/10/2005;26.13
11/10/2005;26.07
12/10/2005;25.98
13/10/2005;25.89
14/10/2005;26.2
17/10/2005;26.195
18/10/2005;26.055
19/10/2005;26.34
20/10/2005;26.045
21/10/2005;26.015
24/10/2005;26.25
25/10/2005;26.2
26/10/2005;26.075
27/10/2005;26.04
28/10/2005;26.57
31/10/2005;26.48
01/11/2005;26.18
02/11/2005;26.145
03/11/2005;26
04/11/2005;25.925
07/11/2005;25.985
08/11/2005;26.33
09/11/2005;26.58
10/11/2005;26.825
11/11/2005;26.815
14/11/2005;26.585
15/11/2005;26.765
16/11/2005;26.8
17/11/2005;27.1
18/11/2005;26.93
21/11/2005;27.195
22/11/2005;26.935
23/11/2005;27
25/11/2005;27.025
28/11/2005;27.155
29/11/2005;27.145
30/11/2005;27.26
01/12/2005;27.595
02/12/2005;27.48
05/12/2005;27.625
06/12/2005;27.765
07/12/2005;27.455
08/12/2005;27.63
09/12/2005;27.52
12/12/2005;27.435
13/12/2005;27.825
14/12/2005;28.125
15/12/2005;28.195
16/12/2005;27.97
19/12/2005;27.94
20/12/2005;27.675
21/12/2005;27.625
22/12/2005;27.71
23/12/2005;27.75
27/12/2005;27.515
28/12/2005;27.625
29/12/2005;27.65
30/12/2005;27.425
03/01/2006;27.455
04/01/2006;27.78
05/01/2006;27.365
06/01/2006;27.41
09/01/2006;27.735
10/01/2006;27.455
11/01/2006;27.34
12/01/2006;27.125
13/01/2006;27.375
17/01/2006;27.245
18/01/2006;27.26
19/01/2006;27.505
20/01/2006;26.85
23/01/2006;26.96
24/01/2006;26.875
25/01/2006;27.825
26/01/2006;27.305
27/01/2006;27.995
30/01/2006;27.675
31/01/2006;27.445
01/02/2006;27.65
02/02/2006;27.42
03/02/2006;27.27
06/02/2006;27.075
07/02/2006;26.91
08/02/2006;26.94
09/02/2006;26.88
10/02/2006;27.01
13/02/2006;27.045
14/02/2006;27.125
15/02/2006;27.255
16/02/2006;27.405
17/02/2006;27.4
21/02/2006;27.16
22/02/2006;27.285
23/02/2006;27.325
24/02/2006;27.31
27/02/2006;27.715
28/02/2006;27.24
01/03/2006;27.385
02/03/2006;27.255
03/03/2006;27.43
06/03/2006;27.15
07/03/2006;27.32
08/03/2006;28.27
09/03/2006;28.64
10/03/2006;28.86
13/03/2006;28.905
14/03/2006;28.325
15/03/2006;28.335
16/03/2006;28.325
17/03/2006;28.345
20/03/2006;28.5
21/03/2006;28.79
22/03/2006;29.01
23/03/2006;28.67
24/03/2006;28.9
27/03/2006;28.885
28/03/2006;28.605
29/03/2006;28.83
30/03/2006;29.14
31/03/2006;28.55
03/04/2006;28.915
04/04/2006;28.935
05/04/2006;28.99
06/04/2006;29.015
07/04/2006;28.775
10/04/2006;28.9
11/04/2006;28.53
12/04/2006;28.44
13/04/2006;28.3
17/04/2006;28.13
18/04/2006;28.37
19/04/2006;28.465
20/04/2006;28.47
21/04/2006;28.43
24/04/2006;28.67
25/04/2006;28.675
26/04/2006;29.475
27/04/2006;29.72
28/04/2006;29.56
01/05/2006;29.375
02/05/2006;29.69
03/05/2006;29.675
04/05/2006;29.895
05/05/2006;30.165
08/05/2006;30.405
09/05/2006;30.035
10/05/2006;29.745
11/05/2006;29.535
12/05/2006;29.62
15/05/2006;29.825
16/05/2006;30.3
17/05/2006;30.49
18/05/2006;30.05
19/05/2006;29.735
22/05/2006;29.995
23/05/2006;29.715
24/05/2006;29.895
25/05/2006;29.975
26/05/2006;30.365
30/05/2006;30.115
31/05/2006;30.17
01/06/2006;30.385
02/06/2006;30.11
05/06/2006;29.795
06/06/2006;30.105
07/06/2006;30.365
08/06/2006;30.535
09/06/2006;30.755
12/06/2006;30.66
13/06/2006;30.7
14/06/2006;30.175
15/06/2006;30.125
16/06/2006;30.345
19/06/2006;30.18
20/06/2006;30.085
21/06/2006;30.17
22/06/2006;30.15
23/06/2006;30.035
26/06/2006;30.105
27/06/2006;30.065
28/06/2006;29.67
29/06/2006;30.075
30/06/2006;29.95
03/07/2006;29.94
05/07/2006;29.885
06/07/2006;30.515
07/07/2006;30.44
10/07/2006;30.81
11/07/2006;30.82
12/07/2006;30.71
13/07/2006;30.8
14/07/2006;30.505
17/07/2006;30.44
18/07/2006;30.435
19/07/2006;31.135
20/07/2006;31.225
21/07/2006;31.035
24/07/2006;31.045
25/07/2006;30.325
26/07/2006;29.725
27/07/2006;29.46
28/07/2006;29.835
31/07/2006;29.66
01/08/2006;29.265
02/08/2006;29.5
03/08/2006;29.11
04/08/2006;29.22
07/08/2006;29.5
08/08/2006;29.455
09/08/2006;29.495
10/08/2006;29.895
11/08/2006;29.755
14/08/2006;29.83
15/08/2006;30.05
16/08/2006;29.885
17/08/2006;29.51
18/08/2006;29.5
21/08/2006;29.63
22/08/2006;29.445
23/08/2006;29.61
24/08/2006;29.58
25/08/2006;29.395
28/08/2006;29.445
29/08/2006;29.725
30/08/2006;29.825
31/08/2006;29.93
01/09/2006;30.325
05/09/2006;30.385
06/09/2006;30.665
07/09/2006;30.34
08/09/2006;30.38
11/09/2006;31.025
12/09/2006;31.15
13/09/2006;30.63
14/09/2006;30.89
15/09/2006;31.07
18/09/2006;30.96
19/09/2006;30.92
20/09/2006;30.925
21/09/2006;30.875
22/09/2006;30.8
25/09/2006;31.105
26/09/2006;31.18
27/09/2006;31.02
28/09/2006;31.285
29/09/2006;31.05
02/10/2006;31.205
03/10/2006;31.03
04/10/2006;31.2
05/10/2006;31.445
06/10/2006;31.325
09/10/2006;31.31
10/10/2006;31.125
11/10/2006;31.015
12/10/2006;30.74
13/10/2006;30.4
16/10/2006;30.045
17/10/2006;29.895
18/10/2006;30.21
19/10/2006;30.115
20/10/2006;30.37
23/10/2006;30.155
24/10/2006;30.235
25/10/2006;31.085
26/10/2006;31.39
27/10/2006;31.655
30/10/2006;31.9
31/10/2006;31.985
01/11/2006;32.005
02/11/2006;31.78
03/11/2006;31.835
06/11/2006;32.03
07/11/2006;32.5
08/11/2006;32.5
09/11/2006;32.525
10/11/2006;32.62
13/11/2006;32.435
14/11/2006;32.365
15/11/2006;32.16
16/11/2006;32.825
17/11/2006;33.005
20/11/2006;32.99
21/11/2006;33.415
22/11/2006;33.37
24/11/2006;32.985
27/11/2006;32.505
28/11/2006;32.54
29/11/2006;32.57
30/11/2006;32.525
01/12/2006;32.68
04/12/2006;33.12
05/12/2006;32.79
06/12/2006;32.93
07/12/2006;32.815
08/12/2006;32.8
11/12/2006;32.945
12/12/2006;32.845
13/12/2006;32.78
14/12/2006;32.85
15/12/2006;32.665
18/12/2006;32.595
19/12/2006;32.545
20/12/2006;32.585
21/12/2006;32.345
22/12/2006;32.295
26/12/2006;32.5
27/12/2006;32.52
28/12/2006;32.855
29/12/2006;32.62
03/01/2007;32.84
04/01/2007;32.88
05/01/2007;32.73
08/01/2007;32.855
09/01/2007;32.84
10/01/2007;33.02
11/01/2007;33.15
12/01/2007;33.42
16/01/2007;33.43
17/01/2007;33.275
18/01/2007;33.24
19/01/2007;33.425
22/01/2007;33.26
23/01/2007;33.16
24/01/2007;33.245
25/01/2007;33
26/01/2007;33.09
29/01/2007;33.355
30/01/2007;33.71
31/01/2007;34.15
01/02/2007;34.055
02/02/2007;33.87
05/02/2007;33.745
06/02/2007;33.495
07/02/2007;33.5
08/02/2007;33.515
09/02/2007;33.46
12/02/2007;33.455
13/02/2007;33.78
14/02/2007;33.95
15/02/2007;33.955
16/02/2007;34.38
20/02/2007;34.435
21/02/2007;34.25
22/02/2007;34.18
23/02/2007;34.165
26/02/2007;34.235
27/02/2007;33.67
28/02/2007;33.705
01/03/2007;33.465
02/03/2007;33.325
05/03/2007;33.3
06/03/2007;33.295
07/03/2007;32.935
08/03/2007;33.115
09/03/2007;33.315
12/03/2007;33.3
13/03/2007;32.935
14/03/2007;32.665
15/03/2007;32.63
16/03/2007;32.55
19/03/2007;32.69
20/03/2007;32.905
21/03/2007;33.405
22/03/2007;33.525
23/03/2007;33.56
26/03/2007;33.47
27/03/2007;33.235
28/03/2007;33.44
29/03/2007;33.42
30/03/2007;33.395
02/04/2007;33.03
03/04/2007;33.01
04/04/2007;33.09
05/04/2007;33.315
09/04/2007;33.355
10/04/2007;32.985
11/04/2007;32.945
12/04/2007;33.17
13/04/2007;33.205
16/04/2007;33.1
17/04/2007;33.335
18/04/2007;33.37
19/04/2007;33.5
20/04/2007;33.645
23/04/2007;33.53
24/04/2007;33.96
25/04/2007;33.72
26/04/2007;33.28
27/04/2007;33.52
30/04/2007;33.87
01/05/2007;34.05
02/05/2007;34
03/05/2007;33.73
04/05/2007;34.075
07/05/2007;33.71
08/05/2007;33.75
09/05/2007;33.92
10/05/2007;33.56
11/05/2007;33.48
14/05/2007;33.105
15/05/2007;33.17
16/05/2007;33.76
17/05/2007;33.705
18/05/2007;33.65
21/05/2007;33.515
22/05/2007;33.475
23/05/2007;33.415
24/05/2007;33.22
25/05/2007;33.285
29/05/2007;33.415
30/05/2007;33.46
31/05/2007;33.48
01/06/2007;33.705
04/06/2007;33.635
05/06/2007;33.45
06/06/2007;33.205
07/06/2007;33.105
08/06/2007;33.345
11/06/2007;33.61
12/06/2007;33.745
13/06/2007;33.73
14/06/2007;33.425
15/06/2007;33.315
18/06/2007;33.19
19/06/2007;32.86
20/06/2007;33.2
21/06/2007;33.14
22/06/2007;32.635
25/06/2007;32.705
26/06/2007;32.325
27/06/2007;32.22
28/06/2007;32.68
29/06/2007;32.425
02/07/2007;32.575
03/07/2007;32.79
05/07/2007;33.025
06/07/2007;33.005
09/07/2007;33.105
10/07/2007;32.885
11/07/2007;33.445
12/07/2007;34.17
13/07/2007;34.225
16/07/2007;34.095
17/07/2007;34.035
18/07/2007;33.875
19/07/2007;34.25
20/07/2007;33.84
23/07/2007;34.34
24/07/2007;34.125
25/07/2007;34.83
26/07/2007;34.395
27/07/2007;34.225
30/07/2007;33.7
31/07/2007;33
01/08/2007;33.645
02/08/2007;33.625
03/08/2007;33.1
06/08/2007;33.925
07/08/2007;34.405
08/08/2007;34.18
09/08/2007;33.25
10/08/2007;33.475
13/08/2007;33.15
14/08/2007;32.725
15/08/2007;32.455
16/08/2007;32.72
17/08/2007;33.685
20/08/2007;33.3
21/08/2007;33.19
22/08/2007;33.395
23/08/2007;33.34
24/08/2007;33.73
27/08/2007;33.115
28/08/2007;32.67
29/08/2007;33.24
30/08/2007;32.965
31/08/2007;33.16
04/09/2007;32.945
05/09/2007;32.685
06/09/2007;33
07/09/2007;32.715
10/09/2007;33.345
11/09/2007;33.655
12/09/2007;34.075
13/09/2007;33.8
14/09/2007;34.015
17/09/2007;34.12
18/09/2007;34.555
19/09/2007;34.945
20/09/2007;34.95
21/09/2007;34.925
24/09/2007;34.835
25/09/2007;35.35
26/09/2007;35.81
27/09/2007;35.79
28/09/2007;35.66
01/10/2007;35.78
02/10/2007;36.155
03/10/2007;35.69
04/10/2007;35.86
05/10/2007;36.065
08/10/2007;36
09/10/2007;36.43
10/10/2007;36.385
11/10/2007;36.8
12/10/2007;37.17
15/10/2007;36.83
16/10/2007;36.645
17/10/2007;36.425
18/10/2007;36.43
19/10/2007;35.92
22/10/2007;36.395
23/10/2007;36.605
24/10/2007;36.865
25/10/2007;36.845
26/10/2007;36.975
29/10/2007;37.13
30/10/2007;37.63
31/10/2007;38.135
01/11/2007;37.26
02/11/2007;37.36
05/11/2007;37.685
06/11/2007;37.76
07/11/2007;37.66
08/11/2007;38.01
09/11/2007;38.255
12/11/2007;38.39
13/11/2007;38.75
14/11/2007;39.06
15/11/2007;38.95
16/11/2007;39.4
19/11/2007;38.745
20/11/2007;39.435
21/11/2007;39.015
23/11/2007;39.5
26/11/2007;39.11
27/11/2007;39.575
28/11/2007;39.87
29/11/2007;40.075
30/11/2007;40.04
03/12/2007;40.025
04/12/2007;39.52
05/12/2007;39.61
06/12/2007;39.74
07/12/2007;39.905
10/12/2007;39.43
11/12/2007;39.525
12/12/2007;39.9
13/12/2007;40.195
14/12/2007;40.32
17/12/2007;39.53
18/12/2007;38.9
19/12/2007;38.98
20/12/2007;39.185
21/12/2007;39.365
24/12/2007;39.23
26/12/2007;39.495
27/12/2007;39.255
28/12/2007;39.37
31/12/2007;38.98
02/01/2008;38.67
03/01/2008;38.945
04/01/2008;39.39
07/01/2008;39.985
08/01/2008;39.99
09/01/2008;40.49
10/01/2008;40.45
11/01/2008;39.705
14/01/2008;39.685
15/01/2008;39.32
16/01/2008;39.355
17/01/2008;38.645
18/01/2008;38.5
22/01/2008;37.475
23/01/2008;37.69
24/01/2008;37.23
25/01/2008;36.875
28/01/2008;37.16
29/01/2008;37.02
30/01/2008;36.75
31/01/2008;38.25
01/02/2008;37.71
04/02/2008;37.34
05/02/2008;37.435
06/02/2008;37.23
07/02/2008;37.81
08/02/2008;37.16
11/02/2008;37.805
12/02/2008;38.36
13/02/2008;38.555
14/02/2008;38.105
15/02/2008;37.66
19/02/2008;37.46
20/02/2008;38.01
21/02/2008;37.585
22/02/2008;38.09
25/02/2008;38.565
26/02/2008;38.49
27/02/2008;38.74
28/02/2008;38.61
29/02/2008;38.045
03/03/2008;38.42
04/03/2008;38.47
05/03/2008;38.315
06/03/2008;37.85
07/03/2008;37.445
10/03/2008;37.595
11/03/2008;38.21
12/03/2008;38.215
13/03/2008;38.56
14/03/2008;38.14
17/03/2008;38.33
18/03/2008;38.805
19/03/2008;38.64
20/03/2008;38.75
24/03/2008;38.81
25/03/2008;39.045
26/03/2008;38.78
27/03/2008;38.85
28/03/2008;39.06
31/03/2008;38.955
01/04/2008;39.195
02/04/2008;38.88
03/04/2008;38.95
04/04/2008;39.445
07/04/2008;39.175
08/04/2008;39.2
09/04/2008;39.32
10/04/2008;39.365
11/04/2008;39
14/04/2008;39.21
15/04/2008;39.155
16/04/2008;39.145
17/04/2008;38.85
18/04/2008;38.705
21/04/2008;38.73
22/04/2008;38.27
23/04/2008;38.205
24/04/2008;38.205
25/04/2008;38.05
28/04/2008;38.015
29/04/2008;37.89
30/04/2008;35.35
01/05/2008;36.38
02/05/2008;36.84
05/05/2008;36.615
06/05/2008;36.685
07/05/2008;35.93
08/05/2008;35.845
09/05/2008;35.605
12/05/2008;35.505
13/05/2008;35.405
14/05/2008;35.8
15/05/2008;36.15
16/05/2008;36.25
19/05/2008;36.04
20/05/2008;35.89
21/05/2008;35.765
22/05/2008;36.075
23/05/2008;36.07
27/05/2008;36.225
28/05/2008;36.425
29/05/2008;36.75
30/05/2008;37.18
02/06/2008;36.58
03/06/2008;36.675
04/06/2008;37.245
05/06/2008;37.52
06/06/2008;36.345
09/06/2008;36.45
10/06/2008;37.165
11/06/2008;36.9
12/06/2008;36.675
13/06/2008;36.65
16/06/2008;36.42
17/06/2008;36.195
18/06/2008;35.855
19/06/2008;35.78
20/06/2008;34.805
23/06/2008;34.42
24/06/2008;34.22
25/06/2008;34.84
26/06/2008;34.605
27/06/2008;34.105
30/06/2008;34.55
01/07/2008;34.7
02/07/2008;34.515
03/07/2008;35.175
07/07/2008;34.78
08/07/2008;34.94
09/07/2008;35.155
10/07/2008;34.935
11/07/2008;34.595
14/07/2008;34.48
15/07/2008;34.535
16/07/2008;34.575
17/07/2008;34.85
18/07/2008;34.42
21/07/2008;34.295
22/07/2008;35.045
23/07/2008;35.055
24/07/2008;34.995
25/07/2008;34.6
28/07/2008;34.28
29/07/2008;37.075
30/07/2008;37.485
31/07/2008;37.135
01/08/2008;37.22
04/08/2008;37.455
05/08/2008;37.92
06/08/2008;38.06
07/08/2008;37.88
08/08/2008;39.135
11/08/2008;38.925
12/08/2008;38.97
13/08/2008;38.69
14/08/2008;38.755
15/08/2008;39.21
18/08/2008;38.875
19/08/2008;38.665
20/08/2008;38.245
21/08/2008;38.13
22/08/2008;38.63
25/08/2008;37.99
26/08/2008;37.93
27/08/2008;38.115
28/08/2008;38.405
29/08/2008;38.015
02/09/2008;38.36
03/09/2008;38.53
04/09/2008;38.225
05/09/2008;38.535
08/09/2008;39.625
09/09/2008;39.295
10/09/2008;39.1
11/09/2008;39.76
12/09/2008;39.995
15/09/2008;39.09
16/09/2008;39.25
17/09/2008;38.18
18/09/2008;38.44
19/09/2008;37.855
22/09/2008;36.75
23/09/2008;36.825
24/09/2008;37.405
25/09/2008;38
26/09/2008;38.53
29/09/2008;37.335
30/09/2008;37.675
01/10/2008;38.16
02/10/2008;38.38
03/10/2008;37.75
06/10/2008;36.315
07/10/2008;35.825
08/10/2008;33.93
09/10/2008;31.765
10/10/2008;30.375
13/10/2008;33.565
14/10/2008;32
15/10/2008;30.285
16/10/2008;31.305
17/10/2008;31.095
20/10/2008;32.305
21/10/2008;31.44
22/10/2008;29.41
23/10/2008;29.145
24/10/2008;27.97
27/10/2008;27.385
28/10/2008;29.96
29/10/2008;30
30/10/2008;32.115
31/10/2008;31.38
03/11/2008;31.765
04/11/2008;33.075
05/11/2008;31.855
06/11/2008;30.8
07/11/2008;31.51
10/11/2008;31.775
11/11/2008;30.955
12/11/2008;29.755
13/11/2008;31.85
14/11/2008;31.03
17/11/2008;31.04
18/11/2008;32.025
19/11/2008;31.495
20/11/2008;30.25
21/11/2008;31.325
24/11/2008;31.945
25/11/2008;31.37
26/11/2008;31.745
28/11/2008;32.535
01/12/2008;30.715
02/12/2008;31.325
03/12/2008;31.82
04/12/2008;30.88
05/12/2008;31.505
08/12/2008;30.69
09/12/2008;29.99
10/12/2008;29.585
11/12/2008;29.28
12/12/2008;29.61
15/12/2008;29.7
16/12/2008;31.31
17/12/2008;31.09
18/12/2008;31.96
19/12/2008;32.5
22/12/2008;33.07
23/12/2008;32.925
24/12/2008;33.81
26/12/2008;34.05
29/12/2008;33.695
30/12/2008;34.01
31/12/2008;34.27
02/01/2009;34.66
05/01/2009;34.015
06/01/2009;33.25
07/01/2009;32.96
08/01/2009;32.77
09/01/2009;32.45
12/01/2009;32.795
13/01/2009;32.225
14/01/2009;31.41
15/01/2009;31.53
16/01/2009;31.77
20/01/2009;31.28
21/01/2009;31.715
22/01/2009;31.285
23/01/2009;30.84
26/01/2009;30.89
27/01/2009;31.11
28/01/2009;31.925
29/01/2009;32.61
30/01/2009;32.52
02/02/2009;32.17
03/02/2009;32.88
04/02/2009;32.03
05/02/2009;32.21
06/02/2009;32.83
09/02/2009;32.075
10/02/2009;31.32
11/02/2009;31.45
12/02/2009;31.655
13/02/2009;31.565
17/02/2009;30.55
18/02/2009;30.445
19/02/2009;30.36
20/02/2009;29.74
23/02/2009;29.2
24/02/2009;29.76
25/02/2009;29.43
26/02/2009;29.67
27/02/2009;30.09
02/03/2009;29.07
03/03/2009;28.66
04/03/2009;29.3
05/03/2009;28.015
06/03/2009;28.025
09/03/2009;27.525
10/03/2009;27.92
11/03/2009;28.19
12/03/2009;28.255
13/03/2009;28.81
16/03/2009;28.66
17/03/2009;29.455
18/03/2009;28.87
19/03/2009;28.655
20/03/2009;28.685
23/03/2009;29.655
24/03/2009;29.235
25/03/2009;29.615
26/03/2009;30.145
27/03/2009;29.755
30/03/2009;29.395
31/03/2009;29.49
01/04/2009;29.4
02/04/2009;30.615
03/04/2009;30.22
06/04/2009;30.555
07/04/2009;30.165
08/04/2009;30.31
09/04/2009;29.9
13/04/2009;29.245
14/04/2009;28.645
15/04/2009;29.015
16/04/2009;29.61
17/04/2009;30.41
20/04/2009;30.24
21/04/2009;30.3
22/04/2009;29.615
23/04/2009;29.485
24/04/2009;29.58
27/04/2009;29.685
28/04/2009;29.49
29/04/2009;29.855
30/04/2009;29.5
01/05/2009;30.7
04/05/2009;31.135
05/05/2009;30.78
06/05/2009;30.675
07/05/2009;30.935
08/05/2009;30.91
11/05/2009;31.095
12/05/2009;31.73
13/05/2009;32.07
14/05/2009;31.72
15/05/2009;31.745
18/05/2009;32.24
19/05/2009;32.105
20/05/2009;31.95
21/05/2009;31.95
22/05/2009;32.055
26/05/2009;32.38
27/05/2009;31.75
28/05/2009;31.985
29/05/2009;32.975
01/06/2009;34.71
02/06/2009;35.12
03/06/2009;35.42
04/06/2009;35.66
05/06/2009;35.45
08/06/2009;35.44
09/06/2009;35.085
10/06/2009;35.18
11/06/2009;35.13
12/06/2009;35.69
15/06/2009;34.98
16/06/2009;34.3
17/06/2009;34.76
18/06/2009;35.405
19/06/2009;35.285
22/06/2009;35.275
23/06/2009;35.18
24/06/2009;35.095
25/06/2009;35.72
26/06/2009;35.88
29/06/2009;35.87
30/06/2009;35.37
01/07/2009;36.07
02/07/2009;36.04
06/07/2009;37.19
07/07/2009;36.56
08/07/2009;36.67
09/07/2009;36.53
10/07/2009;35.615
13/07/2009;36.42
14/07/2009;36.67
15/07/2009;36.55
16/07/2009;36.77
17/07/2009;36.76
20/07/2009;36.715
21/07/2009;36.9
22/07/2009;36.72
23/07/2009;37.29
24/07/2009;37.55
27/07/2009;37.55
28/07/2009;37.685
29/07/2009;37.925
30/07/2009;35.915
31/07/2009;36.22
03/08/2009;36.065
04/08/2009;36.105
05/08/2009;35.8
06/08/2009;35.75
07/08/2009;35.51
10/08/2009;35.65
11/08/2009;35.885
12/08/2009;35.91
13/08/2009;36.015
14/08/2009;35.875
17/08/2009;35.67
18/08/2009;35.635
19/08/2009;35.985
20/08/2009;36.385
21/08/2009;36.58
24/08/2009;36.41
25/08/2009;36.545
26/08/2009;36.65
27/08/2009;36.615
28/08/2009;36.38
31/08/2009;36.35
01/09/2009;35.89
02/09/2009;36
03/09/2009;35.585
04/09/2009;35.54
08/09/2009;35.745
09/09/2009;36.02
10/09/2009;36.615
11/09/2009;37.615
14/09/2009;37.525
15/09/2009;37.225
16/09/2009;37.755
17/09/2009;37.63
18/09/2009;38.05
21/09/2009;37.85
22/09/2009;37.83
23/09/2009;38.18
24/09/2009;38.19
25/09/2009;38.25
28/09/2009;38.19
29/09/2009;38.275
30/09/2009;38.14
01/10/2009;37.91
02/10/2009;38.42
05/10/2009;38.43
06/10/2009;38.96
07/10/2009;38.88
08/10/2009;39.355
09/10/2009;39.355
12/10/2009;39.81
13/10/2009;39.33
14/10/2009;39.33
15/10/2009;39.385
16/10/2009;39.63
19/10/2009;39.735
20/10/2009;39.72
21/10/2009;39.46
22/10/2009;39.69
23/10/2009;38.86
26/10/2009;38.71
27/10/2009;38.925
28/10/2009;38.84
29/10/2009;39.47
30/10/2009;39.315
02/11/2009;39.35
03/11/2009;38.775
04/11/2009;39.165
05/11/2009;39.8
06/11/2009;39.935
09/11/2009;40.615
10/11/2009;40.735
11/11/2009;40.86
12/11/2009;40.25
13/11/2009;40.745
16/11/2009;41.2
17/11/2009;41.42
18/11/2009;42.935
19/11/2009;42.21
20/11/2009;41.985
23/11/2009;42.285
24/11/2009;42.53
25/11/2009;42.23
27/11/2009;41.815
30/11/2009;42.095
01/12/2009;42.875
02/12/2009;43.16
03/12/2009;42.825
04/12/2009;42.605
07/12/2009;41.49
08/12/2009;41
09/12/2009;41.25
10/12/2009;41.41
11/12/2009;41.96
14/12/2009;42.245
15/12/2009;42.25
16/12/2009;42.31
17/12/2009;41.44
18/12/2009;41.31
21/12/2009;41.615
22/12/2009;41.62
23/12/2009;41.72
24/12/2009;41.575
28/12/2009;41.475
29/12/2009;41.43
30/12/2009;41.425
31/12/2009;41.075
04/01/2010;41.425
05/01/2010;41.76
06/01/2010;41.665
07/01/2010;41.5
08/01/2010;40.755
11/01/2010;40.575
12/01/2010;40.34
13/01/2010;40.53
14/01/2010;40.21
15/01/2010;40
19/01/2010;40.295
20/01/2010;39.605
21/01/2010;39.535
22/01/2010;40.355
25/01/2010;40.235
26/01/2010;40.19
27/01/2010;40.195
28/01/2010;39.995
29/01/2010;40.015
01/02/2010;39.97
02/02/2010;40.525
03/02/2010;40.41
04/02/2010;39.835
05/02/2010;39.63
08/02/2010;39.545
09/02/2010;40.085
10/02/2010;39.91
11/02/2010;40.165
12/02/2010;39.83
16/02/2010;40.31
17/02/2010;40.6
18/02/2010;41.22
19/02/2010;40.875
22/02/2010;41.04
23/02/2010;40.945
24/02/2010;41.48
25/02/2010;41.555
26/02/2010;41.47
01/03/2010;41.895
02/03/2010;41.93
03/03/2010;41.93
04/03/2010;42.08
05/03/2010;42.105
08/03/2010;41.975
09/03/2010;42.25
10/03/2010;41.79
11/03/2010;42.04
12/03/2010;42.075
15/03/2010;42.185
16/03/2010;42.31
17/03/2010;42.315
18/03/2010;42.385
19/03/2010;42.42
22/03/2010;42.475
23/03/2010;42.67
24/03/2010;42.17
25/03/2010;41.705
26/03/2010;42.22
29/03/2010;42.49
30/03/2010;42.73
31/03/2010;42.63
01/04/2010;42.905
05/04/2010;42.81
06/04/2010;42.465
07/04/2010;42.555
08/04/2010;42.28
09/04/2010;42.135
12/04/2010;42.395
13/04/2010;42.275
14/04/2010;42.32
15/04/2010;42.125
16/04/2010;42.125
19/04/2010;42.075
20/04/2010;42.27
21/04/2010;42.35
22/04/2010;41.99
23/04/2010;41.635
26/04/2010;42.1
27/04/2010;41.795
28/04/2010;42.5
29/04/2010;42.4
30/04/2010;42.05
03/05/2010;42.135
04/05/2010;41.435
05/05/2010;41.36
06/05/2010;40.885
07/05/2010;40.105
10/05/2010;41.59
11/05/2010;41.415
12/05/2010;41.775
13/05/2010;41.565
14/05/2010;41.38
17/05/2010;41.905
18/05/2010;41.575
19/05/2010;41.075
20/05/2010;40.15
21/05/2010;39.795
24/05/2010;39.365
25/05/2010;39.165
26/05/2010;38.99
27/05/2010;39.385
28/05/2010;39.045
01/06/2010;38.465
02/06/2010;39.11
03/06/2010;39.44
04/06/2010;38.62
07/06/2010;38.82
08/06/2010;39.38
09/06/2010;39.36
10/06/2010;39.735
11/06/2010;39.575
14/06/2010;39.66
15/06/2010;40.405
16/06/2010;40.315
17/06/2010;40.45
18/06/2010;40.295
21/06/2010;40.58
22/06/2010;40.47
23/06/2010;40.165
24/06/2010;40.16
25/06/2010;39.515
28/06/2010;39.62
29/06/2010;39
30/06/2010;39.38
01/07/2010;39.42
02/07/2010;39.36
06/07/2010;39.385
07/07/2010;40.49
08/07/2010;40.98
09/07/2010;41.075
12/07/2010;41.42
13/07/2010;41.575
14/07/2010;41.655
15/07/2010;41.545
16/07/2010;41.415
19/07/2010;41.555
20/07/2010;41.985
21/07/2010;41.515
22/07/2010;41.285
23/07/2010;41.735
26/07/2010;41.87
27/07/2010;42.295
28/07/2010;41.93
29/07/2010;39.06
30/07/2010;39.49
02/08/2010;39.125
03/08/2010;39.07
04/08/2010;39.03
05/08/2010;38.565
06/08/2010;38.25
09/08/2010;38.135
10/08/2010;38.985
11/08/2010;38.235
12/08/2010;38.51
13/08/2010;38.195
16/08/2010;38.085
17/08/2010;38.225
18/08/2010;38.4
19/08/2010;38.375
20/08/2010;38.015
23/08/2010;37.76
24/08/2010;37.735
25/08/2010;37.64
26/08/2010;36.995
27/08/2010;37.125
30/08/2010;36.93
31/08/2010;36.92
01/09/2010;37.46
02/09/2010;37.415
03/09/2010;37.425
07/09/2010;37.38
08/09/2010;37.295
09/09/2010;37.28
10/09/2010;37.59
13/09/2010;37.525
14/09/2010;37.715
15/09/2010;38.135
16/09/2010;38.29
17/09/2010;38.685
20/09/2010;39.125
21/09/2010;39.275
22/09/2010;39.225
23/09/2010;39.03
24/09/2010;39.26
27/09/2010;39.465
28/09/2010;39.405
29/09/2010;39.155
30/09/2010;38.43
01/10/2010;38.285
04/10/2010;38.21
05/10/2010;37.46
06/10/2010;36.98
07/10/2010;36.875
08/10/2010;37.45
11/10/2010;37.425
12/10/2010;37.47
13/10/2010;37.865
14/10/2010;37.92
15/10/2010;37.945
18/10/2010;38.365
19/10/2010;38.125
20/10/2010;38.59
21/10/2010;38.35
22/10/2010;38.42
25/10/2010;38.435
26/10/2010;38.225
27/10/2010;37.75
28/10/2010;37.46
29/10/2010;38.56
01/11/2010;38.63
02/11/2010;39.025
03/11/2010;39.23
04/11/2010;39.22
05/11/2010;38.785
08/11/2010;38.76
09/11/2010;38.495
10/11/2010;38.47
11/11/2010;38.375
12/11/2010;38.29
15/11/2010;39.185
16/11/2010;38.405
17/11/2010;38.685
18/11/2010;39.105
19/11/2010;39.265
22/11/2010;39.195
23/11/2010;38.88
24/11/2010;38.985
26/11/2010;38.695
29/11/2010;38.595
30/11/2010;38.275
01/12/2010;38.615
02/12/2010;38.88
03/12/2010;38.975
06/12/2010;38.87
07/12/2010;39.085
08/12/2010;39.325
09/12/2010;39.095
10/12/2010;39.105
13/12/2010;39.675
14/12/2010;40.39
15/12/2010;40.495
16/12/2010;40.59
17/12/2010;40.5
20/12/2010;40.22
21/12/2010;39.95
22/12/2010;40.46
23/12/2010;40.265
27/12/2010;40.205
28/12/2010;40.39
29/12/2010;40.23
30/12/2010;40.15
31/12/2010;40.185
03/01/2011;39.895
04/01/2011;39.84
05/01/2011;39.59
06/01/2011;39.355
07/01/2011;39.165
10/01/2011;38.945
11/01/2011;39.105
12/01/2011;39.205
13/01/2011;39.155
14/01/2011;39.155
18/01/2011;39.2
19/01/2011;39.5
20/01/2011;39.495
21/01/2011;39.5
24/01/2011;39.92
25/01/2011;40.06
26/01/2011;40
27/01/2011;38.695
28/01/2011;38.495
31/01/2011;38.385
01/02/2011;38.355
02/02/2011;38.025
03/02/2011;37.965
04/02/2011;38.12
07/02/2011;38.14
08/02/2011;39.28
09/02/2011;39.16
10/02/2011;38.865
11/02/2011;39.46
14/02/2011;39.505
15/02/2011;39.12
16/02/2011;39.27
17/02/2011;39.2
18/02/2011;39.21
22/02/2011;39.3
23/02/2011;39.185
24/02/2011;38.83
25/02/2011;39.06
28/02/2011;39.26
01/03/2011;38.82
02/03/2011;38.65
03/03/2011;39.035
04/03/2011;38.75
07/03/2011;38.77
08/03/2011;39.095
09/03/2011;39.5
10/03/2011;39.49
11/03/2011;39.59
14/03/2011;39.135
15/03/2011;38.635
16/03/2011;38.33
17/03/2011;38.35
18/03/2011;38.475
21/03/2011;39.205
22/03/2011;39.215
23/03/2011;39.145
24/03/2011;40.15
25/03/2011;40.075
28/03/2011;40.245
29/03/2011;40.21
30/03/2011;40.605
31/03/2011;40.38
01/04/2011;40.26
04/04/2011;40.51
05/04/2011;40.42
06/04/2011;40.765
07/04/2011;40.78
08/04/2011;40.64
11/04/2011;40.805
12/04/2011;41.27
13/04/2011;40.805
14/04/2011;40.92
15/04/2011;40.905
18/04/2011;40.675
19/04/2011;40.71
20/04/2011;40.635
21/04/2011;40.325
25/04/2011;39.95
26/04/2011;40.275
27/04/2011;40.53
28/04/2011;41.485
29/04/2011;42.175
02/05/2011;42.275
03/05/2011;42.35
04/05/2011;42.825
05/05/2011;42.45
06/05/2011;42.44
09/05/2011;42.49
10/05/2011;42.73
11/05/2011;42.535
12/05/2011;43.605
13/05/2011;43.275
16/05/2011;42.975
17/05/2011;43.135
18/05/2011;43.105
19/05/2011;43.45
20/05/2011;43.275
23/05/2011;43.035
24/05/2011;42.8
25/05/2011;42.54
26/05/2011;42.66
27/05/2011;42.86
31/05/2011;43.765
01/06/2011;43.455
02/06/2011;42.74
03/06/2011;42.055
06/06/2011;42.215
07/06/2011;41.945
08/06/2011;42.105
09/06/2011;42.55
10/06/2011;42.35
13/06/2011;42.67
14/06/2011;43.3
15/06/2011;42.88
16/06/2011;43.285
17/06/2011;43.94
20/06/2011;44.555
21/06/2011;44.46
22/06/2011;43.765
23/06/2011;43.105
24/06/2011;42.73
27/06/2011;42.705
28/06/2011;42.91
29/06/2011;43.37
30/06/2011;43.705
01/07/2011;44.235
05/07/2011;43.99
06/07/2011;44.21
07/07/2011;44.39
08/07/2011;44.21
11/07/2011;44.15
12/07/2011;43.975
13/07/2011;43.95
14/07/2011;43.54
15/07/2011;44.505
18/07/2011;43.995
19/07/2011;44.26
20/07/2011;44.28
21/07/2011;44.5
22/07/2011;43.81
25/07/2011;43.39
26/07/2011;43.445
27/07/2011;42.745
28/07/2011;42.44
29/07/2011;42.19
01/08/2011;42.01
02/08/2011;42.39
03/08/2011;42.16
04/08/2011;41.29
05/08/2011;42.075
08/08/2011;41.4
09/08/2011;41.65
10/08/2011;40.09
11/08/2011;42.085
12/08/2011;42.67
15/08/2011;43.13
16/08/2011;43.11
17/08/2011;43.155
18/08/2011;42.52
19/08/2011;42.495
22/08/2011;42.6
23/08/2011;43.505
24/08/2011;43.65
25/08/2011;43.425
26/08/2011;43.92
29/08/2011;44.885
30/08/2011;45.32
31/08/2011;44.985
01/09/2011;44.95
02/09/2011;44.26
06/09/2011;44.495
07/09/2011;45.905
08/09/2011;45.23
09/09/2011;44.48
12/09/2011;43.86
13/09/2011;44.73
14/09/2011;45.695
15/09/2011;46.145
16/09/2011;46.82
19/09/2011;46.66
20/09/2011;46.98
21/09/2011;44.995
22/09/2011;43.705
23/09/2011;44.46
26/09/2011;45.445
27/09/2011;45.535
28/09/2011;44.365
29/09/2011;44.77
30/09/2011;44.34
03/10/2011;44.15
04/10/2011;44.21
05/10/2011;44.75
06/10/2011;45.095
07/10/2011;45.205
10/10/2011;45.87
11/10/2011;45.175
12/10/2011;45.61
13/10/2011;45.555
14/10/2011;46.17
17/10/2011;45.47
18/10/2011;46.17
19/10/2011;46.09
20/10/2011;45.81
21/10/2011;46.96
24/10/2011;45.62
25/10/2011;44.99
26/10/2011;45.27
27/10/2011;45.665
28/10/2011;45.61
31/10/2011;45.185
01/11/2011;44.045
02/11/2011;43.97
03/11/2011;44.26
04/11/2011;44.03
07/11/2011;44.225
08/11/2011;44.72
09/11/2011;43.725
10/11/2011;44.07
11/11/2011;44.585
14/11/2011;44.325
15/11/2011;44.395
16/11/2011;44.32
17/11/2011;44.02
18/11/2011;44.305
21/11/2011;43.72
22/11/2011;44.1
23/11/2011;43.24
25/11/2011;43.365
28/11/2011;44.14
29/11/2011;44.85
30/11/2011;45.75
01/12/2011;45.055
02/12/2011;45.095
05/12/2011;45.21
06/12/2011;45.27
07/12/2011;45.6
08/12/2011;45.275
09/12/2011;45.23
12/12/2011;45.105
13/12/2011;44.845
14/12/2011;44.65
15/12/2011;45.29
16/12/2011;44.945
19/12/2011;44.955
20/12/2011;45.775
21/12/2011;46.485
22/12/2011;46.205
23/12/2011;46.545
27/12/2011;46.67
28/12/2011;46.365
29/12/2011;46.61
30/12/2011;46.195
03/01/2012;45.54
04/01/2012;45.3
05/01/2012;45.07
06/01/2012;44.9
09/01/2012;44.89
10/01/2012;44.725
11/01/2012;44.255
12/01/2012;44.275
13/01/2012;44.26
17/01/2012;44.865
18/01/2012;45.155
19/01/2012;44.985
20/01/2012;44.5
23/01/2012;44.185
24/01/2012;44.125
25/01/2012;44.72
26/01/2012;45.675
27/01/2012;45.2
30/01/2012;44.755
31/01/2012;45.36
01/02/2012;45.565
02/02/2012;45.445
03/02/2012;45.77
06/02/2012;45.62
07/02/2012;45.77
08/02/2012;45.735
09/02/2012;45.88
10/02/2012;45.585
13/02/2012;45.82
14/02/2012;45.95
15/02/2012;46.08
16/02/2012;46.66
17/02/2012;46.625
21/02/2012;46.685
22/02/2012;46.57
23/02/2012;46.665
24/02/2012;46.65
27/02/2012;46.195
28/02/2012;46.485
29/02/2012;46.59
01/03/2012;46.425
02/03/2012;46.6
05/03/2012;46.675
06/03/2012;46.67
07/03/2012;46.415
08/03/2012;46.97
09/03/2012;46.99
12/03/2012;47.24
13/03/2012;47.615
14/03/2012;47.575
15/03/2012;47.71
16/03/2012;47.395
19/03/2012;47.685
20/03/2012;47.825
21/03/2012;48.085
22/03/2012;48.14
23/03/2012;47.97
26/03/2012;48.405
27/03/2012;48.355
28/03/2012;48.025
29/03/2012;48.345
30/03/2012;48.89
02/04/2012;49.22
03/04/2012;49.115
04/04/2012;48.925
05/04/2012;49.08
09/04/2012;48.52
10/04/2012;48.085
11/04/2012;48.27
12/04/2012;48.72
13/04/2012;48.605
16/04/2012;48.835
17/04/2012;49.295
18/04/2012;49.25
19/04/2012;49.09
20/04/2012;49.44
23/04/2012;48.86
24/04/2012;49.215
25/04/2012;49.79
26/04/2012;49.735
27/04/2012;49.19
30/04/2012;49.47
01/05/2012;49.55
02/05/2012;50.175
03/05/2012;49.995
04/05/2012;49.565
07/05/2012;49.8
08/05/2012;49.59
09/05/2012;49.54
10/05/2012;49.825
11/05/2012;49.655
14/05/2012;49.505
15/05/2012;50.52
16/05/2012;50.66
17/05/2012;49.905
18/05/2012;49.395
21/05/2012;49.48
22/05/2012;49.595
23/05/2012;49.195
24/05/2012;49.565
25/05/2012;49.4
29/05/2012;49.68
30/05/2012;49.415
31/05/2012;49.15
01/06/2012;48.24
04/06/2012;48.585
05/06/2012;48.625
06/06/2012;49.165
07/06/2012;49.375
08/06/2012;50.085
11/06/2012;49.995
12/06/2012;50.025
13/06/2012;50.105
14/06/2012;50.66
15/06/2012;50.765
18/06/2012;50.835
19/06/2012;50.65
20/06/2012;50.365
21/06/2012;49.725
22/06/2012;49.95
25/06/2012;49.66
26/06/2012;50.05
27/06/2012;50.75
28/06/2012;50.995
29/06/2012;52.05
02/07/2012;51.86
03/07/2012;52.305
05/07/2012;52.325
06/07/2012;52.145
09/07/2012;52.13
10/07/2012;51.95
11/07/2012;51.915
12/07/2012;51.805
13/07/2012;52.73
16/07/2012;52.185
17/07/2012;52.58
18/07/2012;52.64
19/07/2012;52.81
20/07/2012;51.95
23/07/2012;51.395
24/07/2012;51.05
25/07/2012;51.125
26/07/2012;53.19
27/07/2012;53.585
30/07/2012;53.735
31/07/2012;53.68
01/08/2012;53.3
02/08/2012;52.685
03/08/2012;53.23
06/08/2012;53.175
07/08/2012;52.44
08/08/2012;52.635
09/08/2012;52.475
10/08/2012;52.685
13/08/2012;52.775
14/08/2012;52.71
15/08/2012;52.75
16/08/2012;52.915
17/08/2012;53.09
20/08/2012;52.975
21/08/2012;52.85
22/08/2012;52.685
23/08/2012;52.355
24/08/2012;52.885
27/08/2012;52.9
28/08/2012;53.175
29/08/2012;53.215
30/08/2012;52.905
31/08/2012;53.155
04/09/2012;53.61
05/09/2012;53.25
06/09/2012;53.745
07/09/2012;53.15
10/09/2012;51.85
11/09/2012;51.41
12/09/2012;51.31
13/09/2012;52.27
14/09/2012;51.875
17/09/2012;52.575
18/09/2012;53.005
19/09/2012;52.945
20/09/2012;53.395
21/09/2012;53.265
24/09/2012;53.47
25/09/2012;53.325
26/09/2012;53.375
27/09/2012;53.675
28/09/2012;53.61
01/10/2012;53.995
02/10/2012;53.96
03/10/2012;54.015
04/10/2012;54.23
05/10/2012;54.225
08/10/2012;54.245
09/10/2012;53.715
10/10/2012;53.845
11/10/2012;54.015
12/10/2012;53.945
15/10/2012;54.23
16/10/2012;54.295
17/10/2012;55.285
18/10/2012;55.31
19/10/2012;53.87
22/10/2012;53.845
23/10/2012;53.265
24/10/2012;53.28
25/10/2012;52.3
26/10/2012;51.935
31/10/2012;52.48
01/11/2012;52.935
02/11/2012;52.48
05/11/2012;52.615
06/11/2012;52.82
07/11/2012;52.485
08/11/2012;52.035
09/11/2012;51.935
12/11/2012;52.155
13/11/2012;52.14
14/11/2012;51.765
15/11/2012;51.885
16/11/2012;52.575
19/11/2012;53.455
20/11/2012;53.455
21/11/2012;53.4
23/11/2012;54
26/11/2012;53.93
27/11/2012;53.82
28/11/2012;53.88
29/11/2012;54.005
30/11/2012;54.25
03/12/2012;54.045
04/12/2012;53.79
05/12/2012;53.605
06/12/2012;53.325
07/12/2012;54.185
10/12/2012;53.395
11/12/2012;53.94
12/12/2012;53.495
13/12/2012;53.08
14/12/2012;52.92
17/12/2012;53.105
18/12/2012;53.63
19/12/2012;53.015
20/12/2012;52.895
21/12/2012;52.55
24/12/2012;52.525
26/12/2012;52.355
27/12/2012;52.635
28/12/2012;52.02
31/12/2012;52.27
02/01/2013;53.155
03/01/2013;53.33
04/01/2013;53.95
07/01/2013;53.04
08/01/2013;53.16
09/01/2013;53.065
10/01/2013;53.695
11/01/2013;53.545
14/01/2013;53.965
15/01/2013;53.87
16/01/2013;53.915
17/01/2013;54.47
18/01/2013;54.505
22/01/2013;54.23
23/01/2013;54.405
24/01/2013;54.885
25/01/2013;55.075
28/01/2013;55.075
29/01/2013;55.455
30/01/2013;55.425
31/01/2013;53.685
01/02/2013;54.92
04/02/2013;54.365
05/02/2013;54.73
06/02/2013;54.905
07/02/2013;55.095
08/02/2013;54.245
11/02/2013;54.145
12/02/2013;54.025
13/02/2013;53.95
14/02/2013;54.165
15/02/2013;55.01
19/02/2013;55.955
20/02/2013;56.055
21/02/2013;56.545
22/02/2013;56.985
25/02/2013;57.005
26/02/2013;56.955
27/02/2013;57.23
28/02/2013;57.215
01/03/2013;57.055
04/03/2013;57.42
05/03/2013;57.855
06/03/2013;57.675
07/03/2013;57.705
08/03/2013;57.87
11/03/2013;57.82
12/03/2013;57.53
13/03/2013;57.45
14/03/2013;56.92
15/03/2013;56.04
18/03/2013;56.13
19/03/2013;56.27
20/03/2013;57.3
21/03/2013;56.855
22/03/2013;57.205
25/03/2013;57.2
26/03/2013;58.66
27/03/2013;58.36
28/03/2013;59.015
01/04/2013;58.855
02/04/2013;59.45
03/04/2013;58.655
04/04/2013;58.54
05/04/2013;58.36
08/04/2013;58.86
09/04/2013;58.625
10/04/2013;59.135
11/04/2013;59.42
12/04/2013;59.185
15/04/2013;58.435
16/04/2013;59.665
17/04/2013;58.925
18/04/2013;59.285
19/04/2013;59.86
22/04/2013;60.205
23/04/2013;60.715
24/04/2013;58.95
25/04/2013;59.71
26/04/2013;59.495
29/04/2013;59.685
30/04/2013;59.705
01/05/2013;59.57
02/05/2013;60.365
03/05/2013;60.575
06/05/2013;60.1
07/05/2013;60.165
08/05/2013;60.26
09/05/2013;60.095
10/05/2013;60.36
13/05/2013;60.455
14/05/2013;61.675
15/05/2013;62.275
16/05/2013;62.38
17/05/2013;62.04
20/05/2013;61.55
21/05/2013;61.58
22/05/2013;61.41
23/05/2013;60.97
24/05/2013;61.17
28/05/2013;61.63
29/05/2013;59.58
30/05/2013;59.63
31/05/2013;57.84
03/06/2013;58.6
04/06/2013;58.87
05/06/2013;57.9
06/06/2013;58.04
07/06/2013;59.1
10/06/2013;58.82
11/06/2013;58.62
12/06/2013;58.16
13/06/2013;58.46
14/06/2013;58.82
17/06/2013;59.64
18/06/2013;59.7
19/06/2013;58
20/06/2013;55.87
21/06/2013;56.81
24/06/2013;56.15
25/06/2013;56.22
26/06/2013;57
27/06/2013;57.39
28/06/2013;57.29
01/07/2013;57.95
02/07/2013;57.72
03/07/2013;57.82
05/07/2013;57.86
08/07/2013;58.58
09/07/2013;58.98
10/07/2013;58.62
11/07/2013;58.95
12/07/2013;59.14
15/07/2013;58.82
16/07/2013;58.48
17/07/2013;58.36
18/07/2013;58.8
19/07/2013;58.88
22/07/2013;58.65
23/07/2013;58.41
24/07/2013;58.47
25/07/2013;59.62
26/07/2013;60.25
29/07/2013;60.08
30/07/2013;60.24
31/07/2013;59.87
01/08/2013;60.56
02/08/2013;60.53
05/08/2013;60.98
06/08/2013;60.99
07/08/2013;60.94
08/08/2013;60.91
09/08/2013;60.68
12/08/2013;60.96
13/08/2013;61.08
14/08/2013;60.67
15/08/2013;59.81
16/08/2013;59.47
19/08/2013;59.15
20/08/2013;59.09
21/08/2013;58.51
22/08/2013;58.45
23/08/2013;59.03
26/08/2013;58.22
27/08/2013;57.64
28/08/2013;57.27
29/08/2013;57.25
30/08/2013;57.77
03/09/2013;57.45
04/09/2013;57.8
05/09/2013;57.53
06/09/2013;58
09/09/2013;58.57
10/09/2013;58.59
11/09/2013;59.25
12/09/2013;59.28
13/09/2013;59.43
16/09/2013;60.02
17/09/2013;59.8
18/09/2013;61.19
19/09/2013;60.97
20/09/2013;60.44
23/09/2013;60.2
24/09/2013;59.87
25/09/2013;59.34
26/09/2013;60.39
27/09/2013;59.93
30/09/2013;59.3
01/10/2013;60.09
02/10/2013;59.43
03/10/2013;59.22
04/10/2013;59.33
07/10/2013;59.21
08/10/2013;58.96
09/10/2013;59.83
10/10/2013;60.79
11/10/2013;61.45
14/10/2013;61.53
15/10/2013;61.23
16/10/2013;62.28
17/10/2013;63.41
18/10/2013;62.81
21/10/2013;62.26
22/10/2013;63.47
23/10/2013;63.47
24/10/2013;63.04
25/10/2013;63.6
28/10/2013;64.76
29/10/2013;65.94
30/10/2013;65.22
31/10/2013;64.73
01/11/2013;65.39
04/11/2013;65.73
05/11/2013;65.36
06/11/2013;66.01
07/11/2013;64.8
08/11/2013;64.83
11/11/2013;64.62
12/11/2013;64.72
13/11/2013;65.09
14/11/2013;65.6
15/11/2013;65.78
18/11/2013;65.18
19/11/2013;65.28
20/11/2013;65.26
21/11/2013;65.98
22/11/2013;66.26
25/11/2013;65.95
26/11/2013;66.01
27/11/2013;65.83
29/11/2013;65.81
02/12/2013;65.28
03/12/2013;65.37
04/12/2013;65.04
05/12/2013;64.54
06/12/2013;65.66
09/12/2013;65.69
10/12/2013;64.69
11/12/2013;64.94
12/12/2013;63.97
13/12/2013;63.98
16/12/2013;64.04
17/12/2013;63.58
18/12/2013;64.64
19/12/2013;64.24
20/12/2013;64.74
23/12/2013;64.63
24/12/2013;64.71
26/12/2013;64.83
27/12/2013;65.37
30/12/2013;65.43
31/12/2013;65.21
02/01/2014;64.3
03/01/2014;64.18
06/01/2014;64.14
07/01/2014;64.2
08/01/2014;63.54
09/01/2014;65.02
10/01/2014;65.08
13/01/2014;64.69
14/01/2014;64.85
15/01/2014;64.78
16/01/2014;64.98
17/01/2014;64.7
21/01/2014;64.74
22/01/2014;64.01
23/01/2014;63.44
24/01/2014;62.39
27/01/2014;62.11
28/01/2014;62.87
29/01/2014;61.59
30/01/2014;61.49
31/01/2014;61.23
03/02/2014;60.17
04/02/2014;60.35
05/02/2014;60.42
06/02/2014;60.6
07/02/2014;60.86
10/02/2014;61.52
11/02/2014;62.4
12/02/2014;61.92
13/02/2014;62.31
14/02/2014;62.68
18/02/2014;62.39
19/02/2014;61.53
20/02/2014;61.86
21/02/2014;61.56
24/02/2014;61.95
25/02/2014;62.07
26/02/2014;61.95
27/02/2014;62.12
28/02/2014;62.83
03/03/2014;62.22
04/03/2014;63.01
05/03/2014;62.62
06/03/2014;63.02
07/03/2014;63.13
10/03/2014;63.05
11/03/2014;63.29
12/03/2014;63.22
13/03/2014;63.23
14/03/2014;63.83
17/03/2014;64.4
18/03/2014;64.34
19/03/2014;63.39
20/03/2014;63.59
21/03/2014;63.46
24/03/2014;63.31
25/03/2014;63.77
26/03/2014;64.27
27/03/2014;64.06
28/03/2014;64.1
31/03/2014;64.87
01/04/2014;64.22
02/04/2014;64.3
03/04/2014;64.28
04/04/2014;64.22
07/04/2014;64.92
08/04/2014;65.63
09/04/2014;65.73
10/04/2014;65.94
11/04/2014;65.31
14/04/2014;65.86
15/04/2014;66.37
16/04/2014;67.18
17/04/2014;66.94
21/04/2014;66.84
22/04/2014;66.36
23/04/2014;65.87
24/04/2014;66.43
25/04/2014;66.24
28/04/2014;67.86
29/04/2014;67.04
30/04/2014;67.3
01/05/2014;67.01
02/05/2014;67.1
05/05/2014;66.9
06/05/2014;66.71
07/05/2014;67.23
08/05/2014;67.1
09/05/2014;67.65
12/05/2014;67.19
13/05/2014;67.26
14/05/2014;66.96
15/05/2014;66.41
16/05/2014;66.92
19/05/2014;66.73
20/05/2014;66.56
21/05/2014;66.81
22/05/2014;66.61
23/05/2014;66.73
27/05/2014;66.71
28/05/2014;66.12
29/05/2014;66.92
30/05/2014;68.4
02/06/2014;68.21
03/06/2014;67.24
04/06/2014;67.71
05/06/2014;67.96
06/06/2014;68.02
09/06/2014;68.44
10/06/2014;68.69
11/06/2014;68.62
12/06/2014;67.84
13/06/2014;67.86
16/06/2014;68.09
17/06/2014;67.89
18/06/2014;68.73
19/06/2014;69.43
20/06/2014;68.38
23/06/2014;67.83
24/06/2014;67.95
25/06/2014;67.95
26/06/2014;67.9
27/06/2014;68.43
30/06/2014;68.18
01/07/2014;68.48
02/07/2014;68.47
03/07/2014;68.82
07/07/2014;68.86
08/07/2014;69.5
09/07/2014;69.65
10/07/2014;69.42
11/07/2014;69.52
14/07/2014;69.79
15/07/2014;69.66
16/07/2014;69.45
17/07/2014;68.6
18/07/2014;68.9
21/07/2014;68.76
22/07/2014;68.59
23/07/2014;68.17
24/07/2014;68.11
25/07/2014;67.59
28/07/2014;67.33
29/07/2014;66.36
30/07/2014;66.11
31/07/2014;63.4
01/08/2014;63.95
04/08/2014;63.76
05/08/2014;63.77
06/08/2014;64.8
07/08/2014;64.45
08/08/2014;65.18
11/08/2014;65.06
12/08/2014;64.42
13/08/2014;64.38
14/08/2014;64.21
15/08/2014;64.13
18/08/2014;64.62
19/08/2014;64.26
20/08/2014;64.67
21/08/2014;64.81
22/08/2014;64.57
25/08/2014;64.87
26/08/2014;64.79
27/08/2014;64.83
28/08/2014;64.51
29/08/2014;64.73
02/09/2014;64.42
03/09/2014;64.42
04/09/2014;64.31
05/09/2014;64.86
08/09/2014;63.64
09/09/2014;63.43
10/09/2014;64
11/09/2014;64.42
12/09/2014;64.48
15/09/2014;64.51
16/09/2014;65.14
17/09/2014;65.24
18/09/2014;65.31
19/09/2014;65.28
22/09/2014;65.69
23/09/2014;65.4
24/09/2014;66.23
25/09/2014;65.48
26/09/2014;65.7
29/09/2014;65.63
30/09/2014;65.22
01/10/2014;64.89
02/10/2014;64.78
03/10/2014;65.46
06/10/2014;65.27
07/10/2014;64.9
08/10/2014;65.82
09/10/2014;65.2
10/10/2014;65.29
13/10/2014;64.19
14/10/2014;64.41
15/10/2014;63.53
16/10/2014;63.11
17/10/2014;63.73
20/10/2014;64.54
21/10/2014;65.42
22/10/2014;65.32
23/10/2014;65.05
24/10/2014;65.35
27/10/2014;66.11
28/10/2014;65.79
29/10/2014;65.85
30/10/2014;66.41
31/10/2014;66.88
03/11/2014;67.41
04/11/2014;68.05
05/11/2014;68.15
06/11/2014;68.11
07/11/2014;68.05
10/11/2014;68.55
11/11/2014;68.47
12/11/2014;68.7
13/11/2014;68.29
14/11/2014;67.56
17/11/2014;67.92
18/11/2014;67.97
19/11/2014;68.29
20/11/2014;68.06
21/11/2014;68.34
24/11/2014;67.95
25/11/2014;68.33
26/11/2014;68.69
28/11/2014;69.59
01/12/2014;69.4
02/12/2014;69.86
03/12/2014;69.06
04/12/2014;69.45
05/12/2014;69.37
08/12/2014;69.44
09/12/2014;69.33
10/12/2014;68.87
11/12/2014;69.28
12/12/2014;68.57
15/12/2014;67.95
16/12/2014;67.51
17/12/2014;68.66
18/12/2014;69.48
19/12/2014;69.98
22/12/2014;70.26
23/12/2014;71
24/12/2014;70.47
26/12/2014;70.88
29/12/2014;70.48
30/12/2014;70.04
31/12/2014;69.19
02/01/2015;69.04
05/01/2015;68.53
06/01/2015;67.81
07/01/2015;68.35
08/01/2015;69.28
09/01/2015;68.6
12/01/2015;68.26
13/01/2015;68.73
14/01/2015;68.45
15/01/2015;68.32
16/01/2015;69.17
20/01/2015;68.96
21/01/2015;68.35
22/01/2015;69.32
23/01/2015;67.14
26/01/2015;66.29
27/01/2015;65.66
28/01/2015;65.12
29/01/2015;69.03
30/01/2015;67.52
02/02/2015;68.99
03/02/2015;69.19
04/02/2015;69.2
05/02/2015;69.79
06/02/2015;69.3
09/02/2015;69.07
10/02/2015;69.44
11/02/2015;69.47
12/02/2015;69.85
13/02/2015;70.08
17/02/2015;70.19
18/02/2015;70.54
19/02/2015;70.21
20/02/2015;70.24
23/02/2015;70.68
24/02/2015;71.01
25/02/2015;71.01
26/02/2015;71.11
27/02/2015;70.82
02/03/2015;71.01
03/03/2015;70.68
04/03/2015;70.68
05/03/2015;71.46
06/03/2015;69.25
09/03/2015;69.59
10/03/2015;68.4
11/03/2015;67.89
12/03/2015;68.53
13/03/2015;68.46
16/03/2015;69.02
17/03/2015;68.41
18/03/2015;68.33
19/03/2015;68.29
20/03/2015;69.56
23/03/2015;70.17
24/03/2015;69.31
25/03/2015;68.89
26/03/2015;68.74
27/03/2015;68.75
30/03/2015;69.29
31/03/2015;69.34
01/04/2015;69.09
02/04/2015;69.33
06/04/2015;69.95
07/04/2015;69.71
08/04/2015;69.9
09/04/2015;69.96
10/04/2015;69.61
13/04/2015;69.31
14/04/2015;69.63
15/04/2015;69.88
16/04/2015;70.08
17/04/2015;69.28
20/04/2015;68.46
21/04/2015;69.01
22/04/2015;69.28
23/04/2015;69.22
24/04/2015;69.17
27/04/2015;68.98
28/04/2015;68.77
29/04/2015;68.51
30/04/2015;67.28
01/05/2015;67.68
04/05/2015;67.86
05/05/2015;67.38
06/05/2015;67.79
07/05/2015;67.88
08/05/2015;68.2
11/05/2015;67.83
12/05/2015;67.88
13/05/2015;67.6
14/05/2015;68.63
15/05/2015;68.63
18/05/2015;68.61
19/05/2015;69.14
20/05/2015;68.89
21/05/2015;68.82
22/05/2015;68.5
26/05/2015;67.15
27/05/2015;67.54
28/05/2015;67.33
29/05/2015;66.79
01/06/2015;66.9
02/06/2015;66.73
03/06/2015;66.57
04/06/2015;65.92
05/06/2015;65.48
08/06/2015;65.34
09/06/2015;66.03
10/06/2015;67.07
11/06/2015;66.55
12/06/2015;66.29
15/06/2015;65.34
16/06/2015;65.98
17/06/2015;66.41
18/06/2015;67.17
19/06/2015;66.9
22/06/2015;67.24
23/06/2015;67.01
24/06/2015;66.49
25/06/2015;66.46
26/06/2015;66.5
29/06/2015;65.4
30/06/2015;65.41
01/07/2015;66.16
02/07/2015;66.16
06/07/2015;65.96
07/07/2015;67.31
08/07/2015;66.45
09/07/2015;66.17
10/07/2015;66.64
13/07/2015;67.44
14/07/2015;67.27
15/07/2015;66.91
16/07/2015;67.62
17/07/2015;67.5
20/07/2015;67.8
21/07/2015;66.94
22/07/2015;67
23/07/2015;67.04
24/07/2015;67
27/07/2015;67.3
28/07/2015;68.39
29/07/2015;68.93
30/07/2015;68.02
31/07/2015;68.02
03/08/2015;68.42
04/08/2015;68.45
05/08/2015;69.08
06/08/2015;68.65
07/08/2015;68.49
10/08/2015;68.74
11/08/2015;68.26
12/08/2015;68
13/08/2015;67.66
14/08/2015;67.79
17/08/2015;67.66
18/08/2015;67.69
19/08/2015;66.74
20/08/2015;65.99
21/08/2015;64.98
24/08/2015;61.95
25/08/2015;60.37
26/08/2015;62.23
27/08/2015;63.09
28/08/2015;63.35
31/08/2015;62.81
01/09/2015;61.27
02/09/2015;62.18
03/09/2015;62.92
04/09/2015;61.46
08/09/2015;63.43
09/09/2015;62.39
10/09/2015;61.93
11/09/2015;61.92
14/09/2015;62.11
15/09/2015;62.43
16/09/2015;63.07
17/09/2015;63.27
18/09/2015;62.69
21/09/2015;63.1
22/09/2015;62.16
23/09/2015;62.1
24/09/2015;62.25
25/09/2015;63.14
28/09/2015;62.16
29/09/2015;63.07
30/09/2015;63.46
01/10/2015;63.72
02/10/2015;64.28
05/10/2015;65.35
06/10/2015;64.79
07/10/2015;65.35
08/10/2015;65.9
09/10/2015;66.34
12/10/2015;66.25
13/10/2015;65.97
14/10/2015;65.75
15/10/2015;66.57
16/10/2015;67.12
19/10/2015;67.25
20/10/2015;67.06
21/10/2015;66.83
22/10/2015;68.64
23/10/2015;68.94
26/10/2015;68.72
27/10/2015;68.95
28/10/2015;68.83
29/10/2015;69.23
30/10/2015;66.35
02/11/2015;67.49
03/11/2015;68
04/11/2015;67.48
05/11/2015;67.6
06/11/2015;65.82
09/11/2015;65.77
10/11/2015;66.38
11/11/2015;66.45
12/11/2015;65.27
13/11/2015;64.56
16/11/2015;65.57
17/11/2015;65.32
18/11/2015;66.06
19/11/2015;66.38
20/11/2015;66.1
23/11/2015;66.89
24/11/2015;66.82
25/11/2015;66.43
27/11/2015;66.56
30/11/2015;65.68
01/12/2015;65.83
02/12/2015;65.68
03/12/2015;65.58
04/12/2015;66.34
07/12/2015;66.34
08/12/2015;66.18
09/12/2015;66.08
10/12/2015;66.13
11/12/2015;65.21
14/12/2015;65.85
15/12/2015;66.76
16/12/2015;68.33
17/12/2015;67.33
18/12/2015;65.57
21/12/2015;65.98
22/12/2015;66.58
23/12/2015;67.16
24/12/2015;66.99
28/12/2015;66.89
29/12/2015;67.65
30/12/2015;67.53
31/12/2015;66.62
04/01/2016;64.71
05/01/2016;65
06/01/2016;64.14
07/01/2016;63.01
08/01/2016;62.55
11/01/2016;62.81
12/01/2016;63.38
13/01/2016;62.91
14/01/2016;63.53
15/01/2016;63.35
19/01/2016;64.29
20/01/2016;62.45
21/01/2016;63.65
22/01/2016;64.61
25/01/2016;63.93
26/01/2016;64.33
27/01/2016;64.3
28/01/2016;65.02
29/01/2016;67.53
01/02/2016;66.2
02/02/2016;65.36
03/02/2016;66.03
04/02/2016;65.99
05/02/2016;66.19
08/02/2016;66.07
09/02/2016;65.88
10/02/2016;65.81
11/02/2016;64.44
12/02/2016;65.7
16/02/2016;65.81
17/02/2016;67.06
18/02/2016;67.22
19/02/2016;67.46
22/02/2016;67.61
23/02/2016;67.2
24/02/2016;66.32
25/02/2016;67.42
26/02/2016;66.28
29/02/2016;65.64
01/03/2016;67.33
02/03/2016;67.08
03/03/2016;67.61
04/03/2016;68.16
07/03/2016;67.57
08/03/2016;67.53
09/03/2016;67.98
10/03/2016;68.23
11/03/2016;68.37
14/03/2016;68.24
15/03/2016;68.59
16/03/2016;68.68
17/03/2016;69.86
18/03/2016;70.48
21/03/2016;70.43
22/03/2016;69.56
23/03/2016;69.8
24/03/2016;69.91
28/03/2016;69.91
29/03/2016;70.51
30/03/2016;70.72
31/03/2016;70.65
01/04/2016;71.2
04/04/2016;71.16
05/04/2016;71.14
06/04/2016;71.41
07/04/2016;70.64
08/04/2016;71.07
11/04/2016;70.94
12/04/2016;71.23
13/04/2016;70.83
14/04/2016;70.8
15/04/2016;71.25
18/04/2016;71.32
19/04/2016;71.66
20/04/2016;70.31
21/04/2016;68.98
22/04/2016;69.06
25/04/2016;69.42
26/04/2016;68.96
27/04/2016;69.31
28/04/2016;71.16
29/04/2016;70.92
02/05/2016;72.37
03/05/2016;71.85
04/05/2016;71.88
05/05/2016;71.47
06/05/2016;71.82
09/05/2016;71.76
10/05/2016;72.2
11/05/2016;71.98
12/05/2016;72.65
13/05/2016;71.67
16/05/2016;72.02
17/05/2016;70.85
18/05/2016;70.13
19/05/2016;70.43
20/05/2016;70.02
23/05/2016;70.08
24/05/2016;70.87
25/05/2016;70.67
26/05/2016;70.49
27/05/2016;70.59
31/05/2016;70.41
01/06/2016;71.2
02/06/2016;71.42
03/06/2016;71.6
06/06/2016;71.84
07/06/2016;71.59
08/06/2016;72
09/06/2016;72.34
10/06/2016;72.12
13/06/2016;71.67
14/06/2016;72.09
15/06/2016;71.72
16/06/2016;72
17/06/2016;71.44
20/06/2016;71.64
21/06/2016;71.8
22/06/2016;72.25
23/06/2016;72.67
24/06/2016;70.58
27/06/2016;69.99
28/06/2016;71.13
29/06/2016;71.86
30/06/2016;73.2
01/07/2016;72.95
05/07/2016;73.28
06/07/2016;73.28
07/07/2016;73.4
08/07/2016;74.25
11/07/2016;74.49
12/07/2016;73.95
13/07/2016;74.47
14/07/2016;74.71
15/07/2016;74.72
18/07/2016;74.5
19/07/2016;74.56
20/07/2016;74.12
21/07/2016;73.87
22/07/2016;74.61
25/07/2016;74.23
26/07/2016;73.98
27/07/2016;73.28
28/07/2016;73.25
29/07/2016;74.43
01/08/2016;75.11
02/08/2016;74.87
03/08/2016;74.08
04/08/2016;74.78
05/08/2016;74.58
08/08/2016;74.43
09/08/2016;74.78
10/08/2016;74.84
11/08/2016;74.89
12/08/2016;74.97
15/08/2016;74.71
16/08/2016;74.32
17/08/2016;74.58
18/08/2016;74.59
19/08/2016;74.49
22/08/2016;74.5
23/08/2016;74.54
24/08/2016;74.36
25/08/2016;74.63
26/08/2016;74.47
29/08/2016;74.81
30/08/2016;74.5
31/08/2016;74.34
01/09/2016;74.27
02/09/2016;74.89
06/09/2016;75.27
07/09/2016;73.76
08/09/2016;72.99
09/09/2016;70.86
12/09/2016;72.78
13/09/2016;71.84
14/09/2016;71.85
15/09/2016;72.1
16/09/2016;71.96
19/09/2016;72.19
20/09/2016;72.48
21/09/2016;73
22/09/2016;73.53
23/09/2016;73.25
26/09/2016;73.11
27/09/2016;73.46
28/09/2016;73.6
29/09/2016;73.29
30/09/2016;74.14
03/10/2016;73.62
04/10/2016;72.8
05/10/2016;72.97
06/10/2016;73.28
07/10/2016;73.05
10/10/2016;72.61
11/10/2016;72.2
12/10/2016;72.43
13/10/2016;72.16
14/10/2016;72.31
17/10/2016;72.08
18/10/2016;71.93
19/10/2016;71.7
20/10/2016;70.92
21/10/2016;70.92
24/10/2016;71.03
25/10/2016;71.31
26/10/2016;71.26
27/10/2016;70.57
28/10/2016;71.17
31/10/2016;71.36
01/11/2016;70.99
02/11/2016;71.18
03/11/2016;70.57
04/11/2016;69.57
07/11/2016;70.54
08/11/2016;71.59
09/11/2016;70.37
10/11/2016;67.2
11/11/2016;67.42
14/11/2016;66.58
15/11/2016;66.59
16/11/2016;66.74
17/11/2016;65.99
18/11/2016;65.86
21/11/2016;66.22
22/11/2016;66.33
23/11/2016;65.99
25/11/2016;66.53
28/11/2016;66.43
29/11/2016;66.53
30/11/2016;65.23
01/12/2016;65.08
02/12/2016;64.72
05/12/2016;64.63
06/12/2016;65.03
07/12/2016;65.93
08/12/2016;65.7
09/12/2016;66.29
12/12/2016;66.75
13/12/2016;66.89
14/12/2016;65.91
15/12/2016;66.23
16/12/2016;66.23
19/12/2016;66.06
20/12/2016;66.39
21/12/2016;66.05
22/12/2016;66.37
23/12/2016;66.27
27/12/2016;66.01
28/12/2016;65.61
29/12/2016;65.89
30/12/2016;65.44
03/01/2017;65.54
04/01/2017;66.26
05/01/2017;66.85
06/01/2017;67.36
09/01/2017;66.42
10/01/2017;65.39
11/01/2017;65.31
12/01/2017;65.85
13/01/2017;65.88
17/01/2017;67.1
18/01/2017;67.86
19/01/2017;67.04
20/01/2017;67.95
23/01/2017;67.55
24/01/2017;68.26
25/01/2017;68.43
26/01/2017;68.24
27/01/2017;64.68
30/01/2017;64.53
31/01/2017;64.58
01/02/2017;64.72
02/02/2017;65.68
03/02/2017;65.97
06/02/2017;65.49
07/02/2017;66.56
08/02/2017;66.59
09/02/2017;66.6
10/02/2017;67.72
13/02/2017;67.71
14/02/2017;67.74
15/02/2017;68.61
16/02/2017;69
17/02/2017;71.98
21/02/2017;73.18
22/02/2017;73.49
23/02/2017;74.44
24/02/2017;73.35
27/02/2017;72.65
28/02/2017;72.98
01/03/2017;73.46
02/03/2017;73.74
03/03/2017;73.59
06/03/2017;73.79
07/03/2017;73.72
08/03/2017;73.16
09/03/2017;73.37
10/03/2017;74.26
13/03/2017;73.9
14/03/2017;73.65
15/03/2017;73.94
16/03/2017;73.9
17/03/2017;73.96
20/03/2017;73.8
21/03/2017;73.7
22/03/2017;73.68
23/03/2017;73.92
24/03/2017;73.67
27/03/2017;73.43
28/03/2017;73.77
29/03/2017;73.56
30/03/2017;73.23
31/03/2017;73.19
03/04/2017;73.37
04/04/2017;73.62
05/04/2017;73.46
06/04/2017;73.13
07/04/2017;73.45
10/04/2017;73.73
11/04/2017;73.7
12/04/2017;74
13/04/2017;73.66
17/04/2017;74.07
18/04/2017;74.37
19/04/2017;73.39
20/04/2017;73.18
21/04/2017;73.02
24/04/2017;73.66
25/04/2017;74.22
26/04/2017;73.5
27/04/2017;73.3
28/04/2017;72.04
01/05/2017;71.8
02/05/2017;70.76
03/05/2017;71.08
04/05/2017;71.95
05/05/2017;71.81
08/05/2017;71.84
09/05/2017;71.5
10/05/2017;71.8
11/05/2017;71.62
12/05/2017;71.25
15/05/2017;71.65
16/05/2017;71.58
17/05/2017;75.69
18/05/2017;73.93
19/05/2017;74.82
22/05/2017;74.28
23/05/2017;73.84
24/05/2017;74.6
25/05/2017;75.37
26/05/2017;75.45
30/05/2017;76.09
31/05/2017;76.36
01/06/2017;76.69
02/06/2017;77.11
05/06/2017;77.23
06/06/2017;77
07/06/2017;77.16
08/06/2017;75.79
09/06/2017;75.77
12/06/2017;75.55
13/06/2017;75.69
14/06/2017;75.88
15/06/2017;76.35
16/06/2017;76.31
19/06/2017;76.9
20/06/2017;76.35
21/06/2017;75.68
22/06/2017;75.53
23/06/2017;75.92
26/06/2017;75.89
27/06/2017;75.37
28/06/2017;75.09
29/06/2017;74.12
30/06/2017;74.13
03/07/2017;73.94
05/07/2017;73.76
06/07/2017;73.45
07/07/2017;73.34
10/07/2017;73.08
11/07/2017;72.4
12/07/2017;72.28
13/07/2017;72.23
14/07/2017;72.49
17/07/2017;72.59
18/07/2017;72.52
19/07/2017;72.49
20/07/2017;72.09
21/07/2017;73.27
24/07/2017;71.85
25/07/2017;72.05
26/07/2017;73
27/07/2017;72.95
28/07/2017;72.54
31/07/2017;72.2
01/08/2017;71.7
02/08/2017;71.62
03/08/2017;71.6
04/08/2017;71.48
07/08/2017;71.74
08/08/2017;71.7
09/08/2017;71.57
10/08/2017;71.55
11/08/2017;71.26
14/08/2017;71.45
15/08/2017;71.8
16/08/2017;71.93
17/08/2017;71.3
18/08/2017;71.02
21/08/2017;71.61
22/08/2017;71.64
23/08/2017;71.22
24/08/2017;70.78
25/08/2017;71.15
28/08/2017;70.9
29/08/2017;71.3
30/08/2017;70.95
31/08/2017;71.64
01/09/2017;71.3
05/09/2017;71.11
06/09/2017;71.49
07/09/2017;71.56
08/09/2017;71.82
11/09/2017;72.02
12/09/2017;71.95
13/09/2017;71.65
14/09/2017;72.14
15/09/2017;72.28
18/09/2017;72.39
19/09/2017;72.81
20/09/2017;72.55
21/09/2017;71.37
22/09/2017;71.19
25/09/2017;73
26/09/2017;73.39
27/09/2017;73.08
28/09/2017;73.15
29/09/2017;72.85
02/10/2017;72.95
03/10/2017;72.44
04/10/2017;72.88
05/10/2017;73.21
06/10/2017;72.72
09/10/2017;72.36
10/10/2017;72.9
11/10/2017;74.73
12/10/2017;75.16
13/10/2017;75.99
16/10/2017;75.75
17/10/2017;74.96
18/10/2017;74.44
19/10/2017;73.14
20/10/2017;72.32
23/10/2017;72.19
24/10/2017;71.84
25/10/2017;71.42
26/10/2017;71.21
27/10/2017;70.4
30/10/2017;69.2
31/10/2017;70.45
01/11/2017;70.56
02/11/2017;70.94
03/11/2017;70.15
06/11/2017;70.25
07/11/2017;70.9
08/11/2017;73.27
09/11/2017;72.91
10/11/2017;73.21
13/11/2017;73.7
14/11/2017;73.46
15/11/2017;72.48
16/11/2017;72.63
17/11/2017;71.89
20/11/2017;72.07
21/11/2017;72.22
22/11/2017;71.75
24/11/2017;72.01
27/11/2017;72
28/11/2017;72.76
29/11/2017;72.01
30/11/2017;72.45
01/12/2017;73.04
04/12/2017;74.52
05/12/2017;74.59
06/12/2017;74.25
07/12/2017;73.2
08/12/2017;73.32
11/12/2017;73.17
12/12/2017;72.49
13/12/2017;73.35
14/12/2017;73.24
15/12/2017;74.05
18/12/2017;73.99
19/12/2017;74.85
20/12/2017;74.52
21/12/2017;74.66
22/12/2017;75.15
26/12/2017;75.48
27/12/2017;75.37
28/12/2017;75.14
29/12/2017;75.45
02/01/2018;75.14
03/01/2018;74.85
04/01/2018;75.33
05/01/2018;75.42
08/01/2018;75.53
09/01/2018;75.64
10/01/2018;74.83
13/09/2017;55.16
14/09/2017;55.47
15/09/2017;55.62
18/09/2017;55.48
19/09/2017;55.14
20/09/2017;56.29
21/09/2017;56.43
22/09/2017;56.86
25/09/2017;59.02
26/09/2017;58.44
27/09/2017;57.9
28/09/2017;57.41
29/09/2017;57.54
02/10/2017;56.12
03/10/2017;56
04/10/2017;55.8
05/10/2017;57
06/10/2017;55.62
09/10/2017;55.79
10/10/2017;56.61
11/10/2017;56.94
12/10/2017;56.25
13/10/2017;57.17
16/10/2017;57.82
17/10/2017;57.88
18/10/2017;58.15
19/10/2017;57.23
20/10/2017;57.75
23/10/2017;57.37
24/10/2017;58.33
25/10/2017;58.44
26/10/2017;59.3
27/10/2017;60.44
30/10/2017;60.9
31/10/2017;61.37
01/11/2017;60.49
02/11/2017;60.62
03/11/2017;62.07
06/11/2017;64.27
07/11/2017;63.69
08/11/2017;63.49
09/11/2017;63.93
10/11/2017;63.52
13/11/2017;63.16
14/11/2017;62.21
15/11/2017;61.87
16/11/2017;61.36
17/11/2017;62.72
20/11/2017;62.22
21/11/2017;62.57
22/11/2017;63.32
23/11/2017;63.55
24/11/2017;63.86
27/11/2017;63.84
28/11/2017;63.61
29/11/2017;63.11
30/11/2017;63.57
01/12/2017;63.73
04/12/2017;62.45
05/12/2017;62.86
06/12/2017;61.22
07/12/2017;62.2
08/12/2017;63.4
11/12/2017;64.69
12/12/2017;63.34
13/12/2017;62.44
14/12/2017;63.31
15/12/2017;63.23
18/12/2017;63.41
19/12/2017;63.8
20/12/2017;64.56
21/12/2017;64.9
22/12/2017;65.25
26/12/2017;67.02
27/12/2017;66.44
28/12/2017;66.72
29/12/2017;66.87
02/01/2018;66.57
03/01/2018;67.84
04/01/2018;68.07
05/01/2018;67.62
08/01/2018;67.78
09/01/2018;68.82
10/01/2018;69.02
