23/11/2000;0.1208
24/11/2000;0.1208
27/11/2000;0.1208
28/11/2000;0.1208
29/11/2000;0.12081
30/11/2000;0.1208
01/12/2000;0.1208
04/12/2000;0.12081
05/12/2000;0.12081
06/12/2000;0.12081
07/12/2000;0.12081
08/12/2000;0.12081
11/12/2000;0.12081
12/12/2000;0.12081
13/12/2000;0.12081
14/12/2000;0.12081
15/12/2000;0.12081
18/12/2000;0.12081
19/12/2000;0.12081
20/12/2000;0.12081
21/12/2000;0.12081
22/12/2000;0.1208
25/12/2000;0.12081
26/12/2000;0.12081
27/12/2000;0.12081
28/12/2000;0.1208
29/12/2000;0.12081
01/01/2001;0.1208
02/01/2001;0.1208
03/01/2001;0.12081
04/01/2001;0.1208
05/01/2001;0.1208
08/01/2001;0.1208
09/01/2001;0.12081
10/01/2001;0.12081
11/01/2001;0.12082
12/01/2001;0.12081
15/01/2001;0.12082
16/01/2001;0.12082
17/01/2001;0.12082
18/01/2001;0.12082
19/01/2001;0.12082
22/01/2001;0.12079
23/01/2001;0.12079
24/01/2001;0.12079
25/01/2001;0.12079
26/01/2001;0.12079
29/01/2001;0.12079
30/01/2001;0.12079
31/01/2001;0.1208
01/02/2001;0.12081
02/02/2001;0.12081
05/02/2001;0.12081
06/02/2001;0.12082
07/02/2001;0.12082
08/02/2001;0.12082
09/02/2001;0.12082
12/02/2001;0.12081
13/02/2001;0.12082
14/02/2001;0.12082
15/02/2001;0.12081
16/02/2001;0.12081
19/02/2001;0.12082
20/02/2001;0.12082
21/02/2001;0.12081
22/02/2001;0.12081
23/02/2001;0.12081
26/02/2001;0.1208
27/02/2001;0.1208
28/02/2001;0.12079
01/03/2001;0.1208
02/03/2001;0.12079
05/03/2001;0.1208
06/03/2001;0.1208
07/03/2001;0.12081
08/03/2001;0.12081
09/03/2001;0.12081
12/03/2001;0.12079
13/03/2001;0.12079
14/03/2001;0.1208
15/03/2001;0.1208
16/03/2001;0.12081
19/03/2001;0.12081
20/03/2001;0.12081
21/03/2001;0.12081
22/03/2001;0.12081
23/03/2001;0.12081
26/03/2001;0.12081
27/03/2001;0.12081
28/03/2001;0.1208
29/03/2001;0.1208
30/03/2001;0.1208
02/04/2001;0.1208
03/04/2001;0.12081
04/04/2001;0.12081
05/04/2001;0.12081
06/04/2001;0.12082
09/04/2001;0.12081
10/04/2001;0.12081
11/04/2001;0.12081
12/04/2001;0.12081
13/04/2001;0.12081
16/04/2001;0.12081
17/04/2001;0.1208
18/04/2001;0.1208
19/04/2001;0.12081
20/04/2001;0.1208
23/04/2001;0.12081
24/04/2001;0.12081
25/04/2001;0.12082
26/04/2001;0.12081
27/04/2001;0.12081
30/04/2001;0.12081
01/05/2001;0.12081
02/05/2001;0.12081
03/05/2001;0.12081
04/05/2001;0.12081
07/05/2001;0.12081
08/05/2001;0.12079
09/05/2001;0.1208
10/05/2001;0.12081
11/05/2001;0.12081
14/05/2001;0.12081
15/05/2001;0.12081
16/05/2001;0.12081
17/05/2001;0.12082
18/05/2001;0.12081
21/05/2001;0.1208
22/05/2001;0.12081
23/05/2001;0.12081
24/05/2001;0.12081
25/05/2001;0.12081
28/05/2001;0.12081
29/05/2001;0.12081
30/05/2001;0.1208
31/05/2001;0.12081
01/06/2001;0.1208
04/06/2001;0.12081
05/06/2001;0.12081
06/06/2001;0.12081
07/06/2001;0.12082
08/06/2001;0.12082
11/06/2001;0.12082
12/06/2001;0.12081
13/06/2001;0.1208
14/06/2001;0.12081
15/06/2001;0.12081
18/06/2001;0.12081
19/06/2001;0.1208
20/06/2001;0.12081
21/06/2001;0.12081
22/06/2001;0.12082
25/06/2001;0.12081
26/06/2001;0.12081
27/06/2001;0.12081
28/06/2001;0.12081
29/06/2001;0.12082
02/07/2001;0.12081
03/07/2001;0.12082
04/07/2001;0.12081
05/07/2001;0.12082
06/07/2001;0.12081
09/07/2001;0.12082
10/07/2001;0.12081
11/07/2001;0.12081
12/07/2001;0.12081
13/07/2001;0.12082
16/07/2001;0.12082
17/07/2001;0.12081
18/07/2001;0.12081
19/07/2001;0.12081
20/07/2001;0.12081
23/07/2001;0.12081
24/07/2001;0.12081
25/07/2001;0.12081
26/07/2001;0.12081
27/07/2001;0.12081
30/07/2001;0.12082
31/07/2001;0.12081
01/08/2001;0.12081
02/08/2001;0.12081
03/08/2001;0.12081
06/08/2001;0.12081
07/08/2001;0.12081
08/08/2001;0.12081
09/08/2001;0.12081
10/08/2001;0.12081
13/08/2001;0.12081
14/08/2001;0.12081
15/08/2001;0.12081
16/08/2001;0.12081
17/08/2001;0.12081
20/08/2001;0.12081
21/08/2001;0.12081
22/08/2001;0.12081
23/08/2001;0.12081
24/08/2001;0.12081
27/08/2001;0.12081
28/08/2001;0.12081
29/08/2001;0.12081
30/08/2001;0.12082
31/08/2001;0.12081
03/09/2001;0.12081
04/09/2001;0.12081
05/09/2001;0.12081
06/09/2001;0.12081
07/09/2001;0.12082
10/09/2001;0.12081
11/09/2001;0.12081
12/09/2001;0.12081
13/09/2001;0.12081
14/09/2001;0.12082
17/09/2001;0.12082
18/09/2001;0.12081
19/09/2001;0.12082
20/09/2001;0.12082
21/09/2001;0.12082
24/09/2001;0.12081
25/09/2001;0.12081
26/09/2001;0.12081
27/09/2001;0.12081
28/09/2001;0.12081
01/10/2001;0.12081
02/10/2001;0.12081
03/10/2001;0.12081
04/10/2001;0.12081
05/10/2001;0.12081
08/10/2001;0.12082
09/10/2001;0.12081
10/10/2001;0.12081
11/10/2001;0.12082
12/10/2001;0.12082
15/10/2001;0.12082
16/10/2001;0.12082
17/10/2001;0.12081
18/10/2001;0.12081
19/10/2001;0.12081
22/10/2001;0.12081
23/10/2001;0.12081
24/10/2001;0.12082
25/10/2001;0.12081
26/10/2001;0.12081
29/10/2001;0.1208
30/10/2001;0.12081
31/10/2001;0.12081
01/11/2001;0.12081
02/11/2001;0.12081
05/11/2001;0.12081
06/11/2001;0.12082
07/11/2001;0.12082
08/11/2001;0.12082
09/11/2001;0.12082
12/11/2001;0.12082
13/11/2001;0.12082
14/11/2001;0.12082
15/11/2001;0.12081
16/11/2001;0.12081
19/11/2001;0.12081
20/11/2001;0.12081
21/11/2001;0.12081
22/11/2001;0.12081
23/11/2001;0.12081
26/11/2001;0.12081
27/11/2001;0.12081
28/11/2001;0.12081
29/11/2001;0.12081
30/11/2001;0.12081
03/12/2001;0.12081
04/12/2001;0.12081
05/12/2001;0.12081
06/12/2001;0.12081
07/12/2001;0.12081
10/12/2001;0.12081
11/12/2001;0.12081
12/12/2001;0.12081
13/12/2001;0.12082
14/12/2001;0.12081
17/12/2001;0.12081
18/12/2001;0.12081
19/12/2001;0.12082
20/12/2001;0.12082
21/12/2001;0.12082
24/12/2001;0.12082
25/12/2001;0.12082
26/12/2001;0.12082
27/12/2001;0.12082
28/12/2001;0.12081
31/12/2001;0.12082
01/01/2002;0.12082
02/01/2002;0.12082
03/01/2002;0.12082
04/01/2002;0.12082
07/01/2002;0.12081
08/01/2002;0.12081
09/01/2002;0.12082
10/01/2002;0.12082
11/01/2002;0.12081
14/01/2002;0.12082
15/01/2002;0.12081
16/01/2002;0.12082
17/01/2002;0.12081
18/01/2002;0.12082
21/01/2002;0.12081
22/01/2002;0.12082
23/01/2002;0.12082
24/01/2002;0.12082
25/01/2002;0.12082
28/01/2002;0.12082
29/01/2002;0.12081
30/01/2002;0.12082
31/01/2002;0.12082
01/02/2002;0.12082
04/02/2002;0.12082
05/02/2002;0.12082
06/02/2002;0.12082
07/02/2002;0.12082
08/02/2002;0.12082
11/02/2002;0.12082
12/02/2002;0.12081
13/02/2002;0.12081
14/02/2002;0.12081
15/02/2002;0.12081
18/02/2002;0.12081
19/02/2002;0.12081
20/02/2002;0.12081
21/02/2002;0.12082
22/02/2002;0.12082
25/02/2002;0.12082
26/02/2002;0.12082
27/02/2002;0.12082
28/02/2002;0.12082
01/03/2002;0.12082
04/03/2002;0.12082
05/03/2002;0.12082
06/03/2002;0.12082
07/03/2002;0.12081
08/03/2002;0.12081
11/03/2002;0.12081
12/03/2002;0.12081
13/03/2002;0.12081
14/03/2002;0.12081
15/03/2002;0.1208
18/03/2002;0.12081
19/03/2002;0.12081
20/03/2002;0.12081
21/03/2002;0.12081
22/03/2002;0.12081
25/03/2002;0.12081
26/03/2002;0.12081
27/03/2002;0.12081
28/03/2002;0.12081
29/03/2002;0.12081
01/04/2002;0.12081
02/04/2002;0.12081
03/04/2002;0.12081
04/04/2002;0.12081
05/04/2002;0.12081
08/04/2002;0.12081
09/04/2002;0.12081
10/04/2002;0.12081
11/04/2002;0.12081
12/04/2002;0.12081
15/04/2002;0.12081
16/04/2002;0.12081
17/04/2002;0.12081
18/04/2002;0.12081
19/04/2002;0.1208
22/04/2002;0.12081
23/04/2002;0.12081
24/04/2002;0.12081
25/04/2002;0.12081
26/04/2002;0.12081
29/04/2002;0.12081
30/04/2002;0.12081
01/05/2002;0.12081
02/05/2002;0.12081
03/05/2002;0.12081
06/05/2002;0.1208
07/05/2002;0.12081
08/05/2002;0.1208
09/05/2002;0.12081
10/05/2002;0.12081
13/05/2002;0.12081
14/05/2002;0.12081
15/05/2002;0.12081
16/05/2002;0.12081
17/05/2002;0.12081
20/05/2002;0.12081
21/05/2002;0.12081
22/05/2002;0.12081
23/05/2002;0.12081
24/05/2002;0.12081
27/05/2002;0.12081
28/05/2002;0.12082
29/05/2002;0.12082
30/05/2002;0.12082
31/05/2002;0.12082
03/06/2002;0.12082
04/06/2002;0.12081
05/06/2002;0.12081
06/06/2002;0.12081
07/06/2002;0.12081
10/06/2002;0.12081
11/06/2002;0.12081
12/06/2002;0.12081
13/06/2002;0.12081
14/06/2002;0.12081
17/06/2002;0.12081
18/06/2002;0.12081
19/06/2002;0.1208
20/06/2002;0.12081
21/06/2002;0.12081
24/06/2002;0.12081
25/06/2002;0.12081
26/06/2002;0.12081
27/06/2002;0.12081
28/06/2002;0.12081
01/07/2002;0.12081
02/07/2002;0.12081
03/07/2002;0.12081
04/07/2002;0.12082
05/07/2002;0.12082
08/07/2002;0.12082
09/07/2002;0.12082
10/07/2002;0.12082
11/07/2002;0.12081
12/07/2002;0.12082
15/07/2002;0.12082
16/07/2002;0.12081
17/07/2002;0.12081
18/07/2002;0.12081
19/07/2002;0.12081
22/07/2002;0.12081
23/07/2002;0.12081
24/07/2002;0.12081
25/07/2002;0.12081
26/07/2002;0.12081
29/07/2002;0.12082
30/07/2002;0.12082
31/07/2002;0.12082
01/08/2002;0.12082
02/08/2002;0.12081
05/08/2002;0.12081
06/08/2002;0.12081
07/08/2002;0.12081
08/08/2002;0.12082
09/08/2002;0.12082
12/08/2002;0.12081
13/08/2002;0.12083
14/08/2002;0.12082
15/08/2002;0.12081
16/08/2002;0.12081
19/08/2002;0.12082
20/08/2002;0.12081
21/08/2002;0.12082
22/08/2002;0.12081
23/08/2002;0.12082
26/08/2002;0.12082
27/08/2002;0.12082
28/08/2002;0.12081
29/08/2002;0.12082
30/08/2002;0.12081
02/09/2002;0.12081
03/09/2002;0.12081
04/09/2002;0.12081
05/09/2002;0.12081
06/09/2002;0.12081
09/09/2002;0.12081
10/09/2002;0.12081
11/09/2002;0.12081
12/09/2002;0.12081
13/09/2002;0.12082
16/09/2002;0.12081
17/09/2002;0.12081
18/09/2002;0.12081
19/09/2002;0.12081
20/09/2002;0.12081
23/09/2002;0.12081
24/09/2002;0.12081
25/09/2002;0.12081
26/09/2002;0.12081
27/09/2002;0.12082
30/09/2002;0.12081
01/10/2002;0.12081
02/10/2002;0.12081
03/10/2002;0.12081
04/10/2002;0.12081
07/10/2002;0.12081
08/10/2002;0.12081
09/10/2002;0.12081
10/10/2002;0.12081
11/10/2002;0.12081
14/10/2002;0.12081
15/10/2002;0.12082
16/10/2002;0.12082
17/10/2002;0.12082
18/10/2002;0.12082
21/10/2002;0.12081
22/10/2002;0.12081
23/10/2002;0.12081
24/10/2002;0.12081
25/10/2002;0.12081
28/10/2002;0.12081
29/10/2002;0.12081
30/10/2002;0.12081
31/10/2002;0.12081
01/11/2002;0.12081
04/11/2002;0.12081
05/11/2002;0.12081
06/11/2002;0.12081
07/11/2002;0.12081
08/11/2002;0.12081
11/11/2002;0.12081
12/11/2002;0.12081
13/11/2002;0.12081
14/11/2002;0.12081
15/11/2002;0.12081
18/11/2002;0.12081
19/11/2002;0.12081
20/11/2002;0.12081
21/11/2002;0.12081
22/11/2002;0.12081
25/11/2002;0.12081
26/11/2002;0.12081
27/11/2002;0.12081
28/11/2002;0.12081
29/11/2002;0.12081
02/12/2002;0.12081
03/12/2002;0.12081
04/12/2002;0.12081
05/12/2002;0.12081
06/12/2002;0.12081
09/12/2002;0.12081
10/12/2002;0.12081
11/12/2002;0.12081
12/12/2002;0.12081
13/12/2002;0.12081
16/12/2002;0.12081
17/12/2002;0.12081
18/12/2002;0.12081
19/12/2002;0.12081
20/12/2002;0.12081
23/12/2002;0.1208
24/12/2002;0.1208
25/12/2002;0.12081
26/12/2002;0.12081
27/12/2002;0.12081
30/12/2002;0.12081
31/12/2002;0.12081
01/01/2003;0.12081
02/01/2003;0.12081
03/01/2003;0.12081
06/01/2003;0.12081
07/01/2003;0.12082
08/01/2003;0.12082
09/01/2003;0.12082
10/01/2003;0.12081
13/01/2003;0.12081
14/01/2003;0.12081
15/01/2003;0.12081
16/01/2003;0.12081
17/01/2003;0.12081
20/01/2003;0.12081
21/01/2003;0.12081
22/01/2003;0.12081
23/01/2003;0.12081
24/01/2003;0.12081
27/01/2003;0.12081
28/01/2003;0.12082
29/01/2003;0.12081
30/01/2003;0.12082
31/01/2003;0.12081
03/02/2003;0.12081
04/02/2003;0.12081
05/02/2003;0.12081
06/02/2003;0.12081
07/02/2003;0.12081
10/02/2003;0.12081
11/02/2003;0.1208
12/02/2003;0.1208
13/02/2003;0.12081
14/02/2003;0.12081
17/02/2003;0.1208
18/02/2003;0.12081
19/02/2003;0.1208
20/02/2003;0.1208
21/02/2003;0.1208
24/02/2003;0.1208
25/02/2003;0.1208
26/02/2003;0.1208
27/02/2003;0.12081
28/02/2003;0.1208
03/03/2003;0.12081
04/03/2003;0.12081
05/03/2003;0.1208
06/03/2003;0.1208
07/03/2003;0.12081
10/03/2003;0.12081
11/03/2003;0.12081
12/03/2003;0.12081
13/03/2003;0.12081
14/03/2003;0.12081
17/03/2003;0.12081
18/03/2003;0.12081
19/03/2003;0.12081
20/03/2003;0.12081
21/03/2003;0.12081
24/03/2003;0.12081
25/03/2003;0.12081
26/03/2003;0.12081
27/03/2003;0.12081
28/03/2003;0.12081
31/03/2003;0.12081
01/04/2003;0.12081
02/04/2003;0.12081
03/04/2003;0.12081
04/04/2003;0.12081
07/04/2003;0.12081
08/04/2003;0.12081
09/04/2003;0.12081
10/04/2003;0.12081
11/04/2003;0.12081
14/04/2003;0.12081
15/04/2003;0.12081
16/04/2003;0.12081
17/04/2003;0.12081
18/04/2003;0.12081
21/04/2003;0.12081
22/04/2003;0.12081
23/04/2003;0.12081
24/04/2003;0.12081
25/04/2003;0.12081
28/04/2003;0.12081
29/04/2003;0.12081
30/04/2003;0.12081
01/05/2003;0.12081
02/05/2003;0.12081
05/05/2003;0.12081
06/05/2003;0.12081
07/05/2003;0.12081
08/05/2003;0.12081
09/05/2003;0.12081
12/05/2003;0.12081
13/05/2003;0.12081
14/05/2003;0.12081
15/05/2003;0.12081
16/05/2003;0.12081
19/05/2003;0.12081
20/05/2003;0.12081
21/05/2003;0.12081
22/05/2003;0.12081
23/05/2003;0.12081
26/05/2003;0.12081
27/05/2003;0.12081
28/05/2003;0.12081
29/05/2003;0.12081
30/05/2003;0.12081
02/06/2003;0.12081
03/06/2003;0.12081
04/06/2003;0.12081
05/06/2003;0.12081
06/06/2003;0.12081
09/06/2003;0.12081
10/06/2003;0.12081
11/06/2003;0.12081
12/06/2003;0.12081
13/06/2003;0.12081
16/06/2003;0.12081
17/06/2003;0.12081
18/06/2003;0.12081
19/06/2003;0.12081
20/06/2003;0.12081
23/06/2003;0.12081
24/06/2003;0.12081
25/06/2003;0.1208
26/06/2003;0.12081
27/06/2003;0.12081
30/06/2003;0.1208
01/07/2003;0.12081
02/07/2003;0.1208
03/07/2003;0.1208
04/07/2003;0.1208
07/07/2003;0.12081
08/07/2003;0.12081
09/07/2003;0.1208
10/07/2003;0.12081
11/07/2003;0.12081
14/07/2003;0.12081
15/07/2003;0.12081
16/07/2003;0.12081
17/07/2003;0.12081
18/07/2003;0.12081
21/07/2003;0.12081
22/07/2003;0.12081
23/07/2003;0.12081
24/07/2003;0.12081
25/07/2003;0.1208
28/07/2003;0.1208
29/07/2003;0.1208
30/07/2003;0.12081
31/07/2003;0.12081
01/08/2003;0.12081
04/08/2003;0.1208
05/08/2003;0.1208
06/08/2003;0.12081
07/08/2003;0.12081
08/08/2003;0.12081
11/08/2003;0.12081
12/08/2003;0.12081
13/08/2003;0.12081
14/08/2003;0.12081
15/08/2003;0.12081
18/08/2003;0.12081
19/08/2003;0.12082
20/08/2003;0.12081
21/08/2003;0.12082
22/08/2003;0.12082
25/08/2003;0.12081
26/08/2003;0.12081
27/08/2003;0.12081
28/08/2003;0.12081
29/08/2003;0.12081
01/09/2003;0.12081
02/09/2003;0.12081
03/09/2003;0.12081
04/09/2003;0.12081
05/09/2003;0.12081
08/09/2003;0.12081
09/09/2003;0.12081
10/09/2003;0.12081
11/09/2003;0.12081
12/09/2003;0.12081
15/09/2003;0.12081
16/09/2003;0.12081
17/09/2003;0.1208
18/09/2003;0.1208
19/09/2003;0.12081
22/09/2003;0.12081
23/09/2003;0.12081
24/09/2003;0.12081
25/09/2003;0.12081
26/09/2003;0.12081
29/09/2003;0.12081
30/09/2003;0.12081
01/10/2003;0.12081
02/10/2003;0.12081
03/10/2003;0.12081
06/10/2003;0.12081
07/10/2003;0.12081
08/10/2003;0.12081
09/10/2003;0.12081
10/10/2003;0.12081
13/10/2003;0.12081
14/10/2003;0.12082
15/10/2003;0.12082
16/10/2003;0.12082
17/10/2003;0.12082
20/10/2003;0.12082
21/10/2003;0.12082
22/10/2003;0.12082
23/10/2003;0.12082
24/10/2003;0.12081
27/10/2003;0.12082
28/10/2003;0.12082
29/10/2003;0.12082
30/10/2003;0.12082
31/10/2003;0.12082
03/11/2003;0.12082
04/11/2003;0.12082
05/11/2003;0.12082
06/11/2003;0.12081
07/11/2003;0.12081
10/11/2003;0.12081
11/11/2003;0.12081
12/11/2003;0.12081
13/11/2003;0.12081
14/11/2003;0.12081
17/11/2003;0.12081
18/11/2003;0.12082
19/11/2003;0.12082
20/11/2003;0.12081
21/11/2003;0.12081
24/11/2003;0.12081
25/11/2003;0.12081
26/11/2003;0.12081
27/11/2003;0.12081
28/11/2003;0.12081
01/12/2003;0.12081
02/12/2003;0.12081
03/12/2003;0.12081
04/12/2003;0.12081
05/12/2003;0.12081
08/12/2003;0.12081
09/12/2003;0.12081
10/12/2003;0.12081
11/12/2003;0.12081
12/12/2003;0.12081
15/12/2003;0.12081
16/12/2003;0.12081
17/12/2003;0.12081
18/12/2003;0.12081
19/12/2003;0.12081
22/12/2003;0.12081
23/12/2003;0.12081
24/12/2003;0.12081
25/12/2003;0.12081
26/12/2003;0.12081
29/12/2003;0.12081
30/12/2003;0.12082
31/12/2003;0.12082
01/01/2004;0.12082
02/01/2004;0.12081
05/01/2004;0.12081
06/01/2004;0.12081
07/01/2004;0.12081
08/01/2004;0.12081
09/01/2004;0.12081
12/01/2004;0.12081
13/01/2004;0.12081
14/01/2004;0.12081
15/01/2004;0.12082
16/01/2004;0.12082
19/01/2004;0.12082
20/01/2004;0.12081
21/01/2004;0.12081
22/01/2004;0.12081
23/01/2004;0.12081
26/01/2004;0.12081
27/01/2004;0.12081
28/01/2004;0.12081
29/01/2004;0.12081
30/01/2004;0.12081
02/02/2004;0.12081
03/02/2004;0.12081
04/02/2004;0.12081
05/02/2004;0.12081
06/02/2004;0.12081
09/02/2004;0.12081
10/02/2004;0.12081
11/02/2004;0.12081
12/02/2004;0.12081
13/02/2004;0.12081
16/02/2004;0.12081
17/02/2004;0.12081
18/02/2004;0.12081
19/02/2004;0.12081
20/02/2004;0.12081
23/02/2004;0.12081
24/02/2004;0.12081
25/02/2004;0.12081
26/02/2004;0.12081
27/02/2004;0.12081
01/03/2004;0.12081
02/03/2004;0.12081
03/03/2004;0.12081
04/03/2004;0.12081
05/03/2004;0.12081
08/03/2004;0.12081
09/03/2004;0.12081
10/03/2004;0.12081
11/03/2004;0.12081
12/03/2004;0.12081
15/03/2004;0.12081
16/03/2004;0.12081
17/03/2004;0.12081
18/03/2004;0.1208
19/03/2004;0.12081
22/03/2004;0.12081
23/03/2004;0.12081
24/03/2004;0.12081
25/03/2004;0.12081
26/03/2004;0.12081
29/03/2004;0.12081
30/03/2004;0.12081
31/03/2004;0.12081
01/04/2004;0.12081
02/04/2004;0.12081
05/04/2004;0.12081
06/04/2004;0.12081
07/04/2004;0.12081
08/04/2004;0.12081
09/04/2004;0.12081
12/04/2004;0.12081
13/04/2004;0.12081
14/04/2004;0.12081
15/04/2004;0.12081
16/04/2004;0.12081
19/04/2004;0.12081
20/04/2004;0.12081
21/04/2004;0.12081
22/04/2004;0.12081
23/04/2004;0.12081
26/04/2004;0.12081
27/04/2004;0.12081
28/04/2004;0.12081
29/04/2004;0.12081
30/04/2004;0.12081
03/05/2004;0.12081
04/05/2004;0.12081
05/05/2004;0.12081
06/05/2004;0.12081
07/05/2004;0.12081
10/05/2004;0.12081
11/05/2004;0.12081
12/05/2004;0.12081
13/05/2004;0.12081
14/05/2004;0.12081
17/05/2004;0.12081
18/05/2004;0.12081
19/05/2004;0.12081
20/05/2004;0.12081
21/05/2004;0.12081
24/05/2004;0.12081
25/05/2004;0.12081
26/05/2004;0.12081
27/05/2004;0.12081
28/05/2004;0.12081
31/05/2004;0.12081
01/06/2004;0.12081
02/06/2004;0.12082
03/06/2004;0.12081
04/06/2004;0.12081
07/06/2004;0.12082
08/06/2004;0.12082
09/06/2004;0.12082
10/06/2004;0.12082
11/06/2004;0.12082
14/06/2004;0.12082
15/06/2004;0.12082
16/06/2004;0.12082
17/06/2004;0.12082
18/06/2004;0.12082
21/06/2004;0.12081
22/06/2004;0.12082
23/06/2004;0.12082
24/06/2004;0.12082
25/06/2004;0.12082
28/06/2004;0.12082
29/06/2004;0.12082
30/06/2004;0.12082
01/07/2004;0.12081
02/07/2004;0.12082
05/07/2004;0.12082
06/07/2004;0.12081
07/07/2004;0.12081
08/07/2004;0.12081
09/07/2004;0.12081
12/07/2004;0.12081
13/07/2004;0.12081
14/07/2004;0.12082
15/07/2004;0.12082
16/07/2004;0.12082
19/07/2004;0.12082
20/07/2004;0.12082
21/07/2004;0.12082
22/07/2004;0.12082
23/07/2004;0.12082
26/07/2004;0.12082
27/07/2004;0.12081
28/07/2004;0.12081
29/07/2004;0.12081
30/07/2004;0.12081
02/08/2004;0.12081
03/08/2004;0.12081
04/08/2004;0.12082
05/08/2004;0.12082
06/08/2004;0.12081
09/08/2004;0.12081
10/08/2004;0.12081
11/08/2004;0.12082
12/08/2004;0.12082
13/08/2004;0.12081
16/08/2004;0.12081
17/08/2004;0.12082
18/08/2004;0.12082
19/08/2004;0.12082
20/08/2004;0.12082
23/08/2004;0.12082
24/08/2004;0.12082
25/08/2004;0.12082
26/08/2004;0.12082
27/08/2004;0.12082
30/08/2004;0.12081
31/08/2004;0.12082
01/09/2004;0.12082
02/09/2004;0.12082
03/09/2004;0.12082
06/09/2004;0.12082
07/09/2004;0.12082
08/09/2004;0.12082
09/09/2004;0.12081
10/09/2004;0.12082
13/09/2004;0.12082
14/09/2004;0.12082
15/09/2004;0.12081
16/09/2004;0.12082
17/09/2004;0.12082
20/09/2004;0.12082
21/09/2004;0.12082
22/09/2004;0.12082
23/09/2004;0.12082
24/09/2004;0.12082
27/09/2004;0.12082
28/09/2004;0.12082
29/09/2004;0.12082
30/09/2004;0.12082
01/10/2004;0.12082
04/10/2004;0.12082
05/10/2004;0.12082
06/10/2004;0.12082
07/10/2004;0.12082
08/10/2004;0.12082
11/10/2004;0.12082
12/10/2004;0.12082
13/10/2004;0.12082
14/10/2004;0.12082
15/10/2004;0.12082
18/10/2004;0.12082
19/10/2004;0.12082
20/10/2004;0.12082
21/10/2004;0.12082
22/10/2004;0.12082
25/10/2004;0.12081
26/10/2004;0.12082
27/10/2004;0.12082
28/10/2004;0.12082
29/10/2004;0.12082
01/11/2004;0.12082
02/11/2004;0.12082
03/11/2004;0.12082
04/11/2004;0.12082
05/11/2004;0.12082
08/11/2004;0.12082
09/11/2004;0.12082
10/11/2004;0.12082
11/11/2004;0.12082
12/11/2004;0.12082
15/11/2004;0.12082
16/11/2004;0.12082
17/11/2004;0.12082
18/11/2004;0.12082
19/11/2004;0.12082
22/11/2004;0.12082
23/11/2004;0.12082
24/11/2004;0.12082
25/11/2004;0.12082
26/11/2004;0.12082
29/11/2004;0.12082
30/11/2004;0.12082
01/12/2004;0.12082
02/12/2004;0.12082
03/12/2004;0.12082
06/12/2004;0.12082
07/12/2004;0.12082
08/12/2004;0.12082
09/12/2004;0.12082
10/12/2004;0.12082
13/12/2004;0.12082
14/12/2004;0.12082
15/12/2004;0.12082
16/12/2004;0.12082
17/12/2004;0.12082
20/12/2004;0.12082
21/12/2004;0.12082
22/12/2004;0.12082
23/12/2004;0.12082
24/12/2004;0.12082
27/12/2004;0.12082
28/12/2004;0.12082
29/12/2004;0.12082
30/12/2004;0.12082
31/12/2004;0.12082
03/01/2005;0.12082
04/01/2005;0.12082
05/01/2005;0.12082
06/01/2005;0.12082
07/01/2005;0.12082
10/01/2005;0.12082
11/01/2005;0.12082
12/01/2005;0.12082
13/01/2005;0.12082
14/01/2005;0.12082
17/01/2005;0.12082
18/01/2005;0.12082
19/01/2005;0.12082
20/01/2005;0.12082
21/01/2005;0.12082
24/01/2005;0.12082
25/01/2005;0.12082
26/01/2005;0.12082
27/01/2005;0.12082
28/01/2005;0.12082
31/01/2005;0.12082
01/02/2005;0.12082
02/02/2005;0.12082
03/02/2005;0.12082
04/02/2005;0.12082
07/02/2005;0.12082
08/02/2005;0.12082
09/02/2005;0.12082
10/02/2005;0.12082
11/02/2005;0.12082
14/02/2005;0.12082
15/02/2005;0.12082
16/02/2005;0.12082
17/02/2005;0.12082
18/02/2005;0.12082
21/02/2005;0.12082
22/02/2005;0.12082
23/02/2005;0.12082
24/02/2005;0.12082
25/02/2005;0.12082
28/02/2005;0.12082
01/03/2005;0.12082
02/03/2005;0.12082
03/03/2005;0.12082
04/03/2005;0.12082
07/03/2005;0.12082
08/03/2005;0.12082
09/03/2005;0.12082
10/03/2005;0.12082
11/03/2005;0.12082
14/03/2005;0.12082
15/03/2005;0.12082
16/03/2005;0.12082
17/03/2005;0.12082
18/03/2005;0.12082
21/03/2005;0.12082
22/03/2005;0.12082
23/03/2005;0.12082
24/03/2005;0.12082
25/03/2005;0.12082
28/03/2005;0.12082
29/03/2005;0.12082
30/03/2005;0.12082
31/03/2005;0.12082
01/04/2005;0.12082
04/04/2005;0.12082
05/04/2005;0.12082
06/04/2005;0.1208
08/04/2005;0.1208
11/04/2005;0.12082
12/04/2005;0.12074
13/04/2005;0.12082
14/04/2005;0.1208
18/04/2005;0.12082
19/04/2005;0.1208
20/04/2005;0.1208
21/04/2005;0.1208
22/04/2005;0.1208
25/04/2005;0.12082
26/04/2005;0.12082
27/04/2005;0.1208
29/04/2005;0.12091
02/05/2005;0.12082
03/05/2005;0.12082
04/05/2005;0.12082
05/05/2005;0.1208
09/05/2005;0.12082
10/05/2005;0.12083
12/05/2005;0.12073
13/05/2005;0.12082
16/05/2005;0.12077
17/05/2005;0.12082
19/05/2005;0.12073
23/05/2005;0.12082
24/05/2005;0.12077
25/05/2005;0.12073
27/05/2005;0.12073
30/05/2005;0.12082
31/05/2005;0.12073
01/06/2005;0.12077
02/06/2005;0.12082
03/06/2005;0.12081
06/06/2005;0.12082
07/06/2005;0.12082
08/06/2005;0.12073
09/06/2005;0.12073
10/06/2005;0.12082
13/06/2005;0.12073
14/06/2005;0.12073
15/06/2005;0.12073
16/06/2005;0.12073
17/06/2005;0.12073
20/06/2005;0.12082
21/06/2005;0.12082
22/06/2005;0.12073
24/06/2005;0.12073
27/06/2005;0.12082
29/06/2005;0.12082
30/06/2005;0.12077
01/07/2005;0.12082
04/07/2005;0.12082
05/07/2005;0.12082
06/07/2005;0.12082
07/07/2005;0.12082
08/07/2005;0.1208
11/07/2005;0.12082
12/07/2005;0.12083
13/07/2005;0.12083
14/07/2005;0.1208
15/07/2005;0.1208
18/07/2005;0.12082
19/07/2005;0.12082
21/07/2005;0.1233
22/07/2005;0.12329
25/07/2005;0.12331
26/07/2005;0.12328
27/07/2005;0.12326
28/07/2005;0.12333
29/07/2005;0.12337
01/08/2005;0.12337
02/08/2005;0.12341
03/08/2005;0.12338
04/08/2005;0.12342
05/08/2005;0.1234
08/08/2005;0.12332
09/08/2005;0.12335
10/08/2005;0.12336
11/08/2005;0.12345
12/08/2005;0.12349
15/08/2005;0.12349
16/08/2005;0.12345
17/08/2005;0.12346
18/08/2005;0.1234
19/08/2005;0.12339
22/08/2005;0.12337
23/08/2005;0.12344
24/08/2005;0.12344
26/08/2005;0.12351
30/08/2005;0.12345
31/08/2005;0.12346
01/09/2005;0.12351
02/09/2005;0.12355
05/09/2005;0.12356
07/09/2005;0.12357
08/09/2005;0.12354
09/09/2005;0.12352
12/09/2005;0.12356
13/09/2005;0.12355
14/09/2005;0.1236
15/09/2005;0.12362
16/09/2005;0.12365
19/09/2005;0.1236
20/09/2005;0.12362
21/09/2005;0.12362
22/09/2005;0.12364
23/09/2005;0.1236
26/09/2005;0.12357
27/09/2005;0.12358
28/09/2005;0.12355
29/09/2005;0.12356
30/09/2005;0.12356
03/10/2005;0.12358
04/10/2005;0.12358
10/10/2005;0.12365
11/10/2005;0.12364
12/10/2005;0.12362
13/10/2005;0.12363
14/10/2005;0.12362
17/10/2005;0.12364
18/10/2005;0.1236
19/10/2005;0.12357
20/10/2005;0.1236
21/10/2005;0.1236
24/10/2005;0.12359
25/10/2005;0.1236
26/10/2005;0.12365
27/10/2005;0.12361
28/10/2005;0.12367
31/10/2005;0.12369
01/11/2005;0.12367
02/11/2005;0.12367
03/11/2005;0.12368
04/11/2005;0.12367
07/11/2005;0.12364
08/11/2005;0.12365
09/11/2005;0.12366
10/11/2005;0.12368
11/11/2005;0.12369
14/11/2005;0.12368
15/11/2005;0.1237
16/11/2005;0.12369
17/11/2005;0.1237
18/11/2005;0.12369
21/11/2005;0.12369
22/11/2005;0.12371
23/11/2005;0.12372
24/11/2005;0.12374
25/11/2005;0.12375
28/11/2005;0.12371
29/11/2005;0.12377
30/11/2005;0.12377
02/12/2005;0.12377
05/12/2005;0.12375
06/12/2005;0.12375
07/12/2005;0.1238
08/12/2005;0.12381
09/12/2005;0.12381
12/12/2005;0.12382
13/12/2005;0.12384
14/12/2005;0.12384
15/12/2005;0.12385
16/12/2005;0.12385
19/12/2005;0.12387
20/12/2005;0.12385
21/12/2005;0.12382
22/12/2005;0.1238
23/12/2005;0.12382
26/12/2005;0.12383
27/12/2005;0.12385
28/12/2005;0.12387
29/12/2005;0.12388
30/12/2005;0.1239
02/01/2006;0.12391
03/01/2006;0.12391
04/01/2006;0.12391
05/01/2006;0.12395
06/01/2006;0.12396
09/01/2006;0.12397
10/01/2006;0.12393
11/01/2006;0.12391
12/01/2006;0.12394
13/01/2006;0.12394
16/01/2006;0.12396
17/01/2006;0.12395
18/01/2006;0.12391
19/01/2006;0.12394
20/01/2006;0.12406
23/01/2006;0.124
24/01/2006;0.12403
25/01/2006;0.12402
26/01/2006;0.12404
27/01/2006;0.12404
30/01/2006;0.12406
31/01/2006;0.12406
01/02/2006;0.12406
02/02/2006;0.12406
03/02/2006;0.12404
06/02/2006;0.12413
07/02/2006;0.12411
08/02/2006;0.12415
09/02/2006;0.12413
10/02/2006;0.12419
13/02/2006;0.12428
14/02/2006;0.12425
15/02/2006;0.12427
16/02/2006;0.12423
17/02/2006;0.12425
20/02/2006;0.12426
21/02/2006;0.12427
22/02/2006;0.12423
23/02/2006;0.12425
24/02/2006;0.12424
27/02/2006;0.12436
28/02/2006;0.12436
01/03/2006;0.12443
02/03/2006;0.12443
03/03/2006;0.12443
06/03/2006;0.12441
07/03/2006;0.12434
08/03/2006;0.12425
09/03/2006;0.12424
10/03/2006;0.12422
13/03/2006;0.12422
14/03/2006;0.12426
15/03/2006;0.12441
16/03/2006;0.1244
17/03/2006;0.12451
20/03/2006;0.12451
21/03/2006;0.12456
22/03/2006;0.12456
23/03/2006;0.12457
24/03/2006;0.12455
27/03/2006;0.12466
28/03/2006;0.12468
29/03/2006;0.12459
30/03/2006;0.12458
31/03/2006;0.12473
03/04/2006;0.12469
04/04/2006;0.12473
05/04/2006;0.12486
06/04/2006;0.12487
07/04/2006;0.12483
10/04/2006;0.1249
11/04/2006;0.12491
12/04/2006;0.12481
13/04/2006;0.12471
14/04/2006;0.12472
17/04/2006;0.12469
18/04/2006;0.12463
19/04/2006;0.12478
20/04/2006;0.12481
21/04/2006;0.12473
24/04/2006;0.12473
25/04/2006;0.12478
26/04/2006;0.12471
27/04/2006;0.12474
28/04/2006;0.1248
01/05/2006;0.12482
02/05/2006;0.12478
03/05/2006;0.12484
04/05/2006;0.12478
05/05/2006;0.12482
08/05/2006;0.12489
09/05/2006;0.12494
10/05/2006;0.12494
11/05/2006;0.12494
12/05/2006;0.1249
15/05/2006;0.12495
16/05/2006;0.12495
17/05/2006;0.12496
18/05/2006;0.12485
19/05/2006;0.12466
22/05/2006;0.1246
23/05/2006;0.12463
24/05/2006;0.12458
25/05/2006;0.12462
26/05/2006;0.12459
29/05/2006;0.12467
30/05/2006;0.1245
31/05/2006;0.12466
01/06/2006;0.12468
02/06/2006;0.12463
05/06/2006;0.12488
06/06/2006;0.12478
07/06/2006;0.12473
08/06/2006;0.12486
09/06/2006;0.12483
12/06/2006;0.12471
13/06/2006;0.12495
14/06/2006;0.12499
15/06/2006;0.12498
16/06/2006;0.12497
19/06/2006;0.1249
20/06/2006;0.12496
21/06/2006;0.12504
22/06/2006;0.12506
23/06/2006;0.125
26/06/2006;0.12497
27/06/2006;0.12502
28/06/2006;0.12503
29/06/2006;0.12507
30/06/2006;0.1251
03/07/2006;0.12496
04/07/2006;0.12501
05/07/2006;0.12506
06/07/2006;0.12509
07/07/2006;0.1251
10/07/2006;0.12515
11/07/2006;0.12514
12/07/2006;0.12513
13/07/2006;0.12512
14/07/2006;0.12503
17/07/2006;0.12493
18/07/2006;0.12498
19/07/2006;0.12496
20/07/2006;0.12513
21/07/2006;0.12516
24/07/2006;0.12519
25/07/2006;0.1252
26/07/2006;0.12524
27/07/2006;0.1254
28/07/2006;0.12533
31/07/2006;0.12549
01/08/2006;0.1254
02/08/2006;0.12544
03/08/2006;0.12536
04/08/2006;0.12533
07/08/2006;0.12549
08/08/2006;0.12542
09/08/2006;0.12536
10/08/2006;0.12545
11/08/2006;0.12538
14/08/2006;0.12511
15/08/2006;0.12498
16/08/2006;0.12517
17/08/2006;0.12549
18/08/2006;0.1254
21/08/2006;0.12547
22/08/2006;0.12538
23/08/2006;0.12547
24/08/2006;0.12543
25/08/2006;0.12537
28/08/2006;0.12546
29/08/2006;0.12559
30/08/2006;0.12565
31/08/2006;0.12574
01/09/2006;0.12573
04/09/2006;0.12597
05/09/2006;0.1258
06/09/2006;0.12583
07/09/2006;0.12593
08/09/2006;0.12581
11/09/2006;0.12572
12/09/2006;0.12584
13/09/2006;0.1258
14/09/2006;0.12584
15/09/2006;0.12568
18/09/2006;0.12584
19/09/2006;0.12601
20/09/2006;0.12616
21/09/2006;0.12621
22/09/2006;0.12627
25/09/2006;0.12625
26/09/2006;0.12637
27/09/2006;0.12655
28/09/2006;0.12663
29/09/2006;0.12652
02/10/2006;0.12652
03/10/2006;0.12652
04/10/2006;0.12652
05/10/2006;0.12652
06/10/2006;0.12652
09/10/2006;0.12656
10/10/2006;0.1264
11/10/2006;0.12631
12/10/2006;0.12635
13/10/2006;0.12656
16/10/2006;0.12639
17/10/2006;0.12645
18/10/2006;0.12648
19/10/2006;0.12641
20/10/2006;0.12654
23/10/2006;0.1266
24/10/2006;0.12655
25/10/2006;0.12655
26/10/2006;0.12665
27/10/2006;0.12675
30/10/2006;0.127
31/10/2006;0.12692
01/11/2006;0.12703
02/11/2006;0.12702
03/11/2006;0.12704
06/11/2006;0.1269
07/11/2006;0.127
08/11/2006;0.12712
09/11/2006;0.12712
10/11/2006;0.12715
13/11/2006;0.12712
14/11/2006;0.12711
15/11/2006;0.12709
16/11/2006;0.12704
17/11/2006;0.12703
20/11/2006;0.12707
21/11/2006;0.12705
22/11/2006;0.12701
23/11/2006;0.12719
24/11/2006;0.12735
27/11/2006;0.12749
28/11/2006;0.12749
29/11/2006;0.12769
30/11/2006;0.12766
01/12/2006;0.12762
04/12/2006;0.12775
05/12/2006;0.12785
06/12/2006;0.12782
07/12/2006;0.12782
08/12/2006;0.12772
11/12/2006;0.12763
12/12/2006;0.1277
13/12/2006;0.12777
14/12/2006;0.12783
15/12/2006;0.12775
18/12/2006;0.12787
19/12/2006;0.12775
20/12/2006;0.12795
21/12/2006;0.12793
22/12/2006;0.12793
25/12/2006;0.12784
26/12/2006;0.12789
27/12/2006;0.12785
28/12/2006;0.12798
29/12/2006;0.128
01/01/2007;0.12812
02/01/2007;0.12812
03/01/2007;0.12812
04/01/2007;0.12807
05/01/2007;0.12798
08/01/2007;0.12793
09/01/2007;0.12812
10/01/2007;0.12809
11/01/2007;0.12829
12/01/2007;0.12824
15/01/2007;0.12834
16/01/2007;0.12837
17/01/2007;0.12861
18/01/2007;0.12869
19/01/2007;0.12861
22/01/2007;0.1286
23/01/2007;0.12855
24/01/2007;0.12866
25/01/2007;0.12869
26/01/2007;0.1286
29/01/2007;0.12862
30/01/2007;0.12861
31/01/2007;0.12864
01/02/2007;0.12888
02/02/2007;0.12891
05/02/2007;0.12882
06/02/2007;0.12892
07/02/2007;0.12908
08/02/2007;0.12907
09/02/2007;0.12904
12/02/2007;0.12887
13/02/2007;0.12876
14/02/2007;0.12889
15/02/2007;0.1289
16/02/2007;0.12914
19/02/2007;0.12913
20/02/2007;0.12911
21/02/2007;0.12912
22/02/2007;0.12912
23/02/2007;0.12913
26/02/2007;0.12897
27/02/2007;0.12917
28/02/2007;0.12916
01/03/2007;0.12914
02/03/2007;0.12909
05/03/2007;0.12903
06/03/2007;0.12909
07/03/2007;0.12915
08/03/2007;0.1291
09/03/2007;0.12907
12/03/2007;0.129
13/03/2007;0.12917
14/03/2007;0.12922
15/03/2007;0.12913
16/03/2007;0.12927
19/03/2007;0.12927
20/03/2007;0.12924
21/03/2007;0.12932
22/03/2007;0.1293
23/03/2007;0.12937
26/03/2007;0.1292
27/03/2007;0.12926
28/03/2007;0.12934
29/03/2007;0.12933
30/03/2007;0.12942
02/04/2007;0.12933
03/04/2007;0.12944
04/04/2007;0.12927
05/04/2007;0.1294
06/04/2007;0.12945
09/04/2007;0.1293
10/04/2007;0.12928
11/04/2007;0.12937
12/04/2007;0.12944
13/04/2007;0.1295
16/04/2007;0.12933
17/04/2007;0.12937
18/04/2007;0.12947
19/04/2007;0.12963
20/04/2007;0.12957
23/04/2007;0.1294
24/04/2007;0.12928
25/04/2007;0.1295
26/04/2007;0.12942
27/04/2007;0.12962
30/04/2007;0.12963
01/05/2007;0.12976
02/05/2007;0.12979
03/05/2007;0.12974
04/05/2007;0.12981
07/05/2007;0.12979
08/05/2007;0.12992
09/05/2007;0.12995
10/05/2007;0.12993
11/05/2007;0.13015
14/05/2007;0.13019
15/05/2007;0.12999
16/05/2007;0.13016
17/05/2007;0.13037
18/05/2007;0.13039
21/05/2007;0.13039
22/05/2007;0.13058
23/05/2007;0.13067
24/05/2007;0.13069
25/05/2007;0.13066
28/05/2007;0.13077
29/05/2007;0.13062
30/05/2007;0.13077
31/05/2007;0.13069
01/06/2007;0.13075
04/06/2007;0.1307
05/06/2007;0.13086
06/06/2007;0.13093
07/06/2007;0.13072
08/06/2007;0.1306
11/06/2007;0.13045
12/06/2007;0.13079
13/06/2007;0.13074
14/06/2007;0.13081
15/06/2007;0.13103
18/06/2007;0.13104
19/06/2007;0.13122
20/06/2007;0.13122
21/06/2007;0.13123
22/06/2007;0.1312
25/06/2007;0.1312
26/06/2007;0.13127
27/06/2007;0.13119
28/06/2007;0.13124
29/06/2007;0.1313
02/07/2007;0.13144
03/07/2007;0.13167
04/07/2007;0.13167
05/07/2007;0.13158
06/07/2007;0.13153
09/07/2007;0.13148
10/07/2007;0.13187
11/07/2007;0.13218
12/07/2007;0.13214
13/07/2007;0.13209
16/07/2007;0.13214
17/07/2007;0.13219
18/07/2007;0.13221
19/07/2007;0.13222
20/07/2007;0.13206
23/07/2007;0.13218
24/07/2007;0.13217
25/07/2007;0.13233
26/07/2007;0.13214
27/07/2007;0.13211
30/07/2007;0.13212
31/07/2007;0.132
01/08/2007;0.13206
02/08/2007;0.13205
03/08/2007;0.13219
06/08/2007;0.13217
07/08/2007;0.13211
08/08/2007;0.132
09/08/2007;0.13203
10/08/2007;0.13202
13/08/2007;0.1319
14/08/2007;0.13193
15/08/2007;0.13177
16/08/2007;0.13184
17/08/2007;0.13161
20/08/2007;0.13169
21/08/2007;0.13168
22/08/2007;0.13158
23/08/2007;0.13181
24/08/2007;0.13214
27/08/2007;0.13224
28/08/2007;0.13234
29/08/2007;0.13247
30/08/2007;0.13257
31/08/2007;0.13252
03/09/2007;0.13257
04/09/2007;0.13243
05/09/2007;0.13236
06/09/2007;0.13264
07/09/2007;0.13263
10/09/2007;0.13293
11/09/2007;0.13288
12/09/2007;0.13295
13/09/2007;0.13315
14/09/2007;0.13305
17/09/2007;0.13291
18/09/2007;0.13293
19/09/2007;0.13305
20/09/2007;0.13306
21/09/2007;0.13327
24/09/2007;0.13313
25/09/2007;0.13308
26/09/2007;0.13304
27/09/2007;0.13308
28/09/2007;0.13322
01/10/2007;0.13317
02/10/2007;0.13318
03/10/2007;0.13311
04/10/2007;0.1331
05/10/2007;0.13316
08/10/2007;0.13322
09/10/2007;0.13328
10/10/2007;0.13309
11/10/2007;0.13321
12/10/2007;0.13325
15/10/2007;0.13283
16/10/2007;0.133
17/10/2007;0.133
18/10/2007;0.13305
19/10/2007;0.13315
22/10/2007;0.13316
23/10/2007;0.13325
24/10/2007;0.13344
25/10/2007;0.13365
26/10/2007;0.13364
29/10/2007;0.13378
30/10/2007;0.13385
31/10/2007;0.13398
01/11/2007;0.13406
02/11/2007;0.13413
05/11/2007;0.13414
06/11/2007;0.13409
07/11/2007;0.13421
08/11/2007;0.13475
09/11/2007;0.13481
12/11/2007;0.13488
13/11/2007;0.13452
14/11/2007;0.13464
15/11/2007;0.13464
16/11/2007;0.13463
19/11/2007;0.13458
20/11/2007;0.13473
21/11/2007;0.13487
22/11/2007;0.13493
23/11/2007;0.135
26/11/2007;0.13519
27/11/2007;0.13538
28/11/2007;0.13522
29/11/2007;0.13534
30/11/2007;0.13514
03/12/2007;0.13487
04/12/2007;0.13503
05/12/2007;0.13497
06/12/2007;0.13489
07/12/2007;0.13501
10/12/2007;0.13518
11/12/2007;0.13544
12/12/2007;0.13556
13/12/2007;0.13572
14/12/2007;0.13564
17/12/2007;0.13537
18/12/2007;0.13541
19/12/2007;0.13565
20/12/2007;0.13569
21/12/2007;0.13578
24/12/2007;0.13607
25/12/2007;0.13642
26/12/2007;0.13609
27/12/2007;0.13632
28/12/2007;0.13691
31/12/2007;0.13691
01/01/2008;0.13692
02/01/2008;0.13691
03/01/2008;0.13747
04/01/2008;0.1375
07/01/2008;0.13754
08/01/2008;0.13756
09/01/2008;0.13771
10/01/2008;0.13756
11/01/2008;0.1377
14/01/2008;0.13787
15/01/2008;0.138
16/01/2008;0.13816
17/01/2008;0.13796
18/01/2008;0.13799
21/01/2008;0.13812
22/01/2008;0.13814
23/01/2008;0.13812
24/01/2008;0.13851
25/01/2008;0.13867
28/01/2008;0.13895
29/01/2008;0.13899
30/01/2008;0.13904
31/01/2008;0.13922
01/02/2008;0.13922
04/02/2008;0.13904
05/02/2008;0.13921
06/02/2008;0.13917
07/02/2008;0.13909
08/02/2008;0.13909
11/02/2008;0.13907
12/02/2008;0.13918
13/02/2008;0.13889
14/02/2008;0.13907
15/02/2008;0.1393
18/02/2008;0.13961
19/02/2008;0.1397
20/02/2008;0.13998
21/02/2008;0.14004
22/02/2008;0.14
25/02/2008;0.13973
26/02/2008;0.1397
27/02/2008;0.14003
28/02/2008;0.14059
29/02/2008;0.14058
03/03/2008;0.14077
04/03/2008;0.14073
05/03/2008;0.14065
06/03/2008;0.14073
07/03/2008;0.14063
10/03/2008;0.14073
11/03/2008;0.14078
12/03/2008;0.14082
13/03/2008;0.14097
14/03/2008;0.14106
17/03/2008;0.14117
18/03/2008;0.14124
19/03/2008;0.14152
20/03/2008;0.1418
21/03/2008;0.14181
24/03/2008;0.14174
25/03/2008;0.14193
26/03/2008;0.14226
27/03/2008;0.14259
28/03/2008;0.14261
31/03/2008;0.14261
01/04/2008;0.14261
02/04/2008;0.14248
03/04/2008;0.14254
04/04/2008;0.1425
07/04/2008;0.14282
08/04/2008;0.14284
09/04/2008;0.14282
10/04/2008;0.14304
11/04/2008;0.14272
14/04/2008;0.14286
15/04/2008;0.143
16/04/2008;0.14302
17/04/2008;0.14318
18/04/2008;0.14298
21/04/2008;0.1429
22/04/2008;0.14308
23/04/2008;0.14322
24/04/2008;0.14311
25/04/2008;0.14266
28/04/2008;0.14279
29/04/2008;0.14316
30/04/2008;0.14309
01/05/2008;0.14309
02/05/2008;0.14309
05/05/2008;0.1431
06/05/2008;0.14314
07/05/2008;0.14309
08/05/2008;0.14275
09/05/2008;0.14311
12/05/2008;0.1431
13/05/2008;0.14309
14/05/2008;0.1428
15/05/2008;0.14297
16/05/2008;0.14306
19/05/2008;0.14342
20/05/2008;0.14338
21/05/2008;0.1437
22/05/2008;0.14402
23/05/2008;0.14406
26/05/2008;0.14416
27/05/2008;0.14388
28/05/2008;0.144
29/05/2008;0.14411
30/05/2008;0.14404
02/06/2008;0.14424
03/06/2008;0.1444
04/06/2008;0.14414
05/06/2008;0.14395
06/06/2008;0.14445
09/06/2008;0.14444
10/06/2008;0.14451
11/06/2008;0.14455
12/06/2008;0.14477
13/06/2008;0.14487
16/06/2008;0.14491
17/06/2008;0.14511
18/06/2008;0.14532
19/06/2008;0.1454
20/06/2008;0.14535
23/06/2008;0.14547
24/06/2008;0.14557
25/06/2008;0.14566
26/06/2008;0.14568
27/06/2008;0.14573
30/06/2008;0.1459
01/07/2008;0.14585
02/07/2008;0.14563
03/07/2008;0.14597
04/07/2008;0.14579
07/07/2008;0.14563
08/07/2008;0.14589
09/07/2008;0.14584
10/07/2008;0.14614
11/07/2008;0.14633
14/07/2008;0.14618
15/07/2008;0.1466
16/07/2008;0.14682
17/07/2008;0.14661
18/07/2008;0.1467
21/07/2008;0.14643
22/07/2008;0.14659
23/07/2008;0.14642
24/07/2008;0.14644
25/07/2008;0.14666
28/07/2008;0.14626
29/07/2008;0.14651
30/07/2008;0.14649
31/07/2008;0.14638
01/08/2008;0.14615
04/08/2008;0.14595
05/08/2008;0.14587
06/08/2008;0.14602
07/08/2008;0.1457
08/08/2008;0.14582
11/08/2008;0.14582
12/08/2008;0.1457
13/08/2008;0.14584
14/08/2008;0.14574
15/08/2008;0.14556
18/08/2008;0.14536
19/08/2008;0.14565
20/08/2008;0.14588
21/08/2008;0.14612
22/08/2008;0.14633
25/08/2008;0.14603
26/08/2008;0.14602
27/08/2008;0.14625
28/08/2008;0.14645
29/08/2008;0.1463
01/09/2008;0.14652
02/09/2008;0.14635
03/09/2008;0.14613
04/09/2008;0.14629
05/09/2008;0.14621
08/09/2008;0.14612
09/09/2008;0.14623
10/09/2008;0.14622
11/09/2008;0.14607
12/09/2008;0.14611
15/09/2008;0.14612
16/09/2008;0.14609
17/09/2008;0.14622
18/09/2008;0.14621
19/09/2008;0.14625
22/09/2008;0.14634
23/09/2008;0.1468
24/09/2008;0.14654
25/09/2008;0.14667
26/09/2008;0.14608
29/09/2008;0.14618
30/09/2008;0.14601
01/10/2008;0.14613
02/10/2008;0.14613
03/10/2008;0.14604
06/10/2008;0.14614
07/10/2008;0.14669
08/10/2008;0.14668
09/10/2008;0.1466
10/10/2008;0.14625
13/10/2008;0.14651
14/10/2008;0.14631
15/10/2008;0.14637
16/10/2008;0.14634
17/10/2008;0.14632
20/10/2008;0.14637
21/10/2008;0.14633
22/10/2008;0.14632
23/10/2008;0.14629
24/10/2008;0.14591
27/10/2008;0.14594
28/10/2008;0.1459
29/10/2008;0.14622
30/10/2008;0.14624
31/10/2008;0.14621
03/11/2008;0.14624
04/11/2008;0.14628
05/11/2008;0.14637
06/11/2008;0.14656
07/11/2008;0.14651
10/11/2008;0.14639
11/11/2008;0.1465
12/11/2008;0.14642
13/11/2008;0.14632
14/11/2008;0.14654
17/11/2008;0.14638
18/11/2008;0.14653
19/11/2008;0.14641
20/11/2008;0.14631
21/11/2008;0.14631
24/11/2008;0.1464
25/11/2008;0.14646
26/11/2008;0.14644
27/11/2008;0.14643
28/11/2008;0.14612
01/12/2008;0.14482
02/12/2008;0.14565
03/12/2008;0.14531
04/12/2008;0.14577
05/12/2008;0.14535
08/12/2008;0.14537
09/12/2008;0.14547
10/12/2008;0.1457
11/12/2008;0.14567
12/12/2008;0.14609
15/12/2008;0.14605
16/12/2008;0.14609
17/12/2008;0.1464
18/12/2008;0.14632
19/12/2008;0.14618
22/12/2008;0.14611
23/12/2008;0.14602
24/12/2008;0.14609
25/12/2008;0.1463
26/12/2008;0.14618
29/12/2008;0.1461
30/12/2008;0.14636
31/12/2008;0.14655
01/01/2009;0.14645
02/01/2009;0.14631
05/01/2009;0.14627
06/01/2009;0.14626
07/01/2009;0.14634
08/01/2009;0.14631
09/01/2009;0.14618
12/01/2009;0.14617
13/01/2009;0.14626
14/01/2009;0.1462
15/01/2009;0.14612
16/01/2009;0.14616
19/01/2009;0.14629
20/01/2009;0.14618
21/01/2009;0.14615
22/01/2009;0.14626
23/01/2009;0.1461
26/01/2009;0.14606
27/01/2009;0.14607
28/01/2009;0.14606
29/01/2009;0.14608
30/01/2009;0.14615
02/02/2009;0.14601
03/02/2009;0.14633
04/02/2009;0.14639
05/02/2009;0.14627
06/02/2009;0.14628
09/02/2009;0.14622
10/02/2009;0.14636
11/02/2009;0.14633
12/02/2009;0.14628
13/02/2009;0.14633
16/02/2009;0.14631
17/02/2009;0.14627
18/02/2009;0.14629
19/02/2009;0.14627
20/02/2009;0.14619
23/02/2009;0.1463
24/02/2009;0.14626
25/02/2009;0.14625
26/02/2009;0.1462
27/02/2009;0.1462
02/03/2009;0.14607
03/03/2009;0.14616
04/03/2009;0.14614
05/03/2009;0.14618
06/03/2009;0.1462
09/03/2009;0.1462
10/03/2009;0.14617
11/03/2009;0.14619
12/03/2009;0.14623
13/03/2009;0.14625
16/03/2009;0.14623
17/03/2009;0.14626
18/03/2009;0.14631
19/03/2009;0.14645
20/03/2009;0.14646
23/03/2009;0.14635
24/03/2009;0.14642
25/03/2009;0.1464
26/03/2009;0.14637
27/03/2009;0.14636
30/03/2009;0.14627
31/03/2009;0.14634
01/04/2009;0.14633
02/04/2009;0.14634
03/04/2009;0.1463
06/04/2009;0.14635
07/04/2009;0.14627
08/04/2009;0.14629
09/04/2009;0.14631
10/04/2009;0.14634
13/04/2009;0.14631
14/04/2009;0.14637
15/04/2009;0.14636
16/04/2009;0.14636
17/04/2009;0.14636
20/04/2009;0.14634
21/04/2009;0.14637
22/04/2009;0.14641
23/04/2009;0.14642
24/04/2009;0.14648
27/04/2009;0.14647
28/04/2009;0.14648
29/04/2009;0.14654
30/04/2009;0.14656
01/05/2009;0.14656
04/05/2009;0.14656
05/05/2009;0.14663
06/05/2009;0.14658
07/05/2009;0.14659
08/05/2009;0.14658
11/05/2009;0.14656
12/05/2009;0.14659
13/05/2009;0.14656
14/05/2009;0.14653
15/05/2009;0.14649
18/05/2009;0.14648
19/05/2009;0.14652
20/05/2009;0.14652
21/05/2009;0.14653
22/05/2009;0.14654
25/05/2009;0.14655
26/05/2009;0.14633
27/05/2009;0.14645
28/05/2009;0.14641
29/05/2009;0.14641
01/06/2009;0.14648
02/06/2009;0.14641
03/06/2009;0.1464
04/06/2009;0.14635
05/06/2009;0.14635
08/06/2009;0.14627
09/06/2009;0.1463
10/06/2009;0.14636
11/06/2009;0.14628
12/06/2009;0.14628
15/06/2009;0.14626
16/06/2009;0.14633
17/06/2009;0.14624
18/06/2009;0.14632
19/06/2009;0.14628
22/06/2009;0.14629
23/06/2009;0.1463
24/06/2009;0.14634
25/06/2009;0.14631
26/06/2009;0.14633
29/06/2009;0.14634
30/06/2009;0.1464
01/07/2009;0.14635
02/07/2009;0.14638
03/07/2009;0.14637
06/07/2009;0.14632
07/07/2009;0.14635
08/07/2009;0.14634
09/07/2009;0.14636
10/07/2009;0.14634
13/07/2009;0.14635
14/07/2009;0.14635
15/07/2009;0.14638
16/07/2009;0.14639
17/07/2009;0.14639
20/07/2009;0.14639
21/07/2009;0.1464
22/07/2009;0.14639
23/07/2009;0.14638
24/07/2009;0.14638
27/07/2009;0.14639
28/07/2009;0.14641
29/07/2009;0.14638
30/07/2009;0.14636
31/07/2009;0.14637
03/08/2009;0.14639
04/08/2009;0.14641
05/08/2009;0.14639
06/08/2009;0.1464
07/08/2009;0.14639
10/08/2009;0.1463
11/08/2009;0.14631
12/08/2009;0.14631
13/08/2009;0.14633
14/08/2009;0.14633
17/08/2009;0.1463
18/08/2009;0.14633
19/08/2009;0.14632
20/08/2009;0.14638
21/08/2009;0.14638
24/08/2009;0.14637
25/08/2009;0.14638
26/08/2009;0.14636
27/08/2009;0.14636
28/08/2009;0.14641
31/08/2009;0.14639
01/09/2009;0.1464
02/09/2009;0.1464
03/09/2009;0.14641
04/09/2009;0.14642
07/09/2009;0.14646
08/09/2009;0.14646
09/09/2009;0.14644
10/09/2009;0.14643
11/09/2009;0.14643
14/09/2009;0.14645
15/09/2009;0.14643
16/09/2009;0.14651
17/09/2009;0.1465
18/09/2009;0.14646
21/09/2009;0.14644
22/09/2009;0.14649
23/09/2009;0.1465
24/09/2009;0.14647
25/09/2009;0.14646
28/09/2009;0.14647
29/09/2009;0.14646
30/09/2009;0.1465
01/10/2009;0.14648
02/10/2009;0.1465
05/10/2009;0.14649
06/10/2009;0.14646
07/10/2009;0.1465
08/10/2009;0.1465
09/10/2009;0.14651
12/10/2009;0.14655
13/10/2009;0.1465
14/10/2009;0.14649
15/10/2009;0.14644
16/10/2009;0.14648
19/10/2009;0.14649
20/10/2009;0.14649
21/10/2009;0.14647
22/10/2009;0.14643
23/10/2009;0.14645
26/10/2009;0.14646
27/10/2009;0.14641
28/10/2009;0.14645
29/10/2009;0.14645
30/10/2009;0.14645
02/11/2009;0.14646
03/11/2009;0.14646
04/11/2009;0.14648
05/11/2009;0.14647
06/11/2009;0.14647
09/11/2009;0.14647
10/11/2009;0.14648
11/11/2009;0.1465
12/11/2009;0.14648
13/11/2009;0.14649
16/11/2009;0.14648
17/11/2009;0.14648
18/11/2009;0.14648
19/11/2009;0.14645
20/11/2009;0.14646
23/11/2009;0.14646
24/11/2009;0.14641
25/11/2009;0.14647
26/11/2009;0.14648
27/11/2009;0.14647
30/11/2009;0.14648
01/12/2009;0.14649
02/12/2009;0.14649
03/12/2009;0.14649
04/12/2009;0.14648
07/12/2009;0.14643
08/12/2009;0.14647
09/12/2009;0.14646
10/12/2009;0.14649
11/12/2009;0.14646
14/12/2009;0.14646
15/12/2009;0.14646
16/12/2009;0.14646
17/12/2009;0.14645
18/12/2009;0.14645
21/12/2009;0.14644
22/12/2009;0.14645
23/12/2009;0.14644
24/12/2009;0.14645
25/12/2009;0.14647
28/12/2009;0.14642
29/12/2009;0.14644
30/12/2009;0.14652
31/12/2009;0.14647
04/01/2010;0.14648
05/01/2010;0.14647
06/01/2010;0.14647
07/01/2010;0.14646
08/01/2010;0.14646
11/01/2010;0.14646
12/01/2010;0.14648
13/01/2010;0.14647
14/01/2010;0.14648
15/01/2010;0.14648
18/01/2010;0.14649
19/01/2010;0.14647
20/01/2010;0.14647
21/01/2010;0.14648
22/01/2010;0.14648
25/01/2010;0.14648
26/01/2010;0.14648
27/01/2010;0.14648
28/01/2010;0.14648
29/01/2010;0.14648
01/02/2010;0.14648
02/02/2010;0.14647
03/02/2010;0.14648
04/02/2010;0.14648
05/02/2010;0.14648
08/02/2010;0.14649
09/02/2010;0.14648
10/02/2010;0.14648
11/02/2010;0.14631
12/02/2010;0.14634
15/02/2010;0.14648
16/02/2010;0.14637
17/02/2010;0.1465
18/02/2010;0.14647
19/02/2010;0.14641
22/02/2010;0.14649
23/02/2010;0.14646
24/02/2010;0.14648
25/02/2010;0.14649
26/02/2010;0.1465
01/03/2010;0.1465
02/03/2010;0.14648
03/03/2010;0.1465
04/03/2010;0.14649
05/03/2010;0.14649
08/03/2010;0.14649
09/03/2010;0.1465
10/03/2010;0.1465
11/03/2010;0.14648
12/03/2010;0.14651
15/03/2010;0.1465
16/03/2010;0.14649
17/03/2010;0.1465
18/03/2010;0.1465
19/03/2010;0.14649
22/03/2010;0.14649
23/03/2010;0.14649
24/03/2010;0.14648
25/03/2010;0.14647
26/03/2010;0.14647
29/03/2010;0.14649
30/03/2010;0.1465
31/03/2010;0.14649
01/04/2010;0.14649
02/04/2010;0.14651
05/04/2010;0.14651
06/04/2010;0.1465
07/04/2010;0.1465
08/04/2010;0.14653
09/04/2010;0.14654
12/04/2010;0.14651
13/04/2010;0.1465
14/04/2010;0.1465
15/04/2010;0.1465
16/04/2010;0.1465
19/04/2010;0.1465
20/04/2010;0.14649
21/04/2010;0.14648
22/04/2010;0.14648
23/04/2010;0.14648
26/04/2010;0.14648
27/04/2010;0.1465
28/04/2010;0.14651
29/04/2010;0.14649
30/04/2010;0.14651
03/05/2010;0.14649
04/05/2010;0.14649
05/05/2010;0.14648
06/05/2010;0.14649
07/05/2010;0.1465
10/05/2010;0.14649
11/05/2010;0.14644
12/05/2010;0.14647
13/05/2010;0.14646
14/05/2010;0.14648
17/05/2010;0.14646
18/05/2010;0.14647
19/05/2010;0.14648
20/05/2010;0.14646
21/05/2010;0.14647
24/05/2010;0.14645
25/05/2010;0.14638
26/05/2010;0.14645
27/05/2010;0.14637
28/05/2010;0.14639
31/05/2010;0.14646
01/06/2010;0.14641
02/06/2010;0.1464
03/06/2010;0.14646
04/06/2010;0.14644
07/06/2010;0.14637
08/06/2010;0.14641
09/06/2010;0.14645
10/06/2010;0.1464
11/06/2010;0.14635
14/06/2010;0.14646
15/06/2010;0.14646
16/06/2010;0.14636
17/06/2010;0.14643
18/06/2010;0.14645
21/06/2010;0.14712
22/06/2010;0.14678
23/06/2010;0.14678
24/06/2010;0.14707
25/06/2010;0.14721
28/06/2010;0.14721
29/06/2010;0.14711
30/06/2010;0.14746
01/07/2010;0.14745
02/07/2010;0.14768
05/07/2010;0.14759
06/07/2010;0.14748
07/07/2010;0.14751
08/07/2010;0.14757
09/07/2010;0.14762
12/07/2010;0.14769
13/07/2010;0.14765
14/07/2010;0.1476
15/07/2010;0.14753
16/07/2010;0.1476
19/07/2010;0.14754
20/07/2010;0.14751
21/07/2010;0.14756
22/07/2010;0.14749
23/07/2010;0.14748
26/07/2010;0.1475
27/07/2010;0.14758
28/07/2010;0.14752
29/07/2010;0.14747
30/07/2010;0.1476
02/08/2010;0.1476
03/08/2010;0.14765
04/08/2010;0.14766
05/08/2010;0.14762
06/08/2010;0.14765
09/08/2010;0.14776
10/08/2010;0.14766
11/08/2010;0.1476
12/08/2010;0.14738
13/08/2010;0.14715
16/08/2010;0.14693
17/08/2010;0.14723
18/08/2010;0.14724
19/08/2010;0.14728
20/08/2010;0.14727
23/08/2010;0.14708
24/08/2010;0.14708
25/08/2010;0.14708
26/08/2010;0.14715
27/08/2010;0.1471
30/08/2010;0.14699
31/08/2010;0.14683
01/09/2010;0.14681
02/09/2010;0.14688
03/09/2010;0.14698
06/09/2010;0.14732
07/09/2010;0.14725
08/09/2010;0.14718
09/09/2010;0.14744
10/09/2010;0.1477
13/09/2010;0.14789
14/09/2010;0.14824
15/09/2010;0.14832
16/09/2010;0.14868
17/09/2010;0.14881
20/09/2010;0.14901
21/09/2010;0.14911
22/09/2010;0.14948
23/09/2010;0.14952
24/09/2010;0.14958
27/09/2010;0.14943
28/09/2010;0.1493
29/09/2010;0.14952
30/09/2010;0.14948
01/10/2010;0.14951
04/10/2010;0.14947
05/10/2010;0.14944
06/10/2010;0.14968
07/10/2010;0.14975
08/10/2010;0.14982
11/10/2010;0.15006
12/10/2010;0.14982
13/10/2010;0.15
14/10/2010;0.15028
15/10/2010;0.15057
18/10/2010;0.15051
19/10/2010;0.15033
20/10/2010;0.1507
21/10/2010;0.15032
22/10/2010;0.15022
25/10/2010;0.15019
26/10/2010;0.1501
27/10/2010;0.14968
28/10/2010;0.14953
29/10/2010;0.14986
01/11/2010;0.14948
02/11/2010;0.14973
03/11/2010;0.14979
04/11/2010;0.1501
05/11/2010;0.15023
08/11/2010;0.14968
09/11/2010;0.15051
10/11/2010;0.15075
11/11/2010;0.15095
12/11/2010;0.15067
15/11/2010;0.15048
16/11/2010;0.15063
17/11/2010;0.15054
18/11/2010;0.15076
19/11/2010;0.15061
22/11/2010;0.15063
23/11/2010;0.15049
24/11/2010;0.1503
25/11/2010;0.15037
26/11/2010;0.14998
29/11/2010;0.15013
30/11/2010;0.1499
01/12/2010;0.15003
02/12/2010;0.15008
03/12/2010;0.15011
06/12/2010;0.15033
07/12/2010;0.15047
08/12/2010;0.15002
09/12/2010;0.15017
10/12/2010;0.15022
13/12/2010;0.15002
14/12/2010;0.15029
15/12/2010;0.15013
16/12/2010;0.15005
17/12/2010;0.15008
20/12/2010;0.14981
21/12/2010;0.15015
22/12/2010;0.15042
23/12/2010;0.15049
24/12/2010;0.15078
27/12/2010;0.1508
28/12/2010;0.15093
29/12/2010;0.15101
30/12/2010;0.15149
31/12/2010;0.1515
03/01/2011;0.15149
04/01/2011;0.15131
05/01/2011;0.15105
06/01/2011;0.1509
07/01/2011;0.15083
10/01/2011;0.15065
11/01/2011;0.1511
12/01/2011;0.15142
13/01/2011;0.15153
14/01/2011;0.15175
17/01/2011;0.15163
18/01/2011;0.15191
19/01/2011;0.15184
20/01/2011;0.1518
21/01/2011;0.15184
24/01/2011;0.15177
25/01/2011;0.15177
26/01/2011;0.15183
27/01/2011;0.15179
28/01/2011;0.15161
31/01/2011;0.15152
01/02/2011;0.1518
02/02/2011;0.15186
03/02/2011;0.15186
04/02/2011;0.15185
07/02/2011;0.15239
08/02/2011;0.15185
09/02/2011;0.15176
10/02/2011;0.15183
11/02/2011;0.1517
14/02/2011;0.15159
15/02/2011;0.15176
16/02/2011;0.15186
17/02/2011;0.1519
18/02/2011;0.15221
21/02/2011;0.15227
22/02/2011;0.15198
23/02/2011;0.15211
24/02/2011;0.1521
25/02/2011;0.15205
28/02/2011;0.15217
01/03/2011;0.15223
02/03/2011;0.15215
03/03/2011;0.1522
04/03/2011;0.15226
07/03/2011;0.15252
08/03/2011;0.15224
09/03/2011;0.15243
10/03/2011;0.15212
11/03/2011;0.1521
14/03/2011;0.15224
15/03/2011;0.15214
16/03/2011;0.15217
17/03/2011;0.15209
18/03/2011;0.15223
21/03/2011;0.15232
22/03/2011;0.15274
23/03/2011;0.1526
24/03/2011;0.15251
25/03/2011;0.15244
28/03/2011;0.15237
29/03/2011;0.15243
30/03/2011;0.15253
31/03/2011;0.15272
01/04/2011;0.15272
04/04/2011;0.15296
05/04/2011;0.15293
06/04/2011;0.15281
07/04/2011;0.15294
08/04/2011;0.15302
11/04/2011;0.15294
12/04/2011;0.15289
13/04/2011;0.15306
14/04/2011;0.15312
15/04/2011;0.15309
18/04/2011;0.15327
19/04/2011;0.15313
20/04/2011;0.15323
21/04/2011;0.15399
22/04/2011;0.15367
25/04/2011;0.15318
26/04/2011;0.15331
27/04/2011;0.15359
28/04/2011;0.15372
29/04/2011;0.15407
02/05/2011;0.15406
03/05/2011;0.15393
04/05/2011;0.15402
05/05/2011;0.15401
06/05/2011;0.15401
09/05/2011;0.154
10/05/2011;0.15405
11/05/2011;0.15404
12/05/2011;0.15387
13/05/2011;0.1539
16/05/2011;0.15366
17/05/2011;0.15372
18/05/2011;0.15372
19/05/2011;0.15375
20/05/2011;0.15403
23/05/2011;0.15374
24/05/2011;0.15389
25/05/2011;0.15401
26/05/2011;0.15406
27/05/2011;0.15403
30/05/2011;0.15425
31/05/2011;0.15434
01/06/2011;0.15437
02/06/2011;0.15427
03/06/2011;0.15434
06/06/2011;0.15446
07/06/2011;0.1543
08/06/2011;0.15443
09/06/2011;0.15443
10/06/2011;0.15433
13/06/2011;0.15425
14/06/2011;0.15434
15/06/2011;0.15428
16/06/2011;0.15445
17/06/2011;0.15448
20/06/2011;0.15435
21/06/2011;0.15465
22/06/2011;0.15474
23/06/2011;0.15462
24/06/2011;0.15444
27/06/2011;0.15434
28/06/2011;0.15458
29/06/2011;0.15472
30/06/2011;0.15471
01/07/2011;0.15467
04/07/2011;0.15472
05/07/2011;0.15462
06/07/2011;0.15464
07/07/2011;0.15467
08/07/2011;0.15469
11/07/2011;0.15463
12/07/2011;0.15478
13/07/2011;0.15395
14/07/2011;0.15486
15/07/2011;0.15472
18/07/2011;0.1546
19/07/2011;0.15469
20/07/2011;0.15483
21/07/2011;0.155
22/07/2011;0.15511
25/07/2011;0.15516
26/07/2011;0.15521
27/07/2011;0.1552
28/07/2011;0.15521
29/07/2011;0.15535
01/08/2011;0.15543
02/08/2011;0.15533
03/08/2011;0.15542
04/08/2011;0.15532
05/08/2011;0.15526
08/08/2011;0.15538
09/08/2011;0.1555
10/08/2011;0.15586
11/08/2011;0.15637
12/08/2011;0.15637
15/08/2011;0.15648
16/08/2011;0.15667
17/08/2011;0.15656
18/08/2011;0.15655
19/08/2011;0.15635
22/08/2011;0.15627
23/08/2011;0.15632
24/08/2011;0.15652
25/08/2011;0.15649
26/08/2011;0.15656
29/08/2011;0.15671
30/08/2011;0.15673
31/08/2011;0.15678
01/09/2011;0.15675
02/09/2011;0.15668
05/09/2011;0.15661
06/09/2011;0.15648
07/09/2011;0.1564
08/09/2011;0.15669
09/09/2011;0.15654
12/09/2011;0.15617
13/09/2011;0.15627
14/09/2011;0.15634
15/09/2011;0.15645
16/09/2011;0.15665
19/09/2011;0.15657
20/09/2011;0.15663
21/09/2011;0.15675
22/09/2011;0.15625
23/09/2011;0.15652
26/09/2011;0.15623
27/09/2011;0.1563
28/09/2011;0.1564
29/09/2011;0.15625
30/09/2011;0.15666
03/10/2011;0.15667
04/10/2011;0.15685
05/10/2011;0.15674
06/10/2011;0.15674
07/10/2011;0.15675
10/10/2011;0.15679
11/10/2011;0.15683
12/10/2011;0.15722
13/10/2011;0.15664
14/10/2011;0.15667
17/10/2011;0.15695
18/10/2011;0.15662
19/10/2011;0.15677
20/10/2011;0.1566
21/10/2011;0.15658
24/10/2011;0.15676
25/10/2011;0.15711
26/10/2011;0.15732
27/10/2011;0.15721
28/10/2011;0.15718
31/10/2011;0.15725
01/11/2011;0.15726
02/11/2011;0.15723
03/11/2011;0.15742
04/11/2011;0.15769
07/11/2011;0.15746
08/11/2011;0.15755
09/11/2011;0.1576
10/11/2011;0.15752
11/11/2011;0.15764
14/11/2011;0.1573
15/11/2011;0.15753
16/11/2011;0.15751
17/11/2011;0.15739
18/11/2011;0.15726
21/11/2011;0.15711
22/11/2011;0.15709
23/11/2011;0.15718
24/11/2011;0.15716
25/11/2011;0.1569
28/11/2011;0.15654
29/11/2011;0.15708
30/11/2011;0.15674
01/12/2011;0.15669
02/12/2011;0.1574
05/12/2011;0.15776
06/12/2011;0.15784
07/12/2011;0.15701
08/12/2011;0.15732
09/12/2011;0.15781
12/12/2011;0.15716
13/12/2011;0.157
14/12/2011;0.15691
15/12/2011;0.15687
16/12/2011;0.15789
19/12/2011;0.15774
20/12/2011;0.15753
21/12/2011;0.15767
22/12/2011;0.15774
23/12/2011;0.15769
26/12/2011;0.15825
27/12/2011;0.15817
28/12/2011;0.15828
29/12/2011;0.15832
30/12/2011;0.15872
02/01/2012;0.15872
03/01/2012;0.15886
04/01/2012;0.15875
05/01/2012;0.15843
06/01/2012;0.15835
09/01/2012;0.15834
10/01/2012;0.1584
11/01/2012;0.15832
12/01/2012;0.15827
13/01/2012;0.15818
16/01/2012;0.1584
17/01/2012;0.15827
18/01/2012;0.15838
19/01/2012;0.15834
20/01/2012;0.15792
23/01/2012;0.15835
24/01/2012;0.15835
25/01/2012;0.15838
26/01/2012;0.15838
27/01/2012;0.15821
30/01/2012;0.15837
31/01/2012;0.15852
01/02/2012;0.15857
02/02/2012;0.15859
03/02/2012;0.15855
06/02/2012;0.15845
07/02/2012;0.15848
08/02/2012;0.15873
09/02/2012;0.15874
10/02/2012;0.15887
13/02/2012;0.15884
14/02/2012;0.15876
15/02/2012;0.1588
16/02/2012;0.15873
17/02/2012;0.15877
20/02/2012;0.15878
21/02/2012;0.1588
22/02/2012;0.1588
23/02/2012;0.1587
24/02/2012;0.15876
27/02/2012;0.15869
28/02/2012;0.15874
29/02/2012;0.15883
01/03/2012;0.15871
02/03/2012;0.15874
05/03/2012;0.15849
06/03/2012;0.15833
07/03/2012;0.15835
08/03/2012;0.15827
09/03/2012;0.15847
12/03/2012;0.15803
13/03/2012;0.15802
14/03/2012;0.15785
15/03/2012;0.15792
16/03/2012;0.15817
19/03/2012;0.15821
20/03/2012;0.15825
21/03/2012;0.15826
22/03/2012;0.15862
23/03/2012;0.15871
26/03/2012;0.15865
27/03/2012;0.15852
28/03/2012;0.15874
29/03/2012;0.15872
30/03/2012;0.15887
02/04/2012;0.15888
03/04/2012;0.15884
04/04/2012;0.15878
05/04/2012;0.15847
06/04/2012;0.15857
09/04/2012;0.1585
10/04/2012;0.15848
11/04/2012;0.15848
12/04/2012;0.15855
13/04/2012;0.15878
16/04/2012;0.15856
17/04/2012;0.15865
18/04/2012;0.1587
19/04/2012;0.15865
20/04/2012;0.15867
23/04/2012;0.1586
24/04/2012;0.15867
25/04/2012;0.15857
26/04/2012;0.15883
27/04/2012;0.15927
30/04/2012;0.15925
01/05/2012;0.15927
02/05/2012;0.15918
03/05/2012;0.15896
04/05/2012;0.15891
07/05/2012;0.15876
08/05/2012;0.1585
09/05/2012;0.15846
10/05/2012;0.15835
11/05/2012;0.15845
14/05/2012;0.15817
15/05/2012;0.15825
16/05/2012;0.15825
17/05/2012;0.15822
18/05/2012;0.15808
21/05/2012;0.15811
22/05/2012;0.15823
23/05/2012;0.15798
24/05/2012;0.15779
25/05/2012;0.15786
28/05/2012;0.15791
29/05/2012;0.15787
30/05/2012;0.15749
31/05/2012;0.157
01/06/2012;0.15697
04/06/2012;0.15711
05/06/2012;0.15703
06/06/2012;0.15711
07/06/2012;0.15703
08/06/2012;0.15686
11/06/2012;0.15763
12/06/2012;0.15695
13/06/2012;0.15746
14/06/2012;0.15694
15/06/2012;0.15706
18/06/2012;0.15727
19/06/2012;0.15734
20/06/2012;0.1572
21/06/2012;0.1571
22/06/2012;0.15707
25/06/2012;0.15712
26/06/2012;0.15714
27/06/2012;0.15727
28/06/2012;0.15727
29/06/2012;0.15735
02/07/2012;0.15749
03/07/2012;0.15739
04/07/2012;0.15752
05/07/2012;0.15731
06/07/2012;0.15709
09/07/2012;0.15693
10/07/2012;0.15706
11/07/2012;0.15698
12/07/2012;0.15687
13/07/2012;0.15639
16/07/2012;0.15674
17/07/2012;0.15688
18/07/2012;0.15697
19/07/2012;0.1569
20/07/2012;0.15687
23/07/2012;0.15656
24/07/2012;0.15654
25/07/2012;0.1565
26/07/2012;0.15661
27/07/2012;0.1567
30/07/2012;0.15673
31/07/2012;0.15716
01/08/2012;0.15699
02/08/2012;0.15702
03/08/2012;0.15692
06/08/2012;0.15686
07/08/2012;0.15704
08/08/2012;0.15717
09/08/2012;0.15723
10/08/2012;0.15729
13/08/2012;0.15727
14/08/2012;0.15724
15/08/2012;0.15715
16/08/2012;0.15705
17/08/2012;0.15726
20/08/2012;0.15723
21/08/2012;0.1573
22/08/2012;0.15741
23/08/2012;0.15737
24/08/2012;0.15734
27/08/2012;0.15728
28/08/2012;0.15738
29/08/2012;0.15741
30/08/2012;0.15746
31/08/2012;0.15749
03/09/2012;0.15769
04/09/2012;0.15752
05/09/2012;0.15747
06/09/2012;0.15762
07/09/2012;0.15763
10/09/2012;0.15776
11/09/2012;0.15783
12/09/2012;0.15803
13/09/2012;0.15795
14/09/2012;0.15833
17/09/2012;0.15812
18/09/2012;0.15824
19/09/2012;0.15848
20/09/2012;0.15863
21/09/2012;0.15848
24/09/2012;0.15848
25/09/2012;0.15856
26/09/2012;0.15866
27/09/2012;0.15864
28/09/2012;0.15909
01/10/2012;0.15909
02/10/2012;0.1581
03/10/2012;0.15782
04/10/2012;0.15781
05/10/2012;0.15795
08/10/2012;0.15917
09/10/2012;0.15904
10/10/2012;0.1589
11/10/2012;0.15943
12/10/2012;0.15956
15/10/2012;0.15947
16/10/2012;0.15963
17/10/2012;0.15989
18/10/2012;0.15999
19/10/2012;0.1599
22/10/2012;0.15988
23/10/2012;0.16005
24/10/2012;0.16003
25/10/2012;0.16022
26/10/2012;0.16004
29/10/2012;0.16016
30/10/2012;0.16019
31/10/2012;0.16033
01/11/2012;0.16004
02/11/2012;0.16012
05/11/2012;0.16023
06/11/2012;0.15984
07/11/2012;0.16009
08/11/2012;0.15952
09/11/2012;0.16025
12/11/2012;0.16065
13/11/2012;0.16059
14/11/2012;0.16064
15/11/2012;0.16031
16/11/2012;0.16036
19/11/2012;0.16051
20/11/2012;0.16045
21/11/2012;0.16062
22/11/2012;0.16054
23/11/2012;0.16067
26/11/2012;0.16051
27/11/2012;0.16071
28/11/2012;0.1607
29/11/2012;0.16056
30/11/2012;0.1606
03/12/2012;0.16045
04/12/2012;0.16074
05/12/2012;0.16052
06/12/2012;0.16067
07/12/2012;0.16051
10/12/2012;0.16036
11/12/2012;0.16009
12/12/2012;0.15987
13/12/2012;0.16009
14/12/2012;0.16007
17/12/2012;0.16026
18/12/2012;0.16038
19/12/2012;0.16047
20/12/2012;0.16039
21/12/2012;0.16043
24/12/2012;0.16037
25/12/2012;0.16038
26/12/2012;0.16017
27/12/2012;0.16027
28/12/2012;0.16039
31/12/2012;0.16047
01/01/2013;0.16033
02/01/2013;0.16033
03/01/2013;0.16042
04/01/2013;0.1605
07/01/2013;0.16039
08/01/2013;0.16064
09/01/2013;0.16043
10/01/2013;0.16062
11/01/2013;0.16085
14/01/2013;0.16068
15/01/2013;0.16094
16/01/2013;0.16069
17/01/2013;0.16088
18/01/2013;0.16073
21/01/2013;0.16062
22/01/2013;0.16066
23/01/2013;0.16065
24/01/2013;0.1607
25/01/2013;0.16061
28/01/2013;0.16059
29/01/2013;0.16054
30/01/2013;0.16064
31/01/2013;0.1608
01/02/2013;0.16046
04/02/2013;0.16044
05/02/2013;0.16054
06/02/2013;0.16046
07/02/2013;0.16045
08/02/2013;0.16045
11/02/2013;0.1604
12/02/2013;0.16042
13/02/2013;0.16037
14/02/2013;0.1605
15/02/2013;0.16052
18/02/2013;0.16021
19/02/2013;0.16012
20/02/2013;0.16022
21/02/2013;0.16024
22/02/2013;0.16038
25/02/2013;0.16036
26/02/2013;0.16051
27/02/2013;0.16058
28/02/2013;0.16071
01/03/2013;0.16075
04/03/2013;0.16065
05/03/2013;0.16079
06/03/2013;0.16078
07/03/2013;0.16077
08/03/2013;0.16095
11/03/2013;0.16075
12/03/2013;0.1608
13/03/2013;0.16096
14/03/2013;0.16088
15/03/2013;0.16099
18/03/2013;0.16087
19/03/2013;0.16087
20/03/2013;0.16096
21/03/2013;0.16095
22/03/2013;0.16101
25/03/2013;0.1609
26/03/2013;0.16112
27/03/2013;0.16105
28/03/2013;0.16103
29/03/2013;0.16101
01/04/2013;0.1611
02/04/2013;0.16144
03/04/2013;0.16138
04/04/2013;0.16138
05/04/2013;0.16125
08/04/2013;0.1612
09/04/2013;0.16134
10/04/2013;0.16156
11/04/2013;0.1615
12/04/2013;0.16149
15/04/2013;0.16163
16/04/2013;0.16166
17/04/2013;0.16213
18/04/2013;0.16166
19/04/2013;0.16199
22/04/2013;0.16163
23/04/2013;0.16195
24/04/2013;0.16197
25/04/2013;0.16217
26/04/2013;0.16232
29/04/2013;0.16209
30/04/2013;0.16221
01/05/2013;0.16221
02/05/2013;0.16244
03/05/2013;0.16245
06/05/2013;0.16216
07/05/2013;0.16249
08/05/2013;0.16284
09/05/2013;0.16305
10/05/2013;0.16282
13/05/2013;0.16269
14/05/2013;0.16279
15/05/2013;0.16271
16/05/2013;0.16262
17/05/2013;0.16282
20/05/2013;0.1629
21/05/2013;0.16298
22/05/2013;0.1631
23/05/2013;0.16303
24/05/2013;0.16309
27/05/2013;0.16336
28/05/2013;0.16336
29/05/2013;0.16322
30/05/2013;0.16311
31/05/2013;0.16301
03/06/2013;0.16309
04/06/2013;0.16317
05/06/2013;0.16319
06/06/2013;0.16297
07/06/2013;0.16304
10/06/2013;0.16304
11/06/2013;0.16304
12/06/2013;0.16304
13/06/2013;0.16302
14/06/2013;0.16311
17/06/2013;0.16328
18/06/2013;0.16317
19/06/2013;0.16321
20/06/2013;0.16318
21/06/2013;0.16305
24/06/2013;0.16273
25/06/2013;0.16273
26/06/2013;0.16268
27/06/2013;0.16263
28/06/2013;0.16293
01/07/2013;0.16306
02/07/2013;0.16305
03/07/2013;0.16311
04/07/2013;0.16324
05/07/2013;0.16306
08/07/2013;0.16303
09/07/2013;0.16315
10/07/2013;0.16302
11/07/2013;0.16306
12/07/2013;0.16293
15/07/2013;0.16292
16/07/2013;0.163
17/07/2013;0.16299
18/07/2013;0.16283
19/07/2013;0.16292
22/07/2013;0.16283
23/07/2013;0.16294
24/07/2013;0.16296
25/07/2013;0.16301
26/07/2013;0.16309
29/07/2013;0.16307
30/07/2013;0.16309
31/07/2013;0.16316
01/08/2013;0.16312
02/08/2013;0.16315
05/08/2013;0.16327
06/08/2013;0.16335
07/08/2013;0.16342
08/08/2013;0.16333
09/08/2013;0.16335
12/08/2013;0.16334
13/08/2013;0.16335
14/08/2013;0.16341
15/08/2013;0.1636
16/08/2013;0.16353
19/08/2013;0.16332
20/08/2013;0.16328
21/08/2013;0.16331
22/08/2013;0.16337
23/08/2013;0.16337
26/08/2013;0.16333
27/08/2013;0.16335
28/08/2013;0.16339
29/08/2013;0.16339
30/08/2013;0.16341
02/09/2013;0.16341
03/09/2013;0.16338
04/09/2013;0.1634
05/09/2013;0.1634
06/09/2013;0.16339
09/09/2013;0.16337
10/09/2013;0.1634
11/09/2013;0.16344
12/09/2013;0.16345
13/09/2013;0.16343
16/09/2013;0.16339
17/09/2013;0.16336
18/09/2013;0.16337
19/09/2013;0.16334
20/09/2013;0.16339
23/09/2013;0.16336
24/09/2013;0.16339
25/09/2013;0.16339
26/09/2013;0.16339
27/09/2013;0.16341
30/09/2013;0.16339
01/10/2013;0.16336
02/10/2013;0.16334
03/10/2013;0.16333
04/10/2013;0.16336
07/10/2013;0.1634
08/10/2013;0.16336
09/10/2013;0.16335
10/10/2013;0.16351
11/10/2013;0.16339
14/10/2013;0.1637
15/10/2013;0.16385
16/10/2013;0.16395
17/10/2013;0.16398
18/10/2013;0.164
21/10/2013;0.16412
22/10/2013;0.16413
23/10/2013;0.1644
24/10/2013;0.16444
25/10/2013;0.1644
28/10/2013;0.1643
29/10/2013;0.16422
30/10/2013;0.16409
31/10/2013;0.16413
01/11/2013;0.16395
04/11/2013;0.16398
05/11/2013;0.16402
06/11/2013;0.16408
07/11/2013;0.16418
08/11/2013;0.16419
11/11/2013;0.16414
12/11/2013;0.16414
13/11/2013;0.16403
14/11/2013;0.16408
15/11/2013;0.16413
18/11/2013;0.16414
19/11/2013;0.16413
20/11/2013;0.16419
21/11/2013;0.1641
22/11/2013;0.1641
25/11/2013;0.16414
26/11/2013;0.16413
27/11/2013;0.16414
28/11/2013;0.16414
29/11/2013;0.16416
02/12/2013;0.16411
03/12/2013;0.16415
04/12/2013;0.16417
05/12/2013;0.16416
06/12/2013;0.16448
09/12/2013;0.16467
10/12/2013;0.16471
11/12/2013;0.1647
12/12/2013;0.16468
13/12/2013;0.16474
16/12/2013;0.1647
17/12/2013;0.16471
18/12/2013;0.16462
19/12/2013;0.16478
20/12/2013;0.16468
23/12/2013;0.16474
24/12/2013;0.16471
25/12/2013;0.16474
26/12/2013;0.16474
27/12/2013;0.16483
30/12/2013;0.16496
31/12/2013;0.16513
01/01/2014;0.16529
02/01/2014;0.16528
03/01/2014;0.16524
06/01/2014;0.16515
07/01/2014;0.16526
08/01/2014;0.16523
09/01/2014;0.16516
10/01/2014;0.16525
13/01/2014;0.16545
14/01/2014;0.16554
15/01/2014;0.16538
16/01/2014;0.16514
17/01/2014;0.16528
20/01/2014;0.16521
21/01/2014;0.16528
22/01/2014;0.16523
23/01/2014;0.16522
24/01/2014;0.16534
27/01/2014;0.16533
28/01/2014;0.16526
29/01/2014;0.16511
30/01/2014;0.165
31/01/2014;0.16502
03/02/2014;0.16496
04/02/2014;0.16498
05/02/2014;0.16498
06/02/2014;0.16498
07/02/2014;0.16489
10/02/2014;0.16502
11/02/2014;0.16501
12/02/2014;0.16493
13/02/2014;0.16494
14/02/2014;0.16483
17/02/2014;0.1649
18/02/2014;0.16481
19/02/2014;0.16457
20/02/2014;0.16435
21/02/2014;0.16417
24/02/2014;0.16399
25/02/2014;0.16329
26/02/2014;0.16329
27/02/2014;0.16316
28/02/2014;0.1627
03/03/2014;0.1627
04/03/2014;0.16284
05/03/2014;0.16318
06/03/2014;0.16343
07/03/2014;0.16326
10/03/2014;0.16293
11/03/2014;0.16288
12/03/2014;0.16268
13/03/2014;0.16299
14/03/2014;0.1626
17/03/2014;0.16183
18/03/2014;0.1615
19/03/2014;0.16142
20/03/2014;0.16057
21/03/2014;0.16063
24/03/2014;0.16139
25/03/2014;0.16124
26/03/2014;0.16101
27/03/2014;0.16095
28/03/2014;0.16098
31/03/2014;0.16084
01/04/2014;0.16111
02/04/2014;0.16115
03/04/2014;0.16102
04/04/2014;0.16103
07/04/2014;0.16098
08/04/2014;0.16139
09/04/2014;0.16128
10/04/2014;0.16097
11/04/2014;0.161
14/04/2014;0.1608
15/04/2014;0.16075
16/04/2014;0.16073
17/04/2014;0.16078
18/04/2014;0.16066
21/04/2014;0.16013
22/04/2014;0.16033
23/04/2014;0.16032
24/04/2014;0.16004
25/04/2014;0.1599
28/04/2014;0.15991
29/04/2014;0.1598
30/04/2014;0.15974
01/05/2014;0.15979
02/05/2014;0.15976
05/05/2014;0.1601
06/05/2014;0.16061
07/05/2014;0.16038
08/05/2014;0.16056
09/05/2014;0.16057
12/05/2014;0.16031
13/05/2014;0.16053
14/05/2014;0.16053
15/05/2014;0.1605
16/05/2014;0.16041
19/05/2014;0.16033
20/05/2014;0.16033
21/05/2014;0.16042
22/05/2014;0.16038
23/05/2014;0.16038
26/05/2014;0.16027
27/05/2014;0.16006
28/05/2014;0.15985
29/05/2014;0.16029
30/05/2014;0.16006
02/06/2014;0.16005
03/06/2014;0.15988
04/06/2014;0.16
05/06/2014;0.15979
06/06/2014;0.15998
09/06/2014;0.16025
10/06/2014;0.16066
11/06/2014;0.16057
12/06/2014;0.16081
13/06/2014;0.16105
16/06/2014;0.16077
17/06/2014;0.1606
18/06/2014;0.16048
19/06/2014;0.16055
20/06/2014;0.16067
23/06/2014;0.16062
24/06/2014;0.16051
25/06/2014;0.16038
26/06/2014;0.16066
27/06/2014;0.16082
30/06/2014;0.16117
01/07/2014;0.16127
02/07/2014;0.16102
03/07/2014;0.161
04/07/2014;0.1612
07/07/2014;0.16119
08/07/2014;0.16125
09/07/2014;0.16129
10/07/2014;0.16123
11/07/2014;0.16118
14/07/2014;0.16113
15/07/2014;0.16108
16/07/2014;0.16119
17/07/2014;0.16119
18/07/2014;0.16097
21/07/2014;0.16105
22/07/2014;0.16116
23/07/2014;0.16133
24/07/2014;0.16141
25/07/2014;0.1615
28/07/2014;0.16163
29/07/2014;0.16179
30/07/2014;0.16204
31/07/2014;0.16198
01/08/2014;0.16185
04/08/2014;0.16183
05/08/2014;0.16206
06/08/2014;0.16226
07/08/2014;0.16229
08/08/2014;0.16244
11/08/2014;0.1625
12/08/2014;0.16241
13/08/2014;0.16247
14/08/2014;0.16254
15/08/2014;0.16249
18/08/2014;0.16277
19/08/2014;0.16282
20/08/2014;0.16283
21/08/2014;0.16255
22/08/2014;0.16244
25/08/2014;0.16246
26/08/2014;0.16252
27/08/2014;0.16275
28/08/2014;0.16279
29/08/2014;0.16269
01/09/2014;0.16281
02/09/2014;0.16263
03/09/2014;0.16283
04/09/2014;0.16293
05/09/2014;0.16287
08/09/2014;0.16281
09/09/2014;0.16294
10/09/2014;0.16315
11/09/2014;0.16312
12/09/2014;0.16309
15/09/2014;0.16282
16/09/2014;0.16272
17/09/2014;0.16285
18/09/2014;0.16279
19/09/2014;0.16282
22/09/2014;0.16286
23/09/2014;0.16285
24/09/2014;0.16298
25/09/2014;0.16298
26/09/2014;0.1632
29/09/2014;0.16261
30/09/2014;0.1629
01/10/2014;0.16297
02/10/2014;0.16294
03/10/2014;0.16297
06/10/2014;0.16291
07/10/2014;0.16299
08/10/2014;0.16282
09/10/2014;0.16312
10/10/2014;0.16313
13/10/2014;0.16328
14/10/2014;0.16323
15/10/2014;0.16329
16/10/2014;0.16332
17/10/2014;0.16328
20/10/2014;0.16329
21/10/2014;0.16335
22/10/2014;0.1635
23/10/2014;0.16341
24/10/2014;0.16345
27/10/2014;0.16346
28/10/2014;0.16355
29/10/2014;0.16354
30/10/2014;0.16355
31/10/2014;0.16359
03/11/2014;0.16333
04/11/2014;0.16353
05/11/2014;0.16357
06/11/2014;0.16371
07/11/2014;0.16331
10/11/2014;0.1634
11/11/2014;0.16323
12/11/2014;0.16325
13/11/2014;0.16328
14/11/2014;0.16312
17/11/2014;0.16325
18/11/2014;0.16338
19/11/2014;0.16349
20/11/2014;0.1633
21/11/2014;0.1633
24/11/2014;0.16282
25/11/2014;0.16296
26/11/2014;0.16286
27/11/2014;0.16289
28/11/2014;0.16283
01/12/2014;0.16255
02/12/2014;0.16265
03/12/2014;0.16261
04/12/2014;0.16255
05/12/2014;0.16259
08/12/2014;0.16199
09/12/2014;0.16164
10/12/2014;0.16193
11/12/2014;0.1616
12/12/2014;0.16168
15/12/2014;0.16156
16/12/2014;0.16156
17/12/2014;0.16142
18/12/2014;0.16089
19/12/2014;0.16073
22/12/2014;0.16074
23/12/2014;0.16065
24/12/2014;0.16082
25/12/2014;0.16114
26/12/2014;0.16058
29/12/2014;0.16076
30/12/2014;0.16124
31/12/2014;0.16113
01/01/2015;0.16109
02/01/2015;0.16112
05/01/2015;0.16072
06/01/2015;0.16088
07/01/2015;0.16099
08/01/2015;0.16099
09/01/2015;0.16101
12/01/2015;0.16118
13/01/2015;0.16142
14/01/2015;0.16142
15/01/2015;0.16167
16/01/2015;0.16114
19/01/2015;0.16075
20/01/2015;0.16085
21/01/2015;0.16108
22/01/2015;0.16118
23/01/2015;0.16047
26/01/2015;0.15994
27/01/2015;0.16025
28/01/2015;0.1601
29/01/2015;0.16003
30/01/2015;0.15989
02/02/2015;0.15978
03/02/2015;0.15974
04/02/2015;0.16006
05/02/2015;0.15996
06/02/2015;0.16014
09/02/2015;0.15999
10/02/2015;0.16025
11/02/2015;0.16017
12/02/2015;0.1601
13/02/2015;0.16014
16/02/2015;0.16002
17/02/2015;0.15975
18/02/2015;0.15984
19/02/2015;0.15988
20/02/2015;0.15988
23/02/2015;0.15982
24/02/2015;0.15987
25/02/2015;0.15975
26/02/2015;0.15979
27/02/2015;0.15958
02/03/2015;0.1594
03/03/2015;0.15931
04/03/2015;0.15954
05/03/2015;0.15968
06/03/2015;0.15963
09/03/2015;0.15972
10/03/2015;0.15974
11/03/2015;0.1597
12/03/2015;0.15962
13/03/2015;0.15976
16/03/2015;0.15969
17/03/2015;0.16
18/03/2015;0.16052
19/03/2015;0.16144
20/03/2015;0.16117
23/03/2015;0.1609
24/03/2015;0.16111
25/03/2015;0.16092
26/03/2015;0.16105
27/03/2015;0.16086
30/03/2015;0.1611
31/03/2015;0.16129
01/04/2015;0.16141
02/04/2015;0.16128
03/04/2015;0.16269
06/04/2015;0.16296
07/04/2015;0.16139
08/04/2015;0.16122
09/04/2015;0.16124
10/04/2015;0.16106
13/04/2015;0.16084
14/04/2015;0.16099
15/04/2015;0.16118
16/04/2015;0.16131
17/04/2015;0.16138
20/04/2015;0.16131
21/04/2015;0.16126
22/04/2015;0.16143
23/04/2015;0.16134
24/04/2015;0.16146
27/04/2015;0.16085
28/04/2015;0.1612
29/04/2015;0.16138
30/04/2015;0.16127
01/05/2015;0.16094
04/05/2015;0.16105
05/05/2015;0.16109
06/05/2015;0.16126
07/05/2015;0.16114
08/05/2015;0.16113
11/05/2015;0.16107
12/05/2015;0.16106
13/05/2015;0.16124
14/05/2015;0.16125
15/05/2015;0.16115
18/05/2015;0.16117
19/05/2015;0.16113
20/05/2015;0.16125
21/05/2015;0.16135
22/05/2015;0.16136
25/05/2015;0.16124
26/05/2015;0.16118
27/05/2015;0.16131
28/05/2015;0.16119
29/05/2015;0.16133
01/06/2015;0.16127
02/06/2015;0.16135
03/06/2015;0.16133
04/06/2015;0.16125
05/06/2015;0.16125
08/06/2015;0.16116
09/06/2015;0.16117
10/06/2015;0.16112
11/06/2015;0.16108
12/06/2015;0.16111
15/06/2015;0.16107
16/06/2015;0.16105
17/06/2015;0.16104
18/06/2015;0.16106
19/06/2015;0.16103
22/06/2015;0.16102
23/06/2015;0.16109
24/06/2015;0.16114
25/06/2015;0.16106
26/06/2015;0.16105
29/06/2015;0.16107
30/06/2015;0.16108
01/07/2015;0.16128
02/07/2015;0.1612
03/07/2015;0.16117
06/07/2015;0.16107
07/07/2015;0.1613
08/07/2015;0.16106
09/07/2015;0.16098
10/07/2015;0.16099
13/07/2015;0.1611
14/07/2015;0.16105
15/07/2015;0.16106
16/07/2015;0.16099
17/07/2015;0.161
20/07/2015;0.161
21/07/2015;0.161
22/07/2015;0.16108
23/07/2015;0.16094
24/07/2015;0.16107
27/07/2015;0.16106
28/07/2015;0.16106
29/07/2015;0.1613
30/07/2015;0.16104
31/07/2015;0.16109
03/08/2015;0.16105
04/08/2015;0.16097
05/08/2015;0.161
06/08/2015;0.16103
07/08/2015;0.16106
10/08/2015;0.16102
11/08/2015;0.15809
12/08/2015;0.15659
13/08/2015;0.15626
14/08/2015;0.15648
17/08/2015;0.15635
18/08/2015;0.1564
19/08/2015;0.15631
20/08/2015;0.15654
21/08/2015;0.15657
24/08/2015;0.15615
25/08/2015;0.15595
26/08/2015;0.15597
27/08/2015;0.15616
28/08/2015;0.15656
31/08/2015;0.15684
01/09/2015;0.15713
02/09/2015;0.15734
03/09/2015;0.15733
04/09/2015;0.15698
07/09/2015;0.15702
08/09/2015;0.15705
09/09/2015;0.1568
10/09/2015;0.15656
11/09/2015;0.15688
14/09/2015;0.15702
15/09/2015;0.15701
16/09/2015;0.15695
17/09/2015;0.15709
18/09/2015;0.15714
21/09/2015;0.15696
22/09/2015;0.15689
23/09/2015;0.15665
24/09/2015;0.15673
25/09/2015;0.15685
28/09/2015;0.15709
29/09/2015;0.15718
30/09/2015;0.15732
01/10/2015;0.15733
02/10/2015;0.15729
05/10/2015;0.15737
06/10/2015;0.15728
07/10/2015;0.15732
08/10/2015;0.15741
09/10/2015;0.15761
12/10/2015;0.15816
13/10/2015;0.15766
14/10/2015;0.15755
15/10/2015;0.15757
16/10/2015;0.15741
19/10/2015;0.15725
20/10/2015;0.15753
21/10/2015;0.15748
22/10/2015;0.15733
23/10/2015;0.15739
26/10/2015;0.15735
27/10/2015;0.1574
28/10/2015;0.1572
29/10/2015;0.15737
30/10/2015;0.15833
02/11/2015;0.15785
03/11/2015;0.15779
04/11/2015;0.15784
05/11/2015;0.1576
06/11/2015;0.15746
09/11/2015;0.15715
10/11/2015;0.15717
11/11/2015;0.15701
12/11/2015;0.15701
13/11/2015;0.15689
16/11/2015;0.15695
17/11/2015;0.15675
18/11/2015;0.15662
19/11/2015;0.15669
20/11/2015;0.15653
23/11/2015;0.15659
24/11/2015;0.15652
25/11/2015;0.15656
26/11/2015;0.15651
27/11/2015;0.15634
30/11/2015;0.15632
01/12/2015;0.15637
02/12/2015;0.15632
03/12/2015;0.15657
04/12/2015;0.15623
07/12/2015;0.15603
08/12/2015;0.15583
09/12/2015;0.15554
10/12/2015;0.1553
11/12/2015;0.1549
14/12/2015;0.15487
15/12/2015;0.15455
16/12/2015;0.15444
17/12/2015;0.15419
18/12/2015;0.15426
21/12/2015;0.15431
22/12/2015;0.15441
23/12/2015;0.15435
24/12/2015;0.15433
25/12/2015;0.15473
28/12/2015;0.15412
29/12/2015;0.15421
30/12/2015;0.15408
31/12/2015;0.154
01/01/2016;0.15401
04/01/2016;0.15296
05/01/2016;0.15323
06/01/2016;0.15246
07/01/2016;0.15166
08/01/2016;0.15167
11/01/2016;0.15228
12/01/2016;0.15217
13/01/2016;0.15205
14/01/2016;0.15172
15/01/2016;0.15189
18/01/2016;0.15202
19/01/2016;0.15194
20/01/2016;0.15188
21/01/2016;0.15195
22/01/2016;0.15201
25/01/2016;0.15194
26/01/2016;0.15198
27/01/2016;0.15202
28/01/2016;0.15208
29/01/2016;0.15209
01/02/2016;0.15201
02/02/2016;0.15186
03/02/2016;0.15205
04/02/2016;0.1523
05/02/2016;0.15213
08/02/2016;0.15211
09/02/2016;0.15211
10/02/2016;0.1521
11/02/2016;0.15207
12/02/2016;0.15213
15/02/2016;0.15386
16/02/2016;0.15343
17/02/2016;0.15328
18/02/2016;0.15348
19/02/2016;0.15335
22/02/2016;0.15329
23/02/2016;0.15322
24/02/2016;0.15317
25/02/2016;0.15296
26/02/2016;0.15285
29/02/2016;0.15258
01/03/2016;0.15262
02/03/2016;0.15265
03/03/2016;0.15307
04/03/2016;0.15378
07/03/2016;0.15353
08/03/2016;0.15376
09/03/2016;0.15354
10/03/2016;0.15364
11/03/2016;0.15397
14/03/2016;0.15385
15/03/2016;0.15352
16/03/2016;0.15333
17/03/2016;0.15444
18/03/2016;0.15452
21/03/2016;0.15419
22/03/2016;0.15406
23/03/2016;0.15368
24/03/2016;0.15347
25/03/2016;0.15336
28/03/2016;0.1541
29/03/2016;0.15392
30/03/2016;0.15463
31/03/2016;0.15506
01/04/2016;0.15435
04/04/2016;0.15429
05/04/2016;0.15438
06/04/2016;0.15441
07/04/2016;0.15468
08/04/2016;0.15462
11/04/2016;0.15484
12/04/2016;0.15472
13/04/2016;0.15445
14/04/2016;0.15427
15/04/2016;0.15437
18/04/2016;0.1544
19/04/2016;0.15482
20/04/2016;0.15458
21/04/2016;0.15427
22/04/2016;0.15369
25/04/2016;0.15411
26/04/2016;0.15406
27/04/2016;0.15386
28/04/2016;0.15437
29/04/2016;0.1544
02/05/2016;0.15446
03/05/2016;0.15404
04/05/2016;0.15393
05/05/2016;0.15357
06/05/2016;0.15392
09/05/2016;0.15344
10/05/2016;0.15344
11/05/2016;0.15408
12/05/2016;0.15341
13/05/2016;0.15309
16/05/2016;0.1534
17/05/2016;0.15336
18/05/2016;0.15289
19/05/2016;0.1528
20/05/2016;0.15276
23/05/2016;0.15257
24/05/2016;0.15251
25/05/2016;0.15258
26/05/2016;0.15249
27/05/2016;0.15237
30/05/2016;0.15185
31/05/2016;0.15192
01/06/2016;0.15209
02/06/2016;0.15186
03/06/2016;0.15263
06/06/2016;0.15249
07/06/2016;0.15222
08/06/2016;0.15243
09/06/2016;0.15235
10/06/2016;0.15216
13/06/2016;0.15193
14/06/2016;0.15161
15/06/2016;0.15199
16/06/2016;0.15179
17/06/2016;0.15189
20/06/2016;0.15198
21/06/2016;0.15168
22/06/2016;0.15216
23/06/2016;0.15197
24/06/2016;0.15101
27/06/2016;0.15027
28/06/2016;0.15033
29/06/2016;0.15071
30/06/2016;0.15057
01/07/2016;0.15023
04/07/2016;0.14994
05/07/2016;0.14973
06/07/2016;0.14942
07/07/2016;0.14967
08/07/2016;0.14952
11/07/2016;0.14934
12/07/2016;0.14966
13/07/2016;0.14955
14/07/2016;0.14966
15/07/2016;0.14942
18/07/2016;0.14923
19/07/2016;0.14931
20/07/2016;0.14974
21/07/2016;0.14983
22/07/2016;0.14966
25/07/2016;0.14981
26/07/2016;0.14988
27/07/2016;0.14971
28/07/2016;0.15026
29/07/2016;0.15064
01/08/2016;0.15056
02/08/2016;0.15096
03/08/2016;0.15078
04/08/2016;0.15057
05/08/2016;0.15029
08/08/2016;0.15021
09/08/2016;0.15026
10/08/2016;0.15068
11/08/2016;0.15082
12/08/2016;0.15058
15/08/2016;0.15063
16/08/2016;0.15097
17/08/2016;0.1504
18/08/2016;0.15081
19/08/2016;0.1504
22/08/2016;0.15035
23/08/2016;0.15052
24/08/2016;0.15015
25/08/2016;0.15028
26/08/2016;0.14996
29/08/2016;0.14972
30/08/2016;0.1496
31/08/2016;0.14975
01/09/2016;0.14994
02/09/2016;0.14965
05/09/2016;0.14977
06/09/2016;0.14977
07/09/2016;0.15009
08/09/2016;0.15004
09/09/2016;0.14952
12/09/2016;0.1497
13/09/2016;0.14975
14/09/2016;0.14988
15/09/2016;0.14984
16/09/2016;0.14992
19/09/2016;0.14995
20/09/2016;0.14993
21/09/2016;0.15002
22/09/2016;0.15006
23/09/2016;0.15003
26/09/2016;0.15012
27/09/2016;0.14998
28/09/2016;0.14991
29/09/2016;0.14994
30/09/2016;0.15006
03/10/2016;0.14995
04/10/2016;0.14959
05/10/2016;0.14943
06/10/2016;0.14921
07/10/2016;0.14934
10/10/2016;0.14908
11/10/2016;0.1486
12/10/2016;0.1487
13/10/2016;0.14863
14/10/2016;0.14854
17/10/2016;0.14844
18/10/2016;0.14855
19/10/2016;0.14867
20/10/2016;0.14838
21/10/2016;0.14792
24/10/2016;0.14767
25/10/2016;0.14783
26/10/2016;0.14771
27/10/2016;0.1474
28/10/2016;0.14763
31/10/2016;0.14779
01/11/2016;0.14794
02/11/2016;0.14815
03/11/2016;0.14807
04/11/2016;0.14793
07/11/2016;0.14735
08/11/2016;0.14741
09/11/2016;0.14691
10/11/2016;0.14695
11/11/2016;0.14687
14/11/2016;0.14606
15/11/2016;0.1458
16/11/2016;0.14552
17/11/2016;0.14511
18/11/2016;0.14518
21/11/2016;0.14512
22/11/2016;0.14517
23/11/2016;0.14462
24/11/2016;0.14448
25/11/2016;0.14471
28/11/2016;0.14491
29/11/2016;0.14525
30/11/2016;0.14498
01/12/2016;0.14544
02/12/2016;0.14556
05/12/2016;0.14578
06/12/2016;0.14542
07/12/2016;0.14534
08/12/2016;0.14484
09/12/2016;0.14474
12/12/2016;0.14495
13/12/2016;0.14505
14/12/2016;0.1447
15/12/2016;0.14422
16/12/2016;0.14347
19/12/2016;0.14441
20/12/2016;0.144
21/12/2016;0.14409
22/12/2016;0.14387
23/12/2016;0.14388
26/12/2016;0.14391
27/12/2016;0.14375
28/12/2016;0.14335
29/12/2016;0.14393
30/12/2016;0.14388
02/01/2017;0.14376
03/01/2017;0.14385
04/01/2017;0.14504
05/01/2017;0.14547
06/01/2017;0.14424
09/01/2017;0.14416
10/01/2017;0.14435
11/01/2017;0.14471
12/01/2017;0.14515
13/01/2017;0.14506
16/01/2017;0.14506
17/01/2017;0.14613
18/01/2017;0.14546
19/01/2017;0.1453
20/01/2017;0.14551
23/01/2017;0.14635
24/01/2017;0.14599
25/01/2017;0.14569
26/01/2017;0.14543
27/01/2017;0.145
30/01/2017;0.14506
31/01/2017;0.14565
01/02/2017;0.14561
02/02/2017;0.1463
03/02/2017;0.14625
06/02/2017;0.14602
07/02/2017;0.14528
08/02/2017;0.1454
09/02/2017;0.14528
10/02/2017;0.14536
13/02/2017;0.14529
14/02/2017;0.14568
15/02/2017;0.14592
16/02/2017;0.14575
17/02/2017;0.14555
20/02/2017;0.14559
21/02/2017;0.14527
22/02/2017;0.14547
23/02/2017;0.1456
24/02/2017;0.14564
27/02/2017;0.14559
28/02/2017;0.14566
01/03/2017;0.14546
02/03/2017;0.14516
03/03/2017;0.14495
06/03/2017;0.14507
07/03/2017;0.14503
08/03/2017;0.14467
09/03/2017;0.14462
10/03/2017;0.145
13/03/2017;0.14473
14/03/2017;0.14473
15/03/2017;0.14575
16/03/2017;0.14526
17/03/2017;0.14493
20/03/2017;0.14497
21/03/2017;0.14518
22/03/2017;0.14542
23/03/2017;0.14519
24/03/2017;0.14523
27/03/2017;0.14564
28/03/2017;0.14514
29/03/2017;0.14516
30/03/2017;0.14505
31/03/2017;0.14539
03/04/2017;0.14534
04/04/2017;0.1451
05/04/2017;0.14516
06/04/2017;0.14501
07/04/2017;0.14482
10/04/2017;0.14481
11/04/2017;0.14499
12/04/2017;0.14537
13/04/2017;0.14529
14/04/2017;0.14536
17/04/2017;0.1454
18/04/2017;0.14547
19/04/2017;0.14537
20/04/2017;0.14541
21/04/2017;0.14512
24/04/2017;0.14533
25/04/2017;0.14522
26/04/2017;0.14524
27/04/2017;0.14509
28/04/2017;0.14519
01/05/2017;0.14498
02/05/2017;0.14518
03/05/2017;0.1451
04/05/2017;0.14509
05/05/2017;0.1451
08/05/2017;0.14492
09/05/2017;0.14481
10/05/2017;0.14487
11/05/2017;0.14501
12/05/2017;0.14514
15/05/2017;0.14532
16/05/2017;0.14554
17/05/2017;0.1456
18/05/2017;0.14555
19/05/2017;0.14567
22/05/2017;0.14566
23/05/2017;0.14557
24/05/2017;0.14558
25/05/2017;0.14579
26/05/2017;0.14584
29/05/2017;0.1459
30/05/2017;0.14602
31/05/2017;0.14663
01/06/2017;0.14695
02/06/2017;0.14708
05/06/2017;0.14704
06/06/2017;0.14746
07/06/2017;0.14741
08/06/2017;0.14718
09/06/2017;0.14723
12/06/2017;0.14713
13/06/2017;0.14724
14/06/2017;0.14736
15/06/2017;0.14702
16/06/2017;0.1471
19/06/2017;0.14693
20/06/2017;0.14684
21/06/2017;0.1467
22/06/2017;0.14655
23/06/2017;0.14666
26/06/2017;0.14653
27/06/2017;0.14682
28/06/2017;0.14702
29/06/2017;0.14744
30/06/2017;0.1475
03/07/2017;0.14736
04/07/2017;0.14706
05/07/2017;0.14729
06/07/2017;0.14729
07/07/2017;0.14706
10/07/2017;0.14716
11/07/2017;0.14727
12/07/2017;0.14744
13/07/2017;0.14746
14/07/2017;0.14794
17/07/2017;0.14804
18/07/2017;0.14826
19/07/2017;0.14814
20/07/2017;0.14822
21/07/2017;0.14824
24/07/2017;0.14841
25/07/2017;0.14812
26/07/2017;0.14836
27/07/2017;0.14842
28/07/2017;0.14852
31/07/2017;0.14877
01/08/2017;0.14878
02/08/2017;0.14885
03/08/2017;0.14879
04/08/2017;0.14886
07/08/2017;0.14887
08/08/2017;0.14919
09/08/2017;0.14969
10/08/2017;0.15032
11/08/2017;0.15014
14/08/2017;0.14991
15/08/2017;0.14975
16/08/2017;0.14978
17/08/2017;0.14986
18/08/2017;0.15001
21/08/2017;0.15018
22/08/2017;0.15006
23/08/2017;0.15007
24/08/2017;0.15024
25/08/2017;0.15045
28/08/2017;0.1511
29/08/2017;0.15127
30/08/2017;0.1515
31/08/2017;0.1516
01/09/2017;0.15245
04/09/2017;0.15315
05/09/2017;0.15298
06/09/2017;0.15311
07/09/2017;0.15415
08/09/2017;0.15394
11/09/2017;0.15312
12/09/2017;0.15316
13/09/2017;0.15277
14/09/2017;0.15284
15/09/2017;0.15285
18/09/2017;0.15232
19/09/2017;0.15227
20/09/2017;0.15202
21/09/2017;0.15237
22/09/2017;0.15186
25/09/2017;0.15123
26/09/2017;0.15087
27/09/2017;0.15073
28/09/2017;0.1504
29/09/2017;0.15075
02/10/2017;0.15008
03/10/2017;0.15036
04/10/2017;0.15073
05/10/2017;0.15057
06/10/2017;0.15064
09/10/2017;0.15104
10/10/2017;0.15197
11/10/2017;0.15214
12/10/2017;0.152
13/10/2017;0.15215
16/10/2017;0.15178
17/10/2017;0.15155
18/10/2017;0.15136
19/10/2017;0.15154
20/10/2017;0.1511
23/10/2017;0.15098
24/10/2017;0.15076
25/10/2017;0.1506
26/10/2017;0.1505
27/10/2017;0.15056
30/10/2017;0.15075
31/10/2017;0.15082
01/11/2017;0.15131
02/11/2017;0.15141
03/11/2017;0.15089
06/11/2017;0.1512
07/11/2017;0.15075
08/11/2017;0.15102
09/11/2017;0.15058
10/11/2017;0.15061
13/11/2017;0.15057
14/11/2017;0.15085
15/11/2017;0.15095
16/11/2017;0.15106
17/11/2017;0.15099
20/11/2017;0.15068
21/11/2017;0.15089
22/11/2017;0.15144
23/11/2017;0.15196
24/11/2017;0.1519
27/11/2017;0.15166
28/11/2017;0.15145
29/11/2017;0.15137
30/11/2017;0.15143
01/12/2017;0.15168
04/12/2017;0.15135
05/12/2017;0.15125
06/12/2017;0.15124
07/12/2017;0.15117
08/12/2017;0.15111
11/12/2017;0.15124
12/12/2017;0.15105
13/12/2017;0.15134
14/12/2017;0.15144
15/12/2017;0.15141
18/12/2017;0.15126
19/12/2017;0.15148
20/12/2017;0.15231
21/12/2017;0.15221
22/12/2017;0.15207
