23/11/2000;0.59935
24/11/2000;0.5995
27/11/2000;0.60165
28/11/2000;0.6039
29/11/2000;0.6031
30/11/2000;0.61255
01/12/2000;0.61005
04/12/2000;0.6112
05/12/2000;0.61435
06/12/2000;0.618
07/12/2000;0.6158
08/12/2000;0.61215
11/12/2000;0.60275
12/12/2000;0.6071
13/12/2000;0.6022
14/12/2000;0.60565
15/12/2000;0.60625
18/12/2000;0.6071
19/12/2000;0.6096
20/12/2000;0.61635
21/12/2000;0.6222
22/12/2000;0.625
25/12/2000;0.6254
26/12/2000;0.6274
27/12/2000;0.6222
28/12/2000;0.62275
29/12/2000;0.6299
01/01/2001;0.63
02/01/2001;0.6337
03/01/2001;0.6223
04/01/2001;0.6332
05/01/2001;0.6371
08/01/2001;0.6328
09/01/2001;0.6342
10/01/2001;0.6302
11/01/2001;0.6355
12/01/2001;0.6434
15/01/2001;0.6382
16/01/2001;0.6402
17/01/2001;0.6348
18/01/2001;0.6399
19/01/2001;0.6387
22/01/2001;0.6403
23/01/2001;0.6373
24/01/2001;0.63465
25/01/2001;0.6331
26/01/2001;0.6325
29/01/2001;0.6287
30/01/2001;0.6334
31/01/2001;0.6396
01/02/2001;0.6353
02/02/2001;0.6369
05/02/2001;0.6362
06/02/2001;0.638
07/02/2001;0.6396
08/02/2001;0.6351
09/02/2001;0.6399
12/02/2001;0.6411
13/02/2001;0.6337
14/02/2001;0.6317
15/02/2001;0.6243
16/02/2001;0.6327
19/02/2001;0.6366
20/02/2001;0.62995
21/02/2001;0.6303
22/02/2001;0.6247
23/02/2001;0.6307
26/02/2001;0.6307
27/02/2001;0.6357
28/02/2001;0.6391
01/03/2001;0.6393
02/03/2001;0.6374
05/03/2001;0.63325
06/03/2001;0.63675
07/03/2001;0.6361
08/03/2001;0.6349
09/03/2001;0.6346
12/03/2001;0.6342
13/03/2001;0.6313
14/03/2001;0.6301
15/03/2001;0.6252
16/03/2001;0.6269
19/03/2001;0.6315
20/03/2001;0.6335
21/03/2001;0.6263
22/03/2001;0.625
23/03/2001;0.6245
26/03/2001;0.6249
27/03/2001;0.6229
28/03/2001;0.6163
29/03/2001;0.61925
30/03/2001;0.61925
02/04/2001;0.6199
03/04/2001;0.6267
04/04/2001;0.62885
05/04/2001;0.6278
06/04/2001;0.628
09/04/2001;0.621
10/04/2001;0.6206
11/04/2001;0.61835
12/04/2001;0.6195
13/04/2001;0.6178
16/04/2001;0.6184
17/04/2001;0.617
18/04/2001;0.6183
19/04/2001;0.6208
20/04/2001;0.6257
23/04/2001;0.6238
24/04/2001;0.6235
25/04/2001;0.623
26/04/2001;0.62725
27/04/2001;0.6204
30/04/2001;0.6199
01/05/2001;0.6224
02/05/2001;0.6233
03/05/2001;0.6195
04/05/2001;0.6202
07/05/2001;0.6183
08/05/2001;0.6208
09/05/2001;0.623
10/05/2001;0.6197
11/05/2001;0.6169
14/05/2001;0.6155
15/05/2001;0.6168
16/05/2001;0.6174
17/05/2001;0.6162
18/05/2001;0.6123
21/05/2001;0.6089
22/05/2001;0.6059
23/05/2001;0.60355
24/05/2001;0.6086
25/05/2001;0.6053
28/05/2001;0.6059
29/05/2001;0.6011
30/05/2001;0.6007
31/05/2001;0.5961
01/06/2001;0.5976
04/06/2001;0.5979
05/06/2001;0.6041
06/06/2001;0.6086
07/06/2001;0.61075
08/06/2001;0.617
11/06/2001;0.614
12/06/2001;0.62105
13/06/2001;0.61455
14/06/2001;0.6143
15/06/2001;0.6131
18/06/2001;0.61285
19/06/2001;0.6093
20/06/2001;0.6123
21/06/2001;0.60375
22/06/2001;0.6065
25/06/2001;0.608
26/06/2001;0.60935
27/06/2001;0.60625
28/06/2001;0.59945
29/06/2001;0.6004
02/07/2001;0.5981
03/07/2001;0.6019
04/07/2001;0.6015
05/07/2001;0.5962
06/07/2001;0.6003
09/07/2001;0.6033
10/07/2001;0.60585
11/07/2001;0.61015
12/07/2001;0.6065
13/07/2001;0.6089
16/07/2001;0.6092
17/07/2001;0.6135
18/07/2001;0.61425
19/07/2001;0.6099
20/07/2001;0.60985
23/07/2001;0.61225
24/07/2001;0.6148
25/07/2001;0.6166
26/07/2001;0.61445
27/07/2001;0.6165
30/07/2001;0.6129
31/07/2001;0.6147
01/08/2001;0.6144
02/08/2001;0.6172
03/08/2001;0.6184
06/08/2001;0.6213
07/08/2001;0.6196
08/08/2001;0.62145
09/08/2001;0.6256
10/08/2001;0.6277
13/08/2001;0.63165
14/08/2001;0.63235
15/08/2001;0.63455
16/08/2001;0.631
17/08/2001;0.6353
20/08/2001;0.6324
21/08/2001;0.63105
22/08/2001;0.63105
23/08/2001;0.63215
24/08/2001;0.6335
27/08/2001;0.63125
28/08/2001;0.62805
29/08/2001;0.6265
30/08/2001;0.62855
31/08/2001;0.6275
03/09/2001;0.62395
04/09/2001;0.6152
05/09/2001;0.60825
06/09/2001;0.6146
07/09/2001;0.6212
10/09/2001;0.6164
11/09/2001;0.61875
12/09/2001;0.6176
13/09/2001;0.6193
14/09/2001;0.6252
17/09/2001;0.63075
18/09/2001;0.63165
19/09/2001;0.6312
20/09/2001;0.6326
21/09/2001;0.6281
24/09/2001;0.6266
25/09/2001;0.6275
26/09/2001;0.62545
27/09/2001;0.62215
28/09/2001;0.6181
01/10/2001;0.6201
02/10/2001;0.62525
03/10/2001;0.61875
04/10/2001;0.62195
05/10/2001;0.6188
08/10/2001;0.6243
09/10/2001;0.62585
10/10/2001;0.62765
11/10/2001;0.62435
12/10/2001;0.6272
15/10/2001;0.6272
16/10/2001;0.6266
17/10/2001;0.6245
18/10/2001;0.6254
19/10/2001;0.6271
22/10/2001;0.6256
23/10/2001;0.6245
24/10/2001;0.62525
25/10/2001;0.62535
26/10/2001;0.6218
29/10/2001;0.6219
30/10/2001;0.6231
31/10/2001;0.6191
01/11/2001;0.6166
02/11/2001;0.61735
05/11/2001;0.6155
06/11/2001;0.6139
07/11/2001;0.6133
08/11/2001;0.61405
09/11/2001;0.61355
12/11/2001;0.6145
13/11/2001;0.611
14/11/2001;0.6121
15/11/2001;0.6154
16/11/2001;0.6192
19/11/2001;0.62185
20/11/2001;0.6223
21/11/2001;0.62005
22/11/2001;0.62215
23/11/2001;0.6236
26/11/2001;0.6238
27/11/2001;0.6244
28/11/2001;0.6226
29/11/2001;0.623
30/11/2001;0.62905
03/12/2001;0.6253
04/12/2001;0.6258
05/12/2001;0.62715
06/12/2001;0.6265
07/12/2001;0.62095
10/12/2001;0.62055
11/12/2001;0.61995
12/12/2001;0.62065
13/12/2001;0.62015
14/12/2001;0.62165
17/12/2001;0.61855
18/12/2001;0.62015
19/12/2001;0.6209
20/12/2001;0.6211
21/12/2001;0.6169
24/12/2001;0.6083
25/12/2001;0.60735
26/12/2001;0.6061
27/12/2001;0.6084
28/12/2001;0.61015
31/12/2001;0.61095
01/01/2002;0.6121
02/01/2002;0.6239
03/01/2002;0.62485
04/01/2002;0.61835
07/01/2002;0.6203
08/01/2002;0.62055
09/01/2002;0.6205
10/01/2002;0.61945
11/01/2002;0.61545
14/01/2002;0.61665
15/01/2002;0.6136
16/01/2002;0.6141
17/01/2002;0.6139
18/01/2002;0.61495
21/01/2002;0.6154
22/01/2002;0.62
23/01/2002;0.61675
24/01/2002;0.6159
25/01/2002;0.6137
28/01/2002;0.61155
29/01/2002;0.6122
30/01/2002;0.6092
31/01/2002;0.6092
01/02/2002;0.60885
04/02/2002;0.61085
05/02/2002;0.6129
06/02/2002;0.6139
07/02/2002;0.61535
08/02/2002;0.61655
11/02/2002;0.61615
12/02/2002;0.6118
13/02/2002;0.6101
14/02/2002;0.6107
15/02/2002;0.6098
18/02/2002;0.60945
19/02/2002;0.61185
20/02/2002;0.6093
21/02/2002;0.6102
22/02/2002;0.6111
25/02/2002;0.60985
26/02/2002;0.6098
27/02/2002;0.6102
28/02/2002;0.61315
01/03/2002;0.61045
04/03/2002;0.6108
05/03/2002;0.612
06/03/2002;0.616
07/03/2002;0.6174
08/03/2002;0.61475
11/03/2002;0.6163
12/03/2002;0.6187
13/03/2002;0.6192
14/03/2002;0.6215
15/03/2002;0.62015
18/03/2002;0.61875
19/03/2002;0.61895
20/03/2002;0.61975
21/03/2002;0.61825
22/03/2002;0.61535
25/03/2002;0.6151
26/03/2002;0.61505
27/03/2002;0.6129
28/03/2002;0.6116
29/03/2002;0.6114
01/04/2002;0.6113
02/04/2002;0.61245
03/04/2002;0.61325
04/04/2002;0.6127
05/04/2002;0.61305
08/04/2002;0.6113
09/04/2002;0.61305
10/04/2002;0.613
11/04/2002;0.61365
12/04/2002;0.61185
15/04/2002;0.61195
16/04/2002;0.6126
17/04/2002;0.61555
18/04/2002;0.6155
19/04/2002;0.6164
22/04/2002;0.6131
23/04/2002;0.61405
24/04/2002;0.616
25/04/2002;0.6169
26/04/2002;0.6185
29/04/2002;0.6189
30/04/2002;0.6175
01/05/2002;0.61845
02/05/2002;0.61725
03/05/2002;0.6243
06/05/2002;0.6252
07/05/2002;0.62335
08/05/2002;0.6213
09/05/2002;0.6225
10/05/2002;0.6243
13/05/2002;0.62575
14/05/2002;0.62245
15/05/2002;0.6246
16/05/2002;0.62575
17/05/2002;0.6311
20/05/2002;0.6318
21/05/2002;0.6299
22/05/2002;0.63455
23/05/2002;0.63315
24/05/2002;0.6312
27/05/2002;0.63185
28/05/2002;0.6362
29/05/2002;0.6389
30/05/2002;0.63935
31/05/2002;0.6415
03/06/2002;0.6432
04/06/2002;0.6441
05/06/2002;0.6436
06/06/2002;0.64885
07/06/2002;0.64625
10/06/2002;0.6464
11/06/2002;0.64425
12/06/2002;0.6414
13/06/2002;0.64085
14/06/2002;0.6405
17/06/2002;0.63845
18/06/2002;0.6383
19/06/2002;0.64185
20/06/2002;0.64385
21/06/2002;0.6487
24/06/2002;0.6465
25/06/2002;0.64935
26/06/2002;0.64395
27/06/2002;0.6465
28/06/2002;0.6467
01/07/2002;0.64695
02/07/2002;0.64235
03/07/2002;0.642
04/07/2002;0.6413
05/07/2002;0.6389
08/07/2002;0.64165
09/07/2002;0.6412
10/07/2002;0.6389
11/07/2002;0.6362
12/07/2002;0.63765
15/07/2002;0.639
16/07/2002;0.64225
17/07/2002;0.64115
18/07/2002;0.64275
19/07/2002;0.6415
22/07/2002;0.63845
23/07/2002;0.6329
24/07/2002;0.6331
25/07/2002;0.6341
26/07/2002;0.63055
29/07/2002;0.6272
30/07/2002;0.62505
31/07/2002;0.6252
01/08/2002;0.6306
02/08/2002;0.62875
05/08/2002;0.62835
06/08/2002;0.6284
07/08/2002;0.6331
08/08/2002;0.6314
09/08/2002;0.6364
12/08/2002;0.6391
13/08/2002;0.63995
14/08/2002;0.637
15/08/2002;0.6392
16/08/2002;0.6399
19/08/2002;0.6393
20/08/2002;0.6401
21/08/2002;0.6403
22/08/2002;0.63705
23/08/2002;0.6402
26/08/2002;0.6388
27/08/2002;0.64065
28/08/2002;0.6383
29/08/2002;0.63585
30/08/2002;0.63335
02/09/2002;0.63585
03/09/2002;0.63705
04/09/2002;0.6341
05/09/2002;0.63365
06/09/2002;0.6292
09/09/2002;0.62925
10/09/2002;0.62685
11/09/2002;0.6281
12/09/2002;0.6289
13/09/2002;0.62585
16/09/2002;0.6286
17/09/2002;0.6318
18/09/2002;0.6309
19/09/2002;0.63405
20/09/2002;0.632
23/09/2002;0.6311
24/09/2002;0.62945
25/09/2002;0.627
26/09/2002;0.627
27/09/2002;0.6282
30/09/2002;0.6291
01/10/2002;0.62765
02/10/2002;0.62845
03/10/2002;0.629
04/10/2002;0.6252
07/10/2002;0.62765
08/10/2002;0.63035
09/10/2002;0.6327
10/10/2002;0.6304
11/10/2002;0.6324
14/10/2002;0.63375
15/10/2002;0.63215
16/10/2002;0.63145
17/10/2002;0.62625
18/10/2002;0.6285
21/10/2002;0.6309
22/10/2002;0.63225
23/10/2002;0.63005
24/10/2002;0.62905
25/10/2002;0.62925
28/10/2002;0.6311
29/10/2002;0.6316
30/10/2002;0.6316
31/10/2002;0.63275
01/11/2002;0.63665
04/11/2002;0.6409
05/11/2002;0.6397
06/11/2002;0.6418
07/11/2002;0.639
08/11/2002;0.63655
11/11/2002;0.63655
12/11/2002;0.637
13/11/2002;0.6357
14/11/2002;0.6361
15/11/2002;0.63895
18/11/2002;0.63805
19/11/2002;0.6347
20/11/2002;0.637
21/11/2002;0.63365
22/11/2002;0.63075
25/11/2002;0.634
26/11/2002;0.6402
27/11/2002;0.64025
28/11/2002;0.6413
29/11/2002;0.63865
02/12/2002;0.63975
03/12/2002;0.63465
04/12/2002;0.63745
05/12/2002;0.63735
06/12/2002;0.64025
09/12/2002;0.63925
10/12/2002;0.64165
11/12/2002;0.63945
12/12/2002;0.6439
13/12/2002;0.64385
16/12/2002;0.6426
17/12/2002;0.6427
18/12/2002;0.64095
19/12/2002;0.6407
20/12/2002;0.64085
23/12/2002;0.64405
24/12/2002;0.6455
25/12/2002;0.64655
26/12/2002;0.64815
27/12/2002;0.65055
30/12/2002;0.6538
31/12/2002;0.6517
01/01/2003;0.6512
02/01/2003;0.65005
03/01/2003;0.64705
06/01/2003;0.64995
07/01/2003;0.64875
08/01/2003;0.6507
09/01/2003;0.65205
10/01/2003;0.65765
13/01/2003;0.65845
14/01/2003;0.6575
15/01/2003;0.6576
16/01/2003;0.65905
17/01/2003;0.66165
20/01/2003;0.66435
21/01/2003;0.6627
22/01/2003;0.66175
23/01/2003;0.66235
24/01/2003;0.6629
27/01/2003;0.66285
28/01/2003;0.65995
29/01/2003;0.65755
30/01/2003;0.65375
31/01/2003;0.65445
03/02/2003;0.65625
04/02/2003;0.6596
05/02/2003;0.65725
06/02/2003;0.66115
07/02/2003;0.66335
10/02/2003;0.65915
11/02/2003;0.6629
12/02/2003;0.66285
13/02/2003;0.6683
14/02/2003;0.6681
17/02/2003;0.67105
18/02/2003;0.67145
19/02/2003;0.67335
20/02/2003;0.679
21/02/2003;0.68195
24/02/2003;0.67995
25/02/2003;0.68345
26/02/2003;0.68135
27/02/2003;0.6805
28/02/2003;0.68625
03/03/2003;0.68995
04/03/2003;0.68985
05/03/2003;0.68445
06/03/2003;0.68445
07/03/2003;0.68625
10/03/2003;0.68985
11/03/2003;0.6871
12/03/2003;0.6815
13/03/2003;0.6739
14/03/2003;0.6785
17/03/2003;0.6771
18/03/2003;0.6788
19/03/2003;0.67525
20/03/2003;0.67755
21/03/2003;0.6734
24/03/2003;0.67595
25/03/2003;0.67645
26/03/2003;0.6792
27/03/2003;0.6831
28/03/2003;0.68485
31/03/2003;0.6895
01/04/2003;0.692
02/04/2003;0.6869
03/04/2003;0.6844
04/04/2003;0.6874
07/04/2003;0.6878
08/04/2003;0.6893
09/04/2003;0.68925
10/04/2003;0.68585
11/04/2003;0.6845
14/04/2003;0.6847
15/04/2003;0.6873
16/04/2003;0.6901
17/04/2003;0.69235
18/04/2003;0.6924
21/04/2003;0.6957
22/04/2003;0.6952
23/04/2003;0.69125
24/04/2003;0.69235
25/04/2003;0.69355
28/04/2003;0.69165
29/04/2003;0.6949
30/04/2003;0.6996
01/05/2003;0.69715
02/05/2003;0.70035
05/05/2003;0.70305
06/05/2003;0.70775
07/05/2003;0.7111
08/05/2003;0.7171
09/05/2003;0.71595
12/05/2003;0.71775
13/05/2003;0.71615
14/05/2003;0.7099
15/05/2003;0.70195
16/05/2003;0.71435
19/05/2003;0.71345
20/05/2003;0.71365
21/05/2003;0.71205
22/05/2003;0.7157
23/05/2003;0.7236
26/05/2003;0.72465
27/05/2003;0.72085
28/05/2003;0.71715
29/05/2003;0.71985
30/05/2003;0.7204
02/06/2003;0.7185
03/06/2003;0.71995
04/06/2003;0.71395
05/06/2003;0.71305
06/06/2003;0.7041
09/06/2003;0.71195
10/06/2003;0.70655
11/06/2003;0.70535
12/06/2003;0.7052
13/06/2003;0.7098
16/06/2003;0.70495
17/06/2003;0.6992
18/06/2003;0.6963
19/06/2003;0.69815
20/06/2003;0.6975
23/06/2003;0.69315
24/06/2003;0.69215
25/06/2003;0.68935
26/06/2003;0.68775
27/06/2003;0.6928
30/06/2003;0.6957
01/07/2003;0.69545
02/07/2003;0.69255
03/07/2003;0.6892
04/07/2003;0.6891
07/07/2003;0.68645
08/07/2003;0.69215
09/07/2003;0.6933
10/07/2003;0.6962
11/07/2003;0.6923
14/07/2003;0.6997
15/07/2003;0.70255
16/07/2003;0.70265
17/07/2003;0.702
18/07/2003;0.7082
21/07/2003;0.70945
22/07/2003;0.70945
23/07/2003;0.7146
24/07/2003;0.7099
25/07/2003;0.7102
28/07/2003;0.7072
29/07/2003;0.7048
30/07/2003;0.702
31/07/2003;0.69735
01/08/2003;0.6999
04/08/2003;0.7049
05/08/2003;0.70475
06/08/2003;0.70405
07/08/2003;0.70285
08/08/2003;0.70545
11/08/2003;0.7062
12/08/2003;0.7042
13/08/2003;0.70415
14/08/2003;0.703
15/08/2003;0.70565
18/08/2003;0.70065
19/08/2003;0.70165
20/08/2003;0.6975
21/08/2003;0.6919
22/08/2003;0.6906
25/08/2003;0.6921
26/08/2003;0.6921
27/08/2003;0.6926
28/08/2003;0.6898
29/08/2003;0.69625
01/09/2003;0.69825
02/09/2003;0.6897
03/09/2003;0.6905
04/09/2003;0.6917
05/09/2003;0.69915
08/09/2003;0.69915
09/09/2003;0.70585
10/09/2003;0.70415
11/09/2003;0.7027
12/09/2003;0.7044
15/09/2003;0.7048
16/09/2003;0.7042
17/09/2003;0.70115
18/09/2003;0.69595
19/09/2003;0.69455
22/09/2003;0.69475
23/09/2003;0.69305
24/09/2003;0.69285
25/09/2003;0.69265
26/09/2003;0.691
29/09/2003;0.6958
30/09/2003;0.7015
01/10/2003;0.7022
02/10/2003;0.70015
03/10/2003;0.69595
06/10/2003;0.70145
07/10/2003;0.7075
08/10/2003;0.71035
09/10/2003;0.70515
10/10/2003;0.7092
13/10/2003;0.70235
14/10/2003;0.70125
15/10/2003;0.6978
16/10/2003;0.69265
17/10/2003;0.6958
20/10/2003;0.6964
21/10/2003;0.69655
22/10/2003;0.6979
23/10/2003;0.6957
24/10/2003;0.695
27/10/2003;0.6931
28/10/2003;0.68775
29/10/2003;0.6869
30/10/2003;0.6857
31/10/2003;0.6839
03/11/2003;0.6837
04/11/2003;0.68405
05/11/2003;0.68325
06/11/2003;0.6844
07/11/2003;0.68775
10/11/2003;0.68725
11/11/2003;0.6916
12/11/2003;0.69495
13/11/2003;0.69555
14/11/2003;0.6978
17/11/2003;0.69435
18/11/2003;0.70235
19/11/2003;0.69975
20/11/2003;0.69885
21/11/2003;0.69895
24/11/2003;0.69375
25/11/2003;0.6941
26/11/2003;0.69735
27/11/2003;0.6948
28/11/2003;0.69655
01/12/2003;0.6964
02/12/2003;0.6984
03/12/2003;0.70085
04/12/2003;0.7018
05/12/2003;0.70375
08/12/2003;0.7052
09/12/2003;0.7018
10/12/2003;0.7012
11/12/2003;0.7003
12/12/2003;0.70285
15/12/2003;0.70515
16/12/2003;0.70245
17/12/2003;0.70275
18/12/2003;0.70055
19/12/2003;0.70105
22/12/2003;0.7032
23/12/2003;0.70285
24/12/2003;0.7012
25/12/2003;0.7028
26/12/2003;0.70175
29/12/2003;0.7044
30/12/2003;0.7062
31/12/2003;0.7058
01/01/2004;0.70365
02/01/2004;0.7017
05/01/2004;0.70155
06/01/2004;0.6987
07/01/2004;0.69465
08/01/2004;0.69635
09/01/2004;0.6938
12/01/2004;0.69075
13/01/2004;0.69144
14/01/2004;0.69015
15/01/2004;0.6902
16/01/2004;0.6889
19/01/2004;0.6926
20/01/2004;0.69105
21/01/2004;0.6901
22/01/2004;0.68945
23/01/2004;0.689
26/01/2004;0.6865
27/01/2004;0.69185
28/01/2004;0.68575
29/01/2004;0.6833
30/01/2004;0.6842
02/02/2004;0.68275
03/02/2004;0.68205
04/02/2004;0.68445
05/02/2004;0.68425
06/02/2004;0.6877
09/02/2004;0.6824
10/02/2004;0.67845
11/02/2004;0.6786
12/02/2004;0.6769
13/02/2004;0.67555
16/02/2004;0.67555
17/02/2004;0.67415
18/02/2004;0.67175
19/02/2004;0.6712
20/02/2004;0.67345
23/02/2004;0.67225
24/02/2004;0.67075
25/02/2004;0.6684
26/02/2004;0.66805
27/02/2004;0.66845
01/03/2004;0.6664
02/03/2004;0.664
03/03/2004;0.6669
04/03/2004;0.6692
05/03/2004;0.66995
08/03/2004;0.67035
09/03/2004;0.6749
10/03/2004;0.67815
11/03/2004;0.68195
12/03/2004;0.67775
15/03/2004;0.67935
16/03/2004;0.6773
17/03/2004;0.67355
18/03/2004;0.6751
19/03/2004;0.67025
22/03/2004;0.66765
23/03/2004;0.6669
24/03/2004;0.66455
25/03/2004;0.67125
26/03/2004;0.66795
29/03/2004;0.66825
30/03/2004;0.66625
31/03/2004;0.6671
01/04/2004;0.66575
02/04/2004;0.6633
05/04/2004;0.66
06/04/2004;0.6572
07/04/2004;0.66165
08/04/2004;0.659
09/04/2004;0.6592
12/04/2004;0.6567
13/04/2004;0.6567
14/04/2004;0.66785
15/04/2004;0.6685
16/04/2004;0.667
19/04/2004;0.66475
20/04/2004;0.66435
21/04/2004;0.66715
22/04/2004;0.6703
23/04/2004;0.6686
26/04/2004;0.664
27/04/2004;0.66535
28/04/2004;0.6685
29/04/2004;0.67445
30/04/2004;0.6738
03/05/2004;0.67385
04/05/2004;0.67345
05/05/2004;0.6791
06/05/2004;0.67265
07/05/2004;0.66505
10/05/2004;0.66675
11/05/2004;0.67605
12/05/2004;0.67135
13/05/2004;0.6708
14/05/2004;0.6749
17/05/2004;0.6796
18/05/2004;0.6761
19/05/2004;0.67345
20/05/2004;0.6732
21/05/2004;0.67035
24/05/2004;0.67085
25/05/2004;0.66775
26/05/2004;0.66735
27/05/2004;0.66715
28/05/2004;0.66705
31/05/2004;0.66525
01/06/2004;0.6658
02/06/2004;0.6659
03/06/2004;0.6644
04/06/2004;0.6674
07/06/2004;0.66915
08/06/2004;0.6683
09/06/2004;0.6584
10/06/2004;0.65685
11/06/2004;0.66005
14/06/2004;0.66555
15/06/2004;0.66365
16/06/2004;0.6572
17/06/2004;0.6567
18/06/2004;0.6603
21/06/2004;0.6615
22/06/2004;0.66495
23/06/2004;0.6658
24/06/2004;0.66685
25/06/2004;0.66665
28/06/2004;0.66575
29/06/2004;0.6686
30/06/2004;0.67015
01/07/2004;0.66835
02/07/2004;0.67255
05/07/2004;0.67165
06/07/2004;0.6669
07/07/2004;0.6665
08/07/2004;0.66965
09/07/2004;0.6677
12/07/2004;0.66645
13/07/2004;0.66385
14/07/2004;0.6671
15/07/2004;0.6667
16/07/2004;0.66485
19/07/2004;0.6662
20/07/2004;0.6654
21/07/2004;0.6658
22/07/2004;0.6648
23/07/2004;0.6602
26/07/2004;0.6597
27/07/2004;0.66195
28/07/2004;0.6606
29/07/2004;0.6629
30/07/2004;0.6605
02/08/2004;0.65815
03/08/2004;0.66025
04/08/2004;0.66015
05/08/2004;0.66095
06/08/2004;0.66685
09/08/2004;0.6666
10/08/2004;0.66975
11/08/2004;0.66775
12/08/2004;0.6723
13/08/2004;0.67135
16/08/2004;0.6718
17/08/2004;0.67585
18/08/2004;0.67645
19/08/2004;0.6747
20/08/2004;0.677
23/08/2004;0.6716
24/08/2004;0.6741
25/08/2004;0.6727
26/08/2004;0.67367
27/08/2004;0.67085
30/08/2004;0.67125
31/08/2004;0.6759
01/09/2004;0.67985
02/09/2004;0.68005
03/09/2004;0.67865
06/09/2004;0.67766
07/09/2004;0.68295
08/09/2004;0.68212
09/09/2004;0.6838
10/09/2004;0.68247
13/09/2004;0.6824
14/09/2004;0.68166
15/09/2004;0.68379
16/09/2004;0.67945
17/09/2004;0.67955
20/09/2004;0.6815
21/09/2004;0.68667
22/09/2004;0.68389
23/09/2004;0.68323
24/09/2004;0.67955
27/09/2004;0.67955
28/09/2004;0.6799
29/09/2004;0.6854
30/09/2004;0.68631
01/10/2004;0.6904
04/10/2004;0.68865
05/10/2004;0.69075
06/10/2004;0.69051
07/10/2004;0.68925
08/10/2004;0.69135
11/10/2004;0.68872
12/10/2004;0.68794
13/10/2004;0.6882
14/10/2004;0.6893
15/10/2004;0.6913
18/10/2004;0.69475
19/10/2004;0.69379
20/10/2004;0.6925
21/10/2004;0.69034
22/10/2004;0.6939
25/10/2004;0.69559
26/10/2004;0.6959
27/10/2004;0.69551
28/10/2004;0.69649
29/10/2004;0.6967
01/11/2004;0.69525
02/11/2004;0.69215
03/11/2004;0.69334
04/11/2004;0.69795
05/11/2004;0.69877
08/11/2004;0.69587
09/11/2004;0.69445
10/11/2004;0.6981
11/11/2004;0.70065
12/11/2004;0.69884
15/11/2004;0.70105
16/11/2004;0.69926
17/11/2004;0.70086
18/11/2004;0.70052
19/11/2004;0.70131
22/11/2004;0.7014
23/11/2004;0.70033
24/11/2004;0.70084
25/11/2004;0.70085
26/11/2004;0.70198
29/11/2004;0.70133
30/11/2004;0.69539
01/12/2004;0.68987
02/12/2004;0.6895
03/12/2004;0.6922
06/12/2004;0.69149
07/12/2004;0.68985
08/12/2004;0.68938
09/12/2004;0.69131
10/12/2004;0.69073
13/12/2004;0.69145
14/12/2004;0.68985
15/12/2004;0.68968
16/12/2004;0.68535
17/12/2004;0.68532
20/12/2004;0.68814
21/12/2004;0.69356
22/12/2004;0.69845
23/12/2004;0.7025
24/12/2004;0.70343
27/12/2004;0.7042
28/12/2004;0.70607
29/12/2004;0.70924
30/12/2004;0.70823
31/12/2004;0.70657
03/01/2005;0.70705
04/01/2005;0.7054
05/01/2005;0.70445
06/01/2005;0.7025
07/01/2005;0.69765
10/01/2005;0.69715
11/01/2005;0.69786
12/01/2005;0.7011
13/01/2005;0.70245
14/01/2005;0.70095
17/01/2005;0.70272
18/01/2005;0.69758
19/01/2005;0.69525
20/01/2005;0.6926
21/01/2005;0.69497
24/01/2005;0.69435
25/01/2005;0.696
26/01/2005;0.6946
27/01/2005;0.69035
28/01/2005;0.69065
31/01/2005;0.69245
01/02/2005;0.69245
02/02/2005;0.6908
03/02/2005;0.6894
04/02/2005;0.6861
07/02/2005;0.68685
08/02/2005;0.6881
09/02/2005;0.68909
10/02/2005;0.68895
11/02/2005;0.6886
14/02/2005;0.6873
15/02/2005;0.68661
16/02/2005;0.6911
17/02/2005;0.6896
18/02/2005;0.6901
21/02/2005;0.68885
22/02/2005;0.6936
23/02/2005;0.69245
24/02/2005;0.69105
25/02/2005;0.69005
28/02/2005;0.68855
01/03/2005;0.68645
02/03/2005;0.68649
03/03/2005;0.6875
04/03/2005;0.68857
07/03/2005;0.69015
08/03/2005;0.69177
09/03/2005;0.69543
10/03/2005;0.6979
11/03/2005;0.6986
14/03/2005;0.69855
15/03/2005;0.69555
16/03/2005;0.69657
17/03/2005;0.69484
18/03/2005;0.69335
21/03/2005;0.69379
22/03/2005;0.6937
23/03/2005;0.69474
24/03/2005;0.69227
25/03/2005;0.69265
28/03/2005;0.69097
29/03/2005;0.68946
30/03/2005;0.68756
31/03/2005;0.6858
01/04/2005;0.68598
04/04/2005;0.68505
05/04/2005;0.68413
06/04/2005;0.6845
07/04/2005;0.6876
08/04/2005;0.6859
11/04/2005;0.68603
12/04/2005;0.68291
13/04/2005;0.68172
14/04/2005;0.68094
15/04/2005;0.68275
18/04/2005;0.68415
19/04/2005;0.681
20/04/2005;0.6818
21/04/2005;0.6836
22/04/2005;0.68246
25/04/2005;0.6805
26/04/2005;0.6813
27/04/2005;0.67851
28/04/2005;0.6764
29/04/2005;0.67431
02/05/2005;0.6789
03/05/2005;0.68017
04/05/2005;0.6804
05/05/2005;0.67959
06/05/2005;0.67805
09/05/2005;0.68175
10/05/2005;0.68405
11/05/2005;0.68423
12/05/2005;0.6807
13/05/2005;0.6825
16/05/2005;0.6878
17/05/2005;0.68755
18/05/2005;0.68905
19/05/2005;0.6884
20/05/2005;0.68744
23/05/2005;0.68723
24/05/2005;0.68865
25/05/2005;0.68803
26/05/2005;0.68745
27/05/2005;0.6899
30/05/2005;0.68413
31/05/2005;0.67705
01/06/2005;0.67312
02/06/2005;0.67575
03/06/2005;0.67396
06/06/2005;0.6719
07/06/2005;0.66945
08/06/2005;0.67097
09/06/2005;0.67168
10/06/2005;0.66865
13/06/2005;0.67025
14/06/2005;0.66615
15/06/2005;0.66474
16/06/2005;0.66435
17/06/2005;0.67101
20/06/2005;0.6662
21/06/2005;0.66591
22/06/2005;0.66577
23/06/2005;0.66328
24/06/2005;0.66275
27/06/2005;0.6651
28/06/2005;0.66425
29/06/2005;0.66815
30/06/2005;0.6757
01/07/2005;0.6765
04/07/2005;0.67639
05/07/2005;0.67816
06/07/2005;0.68033
07/07/2005;0.6849
08/07/2005;0.68849
11/07/2005;0.68675
12/07/2005;0.68842
13/07/2005;0.68523
14/07/2005;0.6879
15/07/2005;0.68695
18/07/2005;0.68933
19/07/2005;0.6915
20/07/2005;0.69863
21/07/2005;0.6948
22/07/2005;0.6937
25/07/2005;0.69075
26/07/2005;0.69138
27/07/2005;0.69179
28/07/2005;0.6912
29/07/2005;0.6895
01/08/2005;0.68893
02/08/2005;0.68849
03/08/2005;0.69397
04/08/2005;0.69545
05/08/2005;0.69445
08/08/2005;0.69211
09/08/2005;0.69215
10/08/2005;0.68971
11/08/2005;0.6886
12/08/2005;0.68555
15/08/2005;0.68266
16/08/2005;0.68256
17/08/2005;0.67948
18/08/2005;0.67819
19/08/2005;0.67708
22/08/2005;0.67935
23/08/2005;0.67915
24/08/2005;0.68142
25/08/2005;0.6822
26/08/2005;0.6826
29/08/2005;0.681
30/08/2005;0.68393
31/08/2005;0.68425
01/09/2005;0.68139
02/09/2005;0.6804
05/09/2005;0.67995
06/09/2005;0.67665
07/09/2005;0.67603
08/09/2005;0.67548
09/09/2005;0.67471
12/09/2005;0.6751
13/09/2005;0.6731
14/09/2005;0.67365
15/09/2005;0.67686
16/09/2005;0.67675
19/09/2005;0.67365
20/09/2005;0.67367
21/09/2005;0.67495
22/09/2005;0.6789
23/09/2005;0.6781
26/09/2005;0.67847
27/09/2005;0.67995
28/09/2005;0.68075
29/09/2005;0.68313
30/09/2005;0.6815
03/10/2005;0.6791
04/10/2005;0.67749
05/10/2005;0.67947
06/10/2005;0.68459
07/10/2005;0.68855
10/10/2005;0.68703
11/10/2005;0.68683
12/10/2005;0.68657
13/10/2005;0.68448
14/10/2005;0.68271
17/10/2005;0.68544
18/10/2005;0.6829
19/10/2005;0.6792
20/10/2005;0.67758
21/10/2005;0.67586
24/10/2005;0.67757
25/10/2005;0.67844
26/10/2005;0.68005
27/10/2005;0.6808
28/10/2005;0.6804
31/10/2005;0.67764
01/11/2005;0.68085
02/11/2005;0.67948
03/11/2005;0.6745
04/11/2005;0.67504
07/11/2005;0.67681
08/11/2005;0.6753
09/11/2005;0.67489
10/11/2005;0.67121
11/11/2005;0.6736
14/11/2005;0.67291
15/11/2005;0.67526
16/11/2005;0.67985
17/11/2005;0.68352
18/11/2005;0.68547
21/11/2005;0.68353
22/11/2005;0.6859
23/11/2005;0.68588
24/11/2005;0.68433
25/11/2005;0.68391
28/11/2005;0.68507
29/11/2005;0.68563
30/11/2005;0.68161
01/12/2005;0.67785
02/12/2005;0.67621
05/12/2005;0.67661
06/12/2005;0.6768
07/12/2005;0.67548
08/12/2005;0.6742
09/12/2005;0.67303
12/12/2005;0.673
13/12/2005;0.67463
14/12/2005;0.67689
15/12/2005;0.67858
16/12/2005;0.67755
19/12/2005;0.68105
20/12/2005;0.67584
21/12/2005;0.67829
22/12/2005;0.6831
23/12/2005;0.6847
26/12/2005;0.68346
27/12/2005;0.68474
28/12/2005;0.6894
29/12/2005;0.6865
30/12/2005;0.68769
02/01/2006;0.68716
03/01/2006;0.6882
04/01/2006;0.68905
05/01/2006;0.68961
06/01/2006;0.6863
09/01/2006;0.68473
10/01/2006;0.68358
11/01/2006;0.6873
12/01/2006;0.68382
13/01/2006;0.6833
16/01/2006;0.6858
17/01/2006;0.68492
18/01/2006;0.68675
19/01/2006;0.68743
20/01/2006;0.68532
23/01/2006;0.68845
24/01/2006;0.68806
25/01/2006;0.68627
26/01/2006;0.68598
27/01/2006;0.6844
30/01/2006;0.68354
31/01/2006;0.68315
01/02/2006;0.67993
02/02/2006;0.6791
03/02/2006;0.6825
06/02/2006;0.6847
07/02/2006;0.68665
08/02/2006;0.6869
09/02/2006;0.68815
10/02/2006;0.68255
13/02/2006;0.68336
14/02/2006;0.68623
15/02/2006;0.6829
16/02/2006;0.68447
17/02/2006;0.68536
20/02/2006;0.6845
21/02/2006;0.68228
22/02/2006;0.68317
23/02/2006;0.68061
24/02/2006;0.68039
27/02/2006;0.68084
28/02/2006;0.67989
01/03/2006;0.68122
02/03/2006;0.6863
03/03/2006;0.686
06/03/2006;0.6865
07/03/2006;0.6847
08/03/2006;0.68593
09/03/2006;0.68625
10/03/2006;0.68997
13/03/2006;0.69032
14/03/2006;0.68795
15/03/2006;0.69057
16/03/2006;0.69328
17/03/2006;0.69405
20/03/2006;0.69266
21/03/2006;0.692
22/03/2006;0.69129
23/03/2006;0.69003
24/03/2006;0.69085
27/03/2006;0.688
28/03/2006;0.68855
29/03/2006;0.69358
30/03/2006;0.6967
31/03/2006;0.6976
03/04/2006;0.69798
04/04/2006;0.69839
05/04/2006;0.70071
06/04/2006;0.69755
07/04/2006;0.69404
10/04/2006;0.69495
11/04/2006;0.69429
12/04/2006;0.69193
13/04/2006;0.691
14/04/2006;0.6916
17/04/2006;0.6924
18/04/2006;0.69249
19/04/2006;0.69065
20/04/2006;0.69245
21/04/2006;0.69235
24/04/2006;0.69285
25/04/2006;0.69515
26/04/2006;0.69781
27/04/2006;0.69575
28/04/2006;0.69195
01/05/2006;0.68933
02/05/2006;0.68575
03/05/2006;0.68569
04/05/2006;0.68555
05/05/2006;0.68458
08/05/2006;0.68376
09/05/2006;0.68345
10/05/2006;0.68595
11/05/2006;0.68189
12/05/2006;0.68225
15/05/2006;0.68078
16/05/2006;0.68113
17/05/2006;0.67688
18/05/2006;0.67843
19/05/2006;0.67978
22/05/2006;0.68191
23/05/2006;0.68159
24/05/2006;0.6825
25/05/2006;0.68335
26/05/2006;0.6851
29/05/2006;0.6856
30/05/2006;0.68313
31/05/2006;0.68505
01/06/2006;0.6863
02/06/2006;0.68635
05/06/2006;0.6893
06/06/2006;0.68975
07/06/2006;0.68945
08/06/2006;0.68673
09/06/2006;0.68675
12/06/2006;0.68315
13/06/2006;0.68398
14/06/2006;0.68364
15/06/2006;0.68324
16/06/2006;0.6831
19/06/2006;0.68295
20/06/2006;0.68297
21/06/2006;0.68605
22/06/2006;0.68808
23/06/2006;0.68814
26/06/2006;0.68998
27/06/2006;0.6906
28/06/2006;0.69045
29/06/2006;0.69283
30/06/2006;0.69205
03/07/2006;0.69503
04/07/2006;0.69333
05/07/2006;0.6937
06/07/2006;0.69571
07/07/2006;0.69225
10/07/2006;0.69176
11/07/2006;0.6919
12/07/2006;0.69244
13/07/2006;0.6882
14/07/2006;0.68815
17/07/2006;0.68844
18/07/2006;0.68474
19/07/2006;0.68334
20/07/2006;0.6831
21/07/2006;0.68315
24/07/2006;0.68248
25/07/2006;0.6838
26/07/2006;0.6857
27/07/2006;0.68368
28/07/2006;0.6847
31/07/2006;0.68357
01/08/2006;0.68356
02/08/2006;0.68131
03/08/2006;0.6782
04/08/2006;0.67485
07/08/2006;0.67337
08/08/2006;0.67273
09/08/2006;0.67531
10/08/2006;0.67569
11/08/2006;0.6731
14/08/2006;0.67358
15/08/2006;0.67513
16/08/2006;0.67742
17/08/2006;0.68045
18/08/2006;0.68165
21/08/2006;0.68065
22/08/2006;0.67791
23/08/2006;0.67545
24/08/2006;0.67646
25/08/2006;0.67584
28/08/2006;0.6751
29/08/2006;0.67553
30/08/2006;0.67408
31/08/2006;0.67273
01/09/2006;0.67364
04/09/2006;0.67503
05/09/2006;0.67658
06/09/2006;0.67951
07/09/2006;0.67875
08/09/2006;0.67955
11/09/2006;0.6809
12/09/2006;0.6768
13/09/2006;0.67643
14/09/2006;0.67446
15/09/2006;0.6733
18/09/2006;0.6757
19/09/2006;0.6738
20/09/2006;0.6718
21/09/2006;0.67175
22/09/2006;0.6727
25/09/2006;0.67095
26/09/2006;0.66983
27/09/2006;0.6723
28/09/2006;0.67682
29/09/2006;0.67697
02/10/2006;0.67508
03/10/2006;0.67438
04/10/2006;0.67411
05/10/2006;0.6755
06/10/2006;0.67356
09/10/2006;0.6746
10/10/2006;0.6761
11/10/2006;0.67523
12/10/2006;0.6754
13/10/2006;0.6742
16/10/2006;0.67325
17/10/2006;0.67058
18/10/2006;0.6709
19/10/2006;0.67236
20/10/2006;0.66995
23/10/2006;0.66988
24/10/2006;0.6705
25/10/2006;0.67125
26/10/2006;0.6714
27/10/2006;0.6713
30/10/2006;0.6693
31/10/2006;0.6691
01/11/2006;0.66825
02/11/2006;0.66966
03/11/2006;0.66895
06/11/2006;0.67051
07/11/2006;0.6703
08/11/2006;0.66951
09/11/2006;0.67339
10/11/2006;0.67208
13/11/2006;0.67358
14/11/2006;0.67588
15/11/2006;0.6791
16/11/2006;0.6776
17/11/2006;0.67711
20/11/2006;0.6754
21/11/2006;0.6763
22/11/2006;0.67595
23/11/2006;0.67578
24/11/2006;0.67778
27/11/2006;0.6777
28/11/2006;0.67633
29/11/2006;0.67574
30/11/2006;0.67358
01/12/2006;0.67319
04/12/2006;0.67328
05/12/2006;0.6749
06/12/2006;0.67558
07/12/2006;0.6768
08/12/2006;0.67538
11/12/2006;0.67606
12/12/2006;0.67388
13/12/2006;0.67182
14/12/2006;0.67043
15/12/2006;0.67002
18/12/2006;0.6725
19/12/2006;0.67005
20/12/2006;0.67053
21/12/2006;0.67165
22/12/2006;0.67045
25/12/2006;0.66986
26/12/2006;0.67046
27/12/2006;0.67043
28/12/2006;0.66981
29/12/2006;0.67373
01/01/2007;0.6737
02/01/2007;0.67251
03/01/2007;0.67485
04/01/2007;0.67339
05/01/2007;0.67404
08/01/2007;0.672
09/01/2007;0.67019
10/01/2007;0.66961
11/01/2007;0.6628
12/01/2007;0.65965
15/01/2007;0.65856
16/01/2007;0.65855
17/01/2007;0.65676
18/01/2007;0.65661
19/01/2007;0.65658
22/01/2007;0.6553
23/01/2007;0.65744
24/01/2007;0.65853
25/01/2007;0.65841
26/01/2007;0.6592
29/01/2007;0.66079
30/01/2007;0.66075
31/01/2007;0.6631
01/02/2007;0.662
02/02/2007;0.65915
05/02/2007;0.65954
06/02/2007;0.65876
07/02/2007;0.66025
08/02/2007;0.66574
09/02/2007;0.66735
12/02/2007;0.66585
13/02/2007;0.66965
14/02/2007;0.66905
15/02/2007;0.67353
16/02/2007;0.67386
19/02/2007;0.67418
20/02/2007;0.67195
21/02/2007;0.6725
22/02/2007;0.67095
23/02/2007;0.6708
26/02/2007;0.6716
27/02/2007;0.6749
28/02/2007;0.67363
01/03/2007;0.67333
02/03/2007;0.67876
05/03/2007;0.6816
06/03/2007;0.67958
07/03/2007;0.68173
08/03/2007;0.68106
09/03/2007;0.67885
12/03/2007;0.6825
13/03/2007;0.68413
14/03/2007;0.68295
15/03/2007;0.68333
16/03/2007;0.68545
19/03/2007;0.6842
20/03/2007;0.679
21/03/2007;0.68021
22/03/2007;0.6785
23/03/2007;0.67718
26/03/2007;0.67685
27/03/2007;0.67919
28/03/2007;0.67865
29/03/2007;0.6795
30/03/2007;0.67866
02/04/2007;0.67583
03/04/2007;0.67518
04/04/2007;0.67645
05/04/2007;0.68129
06/04/2007;0.68061
09/04/2007;0.68035
10/04/2007;0.68129
11/04/2007;0.68005
12/04/2007;0.68123
13/04/2007;0.681
16/04/2007;0.6802
17/04/2007;0.67611
18/04/2007;0.67746
19/04/2007;0.67943
20/04/2007;0.67873
23/04/2007;0.67853
24/04/2007;0.68129
25/04/2007;0.6814
26/04/2007;0.68285
27/04/2007;0.68335
30/04/2007;0.68255
01/05/2007;0.68073
02/05/2007;0.6831
03/05/2007;0.682
04/05/2007;0.68198
07/05/2007;0.68245
08/05/2007;0.6808
09/05/2007;0.67855
10/05/2007;0.68113
11/05/2007;0.68258
14/05/2007;0.68433
15/05/2007;0.68435
16/05/2007;0.6836
17/05/2007;0.6834
18/05/2007;0.68398
21/05/2007;0.6832
22/05/2007;0.6811
23/05/2007;0.6775
24/05/2007;0.6766
25/05/2007;0.67767
28/05/2007;0.67845
29/05/2007;0.6788
30/05/2007;0.6797
31/05/2007;0.67949
01/06/2007;0.67836
04/06/2007;0.6774
05/06/2007;0.67848
06/06/2007;0.6777
07/06/2007;0.67918
08/06/2007;0.67878
11/06/2007;0.67843
12/06/2007;0.6738
13/06/2007;0.67461
14/06/2007;0.67583
15/06/2007;0.67765
18/06/2007;0.67635
19/06/2007;0.67498
20/06/2007;0.67246
21/06/2007;0.67191
22/06/2007;0.67365
25/06/2007;0.67391
26/06/2007;0.67325
27/06/2007;0.67283
28/06/2007;0.67153
29/06/2007;0.67405
02/07/2007;0.67533
03/07/2007;0.67489
04/07/2007;0.6751
05/07/2007;0.67595
06/07/2007;0.67779
09/07/2007;0.67613
10/07/2007;0.67796
11/07/2007;0.67639
12/07/2007;0.67918
13/07/2007;0.6775
16/07/2007;0.67638
17/07/2007;0.67335
18/07/2007;0.67233
19/07/2007;0.67368
20/07/2007;0.6725
23/07/2007;0.67044
24/07/2007;0.6703
25/07/2007;0.66809
26/07/2007;0.67088
27/07/2007;0.67373
30/07/2007;0.67648
31/07/2007;0.67368
01/08/2007;0.6725
02/08/2007;0.67261
03/08/2007;0.67504
06/08/2007;0.679
07/08/2007;0.67959
08/08/2007;0.67735
09/08/2007;0.67605
10/08/2007;0.6767
13/08/2007;0.67643
14/08/2007;0.67775
15/08/2007;0.6759
16/08/2007;0.677
17/08/2007;0.6801
20/08/2007;0.67788
21/08/2007;0.67945
22/08/2007;0.6796
23/08/2007;0.67593
24/08/2007;0.67875
27/08/2007;0.67795
28/08/2007;0.67945
29/08/2007;0.6779
30/08/2007;0.67725
31/08/2007;0.676
03/09/2007;0.67504
04/09/2007;0.6758
05/09/2007;0.67563
06/09/2007;0.67649
07/09/2007;0.67874
10/09/2007;0.68068
11/09/2007;0.68064
12/09/2007;0.68513
13/09/2007;0.68566
14/09/2007;0.6913
17/09/2007;0.6953
18/09/2007;0.69461
19/09/2007;0.69765
20/09/2007;0.70053
21/09/2007;0.69753
24/09/2007;0.6966
25/09/2007;0.70033
26/09/2007;0.70081
27/09/2007;0.69804
28/09/2007;0.6969
01/10/2007;0.69639
02/10/2007;0.6931
03/10/2007;0.69345
04/10/2007;0.69348
05/10/2007;0.69212
08/10/2007;0.69
09/10/2007;0.69223
10/10/2007;0.6926
11/10/2007;0.69874
12/10/2007;0.69641
15/10/2007;0.69535
16/10/2007;0.69725
17/10/2007;0.69641
18/10/2007;0.6993
19/10/2007;0.69735
22/10/2007;0.69768
23/10/2007;0.69546
24/10/2007;0.69604
25/10/2007;0.69821
26/10/2007;0.70135
29/10/2007;0.69945
30/10/2007;0.698
31/10/2007;0.6966
01/11/2007;0.69344
02/11/2007;0.69434
05/11/2007;0.6954
06/11/2007;0.69733
07/11/2007;0.69641
08/11/2007;0.69634
09/11/2007;0.70219
12/11/2007;0.70778
13/11/2007;0.7051
14/11/2007;0.7138
15/11/2007;0.71463
16/11/2007;0.71365
19/11/2007;0.715
20/11/2007;0.71818
21/11/2007;0.7194
22/11/2007;0.72013
23/11/2007;0.71935
26/11/2007;0.71804
27/11/2007;0.71685
28/11/2007;0.71275
29/11/2007;0.7151
30/11/2007;0.71135
03/12/2007;0.70998
04/12/2007;0.71683
05/12/2007;0.72106
06/12/2007;0.72174
07/12/2007;0.72205
10/12/2007;0.71874
11/12/2007;0.72041
12/12/2007;0.71848
13/12/2007;0.7168
14/12/2007;0.7153
17/12/2007;0.71234
18/12/2007;0.7155
19/12/2007;0.71995
20/12/2007;0.72226
21/12/2007;0.7249
24/12/2007;0.72789
25/12/2007;0.7278
26/12/2007;0.7304
27/12/2007;0.73275
28/12/2007;0.73775
31/12/2007;0.73495
01/01/2008;0.73455
02/01/2008;0.74295
03/01/2008;0.74825
04/01/2008;0.74686
07/01/2008;0.74605
08/01/2008;0.74535
09/01/2008;0.74843
10/01/2008;0.75475
11/01/2008;0.75523
14/01/2008;0.7601
15/01/2008;0.75425
16/01/2008;0.74625
17/01/2008;0.74271
18/01/2008;0.7477
21/01/2008;0.74373
22/01/2008;0.74605
23/01/2008;0.74818
24/01/2008;0.74643
25/01/2008;0.74033
28/01/2008;0.74503
29/01/2008;0.74274
30/01/2008;0.74794
31/01/2008;0.74773
01/02/2008;0.7531
04/02/2008;0.75148
05/02/2008;0.74568
06/02/2008;0.7459
07/02/2008;0.74568
08/02/2008;0.7454
11/02/2008;0.74413
12/02/2008;0.7441
13/02/2008;0.74235
14/02/2008;0.7437
15/02/2008;0.74845
18/02/2008;0.75059
19/02/2008;0.75583
20/02/2008;0.75775
21/02/2008;0.75468
22/02/2008;0.75345
25/02/2008;0.75374
26/02/2008;0.7535
27/02/2008;0.76323
28/02/2008;0.76409
29/02/2008;0.76333
03/03/2008;0.7663
04/03/2008;0.76595
05/03/2008;0.7663
06/03/2008;0.76553
07/03/2008;0.7618
10/03/2008;0.7637
11/03/2008;0.76436
12/03/2008;0.767
13/03/2008;0.76894
14/03/2008;0.77575
17/03/2008;0.78685
18/03/2008;0.77883
19/03/2008;0.7876
20/03/2008;0.77735
21/03/2008;0.77858
24/03/2008;0.77679
25/03/2008;0.78008
26/03/2008;0.78899
27/03/2008;0.78635
28/03/2008;0.79205
31/03/2008;0.79606
01/04/2008;0.79018
02/04/2008;0.78916
03/04/2008;0.78548
04/04/2008;0.78946
07/04/2008;0.79015
08/04/2008;0.7977
09/04/2008;0.80104
10/04/2008;0.79874
11/04/2008;0.80306
14/04/2008;0.80013
15/04/2008;0.80448
16/04/2008;0.8086
17/04/2008;0.79875
18/04/2008;0.79168
21/04/2008;0.80353
22/04/2008;0.80155
23/04/2008;0.80223
24/04/2008;0.79445
25/04/2008;0.78673
28/04/2008;0.78623
29/04/2008;0.79074
30/04/2008;0.78655
01/05/2008;0.78371
02/05/2008;0.7823
05/05/2008;0.78578
06/05/2008;0.78698
07/05/2008;0.78793
08/05/2008;0.78775
09/05/2008;0.79235
12/05/2008;0.79455
13/05/2008;0.79545
14/05/2008;0.795
15/05/2008;0.79325
16/05/2008;0.79556
19/05/2008;0.79595
20/05/2008;0.7949
21/05/2008;0.80033
22/05/2008;0.79428
23/05/2008;0.79634
26/05/2008;0.79575
27/05/2008;0.79385
28/05/2008;0.78943
29/05/2008;0.7851
30/05/2008;0.7846
02/06/2008;0.78987
03/06/2008;0.78663
04/06/2008;0.78941
05/06/2008;0.79625
06/06/2008;0.80051
09/06/2008;0.79213
10/06/2008;0.79145
11/06/2008;0.79224
12/06/2008;0.79324
13/06/2008;0.78974
16/06/2008;0.78828
17/06/2008;0.79248
18/06/2008;0.79258
19/06/2008;0.7861
20/06/2008;0.78983
23/06/2008;0.7895
24/06/2008;0.78983
25/06/2008;0.79321
26/06/2008;0.79215
27/06/2008;0.79163
30/06/2008;0.79075
01/07/2008;0.79155
02/07/2008;0.79695
03/07/2008;0.79159
04/07/2008;0.79233
07/07/2008;0.79585
08/07/2008;0.79566
09/07/2008;0.79385
10/07/2008;0.7982
11/07/2008;0.80135
14/07/2008;0.79733
15/07/2008;0.79331
16/07/2008;0.7916
17/07/2008;0.7916
18/07/2008;0.79298
21/07/2008;0.7946
22/07/2008;0.79243
23/07/2008;0.78503
24/07/2008;0.7891
25/07/2008;0.78868
28/07/2008;0.78945
29/07/2008;0.78776
30/07/2008;0.7859
31/07/2008;0.78643
01/08/2008;0.78785
04/08/2008;0.7941
05/08/2008;0.79063
06/08/2008;0.79105
07/08/2008;0.78826
08/08/2008;0.78123
11/08/2008;0.7803
12/08/2008;0.78686
13/08/2008;0.7976
14/08/2008;0.7927
15/08/2008;0.78695
18/08/2008;0.78808
19/08/2008;0.7914
20/08/2008;0.79209
21/08/2008;0.7932
22/08/2008;0.79851
25/08/2008;0.79615
26/08/2008;0.79648
27/08/2008;0.80225
28/08/2008;0.80373
29/08/2008;0.8058
01/09/2008;0.81133
02/09/2008;0.81389
03/09/2008;0.81598
04/09/2008;0.81005
05/09/2008;0.80721
08/09/2008;0.8037
09/09/2008;0.80273
10/09/2008;0.79875
11/09/2008;0.79624
12/09/2008;0.7932
15/09/2008;0.79163
16/09/2008;0.7926
17/09/2008;0.78828
18/09/2008;0.78915
19/09/2008;0.78973
22/09/2008;0.79683
23/09/2008;0.7909
24/09/2008;0.79205
25/09/2008;0.79499
26/09/2008;0.79226
29/09/2008;0.79814
30/09/2008;0.79134
01/10/2008;0.79153
02/10/2008;0.78341
03/10/2008;0.77775
06/10/2008;0.77418
07/10/2008;0.77865
08/10/2008;0.78896
09/10/2008;0.79573
10/10/2008;0.78619
13/10/2008;0.7831
14/10/2008;0.78298
15/10/2008;0.7817
16/10/2008;0.77766
17/10/2008;0.7761
20/10/2008;0.77786
21/10/2008;0.78165
22/10/2008;0.7906
23/10/2008;0.79695
24/10/2008;0.79303
27/10/2008;0.80326
28/10/2008;0.79773
29/10/2008;0.79171
30/10/2008;0.78515
31/10/2008;0.79215
03/11/2008;0.79905
04/11/2008;0.81343
05/11/2008;0.81458
06/11/2008;0.81386
07/11/2008;0.81314
10/11/2008;0.8167
11/11/2008;0.81405
12/11/2008;0.83564
13/11/2008;0.86063
14/11/2008;0.85408
17/11/2008;0.84374
18/11/2008;0.84345
19/11/2008;0.83553
20/11/2008;0.84558
21/11/2008;0.84371
24/11/2008;0.8532
25/11/2008;0.8443
26/11/2008;0.84046
27/11/2008;0.83765
28/11/2008;0.82515
01/12/2008;0.84668
02/12/2008;0.8523
03/12/2008;0.86014
04/12/2008;0.87064
05/12/2008;0.86611
08/12/2008;0.86885
09/12/2008;0.876
10/12/2008;0.88075
11/12/2008;0.88819
12/12/2008;0.89484
15/12/2008;0.89428
16/12/2008;0.8994
17/12/2008;0.92816
18/12/2008;0.94875
19/12/2008;0.93
22/12/2008;0.93975
23/12/2008;0.94568
24/12/2008;0.95108
25/12/2008;0.95679
26/12/2008;0.96099
29/12/2008;0.9671
30/12/2008;0.97565
31/12/2008;0.95483
01/01/2009;0.95618
02/01/2009;0.95689
05/01/2009;0.92738
06/01/2009;0.90695
07/01/2009;0.90348
08/01/2009;0.90055
09/01/2009;0.88776
12/01/2009;0.90196
13/01/2009;0.90922
14/01/2009;0.90301
15/01/2009;0.89605
16/01/2009;0.90025
19/01/2009;0.90593
20/01/2009;0.92623
21/01/2009;0.9327
22/01/2009;0.93698
23/01/2009;0.94015
26/01/2009;0.94249
27/01/2009;0.93133
28/01/2009;0.92431
29/01/2009;0.90553
30/01/2009;0.88123
02/02/2009;0.90025
03/02/2009;0.90164
04/02/2009;0.8881
05/02/2009;0.87548
06/02/2009;0.87519
09/02/2009;0.87278
10/02/2009;0.8878
11/02/2009;0.89648
12/02/2009;0.90166
13/02/2009;0.89631
16/02/2009;0.89555
17/02/2009;0.8837
18/02/2009;0.8818
19/02/2009;0.88659
20/02/2009;0.88909
23/02/2009;0.87569
24/02/2009;0.88714
25/02/2009;0.89563
26/02/2009;0.89038
27/02/2009;0.88509
02/03/2009;0.8949
03/03/2009;0.89408
04/03/2009;0.89208
05/03/2009;0.8882
06/03/2009;0.89783
09/03/2009;0.91533
10/03/2009;0.92238
11/03/2009;0.92538
12/03/2009;0.92621
13/03/2009;0.924
16/03/2009;0.92199
17/03/2009;0.92691
18/03/2009;0.9444
19/03/2009;0.94191
20/03/2009;0.93885
23/03/2009;0.93558
24/03/2009;0.91715
25/03/2009;0.93355
26/03/2009;0.93585
27/03/2009;0.92805
30/03/2009;0.92503
31/03/2009;0.9256
01/04/2009;0.9159
02/04/2009;0.91438
03/04/2009;0.90843
06/04/2009;0.90866
07/04/2009;0.9008
08/04/2009;0.90242
09/04/2009;0.89725
10/04/2009;0.89838
13/04/2009;0.89985
14/04/2009;0.8901
15/04/2009;0.88178
16/04/2009;0.88314
17/04/2009;0.88216
20/04/2009;0.88871
21/04/2009;0.88247
22/04/2009;0.89748
23/04/2009;0.89293
24/04/2009;0.9027
27/04/2009;0.88941
28/04/2009;0.89855
29/04/2009;0.8982
30/04/2009;0.89433
01/05/2009;0.8894
04/05/2009;0.89275
05/05/2009;0.88348
06/05/2009;0.8809
07/05/2009;0.8916
08/05/2009;0.89508
11/05/2009;0.89843
12/05/2009;0.8937
13/05/2009;0.89738
14/05/2009;0.89531
15/05/2009;0.88928
18/05/2009;0.88354
19/05/2009;0.88075
20/05/2009;0.8747
21/05/2009;0.87716
22/05/2009;0.87876
25/05/2009;0.88095
26/05/2009;0.87806
27/05/2009;0.86669
28/05/2009;0.87458
29/05/2009;0.87465
01/06/2009;0.86106
02/06/2009;0.86292
03/06/2009;0.86792
04/06/2009;0.87682
05/06/2009;0.874
08/06/2009;0.86604
09/06/2009;0.86268
10/06/2009;0.85495
11/06/2009;0.85041
12/06/2009;0.85195
15/06/2009;0.84565
16/06/2009;0.84315
17/06/2009;0.85036
18/06/2009;0.85118
19/06/2009;0.84514
22/06/2009;0.84821
23/06/2009;0.85556
24/06/2009;0.84898
25/06/2009;0.85455
26/06/2009;0.85065
29/06/2009;0.8501
30/06/2009;0.85241
01/07/2009;0.85813
02/07/2009;0.85416
03/07/2009;0.85599
06/07/2009;0.85848
07/07/2009;0.86268
08/07/2009;0.86386
09/07/2009;0.85818
10/07/2009;0.85923
13/07/2009;0.86135
14/07/2009;0.85615
15/07/2009;0.85905
16/07/2009;0.86063
17/07/2009;0.8633
20/07/2009;0.86003
21/07/2009;0.86406
22/07/2009;0.86255
23/07/2009;0.85815
24/07/2009;0.86478
27/07/2009;0.86338
28/07/2009;0.86239
29/07/2009;0.85777
30/07/2009;0.85314
31/07/2009;0.85283
03/08/2009;0.85132
04/08/2009;0.85057
05/08/2009;0.84814
06/08/2009;0.8549
07/08/2009;0.84975
10/08/2009;0.85795
11/08/2009;0.85864
12/08/2009;0.86107
13/08/2009;0.86198
14/08/2009;0.85842
17/08/2009;0.8615
18/08/2009;0.85366
19/08/2009;0.8607
20/08/2009;0.86365
21/08/2009;0.86861
24/08/2009;0.87105
25/08/2009;0.87455
26/08/2009;0.87715
27/08/2009;0.88073
28/08/2009;0.87894
31/08/2009;0.88013
01/09/2009;0.88026
02/09/2009;0.87631
03/09/2009;0.87298
04/09/2009;0.87219
07/09/2009;0.87678
08/09/2009;0.87825
09/09/2009;0.88011
10/09/2009;0.8754
11/09/2009;0.87471
14/09/2009;0.88168
15/09/2009;0.88911
16/09/2009;0.89244
17/09/2009;0.89613
18/09/2009;0.904
21/09/2009;0.9055
22/09/2009;0.90422
23/09/2009;0.90149
24/09/2009;0.91294
25/09/2009;0.921
28/09/2009;0.92058
29/09/2009;0.91387
30/09/2009;0.9159
01/10/2009;0.91173
02/10/2009;0.91412
05/10/2009;0.91932
06/10/2009;0.92475
07/10/2009;0.92011
08/10/2009;0.92056
09/10/2009;0.92963
12/10/2009;0.93514
13/10/2009;0.9331
14/10/2009;0.93422
15/10/2009;0.91858
16/10/2009;0.9112
19/10/2009;0.91104
20/10/2009;0.9122
21/10/2009;0.90407
22/10/2009;0.90438
23/10/2009;0.92021
26/10/2009;0.91054
27/10/2009;0.90428
28/10/2009;0.8981
29/10/2009;0.8958
30/10/2009;0.89442
02/11/2009;0.90054
03/11/2009;0.89585
04/11/2009;0.89768
05/11/2009;0.89676
06/11/2009;0.89376
09/11/2009;0.89494
10/11/2009;0.89538
11/11/2009;0.90416
12/11/2009;0.89566
13/11/2009;0.89373
16/11/2009;0.89015
17/11/2009;0.88486
18/11/2009;0.89333
19/11/2009;0.8954
20/11/2009;0.90055
23/11/2009;0.90099
24/11/2009;0.90245
25/11/2009;0.906
26/11/2009;0.90908
27/11/2009;0.90833
30/11/2009;0.91251
01/12/2009;0.90803
02/12/2009;0.90469
03/12/2009;0.91014
04/12/2009;0.90182
07/12/2009;0.90155
08/12/2009;0.9027
09/12/2009;0.90556
10/12/2009;0.90487
11/12/2009;0.89867
14/12/2009;0.89851
15/12/2009;0.89356
16/12/2009;0.88971
17/12/2009;0.88777
18/12/2009;0.88743
21/12/2009;0.89007
22/12/2009;0.8927
23/12/2009;0.8985
24/12/2009;0.90075
25/12/2009;0.90168
28/12/2009;0.89855
29/12/2009;0.90253
30/12/2009;0.89186
31/12/2009;0.88689
01/01/2010;0.88645
04/01/2010;0.89611
05/01/2010;0.89834
06/01/2010;0.89935
07/01/2010;0.8981
08/01/2010;0.89918
11/01/2010;0.90062
12/01/2010;0.89628
13/01/2010;0.89122
14/01/2010;0.88765
15/01/2010;0.88452
18/01/2010;0.88027
19/01/2010;0.8732
20/01/2010;0.86584
21/01/2010;0.8697
22/01/2010;0.87748
25/01/2010;0.87127
26/01/2010;0.8717
27/01/2010;0.86733
28/01/2010;0.86577
29/01/2010;0.86715
01/02/2010;0.87303
02/02/2010;0.87415
03/02/2010;0.87423
04/02/2010;0.87111
05/02/2010;0.87416
08/02/2010;0.87595
09/02/2010;0.87766
10/02/2010;0.88074
11/02/2010;0.87188
12/02/2010;0.86806
15/02/2010;0.86839
16/02/2010;0.87189
17/02/2010;0.86816
18/02/2010;0.87122
19/02/2010;0.87974
22/02/2010;0.87813
23/02/2010;0.87584
24/02/2010;0.87876
25/02/2010;0.88776
26/02/2010;0.8946
01/03/2010;0.90468
02/03/2010;0.90937
03/03/2010;0.90716
04/03/2010;0.90333
05/03/2010;0.90004
08/03/2010;0.90483
09/03/2010;0.90694
10/03/2010;0.91175
11/03/2010;0.90819
12/03/2010;0.9053
15/03/2010;0.90834
16/03/2010;0.903
17/03/2010;0.89637
18/03/2010;0.89273
19/03/2010;0.90122
22/03/2010;0.89775
23/03/2010;0.89721
24/03/2010;0.89571
25/03/2010;0.8961
26/03/2010;0.90025
29/03/2010;0.8996
30/03/2010;0.89011
31/03/2010;0.88982
01/04/2010;0.88866
02/04/2010;0.8878
05/04/2010;0.88166
06/04/2010;0.87775
07/04/2010;0.87548
08/04/2010;0.87435
09/04/2010;0.87797
12/04/2010;0.88437
13/04/2010;0.8851
14/04/2010;0.88275
15/04/2010;0.87579
16/04/2010;0.87858
19/04/2010;0.87945
20/04/2010;0.87471
21/04/2010;0.86893
22/04/2010;0.86445
23/04/2010;0.8703
26/04/2010;0.86576
27/04/2010;0.86313
28/04/2010;0.8692
29/04/2010;0.86389
30/04/2010;0.87053
03/05/2010;0.86548
04/05/2010;0.85758
05/05/2010;0.8486
06/05/2010;0.85094
07/05/2010;0.86138
10/05/2010;0.86115
11/05/2010;0.84657
12/05/2010;0.85102
13/05/2010;0.85777
14/05/2010;0.85034
17/05/2010;0.85633
18/05/2010;0.85133
19/05/2010;0.85956
20/05/2010;0.86952
21/05/2010;0.86931
24/05/2010;0.85759
25/05/2010;0.85683
26/05/2010;0.84615
27/05/2010;0.84774
28/05/2010;0.84893
31/05/2010;0.84648
01/06/2010;0.83478
02/06/2010;0.83599
03/06/2010;0.8323
04/06/2010;0.82791
07/06/2010;0.82428
08/06/2010;0.82745
09/06/2010;0.8246
10/06/2010;0.82406
11/06/2010;0.83246
14/06/2010;0.82898
15/06/2010;0.833
16/06/2010;0.83567
17/06/2010;0.8356
18/06/2010;0.83585
21/06/2010;0.83435
22/06/2010;0.82833
23/06/2010;0.82303
24/06/2010;0.82572
25/06/2010;0.82149
28/06/2010;0.81271
29/06/2010;0.80909
30/06/2010;0.81876
01/07/2010;0.8254
02/07/2010;0.82688
05/07/2010;0.8283
06/07/2010;0.83344
07/07/2010;0.8321
08/07/2010;0.83715
09/07/2010;0.83935
12/07/2010;0.83799
13/07/2010;0.83838
14/07/2010;0.83477
15/07/2010;0.8375
16/07/2010;0.84503
19/07/2010;0.84984
20/07/2010;0.84397
21/07/2010;0.8412
22/07/2010;0.84491
23/07/2010;0.83719
26/07/2010;0.83886
27/07/2010;0.8334
28/07/2010;0.83304
29/07/2010;0.83763
30/07/2010;0.83157
02/08/2010;0.8296
03/08/2010;0.82941
04/08/2010;0.82845
05/08/2010;0.82975
06/08/2010;0.83297
09/08/2010;0.83188
10/08/2010;0.83124
11/08/2010;0.82153
12/08/2010;0.82356
13/08/2010;0.8179
16/08/2010;0.81883
17/08/2010;0.82673
18/08/2010;0.8241
19/08/2010;0.82198
20/08/2010;0.81828
23/08/2010;0.81593
24/08/2010;0.8202
25/08/2010;0.8189
26/08/2010;0.81888
27/08/2010;0.82182
30/08/2010;0.81898
31/08/2010;0.82613
01/09/2010;0.82878
02/09/2010;0.83272
03/09/2010;0.83448
06/09/2010;0.83645
07/09/2010;0.82583
08/09/2010;0.82226
09/09/2010;0.82275
10/09/2010;0.82564
13/09/2010;0.83498
14/09/2010;0.83625
15/09/2010;0.83272
16/09/2010;0.83709
17/09/2010;0.83477
20/09/2010;0.84022
21/09/2010;0.84898
22/09/2010;0.85584
23/09/2010;0.84899
24/09/2010;0.85255
27/09/2010;0.85003
28/09/2010;0.85968
29/09/2010;0.86333
30/09/2010;0.86762
01/10/2010;0.87179
04/10/2010;0.86448
05/10/2010;0.87086
06/10/2010;0.87661
07/10/2010;0.87717
08/10/2010;0.87304
11/10/2010;0.87378
12/10/2010;0.88081
13/10/2010;0.87817
14/10/2010;0.8796
15/10/2010;0.87427
18/10/2010;0.87772
19/10/2010;0.8741
20/10/2010;0.881
21/10/2010;0.88638
22/10/2010;0.8894
25/10/2010;0.88814
26/10/2010;0.87465
27/10/2010;0.87312
28/10/2010;0.87378
29/10/2010;0.86927
01/11/2010;0.86643
02/11/2010;0.87481
03/11/2010;0.8792
04/11/2010;0.87315
05/11/2010;0.867
08/11/2010;0.86249
09/11/2010;0.86163
10/11/2010;0.85499
11/11/2010;0.84767
12/11/2010;0.84975
15/11/2010;0.8464
16/11/2010;0.84913
17/11/2010;0.8505
18/11/2010;0.8505
19/11/2010;0.85556
22/11/2010;0.8538
23/11/2010;0.8473
24/11/2010;0.84548
25/11/2010;0.84766
26/11/2010;0.84919
29/11/2010;0.84286
30/11/2010;0.83428
01/12/2010;0.84093
02/12/2010;0.84678
03/12/2010;0.85038
06/12/2010;0.84676
07/12/2010;0.84154
08/12/2010;0.83917
09/12/2010;0.83951
10/12/2010;0.83681
13/12/2010;0.84427
14/12/2010;0.84806
15/12/2010;0.85003
16/12/2010;0.84723
17/12/2010;0.84908
20/12/2010;0.84636
21/12/2010;0.84689
22/12/2010;0.85143
23/12/2010;0.85006
24/12/2010;0.84978
27/12/2010;0.85376
28/12/2010;0.85345
29/12/2010;0.85332
30/12/2010;0.86146
31/12/2010;0.85737
03/01/2011;0.86262
04/01/2011;0.85376
05/01/2011;0.8476
06/01/2011;0.84043
07/01/2011;0.83018
10/01/2011;0.83164
11/01/2011;0.83173
12/01/2011;0.83307
13/01/2011;0.84379
14/01/2011;0.84353
17/01/2011;0.83677
18/01/2011;0.83872
19/01/2011;0.84222
20/01/2011;0.84748
21/01/2011;0.8513
24/01/2011;0.85308
25/01/2011;0.86507
26/01/2011;0.86055
27/01/2011;0.86222
28/01/2011;0.85826
31/01/2011;0.85512
01/02/2011;0.85668
02/02/2011;0.85299
03/02/2011;0.84488
04/02/2011;0.84323
07/02/2011;0.84314
08/02/2011;0.84792
09/02/2011;0.85283
10/02/2011;0.84491
11/02/2011;0.84627
14/02/2011;0.84098
15/02/2011;0.83633
16/02/2011;0.84304
17/02/2011;0.84143
18/02/2011;0.84254
21/02/2011;0.84308
22/02/2011;0.84594
23/02/2011;0.84806
24/02/2011;0.85519
25/02/2011;0.8532
28/02/2011;0.84921
01/03/2011;0.84689
02/03/2011;0.8493
03/03/2011;0.85814
04/03/2011;0.85975
07/03/2011;0.86214
08/03/2011;0.86041
09/03/2011;0.85842
10/03/2011;0.8591
11/03/2011;0.86459
14/03/2011;0.86515
15/03/2011;0.87059
16/03/2011;0.86721
17/03/2011;0.86893
18/03/2011;0.87364
21/03/2011;0.87223
22/03/2011;0.86749
23/03/2011;0.86779
24/03/2011;0.8795
25/03/2011;0.87823
28/03/2011;0.88088
29/03/2011;0.88142
30/03/2011;0.87897
31/03/2011;0.88331
01/04/2011;0.88345
04/04/2011;0.88151
05/04/2011;0.87273
06/04/2011;0.87748
07/04/2011;0.87655
08/04/2011;0.88401
11/04/2011;0.88322
12/04/2011;0.89046
13/04/2011;0.88774
14/04/2011;0.88603
15/04/2011;0.88386
18/04/2011;0.87514
19/04/2011;0.87862
20/04/2011;0.88503
21/04/2011;0.88075
22/04/2011;0.88222
25/04/2011;0.88381
26/04/2011;0.8885
27/04/2011;0.8894
28/04/2011;0.89118
29/04/2011;0.88617
02/05/2011;0.89044
03/05/2011;0.8992
04/05/2011;0.89928
05/05/2011;0.88716
06/05/2011;0.87488
09/05/2011;0.87563
10/05/2011;0.88046
11/05/2011;0.86825
12/05/2011;0.87444
13/05/2011;0.87171
16/05/2011;0.8743
17/05/2011;0.87601
18/05/2011;0.88132
19/05/2011;0.88139
20/05/2011;0.87245
23/05/2011;0.87135
24/05/2011;0.87141
25/05/2011;0.86569
26/05/2011;0.86226
27/05/2011;0.86732
30/05/2011;0.8669
31/05/2011;0.87529
01/06/2011;0.87724
02/06/2011;0.88515
03/06/2011;0.89104
06/06/2011;0.89114
07/06/2011;0.8932
08/06/2011;0.889
09/06/2011;0.88648
10/06/2011;0.88427
13/06/2011;0.88012
14/06/2011;0.88212
15/06/2011;0.87562
16/06/2011;0.87909
17/06/2011;0.88373
20/06/2011;0.88287
21/06/2011;0.88715
22/06/2011;0.89319
23/06/2011;0.89071
24/06/2011;0.88903
27/06/2011;0.89351
28/06/2011;0.89814
29/06/2011;0.89868
30/06/2011;0.90339
01/07/2011;0.90387
04/07/2011;0.90386
05/07/2011;0.89842
06/07/2011;0.89472
07/07/2011;0.89924
08/07/2011;0.88825
11/07/2011;0.88197
12/07/2011;0.87825
13/07/2011;0.87936
14/07/2011;0.87621
15/07/2011;0.87727
18/07/2011;0.87886
19/07/2011;0.87795
20/07/2011;0.87995
21/07/2011;0.88324
22/07/2011;0.88086
25/07/2011;0.88329
26/07/2011;0.88444
27/07/2011;0.87985
28/07/2011;0.87543
29/07/2011;0.87641
01/08/2011;0.87448
02/08/2011;0.87144
03/08/2011;0.87186
04/08/2011;0.86707
05/08/2011;0.87117
08/08/2011;0.86886
09/08/2011;0.88098
10/08/2011;0.87874
11/08/2011;0.87695
12/08/2011;0.87535
15/08/2011;0.88132
16/08/2011;0.87548
17/08/2011;0.87205
18/08/2011;0.86781
19/08/2011;0.8743
22/08/2011;0.87264
23/08/2011;0.87549
24/08/2011;0.88029
25/08/2011;0.88313
26/08/2011;0.8858
29/08/2011;0.88435
30/08/2011;0.88598
31/08/2011;0.88429
01/09/2011;0.8813
02/09/2011;0.87604
05/09/2011;0.87466
06/09/2011;0.87799
07/09/2011;0.88164
08/09/2011;0.86982
09/09/2011;0.85996
12/09/2011;0.86235
13/09/2011;0.86686
14/09/2011;0.87232
15/09/2011;0.8782
16/09/2011;0.8741
19/09/2011;0.87148
20/09/2011;0.8706
21/09/2011;0.8757
22/09/2011;0.87761
23/09/2011;0.87349
26/09/2011;0.86942
27/09/2011;0.86883
28/09/2011;0.86954
29/09/2011;0.87008
30/09/2011;0.85897
03/10/2011;0.85381
04/10/2011;0.86188
05/10/2011;0.86329
06/10/2011;0.86995
07/10/2011;0.85974
10/10/2011;0.87073
11/10/2011;0.87567
12/10/2011;0.8756
13/10/2011;0.87381
14/10/2011;0.87749
17/10/2011;0.87255
18/10/2011;0.87522
19/10/2011;0.87231
20/10/2011;0.87264
21/10/2011;0.87106
24/10/2011;0.87073
25/10/2011;0.86911
26/10/2011;0.8706
27/10/2011;0.88135
28/10/2011;0.8775
31/10/2011;0.86147
01/11/2011;0.85924
02/11/2011;0.86191
03/11/2011;0.86165
04/11/2011;0.86017
07/11/2011;0.85798
08/11/2011;0.85979
09/11/2011;0.85084
10/11/2011;0.85396
11/11/2011;0.85592
14/11/2011;0.85686
15/11/2011;0.8558
16/11/2011;0.85584
17/11/2011;0.85431
18/11/2011;0.85581
21/11/2011;0.86238
22/11/2011;0.86391
23/11/2011;0.85942
24/11/2011;0.86123
25/11/2011;0.85729
28/11/2011;0.85872
29/11/2011;0.85375
30/11/2011;0.85617
01/12/2011;0.858
02/12/2011;0.85864
05/12/2011;0.85625
06/12/2011;0.85903
07/12/2011;0.85371
08/12/2011;0.85358
09/12/2011;0.85428
12/12/2011;0.84624
13/12/2011;0.84216
14/12/2011;0.83937
15/12/2011;0.83893
16/12/2011;0.83907
19/12/2011;0.83863
20/12/2011;0.83525
21/12/2011;0.83224
22/12/2011;0.83253
23/12/2011;0.83705
26/12/2011;0.83566
27/12/2011;0.83406
28/12/2011;0.83712
29/12/2011;0.84074
30/12/2011;0.83339
02/01/2012;0.83371
03/01/2012;0.83391
04/01/2012;0.82871
05/01/2012;0.82534
06/01/2012;0.82447
09/01/2012;0.82575
10/01/2012;0.82521
11/01/2012;0.82899
12/01/2012;0.83576
13/01/2012;0.82779
16/01/2012;0.82656
17/01/2012;0.83054
18/01/2012;0.83321
19/01/2012;0.83728
20/01/2012;0.83035
23/01/2012;0.83594
24/01/2012;0.83424
25/01/2012;0.83704
26/01/2012;0.83547
27/01/2012;0.84053
30/01/2012;0.83661
31/01/2012;0.8302
01/02/2012;0.83117
02/02/2012;0.83155
03/02/2012;0.83178
06/02/2012;0.82983
07/02/2012;0.83419
08/02/2012;0.83832
09/02/2012;0.83996
10/02/2012;0.83764
13/02/2012;0.83638
14/02/2012;0.83696
15/02/2012;0.83261
16/02/2012;0.83106
17/02/2012;0.83017
20/02/2012;0.83552
21/02/2012;0.83884
22/02/2012;0.84559
23/02/2012;0.84935
24/02/2012;0.84723
27/02/2012;0.8467
28/02/2012;0.84635
29/02/2012;0.83724
01/03/2012;0.83424
02/03/2012;0.83357
05/03/2012;0.83311
06/03/2012;0.83431
07/03/2012;0.83535
08/03/2012;0.83852
09/03/2012;0.83725
12/03/2012;0.84106
13/03/2012;0.83309
14/03/2012;0.8314
15/03/2012;0.83257
16/03/2012;0.83157
19/03/2012;0.83292
20/03/2012;0.83363
21/03/2012;0.83262
22/03/2012;0.83441
23/03/2012;0.83621
26/03/2012;0.83649
27/03/2012;0.83469
28/03/2012;0.83817
29/03/2012;0.83355
30/03/2012;0.83269
02/04/2012;0.8313
03/04/2012;0.83163
04/04/2012;0.82707
05/04/2012;0.82539
06/04/2012;0.82496
09/04/2012;0.82473
10/04/2012;0.82467
11/04/2012;0.82414
12/04/2012;0.82633
13/04/2012;0.82521
16/04/2012;0.82651
17/04/2012;0.8243
18/04/2012;0.81904
19/04/2012;0.81837
20/04/2012;0.81973
23/04/2012;0.81553
24/04/2012;0.81736
25/04/2012;0.81777
26/04/2012;0.81686
27/04/2012;0.81492
30/04/2012;0.81545
01/05/2012;0.81607
02/05/2012;0.81229
03/05/2012;0.81301
04/05/2012;0.81017
07/05/2012;0.8061
08/05/2012;0.8049
09/05/2012;0.80169
10/05/2012;0.80126
11/05/2012;0.80386
14/05/2012;0.79685
15/05/2012;0.79592
16/05/2012;0.79924
17/05/2012;0.80386
18/05/2012;0.80777
21/05/2012;0.80943
22/05/2012;0.80495
23/05/2012;0.80187
24/05/2012;0.79992
25/05/2012;0.79912
28/05/2012;0.79971
29/05/2012;0.79924
30/05/2012;0.79899
31/05/2012;0.8026
01/06/2012;0.80935
04/06/2012;0.81254
05/06/2012;0.80948
06/06/2012;0.8119
07/06/2012;0.80896
08/06/2012;0.80904
11/06/2012;0.80605
12/06/2012;0.80305
13/06/2012;0.80985
14/06/2012;0.81178
15/06/2012;0.80453
18/06/2012;0.80268
19/06/2012;0.8066
20/06/2012;0.80851
21/06/2012;0.80426
22/06/2012;0.80648
25/06/2012;0.8029
26/06/2012;0.79862
27/06/2012;0.80091
28/06/2012;0.80185
29/06/2012;0.80642
02/07/2012;0.80149
03/07/2012;0.80364
04/07/2012;0.80343
05/07/2012;0.79814
06/07/2012;0.79335
09/07/2012;0.79303
10/07/2012;0.78941
11/07/2012;0.78942
12/07/2012;0.791
13/07/2012;0.78647
16/07/2012;0.7849
17/07/2012;0.78529
18/07/2012;0.78464
19/07/2012;0.78097
20/07/2012;0.77828
23/07/2012;0.78138
24/07/2012;0.77789
25/07/2012;0.78443
26/07/2012;0.78301
27/07/2012;0.78244
30/07/2012;0.78045
31/07/2012;0.78475
01/08/2012;0.7869
02/08/2012;0.78506
03/08/2012;0.79186
06/08/2012;0.79477
07/08/2012;0.79374
08/08/2012;0.78983
09/08/2012;0.78691
10/08/2012;0.78337
13/08/2012;0.78629
14/08/2012;0.78599
15/08/2012;0.78361
16/08/2012;0.78538
17/08/2012;0.78585
20/08/2012;0.78587
21/08/2012;0.79007
22/08/2012;0.7889
23/08/2012;0.7921
24/08/2012;0.79139
27/08/2012;0.79138
28/08/2012;0.79422
29/08/2012;0.79142
30/08/2012;0.79228
31/08/2012;0.79309
03/09/2012;0.79268
04/09/2012;0.79179
05/09/2012;0.79233
06/09/2012;0.79275
07/09/2012;0.8006
10/09/2012;0.79794
11/09/2012;0.7999
12/09/2012;0.80094
13/09/2012;0.804
14/09/2012;0.80942
17/09/2012;0.80712
18/09/2012;0.80318
19/09/2012;0.80444
20/09/2012;0.79976
21/09/2012;0.79984
24/09/2012;0.79727
25/09/2012;0.79704
26/09/2012;0.79636
27/09/2012;0.79533
28/09/2012;0.79549
01/10/2012;0.79895
02/10/2012;0.80085
03/10/2012;0.80281
04/10/2012;0.80398
05/10/2012;0.8078
08/10/2012;0.80916
09/10/2012;0.80508
10/10/2012;0.80436
11/10/2012;0.80569
12/10/2012;0.80597
15/10/2012;0.80573
16/10/2012;0.81027
17/10/2012;0.81241
18/10/2012;0.81441
19/10/2012;0.81346
22/10/2012;0.8155
23/10/2012;0.81404
24/10/2012;0.80893
25/10/2012;0.80244
26/10/2012;0.80369
29/10/2012;0.80487
30/10/2012;0.80629
31/10/2012;0.80348
01/11/2012;0.80236
02/11/2012;0.80089
05/11/2012;0.80075
06/11/2012;0.80103
07/11/2012;0.79892
08/11/2012;0.79759
09/11/2012;0.79949
12/11/2012;0.80048
13/11/2012;0.80048
14/11/2012;0.80395
15/11/2012;0.80551
16/11/2012;0.80224
19/11/2012;0.80556
20/11/2012;0.80474
21/11/2012;0.80423
22/11/2012;0.80839
23/11/2012;0.80917
26/11/2012;0.80945
27/11/2012;0.8078
28/11/2012;0.80878
29/11/2012;0.80916
30/11/2012;0.81108
03/12/2012;0.81121
04/12/2012;0.8133
05/12/2012;0.81192
06/12/2012;0.80793
07/12/2012;0.80599
10/12/2012;0.80496
11/12/2012;0.80707
12/12/2012;0.80959
13/12/2012;0.81163
14/12/2012;0.81378
17/12/2012;0.81244
18/12/2012;0.81397
19/12/2012;0.81409
20/12/2012;0.81358
21/12/2012;0.81543
24/12/2012;0.8178
25/12/2012;0.81748
26/12/2012;0.81955
27/12/2012;0.82213
28/12/2012;0.81805
31/12/2012;0.81189
01/01/2013;0.81209
02/01/2013;0.81116
03/01/2013;0.81012
04/01/2013;0.81309
07/01/2013;0.81391
08/01/2013;0.81481
09/01/2013;0.81533
10/01/2013;0.82083
11/01/2013;0.82722
14/01/2013;0.83236
15/01/2013;0.82822
16/01/2013;0.83019
17/01/2013;0.83635
18/01/2013;0.83931
21/01/2013;0.84099
22/01/2013;0.8411
23/01/2013;0.84048
24/01/2013;0.84723
25/01/2013;0.85192
28/01/2013;0.85733
29/01/2013;0.85589
30/01/2013;0.8587
31/01/2013;0.85625
01/02/2013;0.86922
04/02/2013;0.85742
05/02/2013;0.86739
06/02/2013;0.86352
07/02/2013;0.85256
08/02/2013;0.84556
11/02/2013;0.8561
12/02/2013;0.85891
13/02/2013;0.86559
14/02/2013;0.8624
15/02/2013;0.86089
18/02/2013;0.86329
19/02/2013;0.86801
20/02/2013;0.87183
21/02/2013;0.86463
22/02/2013;0.86992
25/02/2013;0.86147
26/02/2013;0.8637
27/02/2013;0.86662
28/02/2013;0.86108
01/03/2013;0.866
04/03/2013;0.86178
05/03/2013;0.86281
06/03/2013;0.86344
07/03/2013;0.87297
08/03/2013;0.87108
11/03/2013;0.87469
12/03/2013;0.87454
13/03/2013;0.8685
14/03/2013;0.86225
15/03/2013;0.86506
18/03/2013;0.85771
19/03/2013;0.85317
20/03/2013;0.85658
21/03/2013;0.85017
22/03/2013;0.85274
25/03/2013;0.84702
26/03/2013;0.84839
27/03/2013;0.8447
28/03/2013;0.84356
29/03/2013;0.84358
01/04/2013;0.84368
02/04/2013;0.8488
03/04/2013;0.84925
04/04/2013;0.84921
05/04/2013;0.84725
08/04/2013;0.85274
09/04/2013;0.85378
10/04/2013;0.8525
11/04/2013;0.85152
12/04/2013;0.8546
15/04/2013;0.85275
16/04/2013;0.85776
17/04/2013;0.85513
18/04/2013;0.85412
19/04/2013;0.85685
22/04/2013;0.85452
23/04/2013;0.85308
24/04/2013;0.85256
25/04/2013;0.84302
26/04/2013;0.84189
29/04/2013;0.8451
30/04/2013;0.84778
01/05/2013;0.84728
02/05/2013;0.84096
03/05/2013;0.84211
06/05/2013;0.84143
07/05/2013;0.84469
08/05/2013;0.84671
09/05/2013;0.84415
10/05/2013;0.84567
13/05/2013;0.8481
14/05/2013;0.84951
15/05/2013;0.8458
16/05/2013;0.84362
17/05/2013;0.84605
20/05/2013;0.8444
21/05/2013;0.85169
22/05/2013;0.85452
23/05/2013;0.8561
24/05/2013;0.85514
27/05/2013;0.85629
28/05/2013;0.8548
29/05/2013;0.85527
30/05/2013;0.85672
31/05/2013;0.85515
03/06/2013;0.8534
04/06/2013;0.85427
05/06/2013;0.84986
06/06/2013;0.84902
07/06/2013;0.84968
10/06/2013;0.85133
11/06/2013;0.85096
12/06/2013;0.85056
13/06/2013;0.85073
14/06/2013;0.84972
17/06/2013;0.85015
18/06/2013;0.85624
19/06/2013;0.8587
20/06/2013;0.85235
21/06/2013;0.85081
24/06/2013;0.84999
25/06/2013;0.84795
26/06/2013;0.84966
27/06/2013;0.8544
28/06/2013;0.85524
01/07/2013;0.8585
02/07/2013;0.85636
03/07/2013;0.8514
04/07/2013;0.85677
05/07/2013;0.86179
08/07/2013;0.8607
09/07/2013;0.85973
10/07/2013;0.86453
11/07/2013;0.86252
12/07/2013;0.86494
15/07/2013;0.86511
16/07/2013;0.86828
17/07/2013;0.86276
18/07/2013;0.86094
19/07/2013;0.86088
22/07/2013;0.85843
23/07/2013;0.86047
24/07/2013;0.86193
25/07/2013;0.86276
26/07/2013;0.86307
29/07/2013;0.86465
30/07/2013;0.87038
31/07/2013;0.87466
01/08/2013;0.87347
02/08/2013;0.8683
05/08/2013;0.86343
06/08/2013;0.86685
07/08/2013;0.861
08/08/2013;0.8611
09/08/2013;0.86065
12/08/2013;0.86018
13/08/2013;0.8585
14/08/2013;0.85514
15/08/2013;0.85333
16/08/2013;0.85283
19/08/2013;0.85217
20/08/2013;0.85642
21/08/2013;0.85297
22/08/2013;0.8568
23/08/2013;0.85945
26/08/2013;0.8584
27/08/2013;0.86151
28/08/2013;0.8591
29/08/2013;0.85402
30/08/2013;0.85287
02/09/2013;0.84885
03/09/2013;0.84653
04/09/2013;0.84523
05/09/2013;0.8416
06/09/2013;0.84308
09/09/2013;0.84451
10/09/2013;0.84331
11/09/2013;0.84155
12/09/2013;0.84141
13/09/2013;0.83735
16/09/2013;0.83882
17/09/2013;0.8399
18/09/2013;0.83745
19/09/2013;0.844
20/09/2013;0.84499
23/09/2013;0.8411
24/09/2013;0.8419
25/09/2013;0.8411
26/09/2013;0.84088
27/09/2013;0.8378
30/09/2013;0.83561
01/10/2013;0.8352
02/10/2013;0.837
03/10/2013;0.84293
04/10/2013;0.84679
07/10/2013;0.8437
08/10/2013;0.84393
09/10/2013;0.84773
10/10/2013;0.8467
11/10/2013;0.84899
14/10/2013;0.84848
15/10/2013;0.8454
16/10/2013;0.84844
17/10/2013;0.846
18/10/2013;0.8466
21/10/2013;0.8472
22/10/2013;0.84887
23/10/2013;0.85229
24/10/2013;0.85186
25/10/2013;0.85395
28/10/2013;0.85399
29/10/2013;0.85665
30/10/2013;0.85641
31/10/2013;0.84695
01/11/2013;0.84686
04/11/2013;0.84632
05/11/2013;0.83972
06/11/2013;0.8403
07/11/2013;0.83368
08/11/2013;0.83447
11/11/2013;0.83849
12/11/2013;0.84477
13/11/2013;0.83988
14/11/2013;0.83772
15/11/2013;0.83742
18/11/2013;0.83836
19/11/2013;0.83983
20/11/2013;0.8344
21/11/2013;0.83222
22/11/2013;0.83553
25/11/2013;0.8367
26/11/2013;0.83698
27/11/2013;0.83376
28/11/2013;0.83255
29/11/2013;0.83028
02/12/2013;0.8279
03/12/2013;0.82915
04/12/2013;0.8297
05/12/2013;0.83677
06/12/2013;0.83833
09/12/2013;0.83623
10/12/2013;0.8368
11/12/2013;0.84195
12/12/2013;0.84118
13/12/2013;0.84335
16/12/2013;0.84435
17/12/2013;0.84652
18/12/2013;0.83487
19/12/2013;0.83445
20/12/2013;0.83685
23/12/2013;0.83735
24/12/2013;0.83521
25/12/2013;0.83658
26/12/2013;0.83421
27/12/2013;0.83395
30/12/2013;0.83639
31/12/2013;0.8302
01/01/2014;0.83034
02/01/2014;0.83096
03/01/2014;0.82755
06/01/2014;0.83069
07/01/2014;0.83009
08/01/2014;0.82535
09/01/2014;0.8257
10/01/2014;0.82941
13/01/2014;0.83443
14/01/2014;0.8321
15/01/2014;0.83107
16/01/2014;0.83281
17/01/2014;0.82449
20/01/2014;0.82492
21/01/2014;0.82291
22/01/2014;0.81736
23/01/2014;0.82318
24/01/2014;0.82996
27/01/2014;0.82449
28/01/2014;0.82452
29/01/2014;0.82482
30/01/2014;0.82222
31/01/2014;0.82042
03/02/2014;0.8295
04/02/2014;0.82807
05/02/2014;0.82975
06/02/2014;0.83267
07/02/2014;0.83091
10/02/2014;0.83188
11/02/2014;0.829
12/02/2014;0.81906
13/02/2014;0.82114
14/02/2014;0.81765
17/02/2014;0.82008
18/02/2014;0.82472
19/02/2014;0.82336
20/02/2014;0.82382
21/02/2014;0.82669
24/02/2014;0.8246
25/02/2014;0.82393
26/02/2014;0.821
27/02/2014;0.8216
28/02/2014;0.82434
03/03/2014;0.82407
04/03/2014;0.82467
05/03/2014;0.82127
06/03/2014;0.828
07/03/2014;0.8301
10/03/2014;0.83368
11/03/2014;0.83411
12/03/2014;0.83661
13/03/2014;0.83434
14/03/2014;0.83568
17/03/2014;0.83682
18/03/2014;0.83979
19/03/2014;0.8363
20/03/2014;0.8349
21/03/2014;0.8367
24/03/2014;0.8388
25/03/2014;0.83644
26/03/2014;0.83116
27/03/2014;0.82721
28/03/2014;0.82649
31/03/2014;0.82636
01/04/2014;0.82941
02/04/2014;0.82804
03/04/2014;0.8266
04/04/2014;0.82678
07/04/2014;0.82739
08/04/2014;0.82385
09/04/2014;0.82503
10/04/2014;0.82739
11/04/2014;0.82983
14/04/2014;0.8262
15/04/2014;0.82573
16/04/2014;0.82252
17/04/2014;0.82254
18/04/2014;0.82293
21/04/2014;0.8214
22/04/2014;0.82048
23/04/2014;0.82334
24/04/2014;0.82322
25/04/2014;0.82329
28/04/2014;0.82414
29/04/2014;0.82084
30/04/2014;0.8219
01/05/2014;0.82104
02/05/2014;0.82218
05/05/2014;0.82265
06/05/2014;0.82048
07/05/2014;0.8205
08/05/2014;0.81736
09/05/2014;0.8165
12/05/2014;0.8156
13/05/2014;0.81446
14/05/2014;0.81793
15/05/2014;0.81652
16/05/2014;0.81446
19/05/2014;0.81533
20/05/2014;0.81371
21/05/2014;0.80989
22/05/2014;0.8095
23/05/2014;0.80973
26/05/2014;0.8102
27/05/2014;0.81109
28/05/2014;0.81331
29/05/2014;0.81365
30/05/2014;0.8137
02/06/2014;0.81192
03/06/2014;0.81365
04/06/2014;0.8125
05/06/2014;0.81212
06/06/2014;0.81205
09/06/2014;0.80896
10/06/2014;0.80842
11/06/2014;0.80602
12/06/2014;0.80053
13/06/2014;0.79821
16/06/2014;0.79928
17/06/2014;0.79855
18/06/2014;0.8
19/06/2014;0.79858
20/06/2014;0.79933
23/06/2014;0.79895
24/06/2014;0.80105
25/06/2014;0.80246
26/06/2014;0.79941
27/06/2014;0.80111
30/06/2014;0.80045
01/07/2014;0.79765
02/07/2014;0.79575
03/07/2014;0.7934
04/07/2014;0.7922
07/07/2014;0.79432
08/07/2014;0.79455
09/07/2014;0.79509
10/07/2014;0.79435
11/07/2014;0.79506
14/07/2014;0.79721
15/07/2014;0.7915
16/07/2014;0.78926
17/07/2014;0.79097
18/07/2014;0.79158
21/07/2014;0.79199
22/07/2014;0.78911
23/07/2014;0.78992
24/07/2014;0.79261
25/07/2014;0.79108
28/07/2014;0.79131
29/07/2014;0.79138
30/07/2014;0.7921
31/07/2014;0.79299
01/08/2014;0.79845
04/08/2014;0.79594
05/08/2014;0.79219
06/08/2014;0.79404
07/08/2014;0.79388
08/08/2014;0.79941
11/08/2014;0.79736
12/08/2014;0.79524
13/08/2014;0.80079
14/08/2014;0.80094
15/08/2014;0.8028
18/08/2014;0.79887
19/08/2014;0.80158
20/08/2014;0.799
21/08/2014;0.80103
22/08/2014;0.7991
25/08/2014;0.79571
26/08/2014;0.79606
27/08/2014;0.79587
28/08/2014;0.79477
29/08/2014;0.79121
01/09/2014;0.79052
02/09/2014;0.79742
03/09/2014;0.79888
04/09/2014;0.7926
05/09/2014;0.79326
08/09/2014;0.80071
09/09/2014;0.80329
10/09/2014;0.79679
11/09/2014;0.7951
12/09/2014;0.79691
15/09/2014;0.79722
16/09/2014;0.79628
17/09/2014;0.79046
18/09/2014;0.78808
19/09/2014;0.78763
22/09/2014;0.78534
23/09/2014;0.78388
24/09/2014;0.78215
25/09/2014;0.78144
26/09/2014;0.78076
29/09/2014;0.7811
30/09/2014;0.77907
01/10/2014;0.7799
02/10/2014;0.78466
03/10/2014;0.78363
06/10/2014;0.78683
07/10/2014;0.7871
08/10/2014;0.7876
09/10/2014;0.78739
10/10/2014;0.78538
13/10/2014;0.79282
14/10/2014;0.79597
15/10/2014;0.80133
16/10/2014;0.7962
17/10/2014;0.79284
20/10/2014;0.79186
21/10/2014;0.78923
22/10/2014;0.78806
23/10/2014;0.78892
24/10/2014;0.78754
27/10/2014;0.78775
28/10/2014;0.78943
29/10/2014;0.78887
30/10/2014;0.78826
31/10/2014;0.78298
03/11/2014;0.78152
04/11/2014;0.78404
05/11/2014;0.78154
06/11/2014;0.78161
07/11/2014;0.7848
10/11/2014;0.78399
11/11/2014;0.78366
12/11/2014;0.7883
13/11/2014;0.79408
14/11/2014;0.79937
17/11/2014;0.79595
18/11/2014;0.80184
19/11/2014;0.80051
20/11/2014;0.79906
21/11/2014;0.79136
24/11/2014;0.79214
25/11/2014;0.79403
26/11/2014;0.7919
27/11/2014;0.79232
28/11/2014;0.79576
01/12/2014;0.7928
02/12/2014;0.7919
03/12/2014;0.78482
04/12/2014;0.78979
05/12/2014;0.78835
08/12/2014;0.78694
09/12/2014;0.78974
10/12/2014;0.79208
11/12/2014;0.78892
12/12/2014;0.7928
15/12/2014;0.79534
16/12/2014;0.79437
17/12/2014;0.79242
18/12/2014;0.78414
19/12/2014;0.78253
22/12/2014;0.78444
23/12/2014;0.78433
24/12/2014;0.78391
25/12/2014;0.7852
26/12/2014;0.78298
29/12/2014;0.78326
30/12/2014;0.78122
31/12/2014;0.77652
01/01/2015;0.77669
02/01/2015;0.78302
05/01/2015;0.78249
06/01/2015;0.78475
07/01/2015;0.7835
08/01/2015;0.78145
09/01/2015;0.7811
12/01/2015;0.77991
13/01/2015;0.77661
14/01/2015;0.77389
15/01/2015;0.76609
16/01/2015;0.76362
19/01/2015;0.76798
20/01/2015;0.7626
21/01/2015;0.7667
22/01/2015;0.75721
23/01/2015;0.74766
26/01/2015;0.74528
27/01/2015;0.74885
28/01/2015;0.74553
29/01/2015;0.7513
30/01/2015;0.74955
02/02/2015;0.7541
03/02/2015;0.75692
04/02/2015;0.74733
05/02/2015;0.74869
06/02/2015;0.74231
09/02/2015;0.74425
10/02/2015;0.74216
11/02/2015;0.74391
12/02/2015;0.74123
13/02/2015;0.73986
16/02/2015;0.7391
17/02/2015;0.74328
18/02/2015;0.73826
19/02/2015;0.73744
20/02/2015;0.73896
23/02/2015;0.7333
24/02/2015;0.73379
25/02/2015;0.73162
26/02/2015;0.72687
27/02/2015;0.72536
02/03/2015;0.72786
03/03/2015;0.72763
04/03/2015;0.72574
05/03/2015;0.72375
06/03/2015;0.72086
09/03/2015;0.71732
10/03/2015;0.70994
11/03/2015;0.70641
12/03/2015;0.71466
13/03/2015;0.71189
16/03/2015;0.71272
17/03/2015;0.71853
18/03/2015;0.72541
19/03/2015;0.72256
20/03/2015;0.72359
23/03/2015;0.73203
24/03/2015;0.73566
25/03/2015;0.73717
26/03/2015;0.733
27/03/2015;0.7321
30/03/2015;0.73145
31/03/2015;0.7243
01/04/2015;0.72613
02/04/2015;0.73381
03/04/2015;0.73545
06/04/2015;0.73406
07/04/2015;0.73031
08/04/2015;0.7251
09/04/2015;0.72457
10/04/2015;0.72457
13/04/2015;0.72003
14/04/2015;0.72081
15/04/2015;0.71984
16/04/2015;0.72059
17/04/2015;0.72215
20/04/2015;0.72032
21/04/2015;0.71925
22/04/2015;0.71332
23/04/2015;0.71885
24/04/2015;0.716
27/04/2015;0.71473
28/04/2015;0.7159
29/04/2015;0.72088
30/04/2015;0.73109
01/05/2015;0.73929
04/05/2015;0.73719
05/05/2015;0.73685
06/05/2015;0.74415
07/05/2015;0.73899
08/05/2015;0.72512
11/05/2015;0.71572
12/05/2015;0.71554
13/05/2015;0.72115
14/05/2015;0.72326
15/05/2015;0.7279
18/05/2015;0.72284
19/05/2015;0.71885
20/05/2015;0.71417
21/05/2015;0.70949
22/05/2015;0.71111
25/05/2015;0.7096
26/05/2015;0.70675
27/05/2015;0.71014
28/05/2015;0.71475
29/05/2015;0.71863
01/06/2015;0.71887
02/06/2015;0.72672
03/06/2015;0.73496
04/06/2015;0.73145
05/06/2015;0.72781
08/06/2015;0.73567
09/06/2015;0.73336
10/06/2015;0.7292
11/06/2015;0.72546
12/06/2015;0.72405
15/06/2015;0.72324
16/06/2015;0.71879
17/06/2015;0.71605
18/06/2015;0.7154
19/06/2015;0.71483
22/06/2015;0.71663
23/06/2015;0.70998
24/06/2015;0.71344
25/06/2015;0.71135
26/06/2015;0.70924
29/06/2015;0.71403
30/06/2015;0.70961
01/07/2015;0.70784
02/07/2015;0.71018
03/07/2015;0.71382
06/07/2015;0.7085
07/07/2015;0.71216
08/07/2015;0.72105
09/07/2015;0.7175
10/07/2015;0.71925
13/07/2015;0.71046
14/07/2015;0.70403
15/07/2015;0.70001
16/07/2015;0.69666
17/07/2015;0.69446
20/07/2015;0.69557
21/07/2015;0.70301
22/07/2015;0.69996
23/07/2015;0.70799
24/07/2015;0.70805
27/07/2015;0.71265
28/07/2015;0.70834
29/07/2015;0.70412
30/07/2015;0.70079
31/07/2015;0.7031
03/08/2015;0.70259
04/08/2015;0.6992
05/08/2015;0.69893
06/08/2015;0.70422
07/08/2015;0.70763
10/08/2015;0.70672
11/08/2015;0.70911
12/08/2015;0.71486
13/08/2015;0.71415
14/08/2015;0.71033
17/08/2015;0.7107
18/08/2015;0.70393
19/08/2015;0.70902
20/08/2015;0.71643
21/08/2015;0.72545
24/08/2015;0.73654
25/08/2015;0.73418
26/08/2015;0.7317
27/08/2015;0.73
28/08/2015;0.72678
31/08/2015;0.73059
01/09/2015;0.73932
02/09/2015;0.73377
03/09/2015;0.729
04/09/2015;0.73461
07/09/2015;0.73118
08/09/2015;0.72764
09/09/2015;0.72924
10/09/2015;0.73036
11/09/2015;0.73498
14/09/2015;0.73358
15/09/2015;0.73447
16/09/2015;0.72869
17/09/2015;0.73349
18/09/2015;0.72708
21/09/2015;0.72148
22/09/2015;0.72371
23/09/2015;0.73372
24/09/2015;0.73675
25/09/2015;0.73799
28/09/2015;0.74108
29/09/2015;0.74257
30/09/2015;0.73877
01/10/2015;0.73984
02/10/2015;0.73821
05/10/2015;0.7387
06/10/2015;0.74035
07/10/2015;0.73361
08/10/2015;0.73478
09/10/2015;0.74159
12/10/2015;0.74004
13/10/2015;0.74625
14/10/2015;0.74132
15/10/2015;0.73636
16/10/2015;0.7351
19/10/2015;0.73249
20/10/2015;0.73462
21/10/2015;0.73538
22/10/2015;0.72165
23/10/2015;0.71944
26/10/2015;0.72028
27/10/2015;0.72221
28/10/2015;0.71562
29/10/2015;0.71699
30/10/2015;0.71328
02/11/2015;0.71452
03/11/2015;0.71104
04/11/2015;0.70626
05/11/2015;0.71566
06/11/2015;0.71369
09/11/2015;0.71127
10/11/2015;0.70938
11/11/2015;0.70621
12/11/2015;0.70989
13/11/2015;0.70659
16/11/2015;0.70295
17/11/2015;0.69955
18/11/2015;0.69962
19/11/2015;0.702
20/11/2015;0.70092
23/11/2015;0.70325
24/11/2015;0.70562
25/11/2015;0.70224
26/11/2015;0.70258
27/11/2015;0.70464
30/11/2015;0.70175
01/12/2015;0.70503
02/12/2015;0.70995
03/12/2015;0.72232
04/12/2015;0.71986
07/12/2015;0.71981
08/12/2015;0.72572
09/12/2015;0.72609
10/12/2015;0.72169
11/12/2015;0.72243
14/12/2015;0.72594
15/12/2015;0.72673
16/12/2015;0.72729
17/12/2015;0.72648
18/12/2015;0.72946
21/12/2015;0.73327
22/12/2015;0.73892
23/12/2015;0.73374
24/12/2015;0.73535
25/12/2015;0.733
28/12/2015;0.73706
29/12/2015;0.73699
30/12/2015;0.73788
31/12/2015;0.73701
01/01/2016;0.7375
04/01/2016;0.73594
05/01/2016;0.73245
06/01/2016;0.73685
07/01/2016;0.74782
08/01/2016;0.75262
11/01/2016;0.74672
12/01/2016;0.75157
13/01/2016;0.75496
14/01/2016;0.75388
15/01/2016;0.76561
18/01/2016;0.76475
19/01/2016;0.77046
20/01/2016;0.76743
21/01/2016;0.76466
22/01/2016;0.75708
25/01/2016;0.76144
26/01/2016;0.75748
27/01/2016;0.7653
28/01/2016;0.7618
29/01/2016;0.76082
01/02/2016;0.75441
02/02/2016;0.75775
03/02/2016;0.76041
04/02/2016;0.76828
05/02/2016;0.76895
08/02/2016;0.77558
09/02/2016;0.78026
10/02/2016;0.77753
11/02/2016;0.78221
12/02/2016;0.77615
15/02/2016;0.77263
16/02/2016;0.77894
17/02/2016;0.77859
18/02/2016;0.77469
19/02/2016;0.77286
22/02/2016;0.77948
23/02/2016;0.7859
24/02/2016;0.79091
25/02/2016;0.7892
26/02/2016;0.78817
29/02/2016;0.78128
01/03/2016;0.77891
02/03/2016;0.77193
03/03/2016;0.77287
04/03/2016;0.77319
07/03/2016;0.77213
08/03/2016;0.77461
09/03/2016;0.77375
10/03/2016;0.78268
11/03/2016;0.77531
14/03/2016;0.7763
15/03/2016;0.78508
16/03/2016;0.78717
17/03/2016;0.78147
18/03/2016;0.77836
21/03/2016;0.78234
22/03/2016;0.78953
23/03/2016;0.79209
24/03/2016;0.78956
25/03/2016;0.79049
28/03/2016;0.78541
29/03/2016;0.78497
30/03/2016;0.78856
31/03/2016;0.79257
01/04/2016;0.80078
04/04/2016;0.79848
05/04/2016;0.80387
06/04/2016;0.80714
07/04/2016;0.80935
08/04/2016;0.80674
11/04/2016;0.8011
12/04/2016;0.79766
13/04/2016;0.79374
14/04/2016;0.79607
15/04/2016;0.79441
18/04/2016;0.79235
19/04/2016;0.78885
20/04/2016;0.7882
21/04/2016;0.78811
22/04/2016;0.77877
25/04/2016;0.77806
26/04/2016;0.77489
27/04/2016;0.77861
28/04/2016;0.77728
29/04/2016;0.78365
02/05/2016;0.78611
03/05/2016;0.79099
04/05/2016;0.79245
05/05/2016;0.78738
06/05/2016;0.79059
09/05/2016;0.79011
10/05/2016;0.78741
11/05/2016;0.79085
12/05/2016;0.78727
13/05/2016;0.7874
16/05/2016;0.78609
17/05/2016;0.7823
18/05/2016;0.76829
19/05/2016;0.76667
20/05/2016;0.77358
23/05/2016;0.77454
24/05/2016;0.7613
25/05/2016;0.759
26/05/2016;0.76303
27/05/2016;0.76016
30/05/2016;0.76081
31/05/2016;0.7686
01/06/2016;0.77615
02/06/2016;0.77315
03/06/2016;0.78291
06/06/2016;0.78619
07/06/2016;0.7809
08/06/2016;0.78551
09/06/2016;0.7827
10/06/2016;0.78904
13/06/2016;0.79128
14/06/2016;0.79405
15/06/2016;0.79274
16/06/2016;0.79033
17/06/2016;0.78536
20/06/2016;0.77
21/06/2016;0.76728
22/06/2016;0.76827
23/06/2016;0.76532
24/06/2016;0.81274
27/06/2016;0.83368
28/06/2016;0.82935
29/06/2016;0.82865
30/06/2016;0.83432
01/07/2016;0.83869
04/07/2016;0.83921
05/07/2016;0.85055
06/07/2016;0.85832
07/07/2016;0.85689
08/07/2016;0.85245
11/07/2016;0.85096
12/07/2016;0.83504
13/07/2016;0.84355
14/07/2016;0.83328
15/07/2016;0.83661
18/07/2016;0.83551
19/07/2016;0.84066
20/07/2016;0.83371
21/07/2016;0.83329
22/07/2016;0.8372
25/07/2016;0.83674
26/07/2016;0.83675
27/07/2016;0.83633
28/07/2016;0.84157
29/07/2016;0.84462
01/08/2016;0.84704
02/08/2016;0.84029
03/08/2016;0.83671
04/08/2016;0.84914
05/08/2016;0.84835
08/08/2016;0.8503
09/08/2016;0.85494
10/08/2016;0.85907
11/08/2016;0.85957
12/08/2016;0.864
15/08/2016;0.86845
16/08/2016;0.86449
17/08/2016;0.86595
18/08/2016;0.8622
19/08/2016;0.86648
22/08/2016;0.86171
23/08/2016;0.85659
24/08/2016;0.85123
25/08/2016;0.85547
26/08/2016;0.85246
29/08/2016;0.85375
30/08/2016;0.85185
31/08/2016;0.84922
01/09/2016;0.84385
02/09/2016;0.83931
05/09/2016;0.83797
06/09/2016;0.83752
07/09/2016;0.84244
08/09/2016;0.84697
09/09/2016;0.84668
12/09/2016;0.8424
13/09/2016;0.85043
14/09/2016;0.85
15/09/2016;0.8493
16/09/2016;0.85791
19/09/2016;0.85764
20/09/2016;0.85848
21/09/2016;0.85866
22/09/2016;0.85706
23/09/2016;0.86593
26/09/2016;0.86725
27/09/2016;0.86131
28/09/2016;0.86167
29/09/2016;0.86531
30/09/2016;0.86608
03/10/2016;0.87301
04/10/2016;0.88026
05/10/2016;0.879
06/10/2016;0.88384
07/10/2016;0.90005
10/10/2016;0.90104
11/10/2016;0.91182
12/10/2016;0.90152
13/10/2016;0.90216
14/10/2016;0.90036
17/10/2016;0.90284
18/10/2016;0.89291
19/10/2016;0.89316
20/10/2016;0.89195
21/10/2016;0.89002
24/10/2016;0.88923
25/10/2016;0.89342
26/10/2016;0.89073
27/10/2016;0.89579
28/10/2016;0.90043
31/10/2016;0.89685
01/11/2016;0.90297
02/11/2016;0.90209
03/11/2016;0.89121
04/11/2016;0.89001
07/11/2016;0.89063
08/11/2016;0.89064
09/11/2016;0.87946
10/11/2016;0.86765
11/11/2016;0.86246
14/11/2016;0.85962
15/11/2016;0.86083
16/11/2016;0.8592
17/11/2016;0.85571
18/11/2016;0.8578
21/11/2016;0.85079
22/11/2016;0.85527
23/11/2016;0.84824
24/11/2016;0.84769
25/11/2016;0.84966
28/11/2016;0.85471
29/11/2016;0.85246
30/11/2016;0.84671
01/12/2016;0.84673
02/12/2016;0.83895
05/12/2016;0.84534
06/12/2016;0.84543
07/12/2016;0.85174
08/12/2016;0.84333
09/12/2016;0.83881
12/12/2016;0.8388
13/12/2016;0.83945
14/12/2016;0.8386
15/12/2016;0.83859
16/12/2016;0.83738
19/12/2016;0.83911
20/12/2016;0.83985
21/12/2016;0.84381
22/12/2016;0.84985
23/12/2016;0.85171
26/12/2016;0.85132
27/12/2016;0.85221
28/12/2016;0.85155
29/12/2016;0.85561
30/12/2016;0.85352
02/01/2017;0.85166
03/01/2017;0.85028
04/01/2017;0.85115
05/01/2017;0.85406
06/01/2017;0.85735
09/01/2017;0.8694
10/01/2017;0.8667
11/01/2017;0.86656
12/01/2017;0.87258
13/01/2017;0.87165
16/01/2017;0.87985
17/01/2017;0.8629
18/01/2017;0.86698
19/01/2017;0.86403
20/01/2017;0.86517
23/01/2017;0.85883
24/01/2017;0.85715
25/01/2017;0.85071
26/01/2017;0.84797
27/01/2017;0.85259
30/01/2017;0.85659
31/01/2017;0.85837
01/02/2017;0.85091
02/02/2017;0.85883
03/02/2017;0.864
06/02/2017;0.86225
07/02/2017;0.8538
08/02/2017;0.8531
09/02/2017;0.85259
10/02/2017;0.85126
13/02/2017;0.84607
14/02/2017;0.84825
15/02/2017;0.85071
16/02/2017;0.85457
17/02/2017;0.85609
20/02/2017;0.8517
21/02/2017;0.84483
22/02/2017;0.84809
23/02/2017;0.84279
24/02/2017;0.84769
27/02/2017;0.8509
28/02/2017;0.85427
01/03/2017;0.85793
02/03/2017;0.85646
03/03/2017;0.86318
06/03/2017;0.86482
07/03/2017;0.86614
08/03/2017;0.86632
09/03/2017;0.86951
10/03/2017;0.8776
13/03/2017;0.8719
14/03/2017;0.87255
15/03/2017;0.87328
16/03/2017;0.87098
17/03/2017;0.86625
20/03/2017;0.86899
21/03/2017;0.8663
22/03/2017;0.86485
23/03/2017;0.86124
24/03/2017;0.86565
27/03/2017;0.86503
28/03/2017;0.86845
29/03/2017;0.86583
30/03/2017;0.8562
31/03/2017;0.84852
03/04/2017;0.85447
04/04/2017;0.858
05/04/2017;0.85421
06/04/2017;0.85366
07/04/2017;0.85553
10/04/2017;0.85351
11/04/2017;0.84901
12/04/2017;0.85055
13/04/2017;0.84892
14/04/2017;0.84784
17/04/2017;0.84696
18/04/2017;0.83558
19/04/2017;0.8383
20/04/2017;0.83636
21/04/2017;0.83783
24/04/2017;0.84934
25/04/2017;0.85089
26/04/2017;0.84869
27/04/2017;0.84256
28/04/2017;0.84134
01/05/2017;0.84579
02/05/2017;0.8448
03/05/2017;0.84596
04/05/2017;0.84997
05/05/2017;0.84733
08/05/2017;0.84418
09/05/2017;0.84068
10/05/2017;0.84001
11/05/2017;0.84284
12/05/2017;0.84763
15/05/2017;0.85102
16/05/2017;0.85791
17/05/2017;0.86036
18/05/2017;0.85802
19/05/2017;0.85963
22/05/2017;0.86439
23/05/2017;0.86281
24/05/2017;0.86461
25/05/2017;0.86613
26/05/2017;0.8731
29/05/2017;0.86948
30/05/2017;0.86992
31/05/2017;0.87229
01/06/2017;0.87044
02/06/2017;0.87558
05/06/2017;0.87206
06/06/2017;0.87344
07/06/2017;0.86871
08/06/2017;0.86573
09/06/2017;0.87818
12/06/2017;0.88504
13/06/2017;0.87896
14/06/2017;0.87973
15/06/2017;0.87365
16/06/2017;0.87595
19/06/2017;0.87523
20/06/2017;0.8816
21/06/2017;0.88136
22/06/2017;0.8794
23/06/2017;0.8799
26/06/2017;0.87891
27/06/2017;0.88475
28/06/2017;0.8802
29/06/2017;0.87962
30/06/2017;0.8771
03/07/2017;0.87817
04/07/2017;0.87814
05/07/2017;0.8777
06/07/2017;0.88061
07/07/2017;0.88461
10/07/2017;0.88499
11/07/2017;0.89255
12/07/2017;0.88574
13/07/2017;0.88094
14/07/2017;0.8754
17/07/2017;0.87925
18/07/2017;0.88601
19/07/2017;0.88419
20/07/2017;0.89663
21/07/2017;0.89739
24/07/2017;0.89355
25/07/2017;0.89426
26/07/2017;0.8943
27/07/2017;0.89375
28/07/2017;0.89465
31/07/2017;0.89608
01/08/2017;0.89389
02/08/2017;0.89657
03/08/2017;0.90349
04/08/2017;0.9027
07/08/2017;0.90496
08/08/2017;0.90458
09/08/2017;0.90426
10/08/2017;0.90716
11/08/2017;0.90849
14/08/2017;0.90867
15/08/2017;0.91187
16/08/2017;0.91281
17/08/2017;0.91105
18/08/2017;0.91348
21/08/2017;0.91599
22/08/2017;0.91721
23/08/2017;0.92243
24/08/2017;0.9218
25/08/2017;0.92548
28/08/2017;0.92626
29/08/2017;0.92674
30/08/2017;0.91945
31/08/2017;0.9211
01/09/2017;0.91587
04/09/2017;0.92015
05/09/2017;0.91412
06/09/2017;0.91373
07/09/2017;0.9177
08/09/2017;0.91189
11/09/2017;0.90808
12/09/2017;0.90092
13/09/2017;0.89978
14/09/2017;0.88962
15/09/2017;0.87889
18/09/2017;0.88565
19/09/2017;0.88807
20/09/2017;0.88129
21/09/2017;0.87922
22/09/2017;0.885
25/09/2017;0.8798
26/09/2017;0.87626
27/09/2017;0.87736
28/09/2017;0.87683
29/09/2017;0.882
02/10/2017;0.88378
03/10/2017;0.88712
04/10/2017;0.88764
05/10/2017;0.89274
06/10/2017;0.89814
09/10/2017;0.89345
10/10/2017;0.89433
11/10/2017;0.89685
12/10/2017;0.89191
13/10/2017;0.88977
16/10/2017;0.8901
17/10/2017;0.89205
18/10/2017;0.89262
19/10/2017;0.90068
20/10/2017;0.89312
23/10/2017;0.89021
24/10/2017;0.89556
25/10/2017;0.89087
26/10/2017;0.88536
27/10/2017;0.88418
30/10/2017;0.88211
31/10/2017;0.87674
01/11/2017;0.87723
02/11/2017;0.89274
03/11/2017;0.88771
06/11/2017;0.88146
07/11/2017;0.88003
08/11/2017;0.884
09/11/2017;0.88556
10/11/2017;0.88414
13/11/2017;0.8896
14/11/2017;0.8961
15/11/2017;0.89517
16/11/2017;0.89208
17/11/2017;0.89227
20/11/2017;0.88648
21/11/2017;0.88671
22/11/2017;0.88713
23/11/2017;0.89051
24/11/2017;0.89473
27/11/2017;0.89341
28/11/2017;0.88766
29/11/2017;0.88354
30/11/2017;0.88021
01/12/2017;0.8829
04/12/2017;0.88027
05/12/2017;0.87969
06/12/2017;0.88076
07/12/2017;0.87374
08/12/2017;0.87916
11/12/2017;0.88228
12/12/2017;0.88162
13/12/2017;0.88122
14/12/2017;0.87696
15/12/2017;0.88208
18/12/2017;0.88033
19/12/2017;0.88442
20/12/2017;0.88748
21/12/2017;0.88702
22/12/2017;0.88573
