24/11/2000;47.2188
27/11/2000;46.5625
28/11/2000;46.5313
29/11/2000;44.4688
30/11/2000;44
01/12/2000;44.4063
04/12/2000;45.3438
05/12/2000;44.1875
06/12/2000;43.125
07/12/2000;44
08/12/2000;44.25
11/12/2000;42.875
12/12/2000;43.2813
13/12/2000;43.8438
14/12/2000;42.75
15/12/2000;42.0625
18/12/2000;43.1875
19/12/2000;43.5938
20/12/2000;42.5938
21/12/2000;42.375
22/12/2000;43.4063
26/12/2000;44.2813
27/12/2000;43.875
28/12/2000;43.4375
29/12/2000;43.4688
02/01/2001;44.5625
03/01/2001;42.625
04/01/2001;41.4375
05/01/2001;41.625
08/01/2001;41.4375
09/01/2001;41
10/01/2001;40.5
11/01/2001;40.875
12/01/2001;41.4063
16/01/2001;40.9063
17/01/2001;40.125
18/01/2001;39.5625
19/01/2001;39.7188
22/01/2001;40.125
23/01/2001;40.9063
24/01/2001;40.8125
25/01/2001;41.25
26/01/2001;40.5
29/01/2001;40.1
30/01/2001;40.99
31/01/2001;42.075
01/02/2001;41.745
02/02/2001;41.495
05/02/2001;42.4
06/02/2001;42.17
07/02/2001;42.18
08/02/2001;42.25
09/02/2001;42.93
12/02/2001;42.88
13/02/2001;42.395
14/02/2001;41.965
15/02/2001;41.25
16/02/2001;42.01
20/02/2001;41.9
21/02/2001;41.76
22/02/2001;42.105
23/02/2001;41.75
26/02/2001;41.9
27/02/2001;41.15
28/02/2001;40.525
01/03/2001;40.7
02/03/2001;41.605
05/03/2001;41.925
06/03/2001;41.8
07/03/2001;42.105
08/03/2001;42.925
09/03/2001;42.995
12/03/2001;41.88
13/03/2001;41.65
14/03/2001;41.32
15/03/2001;41.475
16/03/2001;40.85
19/03/2001;40.63
20/03/2001;40.33
21/03/2001;39.905
22/03/2001;38.85
23/03/2001;38.45
26/03/2001;39.125
27/03/2001;40.32
28/03/2001;39.325
29/03/2001;39.145
30/03/2001;40.5
02/04/2001;39.8
03/04/2001;38.95
04/04/2001;39.35
05/04/2001;40.465
06/04/2001;41.05
09/04/2001;41.255
10/04/2001;42
11/04/2001;40.97
12/04/2001;41
16/04/2001;42.275
17/04/2001;42.355
18/04/2001;42.565
19/04/2001;42.225
20/04/2001;42.585
23/04/2001;44
24/04/2001;43.745
25/04/2001;44.545
26/04/2001;44.425
27/04/2001;44.53
30/04/2001;44.3
01/05/2001;44.4
02/05/2001;43.25
03/05/2001;43.05
04/05/2001;43.775
07/05/2001;44.095
08/05/2001;44.37
09/05/2001;44.86
10/05/2001;44.05
11/05/2001;43.82
14/05/2001;44.53
15/05/2001;44.725
16/05/2001;44.75
17/05/2001;44.365
18/05/2001;45.1
21/05/2001;44.375
22/05/2001;44.405
23/05/2001;43.635
24/05/2001;43.965
25/05/2001;44.05
29/05/2001;43.9
30/05/2001;44.435
31/05/2001;44.375
01/06/2001;44.475
04/06/2001;45.415
05/06/2001;45.775
06/06/2001;44.7
07/06/2001;44.59
08/06/2001;44.695
11/06/2001;44.85
12/06/2001;45.06
13/06/2001;44.99
14/06/2001;44.425
15/06/2001;44.45
18/06/2001;44.25
19/06/2001;44.185
20/06/2001;43.865
21/06/2001;44.205
22/06/2001;44.455
25/06/2001;44.26
26/06/2001;44.28
27/06/2001;43.61
28/06/2001;43.41
29/06/2001;43.675
02/07/2001;43.85
03/07/2001;43.67
05/07/2001;43.5
06/07/2001;43.4
09/07/2001;43.36
10/07/2001;42.88
11/07/2001;42.475
12/07/2001;42.725
13/07/2001;42.99
16/07/2001;42.995
17/07/2001;42.65
18/07/2001;42.125
19/07/2001;43.08
20/07/2001;43.36
23/07/2001;42.5
24/07/2001;40.97
25/07/2001;42.13
26/07/2001;42.72
27/07/2001;42.73
30/07/2001;42.41
31/07/2001;41.76
01/08/2001;41.6
02/08/2001;41.73
03/08/2001;41.26
06/08/2001;40.85
07/08/2001;41.38
08/08/2001;41.25
09/08/2001;40.95
10/08/2001;41.35
13/08/2001;41.4
14/08/2001;41.15
15/08/2001;41.5
16/08/2001;41.29
17/08/2001;40.47
20/08/2001;40.75
21/08/2001;40.39
22/08/2001;40.71
23/08/2001;40.89
24/08/2001;41.7
27/08/2001;41.05
28/08/2001;40.51
29/08/2001;40.38
30/08/2001;40.15
31/08/2001;40.15
04/09/2001;40.75
05/09/2001;41.22
06/09/2001;40.9
07/09/2001;40.9
10/09/2001;41.24
17/09/2001;40.15
18/09/2001;39.48
19/09/2001;38.41
20/09/2001;37.02
21/09/2001;35.83
24/09/2001;35.86
25/09/2001;36.28
26/09/2001;36.01
27/09/2001;38.42
28/09/2001;39.4
01/10/2001;39.09
02/10/2001;39.99
03/10/2001;39.84
04/10/2001;40.58
05/10/2001;40.69
08/10/2001;40.94
09/10/2001;41.06
10/10/2001;42.28
11/10/2001;42.09
12/10/2001;42.29
15/10/2001;41.65
16/10/2001;41.75
17/10/2001;41.44
18/10/2001;40.4
19/10/2001;40.54
22/10/2001;41.12
23/10/2001;40.87
24/10/2001;39.86
25/10/2001;40.56
26/10/2001;41.06
29/10/2001;40.68
30/10/2001;39.46
31/10/2001;39.45
01/11/2001;40.49
02/11/2001;39.76
05/11/2001;39.39
06/11/2001;39.47
07/11/2001;39.08
08/11/2001;39.5
09/11/2001;40.25
12/11/2001;40.06
13/11/2001;40.5
14/11/2001;38.7
15/11/2001;37.19
16/11/2001;37.54
19/11/2001;37.01
20/11/2001;37.96
21/11/2001;37.88
23/11/2001;38.44
26/11/2001;37.77
27/11/2001;37.35
28/11/2001;37.1
29/11/2001;37.45
30/11/2001;37.4
03/12/2001;37.66
04/12/2001;38.31
05/12/2001;38.88
06/12/2001;37.33
07/12/2001;38.07
10/12/2001;37.55
11/12/2001;36.81
12/12/2001;37.42
13/12/2001;36.44
14/12/2001;36.86
17/12/2001;37.47
18/12/2001;37.55
19/12/2001;38.35
20/12/2001;38.3
21/12/2001;38.5
24/12/2001;39
26/12/2001;39.6
27/12/2001;39.79
28/12/2001;39.78
31/12/2001;39.3
02/01/2002;39.6
03/01/2002;39.66
04/01/2002;40
07/01/2002;39.65
08/01/2002;39.7
09/01/2002;39.24
10/01/2002;39.39
11/01/2002;38.5
14/01/2002;38.64
15/01/2002;39.3
16/01/2002;38.5
17/01/2002;38.64
18/01/2002;38.4
22/01/2002;38.05
23/01/2002;38.9
24/01/2002;38.8
25/01/2002;39.16
28/01/2002;38.96
29/01/2002;37.95
30/01/2002;38.69
31/01/2002;39.05
01/02/2002;39
04/02/2002;38.35
05/02/2002;38.33
06/02/2002;38.92
07/02/2002;38.3
08/02/2002;38.29
11/02/2002;38.5
12/02/2002;38.4
13/02/2002;38.64
14/02/2002;39
15/02/2002;38.9
19/02/2002;38.77
20/02/2002;38.99
21/02/2002;39.15
22/02/2002;40.72
25/02/2002;41
26/02/2002;40.72
27/02/2002;40.92
28/02/2002;41.3
01/03/2002;42
04/03/2002;42.65
05/03/2002;42.5
06/03/2002;43.21
07/03/2002;42.89
08/03/2002;42.91
11/03/2002;43.49
12/03/2002;44
13/03/2002;43.12
14/03/2002;43.24
15/03/2002;43.61
18/03/2002;43.74
19/03/2002;43.8
20/03/2002;43.53
21/03/2002;43.53
22/03/2002;43.47
25/03/2002;42.85
26/03/2002;43.74
27/03/2002;43.95
28/03/2002;43.83
01/04/2002;43.83
02/04/2002;44.38
03/04/2002;43.69
04/04/2002;43.15
05/04/2002;42.63
08/04/2002;43.24
09/04/2002;42.72
10/04/2002;43.18
11/04/2002;42.4
12/04/2002;41.3
15/04/2002;41.6
16/04/2002;42.28
17/04/2002;42.22
18/04/2002;42.46
19/04/2002;42.52
22/04/2002;41.85
23/04/2002;41.35
24/04/2002;40.3
25/04/2002;40.54
26/04/2002;40
29/04/2002;39.7
30/04/2002;40.17
01/05/2002;40.69
02/05/2002;40.8
03/05/2002;40.59
06/05/2002;39.25
07/05/2002;39.1
08/05/2002;40.01
09/05/2002;39.36
10/05/2002;38.96
13/05/2002;40.01
14/05/2002;40.58
15/05/2002;39.71
16/05/2002;40.27
17/05/2002;40.2
20/05/2002;39.59
21/05/2002;39.77
22/05/2002;40.43
23/05/2002;40.9
24/05/2002;40.23
28/05/2002;39.84
29/05/2002;40.3
30/05/2002;39.35
31/05/2002;39.93
03/06/2002;39.08
04/06/2002;39.23
05/06/2002;39.56
06/06/2002;39.15
07/06/2002;39.42
10/06/2002;39.13
11/06/2002;39.03
12/06/2002;39.7
13/06/2002;39.36
14/06/2002;39.15
17/06/2002;40.03
18/06/2002;39.93
19/06/2002;39.37
20/06/2002;39.74
21/06/2002;39.25
24/06/2002;40
25/06/2002;39.6
26/06/2002;39.45
27/06/2002;40.25
28/06/2002;40.92
01/07/2002;40.65
02/07/2002;40.16
03/07/2002;39.91
05/07/2002;40.52
08/07/2002;40.36
09/07/2002;39.8
10/07/2002;38.23
11/07/2002;37.1
12/07/2002;36.53
15/07/2002;35.75
16/07/2002;35.2
17/07/2002;35.61
18/07/2002;34.75
19/07/2002;32.4
22/07/2002;30.27
23/07/2002;30.92
24/07/2002;33.93
25/07/2002;33.9
26/07/2002;35.09
29/07/2002;36.33
30/07/2002;35.67
31/07/2002;36.76
01/08/2002;33.65
02/08/2002;33.61
05/08/2002;32.5
06/08/2002;33.4
07/08/2002;34.3
08/08/2002;36
09/08/2002;36.1
12/08/2002;35.73
13/08/2002;34.84
14/08/2002;36.39
15/08/2002;37.14
16/08/2002;36.85
19/08/2002;37.16
20/08/2002;36.18
21/08/2002;36.44
22/08/2002;37.03
23/08/2002;36.15
26/08/2002;36.67
27/08/2002;36.9
28/08/2002;35.62
29/08/2002;35.39
30/08/2002;35.45
03/09/2002;33.62
04/09/2002;33.82
05/09/2002;33.77
06/09/2002;34.31
09/09/2002;34
10/09/2002;34.79
11/09/2002;34.6
12/09/2002;33.59
13/09/2002;34.08
16/09/2002;34.4
17/09/2002;33.07
18/09/2002;33.2
19/09/2002;32.36
20/09/2002;32.87
23/09/2002;32.72
24/09/2002;31.95
25/09/2002;32.61
26/09/2002;34.15
27/09/2002;32.82
30/09/2002;31.9
01/10/2002;33.92
02/10/2002;32.65
03/10/2002;33.18
04/10/2002;33.06
07/10/2002;33.19
08/10/2002;32.7
09/10/2002;32.83
10/10/2002;33.79
11/10/2002;34.54
14/10/2002;34.93
15/10/2002;36.3
16/10/2002;35.53
17/10/2002;36.3
18/10/2002;36
21/10/2002;36
22/10/2002;35.18
23/10/2002;35.13
24/10/2002;34.67
25/10/2002;35.11
28/10/2002;34.64
29/10/2002;33.23
30/10/2002;34.08
31/10/2002;33.66
01/11/2002;34.66
04/11/2002;34.26
05/11/2002;35.58
06/11/2002;35.11
07/11/2002;34.48
08/11/2002;34.61
11/11/2002;33.87
12/11/2002;34.04
13/11/2002;33.4
14/11/2002;34.5
15/11/2002;34.85
18/11/2002;34.97
19/11/2002;35.2
20/11/2002;35.24
21/11/2002;34.86
22/11/2002;34.22
25/11/2002;34.6
26/11/2002;33.96
27/11/2002;34.96
29/11/2002;34.8
02/12/2002;34.58
03/12/2002;34.9
04/12/2002;34.77
05/12/2002;34.77
06/12/2002;35.15
09/12/2002;34.51
10/12/2002;35.04
11/12/2002;35.02
12/12/2002;34.88
13/12/2002;35.04
16/12/2002;35.86
17/12/2002;35.52
18/12/2002;35.54
19/12/2002;35.15
20/12/2002;35.7
23/12/2002;35.75
24/12/2002;35.42
26/12/2002;35.32
27/12/2002;34.64
30/12/2002;34.75
31/12/2002;34.94
02/01/2003;35.47
03/01/2003;35.5
06/01/2003;36.38
07/01/2003;35.15
08/01/2003;35
09/01/2003;35.74
10/01/2003;35.24
13/01/2003;35.1
14/01/2003;35.42
15/01/2003;34.93
16/01/2003;35.09
17/01/2003;34.72
21/01/2003;33.92
22/01/2003;33.49
23/01/2003;33.41
24/01/2003;32.69
27/01/2003;31.82
28/01/2003;32.66
29/01/2003;33.85
30/01/2003;33.23
31/01/2003;34.15
03/02/2003;34.63
04/02/2003;34.63
05/02/2003;34.13
06/02/2003;33.61
07/02/2003;33.35
10/02/2003;33.61
11/02/2003;33.37
12/02/2003;32.7
13/02/2003;33.13
14/02/2003;33.44
18/02/2003;33.75
19/02/2003;33.78
20/02/2003;33.63
21/02/2003;34.18
24/02/2003;34
25/02/2003;34.14
26/02/2003;33.84
27/02/2003;33.98
28/02/2003;34.02
03/03/2003;34.46
04/03/2003;34.23
05/03/2003;34.92
06/03/2003;34.56
07/03/2003;34.79
10/03/2003;34.35
11/03/2003;34.57
12/03/2003;34.06
13/03/2003;34.49
14/03/2003;34.39
17/03/2003;35.05
18/03/2003;35.25
19/03/2003;35.59
20/03/2003;35.59
21/03/2003;36
24/03/2003;35.31
25/03/2003;35.67
26/03/2003;35.86
27/03/2003;35.92
28/03/2003;36.03
31/03/2003;34.95
01/04/2003;35.65
02/04/2003;35.7
03/04/2003;35.05
04/04/2003;35.52
07/04/2003;35.05
08/04/2003;34.58
09/04/2003;34.47
10/04/2003;34.68
11/04/2003;34.33
14/04/2003;34.87
15/04/2003;35.05
16/04/2003;34.69
17/04/2003;35.03
21/04/2003;34.87
22/04/2003;35.42
23/04/2003;35.34
24/04/2003;35.13
25/04/2003;34.79
28/04/2003;35.41
29/04/2003;34.83
30/04/2003;35.2
01/05/2003;35.48
02/05/2003;36.04
05/05/2003;35.45
06/05/2003;35.2
07/05/2003;35.41
08/05/2003;35.34
09/05/2003;35.47
12/05/2003;35.55
13/05/2003;35.53
14/05/2003;35.21
15/05/2003;35.29
16/05/2003;35.45
19/05/2003;35.04
20/05/2003;35.32
21/05/2003;35.79
22/05/2003;35.95
23/05/2003;35.98
27/05/2003;36.71
28/05/2003;36.45
29/05/2003;35.97
30/05/2003;36.4
02/06/2003;36.58
03/06/2003;36.98
04/06/2003;37.4
05/06/2003;37.16
06/06/2003;37.34
09/06/2003;37.46
10/06/2003;37.54
11/06/2003;38.2
12/06/2003;38.2
13/06/2003;37.93
16/06/2003;38.31
17/06/2003;37.67
18/06/2003;37.34
19/06/2003;36.88
20/06/2003;36.89
23/06/2003;36.94
24/06/2003;36.9
25/06/2003;36.66
26/06/2003;36.7
27/06/2003;36.37
30/06/2003;35.91
01/07/2003;36.18
02/07/2003;36.28
03/07/2003;36.06
07/07/2003;36.05
08/07/2003;35.65
09/07/2003;35.86
10/07/2003;35.5
11/07/2003;35.6
14/07/2003;35.3
15/07/2003;35.19
16/07/2003;34.92
17/07/2003;35.2
18/07/2003;35.88
21/07/2003;35.38
22/07/2003;35.72
23/07/2003;35.67
24/07/2003;35.25
25/07/2003;35.76
28/07/2003;35.75
29/07/2003;35.43
30/07/2003;35.32
31/07/2003;35.58
01/08/2003;35.33
04/08/2003;35.61
05/08/2003;35.35
06/08/2003;35.75
07/08/2003;36.25
08/08/2003;36.52
11/08/2003;36.52
12/08/2003;36.71
13/08/2003;36.5
14/08/2003;36.94
15/08/2003;36.83
18/08/2003;36.92
19/08/2003;36.68
20/08/2003;36.8
21/08/2003;37.05
22/08/2003;36.53
25/08/2003;36.77
26/08/2003;36.83
27/08/2003;37.25
28/08/2003;37.55
29/08/2003;37.7
02/09/2003;37.97
03/09/2003;38.08
04/09/2003;38.16
05/09/2003;37.97
08/09/2003;38.47
09/09/2003;38.11
10/09/2003;38
11/09/2003;38
12/09/2003;37.73
15/09/2003;37.51
16/09/2003;37.71
17/09/2003;36.84
18/09/2003;37.08
19/09/2003;36.99
22/09/2003;36.72
23/09/2003;37.06
24/09/2003;36.9
25/09/2003;37.15
26/09/2003;36.78
29/09/2003;37.02
30/09/2003;36.6
01/10/2003;37.35
02/10/2003;37.56
03/10/2003;37.75
06/10/2003;38.09
07/10/2003;38.34
08/10/2003;38.04
09/10/2003;37.95
10/10/2003;38.3
13/10/2003;38.48
14/10/2003;38.74
15/10/2003;38.49
16/10/2003;38.91
17/10/2003;38.66
20/10/2003;38.62
21/10/2003;38.35
22/10/2003;37.35
23/10/2003;37.6
24/10/2003;37.85
27/10/2003;37.74
28/10/2003;38
29/10/2003;37.81
30/10/2003;36.3
31/10/2003;36.58
03/11/2003;36.68
04/11/2003;36.32
05/11/2003;36.03
06/11/2003;35.92
07/11/2003;35.56
10/11/2003;35.76
11/11/2003;36.05
12/11/2003;36.02
13/11/2003;36.26
14/11/2003;36
17/11/2003;35.6
18/11/2003;35.15
19/11/2003;35.44
20/11/2003;35.31
21/11/2003;35.34
24/11/2003;35.56
25/11/2003;35.82
26/11/2003;36.28
28/11/2003;36.2
01/12/2003;36.39
02/12/2003;36.5
03/12/2003;36.54
04/12/2003;37.02
05/12/2003;36.78
08/12/2003;37.4
09/12/2003;37.64
10/12/2003;37.79
11/12/2003;37.91
12/12/2003;38.06
15/12/2003;37.8
16/12/2003;38.47
17/12/2003;38.88
18/12/2003;39.41
19/12/2003;39.6
22/12/2003;39.47
23/12/2003;39.75
24/12/2003;39.83
26/12/2003;40.05
29/12/2003;40.58
30/12/2003;40.68
31/12/2003;41
02/01/2004;40.63
05/01/2004;41.58
06/01/2004;41.3
07/01/2004;41
08/01/2004;40.9
09/01/2004;40.29
12/01/2004;40.86
13/01/2004;40.68
14/01/2004;40.68
15/01/2004;40.28
16/01/2004;40.5
20/01/2004;40.88
21/01/2004;41.43
22/01/2004;41.28
23/01/2004;41.04
26/01/2004;41.55
27/01/2004;41.19
28/01/2004;40.81
29/01/2004;41.47
30/01/2004;40.79
02/02/2004;40.69
03/02/2004;40.41
04/02/2004;40.35
05/02/2004;40.38
06/02/2004;40.51
09/02/2004;40.73
10/02/2004;41.09
11/02/2004;41.92
12/02/2004;41.91
13/02/2004;41.91
17/02/2004;42.23
18/02/2004;41.8
19/02/2004;41.95
20/02/2004;42.03
23/02/2004;42.58
24/02/2004;42.31
25/02/2004;42.65
26/02/2004;42.31
27/02/2004;42.17
01/03/2004;42.52
02/03/2004;42.04
03/03/2004;41.9
04/03/2004;41.75
05/03/2004;42.49
08/03/2004;42.56
09/03/2004;42.78
10/03/2004;42.43
11/03/2004;41.35
12/03/2004;42.03
15/03/2004;41.78
16/03/2004;42.07
17/03/2004;42.24
18/03/2004;42.46
19/03/2004;41.5
22/03/2004;40.94
23/03/2004;40.76
24/03/2004;40.1
25/03/2004;40.25
26/03/2004;40.74
29/03/2004;41.09
30/03/2004;41.55
31/03/2004;41.59
01/04/2004;41.52
02/04/2004;41.91
05/04/2004;42.25
06/04/2004;42.19
07/04/2004;41.9
08/04/2004;42.45
12/04/2004;43.11
13/04/2004;42.82
14/04/2004;43.3
15/04/2004;43.68
16/04/2004;43.86
19/04/2004;43.73
20/04/2004;42.73
21/04/2004;42.95
22/04/2004;43.3
23/04/2004;42.97
26/04/2004;43.01
27/04/2004;43.75
28/04/2004;43.12
29/04/2004;42.54
30/04/2004;42.55
03/05/2004;43.68
04/05/2004;43.52
05/05/2004;43.99
06/05/2004;43.83
07/05/2004;43.25
10/05/2004;42.05
11/05/2004;42.6
12/05/2004;43
13/05/2004;42.73
14/05/2004;43.27
17/05/2004;43.05
18/05/2004;42.69
19/05/2004;42.6
20/05/2004;42.73
21/05/2004;42.6
24/05/2004;42.8
25/05/2004;43.82
26/05/2004;43.55
27/05/2004;43.37
28/05/2004;43.25
01/06/2004;43.7
02/06/2004;43.78
03/06/2004;43.55
04/06/2004;43.37
07/06/2004;44
08/06/2004;43.89
09/06/2004;43.45
10/06/2004;43.98
14/06/2004;43.85
15/06/2004;44.08
16/06/2004;44.73
17/06/2004;44.77
18/06/2004;44.98
21/06/2004;44.73
22/06/2004;44.9
23/06/2004;45.46
24/06/2004;45.27
25/06/2004;44.25
28/06/2004;44.38
29/06/2004;44.57
30/06/2004;44.41
01/07/2004;44.59
02/07/2004;44.72
06/07/2004;45.1
07/07/2004;45.37
08/07/2004;45.32
09/07/2004;45.45
12/07/2004;45.44
13/07/2004;45.21
14/07/2004;45.46
15/07/2004;45.32
16/07/2004;45.83
19/07/2004;45.9
20/07/2004;45.9
21/07/2004;45.17
22/07/2004;45.39
23/07/2004;45.32
26/07/2004;45.33
27/07/2004;45.41
28/07/2004;45.81
29/07/2004;46.03
30/07/2004;46.3
02/08/2004;46.25
03/08/2004;46.89
04/08/2004;46.24
05/08/2004;45.83
06/08/2004;45.12
09/08/2004;45.56
10/08/2004;45.29
11/08/2004;45.13
12/08/2004;44.56
13/08/2004;44.92
16/08/2004;45.09
17/08/2004;44.36
18/08/2004;44.81
19/08/2004;45.09
20/08/2004;45.25
23/08/2004;44.99
24/08/2004;44.85
25/08/2004;45.19
26/08/2004;45.25
27/08/2004;45.44
30/08/2004;45.13
31/08/2004;46.1
01/09/2004;46.44
02/09/2004;46.98
03/09/2004;47.06
07/09/2004;47.15
08/09/2004;47.07
09/09/2004;47.48
10/09/2004;47.37
13/09/2004;47.5
14/09/2004;47.47
15/09/2004;47.43
16/09/2004;47.55
17/09/2004;48.37
20/09/2004;48.21
21/09/2004;49.49
22/09/2004;48.86
23/09/2004;47.76
24/09/2004;47.83
27/09/2004;47.96
28/09/2004;48.53
29/09/2004;48.15
30/09/2004;48.33
01/10/2004;48.89
04/10/2004;48.92
05/10/2004;49.32
06/10/2004;50.03
07/10/2004;49.74
08/10/2004;49.84
11/10/2004;49.79
12/10/2004;49.37
13/10/2004;48.48
14/10/2004;48.71
15/10/2004;49.02
18/10/2004;48.75
19/10/2004;48.31
20/10/2004;48.87
21/10/2004;48.81
22/10/2004;48.7
25/10/2004;48.81
26/10/2004;49.39
27/10/2004;48.95
28/10/2004;48.61
29/10/2004;49.22
01/11/2004;48.82
02/11/2004;48.43
03/11/2004;49.27
04/11/2004;50.19
05/11/2004;50.39
08/11/2004;50.17
09/11/2004;49.31
10/11/2004;49.67
11/11/2004;49.66
12/11/2004;50.42
15/11/2004;49.58
16/11/2004;49.41
17/11/2004;50
18/11/2004;50.05
19/11/2004;50.38
22/11/2004;50.91
23/11/2004;51.2
24/11/2004;51.49
26/11/2004;51.65
29/11/2004;51.37
30/11/2004;51.25
01/12/2004;51.15
02/12/2004;50.17
03/12/2004;50.27
06/12/2004;50.14
07/12/2004;49.7
08/12/2004;50.02
09/12/2004;50.32
10/12/2004;50.15
13/12/2004;50.67
14/12/2004;50.66
15/12/2004;50.51
16/12/2004;50.1
17/12/2004;49.8
20/12/2004;51.06
21/12/2004;51.69
22/12/2004;51.29
23/12/2004;51.97
27/12/2004;50.88
28/12/2004;51.05
29/12/2004;51.13
30/12/2004;51.03
31/12/2004;51.26
03/01/2005;50.09
04/01/2005;49.75
05/01/2005;49.49
06/01/2005;50.12
07/01/2005;49.79
10/01/2005;49.98
11/01/2005;49.85
12/01/2005;50.59
13/01/2005;50.55
14/01/2005;51.07
18/01/2005;51.5
19/01/2005;51.05
20/01/2005;50.72
21/01/2005;50.44
24/01/2005;51.13
25/01/2005;51.33
26/01/2005;51.7
27/01/2005;51.75
28/01/2005;51.27
31/01/2005;51.6
01/02/2005;53.27
02/02/2005;53.93
03/02/2005;54.52
04/02/2005;55.29
07/02/2005;55.4
08/02/2005;55.78
09/02/2005;55.54
10/02/2005;56.34
11/02/2005;56.11
14/02/2005;56.83
15/02/2005;56.92
16/02/2005;58.48
17/02/2005;58.13
18/02/2005;59.41
22/02/2005;58.25
23/02/2005;59.42
24/02/2005;61.13
25/02/2005;63.26
28/02/2005;63.31
01/03/2005;62.1
02/03/2005;62.68
03/03/2005;63.05
04/03/2005;63.57
07/03/2005;63
08/03/2005;63.1
09/03/2005;60.79
10/03/2005;60.37
11/03/2005;61.05
14/03/2005;61.28
15/03/2005;60.35
16/03/2005;60.29
17/03/2005;61.49
18/03/2005;62.65
21/03/2005;62.15
22/03/2005;60.9
23/03/2005;60.09
24/03/2005;59
28/03/2005;58.89
29/03/2005;58.27
30/03/2005;59.24
31/03/2005;59.6
01/04/2005;60.55
04/04/2005;60.65
05/04/2005;60.06
06/04/2005;60.9
07/04/2005;60.85
08/04/2005;60.01
11/04/2005;60.29
12/04/2005;60.43
13/04/2005;59.15
14/04/2005;58.75
15/04/2005;56.19
18/04/2005;57.25
19/04/2005;58.63
20/04/2005;57.14
21/04/2005;59.28
22/04/2005;59.42
25/04/2005;59.96
26/04/2005;59.27
27/04/2005;58.38
28/04/2005;56
29/04/2005;57.03
02/05/2005;57.74
03/05/2005;56.5
04/05/2005;57.23
05/05/2005;57.8
06/05/2005;57.6
09/05/2005;58.01
10/05/2005;57.23
11/05/2005;57.29
12/05/2005;54.82
13/05/2005;53.7
16/05/2005;53.35
17/05/2005;53.86
18/05/2005;53.65
19/05/2005;54.83
20/05/2005;54.01
23/05/2005;54.75
24/05/2005;55.04
25/05/2005;55.68
26/05/2005;56.22
27/05/2005;56.8
31/05/2005;56.2
01/06/2005;57.15
02/06/2005;57.32
03/06/2005;57.15
06/06/2005;57.6
07/06/2005;57.45
08/06/2005;56.73
09/06/2005;58.44
10/06/2005;58.38
13/06/2005;58.45
14/06/2005;58.55
15/06/2005;59.25
16/06/2005;60.12
17/06/2005;60.89
20/06/2005;60.85
21/06/2005;59.51
22/06/2005;59.67
23/06/2005;59.02
24/06/2005;58.15
27/06/2005;59.3
28/06/2005;59.09
29/06/2005;58.44
30/06/2005;57.47
01/07/2005;58.31
05/07/2005;60.14
06/07/2005;59.11
07/07/2005;59.52
08/07/2005;59.4
11/07/2005;59.97
12/07/2005;59.89
13/07/2005;59.76
14/07/2005;58.59
15/07/2005;58.16
18/07/2005;58.15
19/07/2005;58.78
20/07/2005;59
21/07/2005;57.89
22/07/2005;59.5
25/07/2005;59.94
26/07/2005;59.6
27/07/2005;59.6
28/07/2005;60
29/07/2005;58.75
01/08/2005;59.23
02/08/2005;59.81
03/08/2005;59
04/08/2005;58.52
05/08/2005;58.09
08/08/2005;58.85
09/08/2005;59.46
10/08/2005;59.9
11/08/2005;60.95
12/08/2005;61.05
15/08/2005;60.42
16/08/2005;59.07
17/08/2005;58.18
18/08/2005;58.11
19/08/2005;58.82
22/08/2005;59.07
23/08/2005;59
24/08/2005;58.88
25/08/2005;59.18
26/08/2005;58.41
29/08/2005;58.42
30/08/2005;58.61
31/08/2005;59.9
01/09/2005;61.68
02/09/2005;60.68
06/09/2005;61.06
07/09/2005;61.46
08/09/2005;61.3
09/09/2005;63.2
12/09/2005;62.52
13/09/2005;61.87
14/09/2005;62.47
15/09/2005;62.46
16/09/2005;63.7
19/09/2005;64.63
20/09/2005;64.53
21/09/2005;64.97
22/09/2005;64.98
23/09/2005;63.83
26/09/2005;64.6
27/09/2005;64.62
28/09/2005;64.7
29/09/2005;64.8
30/09/2005;63.54
03/10/2005;62.49
04/10/2005;60.55
05/10/2005;58.95
06/10/2005;58.57
07/10/2005;59.6
10/10/2005;58.5
11/10/2005;59.4
12/10/2005;58.94
13/10/2005;58.16
14/10/2005;58.64
17/10/2005;58.86
18/10/2005;56.3
19/10/2005;57.17
20/10/2005;55.2
21/10/2005;55.37
24/10/2005;56.85
25/10/2005;57.2
26/10/2005;56.2
27/10/2005;55.6
28/10/2005;56.31
31/10/2005;56.14
01/11/2005;56.4
02/11/2005;57.38
03/11/2005;58.57
04/11/2005;57.9
07/11/2005;57.1
08/11/2005;57.37
09/11/2005;57.5
10/11/2005;56.45
11/11/2005;56.52
14/11/2005;56.65
15/11/2005;56.43
16/11/2005;57.18
17/11/2005;57.38
18/11/2005;58.25
21/11/2005;59.37
22/11/2005;59.66
23/11/2005;59.87
25/11/2005;60.11
28/11/2005;58.74
29/11/2005;58.34
30/11/2005;58.03
01/12/2005;59.35
02/12/2005;59.07
05/12/2005;59.51
06/12/2005;59.69
07/12/2005;59.02
08/12/2005;59.42
09/12/2005;58.5
12/12/2005;58.86
13/12/2005;59.06
14/12/2005;59.86
15/12/2005;59.49
16/12/2005;58.06
19/12/2005;57.7
20/12/2005;57.93
21/12/2005;57.6
22/12/2005;57.1
23/12/2005;57.1
27/12/2005;55.87
28/12/2005;56.25
29/12/2005;56.24
30/12/2005;56.17
03/01/2006;58.47
04/01/2006;58.57
05/01/2006;58.28
06/01/2006;59.43
09/01/2006;59.4
10/01/2006;59.86
11/01/2006;60.27
12/01/2006;59.64
13/01/2006;60.97
17/01/2006;61.54
18/01/2006;60.68
19/01/2006;61.5
20/01/2006;60.53
23/01/2006;61.2
24/01/2006;60.96
25/01/2006;60.21
26/01/2006;59.95
27/01/2006;61.29
30/01/2006;63.11
31/01/2006;62.75
01/02/2006;61.95
02/02/2006;61.95
03/02/2006;61.39
06/02/2006;61.97
07/02/2006;60.55
08/02/2006;60.39
09/02/2006;59.92
10/02/2006;59.43
13/02/2006;59.6
14/02/2006;59.55
15/02/2006;59.76
16/02/2006;60.25
17/02/2006;60.55
21/02/2006;60.76
22/02/2006;60.26
23/02/2006;59.83
24/02/2006;60.42
27/02/2006;59.92
28/02/2006;59.37
01/03/2006;60.34
02/03/2006;60.85
03/03/2006;60.98
06/03/2006;59.98
07/03/2006;59.85
08/03/2006;59.71
09/03/2006;58.92
10/03/2006;59.18
13/03/2006;59.64
14/03/2006;60.81
15/03/2006;61.02
16/03/2006;61.64
17/03/2006;61.05
20/03/2006;60.66
21/03/2006;60.72
22/03/2006;61.05
23/03/2006;61.25
24/03/2006;61.17
27/03/2006;61.29
28/03/2006;60.95
29/03/2006;61.28
30/03/2006;61.12
31/03/2006;60.86
03/04/2006;61.03
04/04/2006;61.75
05/04/2006;62.16
06/04/2006;62.09
07/04/2006;61.33
10/04/2006;61.94
11/04/2006;62
12/04/2006;61.46
13/04/2006;61.56
17/04/2006;62.05
18/04/2006;63.54
19/04/2006;64.3
20/04/2006;63.92
21/04/2006;65
24/04/2006;64.41
25/04/2006;63.95
26/04/2006;63.1
27/04/2006;62.42
28/04/2006;63.08
01/05/2006;63.42
02/05/2006;64.67
03/05/2006;63.77
04/05/2006;63.31
05/05/2006;64
08/05/2006;63.71
09/05/2006;63.94
10/05/2006;63.88
11/05/2006;63.46
12/05/2006;62.24
15/05/2006;62
16/05/2006;61.96
17/05/2006;60.18
18/05/2006;59.89
19/05/2006;60.45
22/05/2006;60.78
23/05/2006;60.39
24/05/2006;60.1
25/05/2006;61.52
26/05/2006;61.58
30/05/2006;60.2
31/05/2006;60.91
01/06/2006;61.11
02/06/2006;61.65
05/06/2006;60.05
06/06/2006;60.4
07/06/2006;58.82
08/06/2006;59.57
09/06/2006;58.8
12/06/2006;58.24
13/06/2006;56.65
14/06/2006;57.8
15/06/2006;59.12
16/06/2006;58.8
19/06/2006;57.39
20/06/2006;57.39
21/06/2006;58.06
22/06/2006;57.97
23/06/2006;58.1
26/06/2006;58.82
27/06/2006;59.65
28/06/2006;61.12
29/06/2006;62.37
30/06/2006;61.35
03/07/2006;62.15
05/07/2006;62.55
06/07/2006;63.47
07/07/2006;62.84
10/07/2006;63.04
11/07/2006;63.98
12/07/2006;63.97
13/07/2006;64.07
14/07/2006;64.9
17/07/2006;64
18/07/2006;64.61
19/07/2006;64.66
20/07/2006;64.25
21/07/2006;63.93
24/07/2006;65.36
25/07/2006;65.74
26/07/2006;66.6
27/07/2006;66.47
28/07/2006;67
31/07/2006;67.74
01/08/2006;68.18
02/08/2006;68.48
03/08/2006;68.37
04/08/2006;68.69
07/08/2006;69.23
08/08/2006;69.27
09/08/2006;69.29
10/08/2006;69.34
11/08/2006;69.73
14/08/2006;69.25
15/08/2006;68.69
16/08/2006;67.57
17/08/2006;68.08
18/08/2006;69.1
21/08/2006;69.83
22/08/2006;70.21
23/08/2006;69.63
24/08/2006;70.72
25/08/2006;70.43
28/08/2006;70.1
29/08/2006;69.41
30/08/2006;68.3
31/08/2006;67.67
01/09/2006;68.1
05/09/2006;68.48
06/09/2006;67.18
07/09/2006;67.69
08/09/2006;66.81
11/09/2006;64.94
12/09/2006;64.7
13/09/2006;65.36
14/09/2006;64.71
15/09/2006;64.65
18/09/2006;66.3
19/09/2006;65.5
20/09/2006;64.11
21/09/2006;64.78
22/09/2006;64.91
25/09/2006;65.06
26/09/2006;66.43
27/09/2006;67.13
28/09/2006;67.46
29/09/2006;67.1
02/10/2006;67
03/10/2006;65.41
04/10/2006;66.61
05/10/2006;67.32
06/10/2006;67.52
09/10/2006;66.55
10/10/2006;67.2
11/10/2006;66.53
12/10/2006;67.65
13/10/2006;68.4
16/10/2006;69.83
17/10/2006;69.41
18/10/2006;69.17
19/10/2006;69.73
20/10/2006;69.55
23/10/2006;69.92
24/10/2006;69.89
25/10/2006;71.01
26/10/2006;71.62
27/10/2006;71.46
30/10/2006;70.84
31/10/2006;71.42
01/11/2006;71.06
02/11/2006;71.19
03/11/2006;72.15
06/11/2006;72.91
07/11/2006;72.53
08/11/2006;74.13
09/11/2006;74.61
10/11/2006;74.42
13/11/2006;74.43
14/11/2006;74.45
15/11/2006;74.8
16/11/2006;72.67
17/11/2006;73.08
20/11/2006;72.43
21/11/2006;73.39
22/11/2006;72.91
24/11/2006;72.38
27/11/2006;72.47
28/11/2006;74.16
29/11/2006;76.03
30/11/2006;76.81
01/12/2006;77.2
04/12/2006;77.77
05/12/2006;78.06
06/12/2006;76.31
07/12/2006;75.71
08/12/2006;75.5
11/12/2006;75.36
12/12/2006;76.25
13/12/2006;77.36
14/12/2006;78.73
15/12/2006;77.3
18/12/2006;75.51
19/12/2006;76.99
20/12/2006;76.08
21/12/2006;75.87
22/12/2006;75.41
26/12/2006;76.05
27/12/2006;76.96
28/12/2006;77.33
29/12/2006;76.63
03/01/2007;74.11
04/01/2007;72.72
05/01/2007;73.24
08/01/2007;72.65
09/01/2007;72.09
10/01/2007;70.99
11/01/2007;70.98
12/01/2007;72.66
16/01/2007;71.63
17/01/2007;72.46
18/01/2007;71.96
19/01/2007;73.53
22/01/2007;72.9
23/01/2007;74.49
24/01/2007;74.9
25/01/2007;73.52
26/01/2007;73.61
29/01/2007;73.2
30/01/2007;74.39
31/01/2007;74.1
01/02/2007;75.08
02/02/2007;75.54
05/02/2007;75.67
06/02/2007;75.46
07/02/2007;74.79
08/02/2007;75.46
09/02/2007;75.22
12/02/2007;74.6
13/02/2007;75.45
14/02/2007;75.6
15/02/2007;75.34
16/02/2007;75.29
20/02/2007;74.87
21/02/2007;74.78
22/02/2007;75.08
23/02/2007;75.22
26/02/2007;75.4
27/02/2007;71.83
28/02/2007;71.68
01/03/2007;70.99
02/03/2007;70.01
05/03/2007;69.98
06/03/2007;71
07/03/2007;71.64
08/03/2007;71.85
09/03/2007;71.12
12/03/2007;70.87
13/03/2007;69.91
14/03/2007;71.02
15/03/2007;70.69
16/03/2007;69.86
19/03/2007;71.1
20/03/2007;72
21/03/2007;73.23
22/03/2007;74.36
23/03/2007;75.0242
26/03/2007;75.47
27/03/2007;75.71
28/03/2007;75.56
29/03/2007;76.24
30/03/2007;75.45
02/04/2007;76.16
03/04/2007;76.8
04/04/2007;77.11
05/04/2007;77.22
09/04/2007;76.8
10/04/2007;77.57
11/04/2007;76.77
12/04/2007;77.39
13/04/2007;77.41
16/04/2007;78.17
17/04/2007;78.4
18/04/2007;78.2
19/04/2007;77.46
20/04/2007;79.76
23/04/2007;79.2
24/04/2007;78.6
25/04/2007;79.92
26/04/2007;80.55
27/04/2007;80.36
30/04/2007;79.38
01/05/2007;79.66
02/05/2007;79.82
03/05/2007;80.68
04/05/2007;80.55
07/05/2007;80.83
08/05/2007;81.38
09/05/2007;81.42
10/05/2007;79.39
11/05/2007;81.23
14/05/2007;81.25
15/05/2007;81.13
16/05/2007;81.45
17/05/2007;81.8
18/05/2007;83.26
21/05/2007;83.59
22/05/2007;82.77
23/05/2007;82.99
24/05/2007;82.28
25/05/2007;83.51
29/05/2007;82.62
30/05/2007;84
31/05/2007;83.17
01/06/2007;84.22
04/06/2007;84.22
05/06/2007;84.26
06/06/2007;83.62
07/06/2007;81.96
08/06/2007;82.68
11/06/2007;83.06
12/06/2007;82
13/06/2007;83.35
14/06/2007;84.77
15/06/2007;85.94
18/06/2007;86.36
19/06/2007;85.84
20/06/2007;82.82
21/06/2007;84.3
22/06/2007;82.52
25/06/2007;82.37
26/06/2007;81.82
27/06/2007;83.48
28/06/2007;83.6
29/06/2007;83.88
02/07/2007;84.82
03/07/2007;85.36
05/07/2007;85.16
06/07/2007;86.46
09/07/2007;87.44
10/07/2007;86.5
11/07/2007;87.29
12/07/2007;89.62
13/07/2007;90.33
16/07/2007;89.7
17/07/2007;89.09
18/07/2007;91.15
19/07/2007;92.29
20/07/2007;91.94
23/07/2007;93.44
24/07/2007;90.84
25/07/2007;92.79
26/07/2007;88.23
27/07/2007;85.59
30/07/2007;86.01
31/07/2007;85.13
01/08/2007;85.84
02/08/2007;85.18
03/08/2007;82.08
06/08/2007;83.54
07/08/2007;85.7
08/08/2007;87.9
09/08/2007;83.6
10/08/2007;84.51
13/08/2007;82.92
14/08/2007;83.13
15/08/2007;81.69
16/08/2007;80.67
17/08/2007;84.14
20/08/2007;84.53
21/08/2007;83.15
22/08/2007;83.58
23/08/2007;83.75
24/08/2007;85.69
27/08/2007;85.12
28/08/2007;83
29/08/2007;85.23
30/08/2007;85.4
31/08/2007;85.73
04/09/2007;87.23
05/09/2007;87.22
06/09/2007;87.49
07/09/2007;85.75
10/09/2007;84.86
11/09/2007;86.94
12/09/2007;87.65
13/09/2007;88.62
14/09/2007;88.67
17/09/2007;89.26
18/09/2007;91.76
19/09/2007;92.12
20/09/2007;92.09
21/09/2007;92.31
24/09/2007;91.73
25/09/2007;91.96
26/09/2007;92.37
27/09/2007;92.97
28/09/2007;92.56
01/10/2007;93.95
02/10/2007;92.24
03/10/2007;91.33
04/10/2007;90.92
05/10/2007;91.36
08/10/2007;90.68
09/10/2007;92.67
10/10/2007;93.13
11/10/2007;92.66
12/10/2007;93.48
15/10/2007;94.82
16/10/2007;94.74
17/10/2007;94.8
18/10/2007;95.05
19/10/2007;92.14
22/10/2007;90.91
23/10/2007;91.35
24/10/2007;92.13
25/10/2007;91.57
26/10/2007;92.21
29/10/2007;93.61
30/10/2007;91.14
31/10/2007;91.99
01/11/2007;88.5
02/11/2007;87.93
05/11/2007;87.66
06/11/2007;90.38
07/11/2007;87.2
08/11/2007;89.42
09/11/2007;86.85
12/11/2007;84.54
13/11/2007;86.88
14/11/2007;86.31
15/11/2007;84.49
16/11/2007;85.1
19/11/2007;84.11
20/11/2007;87.82
21/11/2007;87.04
23/11/2007;88.29
26/11/2007;85.68
27/11/2007;86.38
28/11/2007;87.92
29/11/2007;88.59
30/11/2007;89.16
03/12/2007;88.85
04/12/2007;88.12
05/12/2007;89.92
06/12/2007;91.44
07/12/2007;91.5
10/12/2007;92.03
11/12/2007;90.28
12/12/2007;91.92
13/12/2007;92.72
14/12/2007;91.18
17/12/2007;89.89
18/12/2007;91.42
19/12/2007;91.43
20/12/2007;92.13
21/12/2007;93.43
24/12/2007;93.66
26/12/2007;94.81
27/12/2007;93.67
28/12/2007;95
31/12/2007;93.69
02/01/2008;93.51
03/01/2008;93.83
04/01/2008;92.08
07/01/2008;91.22
08/01/2008;90.05
09/01/2008;91.56
10/01/2008;91.66
11/01/2008;90.3
14/01/2008;90.83
15/01/2008;89.02
16/01/2008;86.53
17/01/2008;83.91
18/01/2008;85.08
22/01/2008;82.45
23/01/2008;83.45
24/01/2008;86
25/01/2008;83.94
28/01/2008;85.13
29/01/2008;85.08
30/01/2008;85.28
31/01/2008;86.4
01/02/2008;85.95
04/02/2008;85.44
05/02/2008;82.11
06/02/2008;81.44
07/02/2008;81.89
08/02/2008;81.71
11/02/2008;83.22
12/02/2008;84.38
13/02/2008;85.49
14/02/2008;85.55
15/02/2008;85.37
19/02/2008;87.01
20/02/2008;88.1
21/02/2008;86.92
22/02/2008;87.17
25/02/2008;89.13
26/02/2008;89.89
27/02/2008;89.39
28/02/2008;89.38
29/02/2008;87.01
03/03/2008;87.75
04/03/2008;86.69
05/03/2008;87.19
06/03/2008;84.51
07/03/2008;82.49
10/03/2008;82.46
11/03/2008;86.68
12/03/2008;85.97
13/03/2008;87.05
14/03/2008;85.91
17/03/2008;85.79
18/03/2008;88.47
19/03/2008;84.43
20/03/2008;85
24/03/2008;85.95
25/03/2008;85.2
26/03/2008;86.26
27/03/2008;86.2
28/03/2008;85.22
31/03/2008;84.58
01/04/2008;87.02
02/04/2008;88.52
03/04/2008;88.23
04/04/2008;88.74
07/04/2008;88.92
08/04/2008;89.61
09/04/2008;89.7
10/04/2008;89.55
11/04/2008;88.62
14/04/2008;89.7
15/04/2008;90.8
16/04/2008;92.89
17/04/2008;93.38
18/04/2008;94
21/04/2008;94.26
22/04/2008;94.39
23/04/2008;94.22
24/04/2008;92.6
25/04/2008;92.46
28/04/2008;92.45
29/04/2008;91.79
30/04/2008;93.07
01/05/2008;89.7
02/05/2008;89.61
05/05/2008;89.51
06/05/2008;90.07
07/05/2008;88.82
08/05/2008;89.93
09/05/2008;88.82
12/05/2008;89.19
13/05/2008;89.68
14/05/2008;89.91
15/05/2008;91.3
16/05/2008;92.67
19/05/2008;94.36
20/05/2008;94.56
21/05/2008;93.67
22/05/2008;92.51
23/05/2008;90.7
27/05/2008;89.8
28/05/2008;90.43
29/05/2008;89.35
30/05/2008;88.76
02/06/2008;87.81
03/06/2008;85.71
04/06/2008;85.75
05/06/2008;89.31
06/06/2008;86.79
09/06/2008;89.07
10/06/2008;87.89
11/06/2008;88.61
12/06/2008;87.06
13/06/2008;88.36
16/06/2008;87.99
17/06/2008;88.62
18/06/2008;87.83
19/06/2008;85.79
20/06/2008;84.91
23/06/2008;87.7
24/06/2008;86.92
25/06/2008;87.6
26/06/2008;86.41
27/06/2008;86.55
30/06/2008;88.13
01/07/2008;88.35
02/07/2008;87.41
03/07/2008;88.27
07/07/2008;86.95
08/07/2008;85.94
09/07/2008;84.31
10/07/2008;86.06
11/07/2008;85.48
14/07/2008;85.42
15/07/2008;82.19
16/07/2008;80.81
17/07/2008;80.33
18/07/2008;81.54
21/07/2008;82.98
22/07/2008;82.86
23/07/2008;80.99
24/07/2008;80.8
25/07/2008;81.7
28/07/2008;80.68
29/07/2008;80.9
30/07/2008;84.38
31/07/2008;80.43
01/08/2008;79.72
04/08/2008;76.6
05/08/2008;78.35
06/08/2008;78.33
07/08/2008;77.44
08/08/2008;78.72
11/08/2008;78.16
12/08/2008;76.88
13/08/2008;78.17
14/08/2008;77.45
15/08/2008;77.07
18/08/2008;76.53
19/08/2008;77.95
20/08/2008;78.81
21/08/2008;80.35
22/08/2008;80.3
25/08/2008;78.71
26/08/2008;79.95
27/08/2008;80.47
28/08/2008;81.18
29/08/2008;80.01
02/09/2008;77.32
03/09/2008;78.02
04/09/2008;76.14
05/09/2008;75.62
08/09/2008;76.77
09/09/2008;73.26
10/09/2008;75.25
11/09/2008;75.56
12/09/2008;77.5
15/09/2008;73.25
16/09/2008;76.43
17/09/2008;75.28
18/09/2008;77.75
19/09/2008;79.61
22/09/2008;78.88
23/09/2008;77.69
24/09/2008;78.03
25/09/2008;80.67
26/09/2008;80.65
29/09/2008;74.06
30/09/2008;77.66
01/10/2008;78.58
02/10/2008;77.5
03/10/2008;77.94
06/10/2008;77.32
07/10/2008;76.07
08/10/2008;77
09/10/2008;68
10/10/2008;62.36
13/10/2008;73.08
14/10/2008;72.46
15/10/2008;62.35
16/10/2008;69.45
17/10/2008;68.04
20/10/2008;74.99
21/10/2008;71.5
22/10/2008;64.57
23/10/2008;70.39
24/10/2008;69.04
27/10/2008;66.09
28/10/2008;74.86
29/10/2008;74.65
30/10/2008;75.05
31/10/2008;74.12
03/11/2008;74.29
04/11/2008;77.49
05/11/2008;73.69
06/11/2008;69.96
07/11/2008;73.95
10/11/2008;74.02
11/11/2008;72.65
12/11/2008;68.93
13/11/2008;75.41
14/11/2008;73.68
17/11/2008;73.38
18/11/2008;76.33
19/11/2008;73.42
20/11/2008;68.51
21/11/2008;75.81
24/11/2008;78.8
25/11/2008;78.11
26/11/2008;80.89
28/11/2008;80.15
01/12/2008;74.31
02/12/2008;77.61
03/12/2008;78.93
04/12/2008;76.27
05/12/2008;76.6
08/12/2008;79.6
09/12/2008;78.2
10/12/2008;80.07
11/12/2008;80.02
12/12/2008;80.45
15/12/2008;79.95
16/12/2008;83.14
17/12/2008;81.06
18/12/2008;77
19/12/2008;75.02
22/12/2008;74.91
23/12/2008;75.1
24/12/2008;75.78
26/12/2008;77.19
29/12/2008;78.02
30/12/2008;78.59
31/12/2008;79.83
02/01/2009;81.64
05/01/2009;81.63
06/01/2009;80.3
07/01/2009;78.25
08/01/2009;79.09
09/01/2009;77.57
12/01/2009;76.54
13/01/2009;77.92
14/01/2009;75.1
15/01/2009;76.66
16/01/2009;78.1
20/01/2009;76.29
21/01/2009;79.26
22/01/2009;78.23
23/01/2009;78.04
26/01/2009;78.6
27/01/2009;78.92
28/01/2009;79.25
29/01/2009;77
30/01/2009;76.48
02/02/2009;76.69
03/02/2009;78.12
04/02/2009;77.66
05/02/2009;79.78
06/02/2009;80.34
09/02/2009;79.48
10/02/2009;76.14
11/02/2009;74.58
12/02/2009;75.22
13/02/2009;74.59
17/02/2009;71.28
18/02/2009;71.94
19/02/2009;72.16
20/02/2009;71.23
23/02/2009;69.3
24/02/2009;72.09
25/02/2009;72.05
26/02/2009;70.95
27/02/2009;67.9
02/03/2009;64.91
03/03/2009;64.36
04/03/2009;65.68
05/03/2009;62.22
06/03/2009;64.03
09/03/2009;64.57
10/03/2009;67.39
11/03/2009;65.77
12/03/2009;67.15
13/03/2009;67.2
16/03/2009;66.97
17/03/2009;69.09
18/03/2009;69.17
19/03/2009;68.33
20/03/2009;66.09
23/03/2009;70.53
24/03/2009;69.38
25/03/2009;70.16
26/03/2009;71.23
27/03/2009;69.98
30/03/2009;68.63
31/03/2009;68.1
01/04/2009;69.23
02/04/2009;70.25
03/04/2009;70.44
06/04/2009;70.05
07/04/2009;68.71
08/04/2009;68.96
09/04/2009;69.84
13/04/2009;68.02
14/04/2009;67.7
15/04/2009;68.14
16/04/2009;67.41
17/04/2009;66.75
20/04/2009;65.29
21/04/2009;66.23
22/04/2009;64.75
23/04/2009;65.71
24/04/2009;66.57
27/04/2009;66.13
28/04/2009;67.08
29/04/2009;68.44
30/04/2009;66.67
01/05/2009;68.01
04/05/2009;68.2
05/05/2009;67.65
06/05/2009;68.58
07/05/2009;68.93
08/05/2009;70.8
11/05/2009;69.27
12/05/2009;70.82
13/05/2009;69.77
14/05/2009;69.76
15/05/2009;69.11
18/05/2009;70.5
19/05/2009;70.52
20/05/2009;69.61
21/05/2009;68.39
22/05/2009;68.83
26/05/2009;69.81
27/05/2009;68.3
28/05/2009;69.23
29/05/2009;69.35
01/06/2009;71.76
02/06/2009;72.92
03/06/2009;72.08
04/06/2009;72.98
05/06/2009;72.97
08/06/2009;73.17
09/06/2009;73.12
10/06/2009;73.84
11/06/2009;74.05
12/06/2009;73.78
15/06/2009;72.81
16/06/2009;71.63
17/06/2009;71.42
18/06/2009;71.44
19/06/2009;71.05
22/06/2009;68.84
23/06/2009;68.95
24/06/2009;68.45
25/06/2009;69.88
26/06/2009;69.05
29/06/2009;70.58
30/06/2009;69.91
01/07/2009;70.56
02/07/2009;68.49
06/07/2009;68.1
07/07/2009;66.56
08/07/2009;66.26
09/07/2009;65.97
10/07/2009;65.12
13/07/2009;65.7
14/07/2009;66.22
15/07/2009;68.44
16/07/2009;68.46
17/07/2009;68.52
20/07/2009;68.94
21/07/2009;70.47
22/07/2009;69.99
23/07/2009;71.61
24/07/2009;72.29
27/07/2009;72.75
28/07/2009;71.89
29/07/2009;71.43
30/07/2009;70.72
31/07/2009;70.39
03/08/2009;70.65
04/08/2009;70.6
05/08/2009;70.03
06/08/2009;69.73
07/08/2009;69.47
10/08/2009;69.18
11/08/2009;68.13
12/08/2009;69.11
13/08/2009;68.75
14/08/2009;68.21
17/08/2009;66.55
18/08/2009;66.49
19/08/2009;68
20/08/2009;68.59
21/08/2009;69.92
24/08/2009;71.3
25/08/2009;70.68
26/08/2009;71.37
27/08/2009;70.86
28/08/2009;70.12
31/08/2009;69.15
01/09/2009;68.41
02/09/2009;68.18
03/09/2009;68.26
04/09/2009;69.18
08/09/2009;70.65
09/09/2009;70.5
10/09/2009;70.65
11/09/2009;69.98
14/09/2009;70
15/09/2009;69.49
16/09/2009;70.34
17/09/2009;69.84
18/09/2009;69.99
21/09/2009;69.57
22/09/2009;69.83
23/09/2009;69
24/09/2009;68.93
25/09/2009;68.7
28/09/2009;69.59
29/09/2009;69.07
30/09/2009;68.61
01/10/2009;67.27
02/10/2009;66.58
05/10/2009;67.58
06/10/2009;68.66
07/10/2009;68.67
08/10/2009;69.05
09/10/2009;69.27
12/10/2009;70.13
13/10/2009;70.26
14/10/2009;71.84
15/10/2009;72.94
16/10/2009;73.12
19/10/2009;73.62
20/10/2009;73.02
21/10/2009;73.31
22/10/2009;74.44
23/10/2009;73.57
26/10/2009;73.23
27/10/2009;74.91
28/10/2009;73.84
29/10/2009;73.96
30/10/2009;71.67
02/11/2009;72.15
03/11/2009;71.74
04/11/2009;71.3
05/11/2009;72.5
06/11/2009;72.58
09/11/2009;72.85
10/11/2009;72.61
11/11/2009;72.91
12/11/2009;71.9
13/11/2009;72.47
16/11/2009;74.43
17/11/2009;75.03
18/11/2009;75.27
19/11/2009;74.65
20/11/2009;74.38
23/11/2009;75.7
24/11/2009;75.97
25/11/2009;76.47
27/11/2009;74.87
30/11/2009;75.07
01/12/2009;76.04
02/12/2009;75.79
03/12/2009;74.99
04/12/2009;74.25
07/12/2009;73.77
08/12/2009;72.95
09/12/2009;72.79
10/12/2009;72.4
11/12/2009;72.83
14/12/2009;69.69
15/12/2009;69.17
16/12/2009;68.43
17/12/2009;68.22
18/12/2009;68.21
21/12/2009;68.51
22/12/2009;68.57
23/12/2009;68.26
24/12/2009;68.66
28/12/2009;69.08
29/12/2009;68.84
30/12/2009;68.77
31/12/2009;68.19
04/01/2010;69.15
05/01/2010;69.42
06/01/2010;70.02
07/01/2010;69.8
08/01/2010;69.52
11/01/2010;70.3
12/01/2010;69.95
13/01/2010;69.67
14/01/2010;69.68
15/01/2010;69.11
19/01/2010;69.27
20/01/2010;68.03
21/01/2010;66.7
22/01/2010;66.1
25/01/2010;65.85
26/01/2010;65.92
27/01/2010;65.54
28/01/2010;64.96
29/01/2010;64.43
01/02/2010;66.18
02/02/2010;66.96
03/02/2010;66.6
04/02/2010;64.72
05/02/2010;64.8
08/02/2010;64.35
09/02/2010;65.2
10/02/2010;64.85
11/02/2010;65.24
12/02/2010;64.8
16/02/2010;66.28
17/02/2010;65.76
18/02/2010;65.96
19/02/2010;65.87
22/02/2010;65.4
23/02/2010;64.94
24/02/2010;65.55
25/02/2010;65.14
26/02/2010;65
01/03/2010;65.4
02/03/2010;65.49
03/03/2010;65.43
04/03/2010;65.4
05/03/2010;66.47
08/03/2010;66.48
09/03/2010;66.78
10/03/2010;67.22
11/03/2010;67.22
12/03/2010;66.8
15/03/2010;66.3
16/03/2010;66.57
17/03/2010;67.36
18/03/2010;67.39
19/03/2010;67.04
22/03/2010;66.97
23/03/2010;66.95
24/03/2010;66.5
25/03/2010;66.3
26/03/2010;66.54
29/03/2010;67.3
30/03/2010;67.05
31/03/2010;66.98
01/04/2010;67.61
05/04/2010;68.19
06/04/2010;67.9
07/04/2010;67.34
08/04/2010;67.86
09/04/2010;68.76
12/04/2010;68.71
13/04/2010;68.66
14/04/2010;68.61
15/04/2010;68.26
16/04/2010;67.93
19/04/2010;68.23
20/04/2010;68.97
21/04/2010;68.92
22/04/2010;68.56
23/04/2010;69.24
26/04/2010;69.29
27/04/2010;68.27
28/04/2010;69.19
29/04/2010;68.66
30/04/2010;67.77
03/05/2010;67.84
04/05/2010;66.47
05/05/2010;66.17
06/05/2010;63.89
07/05/2010;63.7
10/05/2010;65.23
11/05/2010;64.46
12/05/2010;64.91
13/05/2010;64.74
14/05/2010;63.6
17/05/2010;63.27
18/05/2010;62.79
19/05/2010;62.45
20/05/2010;60.33
21/05/2010;60.88
24/05/2010;60.19
25/05/2010;59.71
26/05/2010;59.31
27/05/2010;61.46
28/05/2010;60.46
01/06/2010;59.25
02/06/2010;60.77
03/06/2010;61.56
04/06/2010;59.525
07/06/2010;59.3
08/06/2010;61.24
09/06/2010;60.03
10/06/2010;61.89
11/06/2010;61.86
14/06/2010;61.37
15/06/2010;62.51
16/06/2010;62.51
17/06/2010;62.6
18/06/2010;63.1
21/06/2010;63.13
22/06/2010;61.94
23/06/2010;61.1
24/06/2010;60.07
25/06/2010;59.1
28/06/2010;58.47
29/06/2010;57.29
30/06/2010;57.07
01/07/2010;56.61
02/07/2010;56.57
06/07/2010;57.46
07/07/2010;58.43
08/07/2010;58.81
09/07/2010;58.78
12/07/2010;58.94
13/07/2010;59.42
14/07/2010;59.26
15/07/2010;59.27
16/07/2010;57.96
19/07/2010;58.43
20/07/2010;58.95
21/07/2010;58.17
22/07/2010;59.38
23/07/2010;59.72
26/07/2010;60.39
27/07/2010;60.81
28/07/2010;60.91
29/07/2010;60.34
30/07/2010;59.68
02/08/2010;61.94
03/08/2010;62.72
04/08/2010;62.72
05/08/2010;62.71
06/08/2010;61.97
09/08/2010;62.45
10/08/2010;61.93
11/08/2010;60.39
12/08/2010;60.23
13/08/2010;59.91
16/08/2010;59.88
17/08/2010;60.82
18/08/2010;60.15
19/08/2010;59.29
20/08/2010;58.89
23/08/2010;59.5
24/08/2010;58.94
25/08/2010;58.91
26/08/2010;58.48
27/08/2010;59.8
30/08/2010;59
31/08/2010;59.11
01/09/2010;60.91
02/09/2010;61.06
03/09/2010;61.32
07/09/2010;60.55
08/09/2010;60.75
09/09/2010;61.05
10/09/2010;61.2
13/09/2010;61
14/09/2010;61.01
15/09/2010;61
16/09/2010;60.97
17/09/2010;60.78
20/09/2010;61.55
21/09/2010;61.54
22/09/2010;61.45
23/09/2010;61.15
24/09/2010;61.75
27/09/2010;61.71
28/09/2010;62.06
29/09/2010;61.59
30/09/2010;61.79
01/10/2010;62.54
04/10/2010;62.19
05/10/2010;63.26
06/10/2010;63.94
07/10/2010;63.85
08/10/2010;64.38
11/10/2010;64.55
12/10/2010;64.7
13/10/2010;65.04
14/10/2010;65.3
15/10/2010;65.19
18/10/2010;66.28
19/10/2010;65.12
20/10/2010;66.01
21/10/2010;66.32
22/10/2010;66.34
25/10/2010;66.2
26/10/2010;66.53
27/10/2010;65.67
28/10/2010;66.22
29/10/2010;66.49
01/11/2010;66.95
02/11/2010;67.84
03/11/2010;67.97
04/11/2010;69.38
05/11/2010;70
08/11/2010;70.32
09/11/2010;70.63
10/11/2010;71.13
11/11/2010;71.83
12/11/2010;70.99
15/11/2010;70.48
16/11/2010;68.94
17/11/2010;69.01
18/11/2010;70.31
19/11/2010;70.54
22/11/2010;70.19
23/11/2010;68.98
24/11/2010;69.88
26/11/2010;69.23
29/11/2010;69.45
30/11/2010;69.56
01/12/2010;71.33
02/12/2010;71.48
03/12/2010;71.19
06/12/2010;71.31
07/12/2010;71.46
08/12/2010;71.85
09/12/2010;72
10/12/2010;72.18
13/12/2010;72.36
14/12/2010;72.18
15/12/2010;71.85
16/12/2010;72.22
17/12/2010;72.17
20/12/2010;72.22
21/12/2010;72.72
22/12/2010;72.8
23/12/2010;73.2
27/12/2010;73.01
28/12/2010;73.42
29/12/2010;73.37
30/12/2010;73.36
31/12/2010;73.12
03/01/2011;74.55
04/01/2011;74.9
05/01/2011;74.7
06/01/2011;75.18
07/01/2011;75.59
10/01/2011;75.13
11/01/2011;75.69
12/01/2011;76.58
13/01/2011;76.71
14/01/2011;77.84
18/01/2011;78.71
19/01/2011;78.24
20/01/2011;77.75
21/01/2011;78.98
24/01/2011;78.59
25/01/2011;78.68
26/01/2011;79.66
27/01/2011;79.88
28/01/2011;78.99
31/01/2011;80.68
01/02/2011;83.91
02/02/2011;83.41
03/02/2011;83.44
04/02/2011;83.28
07/02/2011;83.93
08/02/2011;82.98
09/02/2011;82.55
10/02/2011;83.2
11/02/2011;82.82
14/02/2011;84.91
15/02/2011;82.97
16/02/2011;83.69
17/02/2011;83.88
18/02/2011;84.5
22/02/2011;85.44
23/02/2011;87.07
24/02/2011;85.97
25/02/2011;85.34
28/02/2011;85.53
01/03/2011;84.8
02/03/2011;85.08
03/03/2011;85.82
04/03/2011;85.08
07/03/2011;84.72
08/03/2011;84.6
09/03/2011;84.38
10/03/2011;81.38
11/03/2011;82.12
14/03/2011;82.38
15/03/2011;81.39
16/03/2011;79.31
17/03/2011;81.16
18/03/2011;80.85
21/03/2011;82.84
22/03/2011;82.56
23/03/2011;82.6
24/03/2011;82.73
25/03/2011;83.62
28/03/2011;83.47
29/03/2011;83.25
30/03/2011;84.49
31/03/2011;84.13
01/04/2011;84.68
04/04/2011;84.87
05/04/2011;85.42
06/04/2011;85.18
07/04/2011;85.76
08/04/2011;85.95
11/04/2011;85.16
12/04/2011;83.18
13/04/2011;83.16
14/04/2011;83.44
15/04/2011;84.29
18/04/2011;83.1
19/04/2011;83.8
20/04/2011;85.65
21/04/2011;86.36
25/04/2011;86.22
26/04/2011;87.42
27/04/2011;87.78
28/04/2011;87.34
29/04/2011;87.98
02/05/2011;86.97
03/05/2011;85.62
04/05/2011;84.81
05/05/2011;82.62
06/05/2011;82.69
09/05/2011;83.18
10/05/2011;83.34
11/05/2011;81.12
12/05/2011;81.05
13/05/2011;80.87
16/05/2011;80.24
17/05/2011;80.41
18/05/2011;81.74
19/05/2011;82.33
20/05/2011;81.57
23/05/2011;80.67
24/05/2011;81.29
25/05/2011;81.96
26/05/2011;82.39
27/05/2011;82.63
31/05/2011;83.47
01/06/2011;82.03
02/06/2011;81.33
03/06/2011;81.18
06/06/2011;80.29
07/06/2011;80
08/06/2011;80.76
09/06/2011;81.18
10/06/2011;79.78
13/06/2011;79.23
14/06/2011;80.38
15/06/2011;78.66
16/06/2011;79.22
17/06/2011;79.02
20/06/2011;79.71
21/06/2011;80.57
22/06/2011;79.82
23/06/2011;78.44
24/06/2011;76.78
27/06/2011;77.92
28/06/2011;79.63
29/06/2011;80.25
30/06/2011;81.38
01/07/2011;82.01
05/07/2011;81.6
06/07/2011;81.57
07/07/2011;82.36
08/07/2011;82.42
11/07/2011;81.9
12/07/2011;81.89
13/07/2011;82.48
14/07/2011;82.24
15/07/2011;83
18/07/2011;82.65
19/07/2011;83.63
20/07/2011;83.3
21/07/2011;85.02
22/07/2011;85.22
25/07/2011;84.57
26/07/2011;84.37
27/07/2011;83.31
28/07/2011;81.46
29/07/2011;79.79
01/08/2011;79.6
02/08/2011;77.84
03/08/2011;77.72
04/08/2011;73.84
05/08/2011;74.82
08/08/2011;70.19
09/08/2011;71.64
10/08/2011;68.03
11/08/2011;71.58
12/08/2011;72
15/08/2011;74.29
16/08/2011;73.5
17/08/2011;74.16
18/08/2011;70.94
19/08/2011;69.8
22/08/2011;70.18
23/08/2011;73.66
24/08/2011;73.54
25/08/2011;71.77
26/08/2011;72.64
29/08/2011;74.12
30/08/2011;73.91
31/08/2011;74.02
01/09/2011;73.49
02/09/2011;72.14
06/09/2011;71.15
07/09/2011;73.65
08/09/2011;72.82
09/09/2011;71.01
12/09/2011;71.84
13/09/2011;71.65
14/09/2011;72.64
15/09/2011;74.01
16/09/2011;74.55
19/09/2011;73.7
20/09/2011;74.01
21/09/2011;71.97
22/09/2011;69.24
23/09/2011;69.31
26/09/2011;71.72
27/09/2011;72.91
28/09/2011;72.07
29/09/2011;73.88
30/09/2011;72.63
03/10/2011;71.15
04/10/2011;72.83
05/10/2011;73.95
06/10/2011;73.89
07/10/2011;73.56
10/10/2011;76.28
11/10/2011;76.27
12/10/2011;77.16
13/10/2011;76.37
14/10/2011;78.11
17/10/2011;77.47
18/10/2011;78.89
19/10/2011;78.43
20/10/2011;78.71
21/10/2011;80.13
24/10/2011;80.17
25/10/2011;79.44
26/10/2011;81.07
27/10/2011;81.88
28/10/2011;81.48
31/10/2011;78.09
01/11/2011;75.94
02/11/2011;77.37
03/11/2011;78.86
04/11/2011;78.52
07/11/2011;79.35
08/11/2011;79.76
09/11/2011;77.39
10/11/2011;78.7
11/11/2011;79.72
14/11/2011;78.96
15/11/2011;79.09
16/11/2011;78.25
17/11/2011;77.86
18/11/2011;77.9
21/11/2011;76.91
22/11/2011;76.03
23/11/2011;74.58
25/11/2011;73.9
28/11/2011;75.84
29/11/2011;76.93
30/11/2011;80.44
01/12/2011;79.79
02/12/2011;79.79
05/12/2011;80.45
06/12/2011;80.82
07/12/2011;81.08
08/12/2011;79.87
09/12/2011;81.34
12/12/2011;80.05
13/12/2011;80.53
14/12/2011;79.44
15/12/2011;80.03
16/12/2011;80.16
19/12/2011;79.53
20/12/2011;82
21/12/2011;83.12
22/12/2011;84.29
23/12/2011;85.22
27/12/2011;85.28
28/12/2011;84.18
29/12/2011;85.27
30/12/2011;84.76
03/01/2012;86
04/01/2012;86.02
05/01/2012;85.76
06/01/2012;85.12
09/01/2012;85.5
10/01/2012;85.72
11/01/2012;85.08
12/01/2012;84.74
13/01/2012;84.88
17/01/2012;85.69
18/01/2012;86.45
19/01/2012;87.03
20/01/2012;87.49
23/01/2012;87.47
24/01/2012;87.18
25/01/2012;87.22
26/01/2012;86.77
27/01/2012;85.83
30/01/2012;85.49
31/01/2012;83.74
01/02/2012;83.97
02/02/2012;83.53
03/02/2012;84.92
06/02/2012;85.75
07/02/2012;86.34
08/02/2012;85.32
09/02/2012;84.88
10/02/2012;83.8
13/02/2012;84.42
14/02/2012;84.67
15/02/2012;84.12
16/02/2012;85.41
17/02/2012;85.62
21/02/2012;86.57
22/02/2012;86.92
23/02/2012;87.02
24/02/2012;87.34
27/02/2012;87.23
28/02/2012;87.14
29/02/2012;86.5
01/03/2012;86.83
02/03/2012;86.33
05/03/2012;87.01
06/03/2012;85.86
07/03/2012;85.83
08/03/2012;84.83
09/03/2012;84.3
12/03/2012;85.55
13/03/2012;86.86
14/03/2012;86.02
15/03/2012;86.09
16/03/2012;86.44
19/03/2012;86.99
20/03/2012;86.6
21/03/2012;86.01
22/03/2012;85.33
23/03/2012;85.55
26/03/2012;87.03
27/03/2012;86.62
28/03/2012;85.86
29/03/2012;86.08
30/03/2012;86.73
02/04/2012;87.07
03/04/2012;85.83
04/04/2012;84.98
05/04/2012;84.82
09/04/2012;83.88
10/04/2012;82.17
11/04/2012;82.7
12/04/2012;83.6
13/04/2012;82.95
16/04/2012;84.01
17/04/2012;85.45
18/04/2012;85.75
19/04/2012;85.28
20/04/2012;85.3
23/04/2012;85.69
24/04/2012;86.31
25/04/2012;86.85
26/04/2012;86.07
27/04/2012;86.08
30/04/2012;86.34
01/05/2012;87.04
02/05/2012;86.2
03/05/2012;85.65
04/05/2012;84.57
07/05/2012;84.48
08/05/2012;84.02
09/05/2012;83.31
10/05/2012;82.84
11/05/2012;83.1
14/05/2012;82.12
15/05/2012;81.79
16/05/2012;82.17
17/05/2012;81.91
18/05/2012;81.47
21/05/2012;82.04
22/05/2012;81.95
23/05/2012;82.04
24/05/2012;82.61
25/05/2012;82.08
29/05/2012;81.93
30/05/2012;79.79
31/05/2012;78.63
01/06/2012;77.92
04/06/2012;77.83
05/06/2012;77.6
06/06/2012;80.18
07/06/2012;80.69
08/06/2012;80.84
11/06/2012;80.27
12/06/2012;81.26
13/06/2012;80.63
14/06/2012;82.13
15/06/2012;83.22
18/06/2012;83.11
19/06/2012;84.48
20/06/2012;84.97
21/06/2012;82.11
22/06/2012;82.11
25/06/2012;81.24
26/06/2012;82.4
27/06/2012;83.2
28/06/2012;83.1
29/06/2012;85.57
02/07/2012;85.34
03/07/2012;86.28
05/07/2012;85.57
06/07/2012;84.8
09/07/2012;83.65
10/07/2012;83.11
11/07/2012;84.38
12/07/2012;84.12
13/07/2012;85.47
16/07/2012;85.05
17/07/2012;85.73
18/07/2012;86.21
19/07/2012;86.21
20/07/2012;85.95
23/07/2012;85.21
24/07/2012;84.58
25/07/2012;85.24
26/07/2012;86.52
27/07/2012;87.45
30/07/2012;87.56
31/07/2012;86.85
01/08/2012;86.91
02/08/2012;85.88
03/08/2012;87.55
06/08/2012;87.45
07/08/2012;87.92
08/08/2012;88.28
09/08/2012;88.2
10/08/2012;88.44
13/08/2012;88.14
14/08/2012;88.2
15/08/2012;88
16/08/2012;88.67
17/08/2012;88.4
20/08/2012;87.95
21/08/2012;87.46
22/08/2012;87.73
23/08/2012;87.31
24/08/2012;88.05
27/08/2012;87.74
28/08/2012;88.1
29/08/2012;87.9
30/08/2012;87.2
31/08/2012;87.3
04/09/2012;87.12
05/09/2012;87.33
06/09/2012;88.99
07/09/2012;89.92
10/09/2012;89.48
11/09/2012;89.62
12/09/2012;89.55
13/09/2012;91.23
14/09/2012;92.3
17/09/2012;91.91
18/09/2012;91.65
19/09/2012;90.57
20/09/2012;91.52
21/09/2012;91.92
24/09/2012;91.88
25/09/2012;91.74
26/09/2012;91.23
27/09/2012;91.8
28/09/2012;91.45
01/10/2012;91.8
02/10/2012;91.72
03/10/2012;91.7
04/10/2012;92.22
05/10/2012;92.55
08/10/2012;92.68
09/10/2012;92.13
10/10/2012;91.03
11/10/2012;91.17
12/10/2012;91.03
15/10/2012;91.51
16/10/2012;92.38
17/10/2012;93.39
18/10/2012;93.48
19/10/2012;92.15
22/10/2012;92.19
23/10/2012;90.18
24/10/2012;89.88
25/10/2012;90.43
26/10/2012;90.62
31/10/2012;91.17
01/11/2012;91.6
02/11/2012;90.27
05/11/2012;90.63
06/11/2012;91.61
07/11/2012;88.18
08/11/2012;87.0695
09/11/2012;87.21
12/11/2012;87.32
13/11/2012;86.47
14/11/2012;86.07
15/11/2012;86.14
16/11/2012;86.45
19/11/2012;87.67
20/11/2012;87.5
21/11/2012;88.01
23/11/2012;89.09
26/11/2012;88.62
27/11/2012;87.35
28/11/2012;88.1
29/11/2012;88.12
30/11/2012;88.14
03/12/2012;87.61
04/12/2012;87.19
05/12/2012;87.73
06/12/2012;88
07/12/2012;88.6
10/12/2012;88.41
11/12/2012;88.99
12/12/2012;89.45
13/12/2012;88.58
14/12/2012;88.08
17/12/2012;88.87
18/12/2012;89.56
19/12/2012;88.4364
20/12/2012;88.89
21/12/2012;87.23
24/12/2012;86.92
26/12/2012;87.07
27/12/2012;86.86
28/12/2012;85.1
31/12/2012;86.55
02/01/2013;88.71
03/01/2013;88.55
04/01/2013;88.96
07/01/2013;87.93
08/01/2013;88.48
09/01/2013;88.14
10/01/2013;89.1
11/01/2013;89.61
14/01/2013;89.58
15/01/2013;89.53
16/01/2013;89.47
17/01/2013;90.2
18/01/2013;90.8
22/01/2013;90.92
23/01/2013;90.7
24/01/2013;91.35
25/01/2013;91.73
28/01/2013;91.11
29/01/2013;91.76
30/01/2013;90.67
31/01/2013;89.97
01/02/2013;90.04
04/02/2013;89.15
05/02/2013;89.74
06/02/2013;89.79
07/02/2013;88.25
08/02/2013;88.61
11/02/2013;88.28
12/02/2013;88.46
13/02/2013;88.67
14/02/2013;88.52
15/02/2013;88.36
19/02/2013;89.32
20/02/2013;88.97
21/02/2013;88.59
22/02/2013;89.2
25/02/2013;87.7
26/02/2013;88.51
27/02/2013;89.53
28/02/2013;89.55
01/03/2013;89.43
04/03/2013;88.95
05/03/2013;89.61
06/03/2013;89.56
07/03/2013;88.71
08/03/2013;88.97
11/03/2013;89.16
12/03/2013;89.16
13/03/2013;89.26
14/03/2013;89.83
15/03/2013;89.37
18/03/2013;88.77
19/03/2013;88.58
20/03/2013;88.63
21/03/2013;88.17
22/03/2013;89.29
25/03/2013;89.02
26/03/2013;90.13
27/03/2013;90.58
28/03/2013;90.11
01/04/2013;90.77
02/04/2013;90.58
03/04/2013;89.93
04/04/2013;89.77
05/04/2013;89.01
08/04/2013;88.6
09/04/2013;88.77
10/04/2013;88.68
11/04/2013;89.22
12/04/2013;88.99
15/04/2013;86.49
16/04/2013;86.61
17/04/2013;86.08
18/04/2013;86.62
19/04/2013;87.45
22/04/2013;88.09
23/04/2013;89.3
24/04/2013;89.43
25/04/2013;88.07
26/04/2013;88
29/04/2013;88.21
30/04/2013;88.99
01/05/2013;87.51
02/05/2013;88.63
03/05/2013;90.02
06/05/2013;90.58
07/05/2013;91.15
08/05/2013;91.7
09/05/2013;91.03
10/05/2013;90.14
13/05/2013;90.1
14/05/2013;91.11
15/05/2013;91.24
16/05/2013;90.7
17/05/2013;91.76
20/05/2013;92.52
21/05/2013;92.8
22/05/2013;92.19
23/05/2013;91.79
24/05/2013;91.53
28/05/2013;92.38
29/05/2013;92.08
30/05/2013;92.09
31/05/2013;90.47
03/06/2013;91.46
04/06/2013;90.79
05/06/2013;89.65
06/06/2013;90.23
07/06/2013;91.45
10/06/2013;91.12
11/06/2013;90.46
12/06/2013;89.74
13/06/2013;91.33
14/06/2013;90.58
17/06/2013;91.51
18/06/2013;91.93
19/06/2013;91
20/06/2013;89.05
21/06/2013;89.48
24/06/2013;88.48
25/06/2013;89.11
26/06/2013;89.8
27/06/2013;90.04
28/06/2013;90.35
01/07/2013;90.3
02/07/2013;90.64
03/07/2013;90.69
05/07/2013;91.57
08/07/2013;92.25
09/07/2013;93.34
10/07/2013;92.82
11/07/2013;93.27
12/07/2013;93.4
15/07/2013;93.25
16/07/2013;93.3
17/07/2013;93.46
18/07/2013;94.38
19/07/2013;95.17
22/07/2013;94.83
23/07/2013;95.2
24/07/2013;94.99
25/07/2013;94.97
26/07/2013;94.79
29/07/2013;94.03
30/07/2013;93.81
31/07/2013;93.75
01/08/2013;92.73
02/08/2013;91.95
05/08/2013;91.59
06/08/2013;91.47
07/08/2013;91.34
08/08/2013;91.78
09/08/2013;90.72
12/08/2013;89.89
13/08/2013;89.4
14/08/2013;88.95
15/08/2013;88.16
16/08/2013;87.91
19/08/2013;86.92
20/08/2013;86.83
21/08/2013;86.42
22/08/2013;86.98
23/08/2013;87.52
26/08/2013;87.09
27/08/2013;86.82
28/08/2013;88.84
29/08/2013;87.27
30/08/2013;87.16
03/09/2013;87.15
04/09/2013;87.76
05/09/2013;87.35
06/09/2013;87.25
09/09/2013;88.04
10/09/2013;87.82
11/09/2013;88.84
12/09/2013;87.98
13/09/2013;88.4
16/09/2013;88.67
17/09/2013;88.94
18/09/2013;89.58
19/09/2013;89.28
20/09/2013;88.66
23/09/2013;87.75
24/09/2013;87.36
25/09/2013;87.14
26/09/2013;87.07
27/09/2013;86.9
30/09/2013;86.04
01/10/2013;86
02/10/2013;86.08
03/10/2013;85.5
04/10/2013;86.32
07/10/2013;85.9
08/10/2013;85.51
09/10/2013;85.16
10/10/2013;86.04
11/10/2013;86.95
14/10/2013;87.6
15/10/2013;86.79
16/10/2013;87.31
17/10/2013;87.48
18/10/2013;87.55
21/10/2013;87.23
22/10/2013;87.98
23/10/2013;87.61
24/10/2013;88.42
25/10/2013;87.97
28/10/2013;88.23
29/10/2013;88.93
30/10/2013;88.81
31/10/2013;89.62
01/11/2013;89.82
04/11/2013;92.1
05/11/2013;91.99
06/11/2013;93.22
07/11/2013;91.96
08/11/2013;92.73
11/11/2013;92.96
12/11/2013;92.67
13/11/2013;92.59
14/11/2013;93.22
15/11/2013;95.27
18/11/2013;95.45
19/11/2013;95.42
20/11/2013;94.68
21/11/2013;94.69
22/11/2013;95.01
25/11/2013;95.09
26/11/2013;94.27
27/11/2013;93.8
29/11/2013;93.48
02/12/2013;93.52
03/12/2013;94.39
04/12/2013;94.67
05/12/2013;94.13
06/12/2013;95.65
09/12/2013;95.84
10/12/2013;95.71
11/12/2013;94.26
12/12/2013;95.36
13/12/2013;95.31
16/12/2013;97.22
17/12/2013;96.75
18/12/2013;99.54
19/12/2013;99.43
20/12/2013;98.68
23/12/2013;98.51
24/12/2013;99.22
26/12/2013;100.9
27/12/2013;101.51
30/12/2013;100.31
31/12/2013;101.2
02/01/2014;99.75
03/01/2014;99.51
06/01/2014;99.66
07/01/2014;101.07
08/01/2014;100.74
09/01/2014;99.76
10/01/2014;100.52
13/01/2014;98.55
14/01/2014;99.12
15/01/2014;98.78
16/01/2014;98.94
17/01/2014;99.16
21/01/2014;98.5
22/01/2014;97.88
23/01/2014;96.97
24/01/2014;94.85
27/01/2014;94.92
28/01/2014;95.65
29/01/2014;95.11
30/01/2014;93.99
31/01/2014;92.16
03/02/2014;90.05
04/02/2014;90.02
05/02/2014;89.58
06/02/2014;89.8
07/02/2014;90.58
10/02/2014;89.52
11/02/2014;90.84
12/02/2014;91.08
13/02/2014;91.43
14/02/2014;94.11
18/02/2014;94.07
19/02/2014;93.95
20/02/2014;95.37
21/02/2014;95.03
24/02/2014;96.44
25/02/2014;96.31
26/02/2014;95.79
27/02/2014;95.84
28/02/2014;96.27
03/03/2014;95.5
04/03/2014;96.52
05/03/2014;93.8
06/03/2014;93.76
07/03/2014;94.99
10/03/2014;95.5
11/03/2014;94.01
12/03/2014;94.21
13/03/2014;93.64
14/03/2014;93.47
17/03/2014;94.32
18/03/2014;94.71
19/03/2014;93.73
20/03/2014;94.58
21/03/2014;94.31
24/03/2014;94.64
25/03/2014;94.91
26/03/2014;94.7
27/03/2014;96.24
28/03/2014;97.7
31/03/2014;97.68
01/04/2014;97.73
02/04/2014;97.95
03/04/2014;97.93
04/04/2014;97.36
07/04/2014;96.78
08/04/2014;97.45
09/04/2014;97.33
10/04/2014;96.78
11/04/2014;96.72
14/04/2014;97.86
15/04/2014;98.68
16/04/2014;99.94
17/04/2014;100.42
21/04/2014;100.93
22/04/2014;100.37
23/04/2014;100.5
24/04/2014;100.01
25/04/2014;100.41
28/04/2014;101.17
29/04/2014;101.45
30/04/2014;102.41
01/05/2014;101.41
02/05/2014;102.01
05/05/2014;102.91
06/05/2014;102.67
07/05/2014;103.11
08/05/2014;102.32
09/05/2014;101.95
12/05/2014;102.23
13/05/2014;102.36
14/05/2014;102.29
15/05/2014;100.78
16/05/2014;100.74
19/05/2014;100.87
20/05/2014;100.67
21/05/2014;102.03
22/05/2014;101.5
23/05/2014;101.32
27/05/2014;101.36
28/05/2014;101.06
29/05/2014;101.27
30/05/2014;100.53
02/06/2014;99.94
03/06/2014;100.39
04/06/2014;100.04
05/06/2014;100.55
06/06/2014;101.6
09/06/2014;101.52
10/06/2014;101.46
11/06/2014;101.95
12/06/2014;101.66
13/06/2014;102.65
16/06/2014;102.92
17/06/2014;102.42
18/06/2014;102.73
19/06/2014;102.63
20/06/2014;103.83
23/06/2014;104.38
24/06/2014;102.73
25/06/2014;102.14
26/06/2014;102.03
27/06/2014;101.21
30/06/2014;100.68
01/07/2014;101.36
02/07/2014;101.57
03/07/2014;102.59
07/07/2014;102.65
08/07/2014;102.83
09/07/2014;103.55
10/07/2014;102.57
11/07/2014;101.74
14/07/2014;102.68
15/07/2014;102.39
16/07/2014;103.77
17/07/2014;102.31
18/07/2014;102.73
21/07/2014;103.08
22/07/2014;103.54
23/07/2014;104.25
24/07/2014;104.28
25/07/2014;103.18
28/07/2014;104.37
29/07/2014;103.55
30/07/2014;103.25
31/07/2014;98.94
01/08/2014;98.8
04/08/2014;100.13
05/08/2014;98.2
06/08/2014;98.98
07/08/2014;98.27
08/08/2014;99.74
11/08/2014;98.73
12/08/2014;98.49
13/08/2014;99.09
14/08/2014;99.09
15/08/2014;99.03
18/08/2014;99.52
19/08/2014;99.49
20/08/2014;99.7
21/08/2014;99.28
22/08/2014;98.5
25/08/2014;98.75
26/08/2014;99.64
27/08/2014;99.53
28/08/2014;99.57
29/08/2014;99.46
02/09/2014;98.49
03/09/2014;99.11
04/09/2014;98.36
05/09/2014;99.26
08/09/2014;97.77
09/09/2014;97.39
10/09/2014;96.81
11/09/2014;97.03
12/09/2014;95.78
15/09/2014;96.29
16/09/2014;97.43
17/09/2014;97.08
18/09/2014;96.61
19/09/2014;97.12
22/09/2014;96.54
23/09/2014;96.03
24/09/2014;95.82
25/09/2014;94.25
26/09/2014;95.43
29/09/2014;94.43
30/09/2014;94.05
01/10/2014;92.86
02/10/2014;93.3
03/10/2014;93.92
06/10/2014;94.52
07/10/2014;93.37
08/10/2014;94.61
09/10/2014;91.82
10/10/2014;91.6
13/10/2014;90.84
14/10/2014;90.55
15/10/2014;90.22
16/10/2014;90.6
17/10/2014;91.21
20/10/2014;91.77
21/10/2014;93.65
22/10/2014;93.13
23/10/2014;94.11
24/10/2014;94.49
27/10/2014;93.71
28/10/2014;95.1
29/10/2014;94.59
30/10/2014;94.45
31/10/2014;96.71
03/11/2014;95.26
04/11/2014;94.52
05/11/2014;95.07
06/11/2014;96.26
07/11/2014;96.59
10/11/2014;96.28
11/11/2014;96.41
12/11/2014;95.38
13/11/2014;94.66
14/11/2014;95.09
17/11/2014;95.11
18/11/2014;94.87
19/11/2014;95.61
20/11/2014;95.82
21/11/2014;96.81
24/11/2014;95.72
25/11/2014;94.78
26/11/2014;94.48
28/11/2014;90.54
01/12/2014;92.35
02/12/2014;94.19
03/12/2014;94.95
04/12/2014;94.37
05/12/2014;93.82
08/12/2014;91.7
09/12/2014;91.38
10/12/2014;88.67
11/12/2014;89.2
12/12/2014;86.6
15/12/2014;86.9
16/12/2014;86.41
17/12/2014;89.02
18/12/2014;91.16
19/12/2014;93.64
22/12/2014;93.33
23/12/2014;94.59
24/12/2014;93.78
26/12/2014;93.21
29/12/2014;93.07
30/12/2014;93.02
31/12/2014;92.45
02/01/2015;92.83
05/01/2015;90.29
06/01/2015;89.81
07/01/2015;90.72
08/01/2015;92.23
09/01/2015;92.1
12/01/2015;90.33
13/01/2015;90
14/01/2015;89.74
15/01/2015;88.96
16/01/2015;91.12
20/01/2015;91.09
21/01/2015;91.87
22/01/2015;92.87
23/01/2015;90.89
26/01/2015;91.76
27/01/2015;90.95
28/01/2015;87.95
29/01/2015;87.58
30/01/2015;87.42
02/02/2015;89.58
03/02/2015;92.25
04/02/2015;91.46
05/02/2015;92.36
06/02/2015;91.5
09/02/2015;91.56
10/02/2015;91.01
11/02/2015;90.6
12/02/2015;92.37
13/02/2015;93.37
17/02/2015;93.05
18/02/2015;91.01
19/02/2015;89.44
20/02/2015;89.92
23/02/2015;89.01
24/02/2015;89.42
25/02/2015;89.6
26/02/2015;88.65
27/02/2015;88.54
02/03/2015;88.04
03/03/2015;87.62
04/03/2015;87.18
05/03/2015;86.74
06/03/2015;85.63
09/03/2015;85.16
10/03/2015;84.26
11/03/2015;84.02
12/03/2015;84.22
13/03/2015;83.87
16/03/2015;84.76
17/03/2015;84.08
18/03/2015;86.07
19/03/2015;84.41
20/03/2015;84.54
23/03/2015;85.43
24/03/2015;84.52
25/03/2015;84.86
26/03/2015;84.32
27/03/2015;83.58
30/03/2015;85.63
31/03/2015;85
01/04/2015;84.46
02/04/2015;84.3
06/04/2015;85.13
07/04/2015;85.75
08/04/2015;84.06
09/04/2015;84.65
10/04/2015;85.56
13/04/2015;85.34
14/04/2015;86.63
15/04/2015;88.08
16/04/2015;87.73
17/04/2015;86.93
20/04/2015;87.24
21/04/2015;86.88
22/04/2015;87.46
23/04/2015;87.54
24/04/2015;86.97
27/04/2015;87.01
28/04/2015;87.8
29/04/2015;87.87
30/04/2015;87.37
01/05/2015;88.85
04/05/2015;89.11
05/05/2015;88.61
06/05/2015;88.19
07/05/2015;87.6
08/05/2015;88.99
11/05/2015;86.78
12/05/2015;87.02
13/05/2015;86.56
14/05/2015;86.97
15/05/2015;87.35
18/05/2015;86.85
19/05/2015;86.99
20/05/2015;87.13
21/05/2015;87.21
22/05/2015;86.52
26/05/2015;85.35
27/05/2015;85.11
28/05/2015;85.11
29/05/2015;85.2
01/06/2015;85.13
02/06/2015;85.14
03/06/2015;84.95
04/06/2015;84.22
05/06/2015;84.28
08/06/2015;84.85
09/06/2015;84.58
10/06/2015;85.21
11/06/2015;85.09
12/06/2015;84.02
15/06/2015;83.72
16/06/2015;84.68
17/06/2015;84.73
18/06/2015;85.48
19/06/2015;85.21
22/06/2015;85.17
23/06/2015;85.07
24/06/2015;84.68
25/06/2015;83.93
26/06/2015;83.86
29/06/2015;82.82
30/06/2015;83.2
01/07/2015;82.37
02/07/2015;83.14
06/07/2015;82.53
07/07/2015;82.87
08/07/2015;81.97
09/07/2015;81.6
10/07/2015;82.22
13/07/2015;82.42
14/07/2015;83.11
15/07/2015;82.76
16/07/2015;82.91
17/07/2015;82.61
20/07/2015;81.76
21/07/2015;81.66
22/07/2015;81.79
23/07/2015;81.14
24/07/2015;79.94
27/07/2015;79.26
28/07/2015;82.48
29/07/2015;83.14
30/07/2015;83.01
31/07/2015;79.21
03/08/2015;78.06
04/08/2015;77.17
05/08/2015;77.17
06/08/2015;78.09
07/08/2015;76.83
10/08/2015;78.75
11/08/2015;77.49
12/08/2015;78.79
13/08/2015;78.65
14/08/2015;78.36
17/08/2015;78.77
18/08/2015;77.9
19/08/2015;76.23
20/08/2015;74.57
21/08/2015;72.13
24/08/2015;68.72
25/08/2015;68.71
26/08/2015;72.5
27/08/2015;74.85
28/08/2015;75.07
31/08/2015;75.24
01/09/2015;72.08
02/09/2015;73.23
03/09/2015;73.79
04/09/2015;72.46
08/09/2015;73.5
09/09/2015;72
10/09/2015;72.52
11/09/2015;72.69
14/09/2015;72.49
15/09/2015;72.86
16/09/2015;74.3
17/09/2015;74.46
18/09/2015;72.68
21/09/2015;73.39
22/09/2015;72.74
23/09/2015;72.3
24/09/2015;72.73
25/09/2015;73.23
28/09/2015;72.6
29/09/2015;72.97
30/09/2015;74.35
01/10/2015;74.06
02/10/2015;75.88
05/10/2015;76.81
06/10/2015;77.89
07/10/2015;79.2
08/10/2015;80.03
09/10/2015;79.26
12/10/2015;79.3
13/10/2015;79.16
14/10/2015;80.16
15/10/2015;81.48
16/10/2015;82.48
19/10/2015;80.99
20/10/2015;80.83
21/10/2015;80.21
22/10/2015;82.89
23/10/2015;82.98
26/10/2015;81.22
27/10/2015;81.09
28/10/2015;82.28
29/10/2015;82.23
30/10/2015;82.74
02/11/2015;85.28
03/11/2015;86.85
04/11/2015;85.98
05/11/2015;84.81
06/11/2015;84.47
09/11/2015;81.95
10/11/2015;82.35
11/11/2015;81.62
12/11/2015;79.41
13/11/2015;78.1
16/11/2015;80.9
17/11/2015;79.96
18/11/2015;80.74
19/11/2015;80.3
20/11/2015;79.79
23/11/2015;80.28
24/11/2015;81.88
25/11/2015;81.25
27/11/2015;81.23
30/11/2015;81.66
01/12/2015;81.89
02/12/2015;79.55
03/12/2015;78.41
04/12/2015;78.86
07/12/2015;76.8
08/12/2015;74.63
09/12/2015;75.63
10/12/2015;75.69
11/12/2015;74.34
14/12/2015;76.03
15/12/2015;79.43
16/12/2015;79.15
17/12/2015;77.96
18/12/2015;77.28
21/12/2015;77.26
22/12/2015;77.65
23/12/2015;80.19
24/12/2015;79.33
28/12/2015;78.74
29/12/2015;79.16
30/12/2015;78.11
31/12/2015;77.95
04/01/2016;77.46
05/01/2016;78.12
06/01/2016;77.47
07/01/2016;76.23
08/01/2016;74.69
11/01/2016;73.69
12/01/2016;75.2
13/01/2016;75.65
14/01/2016;79.12
15/01/2016;77.58
19/01/2016;76.4
20/01/2016;73.18
21/01/2016;74.1
22/01/2016;76.57
25/01/2016;73.98
26/01/2016;76.7
27/01/2016;75.29
28/01/2016;76.99
29/01/2016;77.85
01/02/2016;76.29
02/02/2016;74.59
03/02/2016;78.48
04/02/2016;79.83
05/02/2016;80.08
08/02/2016;81.16
09/02/2016;80.08
10/02/2016;79.35
11/02/2016;79.6
12/02/2016;81.03
16/02/2016;81.22
17/02/2016;82
18/02/2016;82.45
19/02/2016;82.5
22/02/2016;82.39
23/02/2016;81.23
24/02/2016;81.52
25/02/2016;82.01
26/02/2016;81.75
29/02/2016;80.15
01/03/2016;81.28
02/03/2016;82.7
03/03/2016;82.4
04/03/2016;82.29
07/03/2016;84.46
08/03/2016;82.63
09/03/2016;82.4
10/03/2016;82.18
11/03/2016;82.19
14/03/2016;82.41
15/03/2016;82.82
16/03/2016;82.87
17/03/2016;84.1
18/03/2016;84.2
21/03/2016;83.62
22/03/2016;84.12
23/03/2016;83.75
24/03/2016;83.98
28/03/2016;84.22
29/03/2016;84.53
30/03/2016;84.52
31/03/2016;83.59
01/04/2016;82.96
04/04/2016;83.16
05/04/2016;82.21
06/04/2016;83.31
07/04/2016;82.37
08/04/2016;83.21
11/04/2016;83.32
12/04/2016;84.35
13/04/2016;84.83
14/04/2016;85.43
15/04/2016;84.97
18/04/2016;85.78
19/04/2016;86.21
20/04/2016;86.8
21/04/2016;86.79
22/04/2016;87.53
25/04/2016;87.33
26/04/2016;87.63
27/04/2016;88.46
28/04/2016;88.03
29/04/2016;88.4
02/05/2016;89.13
03/05/2016;88.11
04/05/2016;87.94
05/05/2016;88.04
06/05/2016;88.51
09/05/2016;88.57
10/05/2016;89.99
11/05/2016;88.81
12/05/2016;89.67
13/05/2016;88.66
16/05/2016;89.57
17/05/2016;89.53
18/05/2016;89.35
19/05/2016;90.11
20/05/2016;89.74
23/05/2016;89.6
24/05/2016;89.67
25/05/2016;90.26
26/05/2016;89.8
27/05/2016;90.01
31/05/2016;89.02
01/06/2016;89.24
02/06/2016;88.53
03/06/2016;88.37
06/06/2016;89.34
07/06/2016;90.71
08/06/2016;90.79
09/06/2016;90.67
10/06/2016;89.98
13/06/2016;90.59
14/06/2016;90.43
15/06/2016;90.16
16/06/2016;91.22
17/06/2016;90.72
20/06/2016;91.12
21/06/2016;91.53
22/06/2016;91.17
23/06/2016;91.8
24/06/2016;89.39
27/06/2016;88.86
28/06/2016;90.91
29/06/2016;92.46
30/06/2016;93.74
01/07/2016;93.84
05/07/2016;93.02
06/07/2016;94.09
07/07/2016;92.96
08/07/2016;93.54
11/07/2016;93.89
12/07/2016;94.95
13/07/2016;94.88
14/07/2016;94.95
15/07/2016;95.12
18/07/2016;94.82
19/07/2016;94.47
20/07/2016;93.93
21/07/2016;93.85
22/07/2016;94.01
25/07/2016;92.2
26/07/2016;91.53
27/07/2016;90.91
28/07/2016;90.2
29/07/2016;88.95
01/08/2016;85.86
02/08/2016;87.04
03/08/2016;87.49
04/08/2016;87.48
05/08/2016;87.56
08/08/2016;88.59
09/08/2016;88.7
10/08/2016;86.41
11/08/2016;86.72
12/08/2016;87.85
15/08/2016;87.81
16/08/2016;87.92
17/08/2016;88.11
18/08/2016;88.91
19/08/2016;87.8
22/08/2016;87.99
23/08/2016;87.72
24/08/2016;88.02
25/08/2016;87.46
26/08/2016;87.27
29/08/2016;87.84
30/08/2016;87.52
31/08/2016;87.14
01/09/2016;86.84
02/09/2016;87.42
06/09/2016;88.57
07/09/2016;88.24
08/09/2016;89.05
09/09/2016;86.84
12/09/2016;87.29
13/09/2016;85.21
14/09/2016;84.6
15/09/2016;85.08
16/09/2016;84.03
19/09/2016;83.83
20/09/2016;82.54
21/09/2016;83.3
22/09/2016;83.54
23/09/2016;83.45
26/09/2016;83.06
27/09/2016;83.24
28/09/2016;86.9
29/09/2016;86.46
30/09/2016;87.28
03/10/2016;87.05
04/10/2016;86.25
05/10/2016;87
06/10/2016;87.04
07/10/2016;86.74
10/10/2016;88.44
11/10/2016;87.74
12/10/2016;87.13
13/10/2016;86.56
14/10/2016;86.54
17/10/2016;86.54
18/10/2016;86.77
19/10/2016;87.17
20/10/2016;87.21
21/10/2016;86.62
24/10/2016;86.91
25/10/2016;86.72
26/10/2016;87.09
27/10/2016;86.92
28/10/2016;84.78
31/10/2016;83.32
01/11/2016;83.65
02/11/2016;83.45
03/11/2016;83.66
04/11/2016;83.57
07/11/2016;85.45
08/11/2016;85.31
09/11/2016;86.25
10/11/2016;87.05
11/11/2016;85.67
14/11/2016;85.28
15/11/2016;86.82
16/11/2016;85.75
17/11/2016;85.23
18/11/2016;85.28
21/11/2016;86.49
22/11/2016;86.68
23/11/2016;86.92
25/11/2016;87.12
28/11/2016;86.47
29/11/2016;85.9
30/11/2016;87.3
01/12/2016;87.24
02/12/2016;87.04
05/12/2016;87.48
06/12/2016;87.56
07/12/2016;88.07
08/12/2016;88.32
09/12/2016;89
12/12/2016;90.98
13/12/2016;92.58
14/12/2016;90.58
15/12/2016;90.89
16/12/2016;91.18
19/12/2016;90.42
20/12/2016;90.43
21/12/2016;90.28
22/12/2016;90.87
23/12/2016;90.71
27/12/2016;90.75
28/12/2016;90.3
29/12/2016;90.35
30/12/2016;90.26
03/01/2017;90.89
04/01/2017;89.89
05/01/2017;88.55
06/01/2017;88.5
09/01/2017;87.04
10/01/2017;85.93
11/01/2017;86.81
12/01/2017;86.34
13/01/2017;86.35
17/01/2017;87.36
18/01/2017;86.28
19/01/2017;84.73
20/01/2017;85.89
23/01/2017;84.97
24/01/2017;85.09
25/01/2017;85.34
26/01/2017;85.6
27/01/2017;85.51
30/01/2017;84.86
31/01/2017;83.89
01/02/2017;82.94
02/02/2017;83.45
03/02/2017;83.54
06/02/2017;83.31
07/02/2017;82.77
08/02/2017;81.48
09/02/2017;81.84
10/02/2017;82.52
13/02/2017;83
14/02/2017;82.82
15/02/2017;83.16
16/02/2017;82.3
17/02/2017;81.76
21/02/2017;81.89
22/02/2017;80.93
23/02/2017;81.78
24/02/2017;81.08
27/02/2017;81.54
28/02/2017;81.32
01/03/2017;83.02
02/03/2017;83.3
03/03/2017;82.46
06/03/2017;82.83
07/03/2017;82.52
08/03/2017;81.03
09/03/2017;81.67
10/03/2017;81.61
13/03/2017;81.42
14/03/2017;80.99
15/03/2017;82
16/03/2017;82.07
17/03/2017;82
20/03/2017;82
21/03/2017;81.83
22/03/2017;81.76
23/03/2017;81.86
24/03/2017;81.23
27/03/2017;81.25
28/03/2017;81.84
29/03/2017;82.02
30/03/2017;83.7
31/03/2017;82.01
03/04/2017;82.07
04/04/2017;82.37
05/04/2017;82.53
06/04/2017;83.01
07/04/2017;82.76
10/04/2017;83.13
11/04/2017;82.84
12/04/2017;82.97
13/04/2017;81.69
17/04/2017;81.58
18/04/2017;81.05
19/04/2017;80.49
20/04/2017;81.01
21/04/2017;80.69
24/04/2017;81.11
25/04/2017;81.73
26/04/2017;81.4
27/04/2017;81.26
28/04/2017;81.65
01/05/2017;82.06
02/05/2017;82.05
03/05/2017;82.7
04/05/2017;81.64
05/05/2017;82.02
08/05/2017;82.89
09/05/2017;82.31
10/05/2017;81.91
11/05/2017;82.61
12/05/2017;82.55
15/05/2017;82.8
16/05/2017;82.55
17/05/2017;81.99
18/05/2017;81.75
19/05/2017;81.93
22/05/2017;82.29
23/05/2017;82.58
24/05/2017;82.29
25/05/2017;81.75
26/05/2017;81.55
30/05/2017;81.1
31/05/2017;80.5
01/06/2017;80.7
02/06/2017;79.5
05/06/2017;80.12
06/06/2017;81.21
07/06/2017;80.91
08/06/2017;80.62
09/06/2017;82.13
12/06/2017;82.93
13/06/2017;82.96
14/06/2017;82.07
15/06/2017;82.26
16/06/2017;83.49
19/06/2017;82.76
20/06/2017;82.31
21/06/2017;81.44
22/06/2017;81.08
23/06/2017;81.61
26/06/2017;81.24
27/06/2017;81.11
28/06/2017;81.53
29/06/2017;80.7
30/06/2017;80.73
03/07/2017;82.1
05/07/2017;80.85
06/07/2017;80.12
07/07/2017;80.22
10/07/2017;80.16
11/07/2017;80.6
12/07/2017;80.96
13/07/2017;80.97
14/07/2017;81.28
17/07/2017;80.86
18/07/2017;80.6
19/07/2017;80.85
20/07/2017;80.86
21/07/2017;80.12
24/07/2017;79.87
25/07/2017;80.27
26/07/2017;80.37
27/07/2017;80.83
28/07/2017;79.6
31/07/2017;80.04
01/08/2017;80.17
02/08/2017;80.6
03/08/2017;80.49
04/08/2017;80.21
07/08/2017;80.16
08/08/2017;79.96
09/08/2017;80.21
10/08/2017;78.97
11/08/2017;78.21
14/08/2017;78.23
15/08/2017;78.04
16/08/2017;77.47
17/08/2017;76.26
18/08/2017;76.64
21/08/2017;76.38
22/08/2017;76.74
23/08/2017;76.61
24/08/2017;76.33
25/08/2017;76.72
28/08/2017;76.47
29/08/2017;76.45
30/08/2017;76.1
31/08/2017;76.33
01/09/2017;76.57
05/09/2017;77.18
06/09/2017;78.78
07/09/2017;79.03
08/09/2017;78.82
11/09/2017;79.25
12/09/2017;79.5
13/09/2017;79.77
14/09/2017;80.09
15/09/2017;80.07
18/09/2017;80.09
19/09/2017;80.22
20/09/2017;80.55
21/09/2017;79.89
22/09/2017;79.92
25/09/2017;80.98
26/09/2017;80.89
27/09/2017;81.43
28/09/2017;82.19
29/09/2017;81.98
02/10/2017;81.63
03/10/2017;81.76
04/10/2017;81.79
05/10/2017;82.02
06/10/2017;81.71
09/10/2017;82.03
10/10/2017;82.26
11/10/2017;82.6
12/10/2017;82.43
13/10/2017;82.41
16/10/2017;82.81
17/10/2017;82.96
18/10/2017;82.76
19/10/2017;82.74
20/10/2017;83.11
23/10/2017;83.24
24/10/2017;83.47
25/10/2017;83.17
26/10/2017;83.47
27/10/2017;83.71
30/10/2017;83.54
31/10/2017;83.35
01/11/2017;83.87
02/11/2017;83.53
03/11/2017;83.18
06/11/2017;83.75
07/11/2017;83.58
08/11/2017;83.47
09/11/2017;83.97
10/11/2017;82.94
13/11/2017;82.89
14/11/2017;82.24
15/11/2017;81.21
16/11/2017;80.56
17/11/2017;80.24
20/11/2017;80.55
21/11/2017;80.87
22/11/2017;81.1
24/11/2017;81.42
27/11/2017;81.11
28/11/2017;81.67
29/11/2017;82.27
30/11/2017;83.29
01/12/2017;83.46
04/12/2017;83.57
05/12/2017;82.89
06/12/2017;82.28
07/12/2017;82.55
08/12/2017;82.66
11/12/2017;83.03
12/12/2017;82.76
13/12/2017;83.12
14/12/2017;82.9
15/12/2017;83.03
18/12/2017;82.94
19/12/2017;82.44
20/12/2017;82.87
21/12/2017;83.85
22/12/2017;#N/A N/A
