11/12/2000;98.27
12/12/2000;96.12
13/12/2000;90.97
14/12/2000;88.89
15/12/2000;91.66
18/12/2000;92.21
19/12/2000;91.6
20/12/2000;85.66
21/12/2000;86.19
22/12/2000;87.8
26/12/2000;93.5
27/12/2000;93.71
28/12/2000;89.46
29/12/2000;90.66
02/01/2001;86.58
03/01/2001;85.98
04/01/2001;86.12
05/01/2001;86.13
08/01/2001;82.58
09/01/2001;80.62
10/01/2001;84.99
11/01/2001;84.01
12/01/2001;84.21
16/01/2001;84.11
17/01/2001;81.52
18/01/2001;84.15
19/01/2001;87.93
22/01/2001;87.9
23/01/2001;86.22
24/01/2001;82.22
25/01/2001;83.01
26/01/2001;84.56
29/01/2001;81.2
30/01/2001;80.03
31/01/2001;78.63
01/02/2001;77.84
02/02/2001;82.14
05/02/2001;81.11
06/02/2001;80.92
07/02/2001;82.74
08/02/2001;84.18
09/02/2001;82.24
12/02/2001;80.08
13/02/2001;78.81
14/02/2001;77.11
15/02/2001;75.69
16/02/2001;76.01
20/02/2001;74.87
21/02/2001;74.11
22/02/2001;73.62
23/02/2001;74.23
26/02/2001;74.7
27/02/2001;74.7
28/02/2001;73.34
01/03/2001;71.61
02/03/2001;72.52
05/03/2001;74.08
06/03/2001;73.06
07/03/2001;74.14
08/03/2001;73.3
09/03/2001;72.91
12/03/2001;73.16
13/03/2001;72.9
14/03/2001;70.39
15/03/2001;70.65
16/03/2001;70.38
19/03/2001;67.82
20/03/2001;68.49
21/03/2001;71.61
22/03/2001;72.63
23/03/2001;76.6
26/03/2001;76.1
27/03/2001;77.94
28/03/2001;75.07
29/03/2001;77.79
30/03/2001;75.67
02/04/2001;67.43
03/04/2001;69.56
04/04/2001;72.66
05/04/2001;73.65
06/04/2001;72.83
09/04/2001;73.58
10/04/2001;79.14
11/04/2001;79.59
12/04/2001;78.05
16/04/2001;81.87
17/04/2001;80.12
18/04/2001;78.19
19/04/2001;78.46
20/04/2001;77
23/04/2001;75.15
24/04/2001;73.74
25/04/2001;75.3
26/04/2001;77.62
27/04/2001;75.74
30/04/2001;74.34
01/05/2001;76.47
02/05/2001;74.36
03/05/2001;76.58
04/05/2001;76.57
07/05/2001;74.72
08/05/2001;74.89
09/05/2001;76.77
10/05/2001;76.82
11/05/2001;76.05
14/05/2001;75.25
15/05/2001;76.63
16/05/2001;77.52
17/05/2001;78.39
18/05/2001;80.44
21/05/2001;81.22
22/05/2001;80.89
23/05/2001;81.53
24/05/2001;79.41
25/05/2001;78.18
29/05/2001;77.47
30/05/2001;77.6
31/05/2001;77.95
01/06/2001;75.92
04/06/2001;75.92
05/06/2001;76.95
06/06/2001;76.64
07/06/2001;75.92
08/06/2001;76.65
11/06/2001;78.27
12/06/2001;80.17
13/06/2001;80.14
14/06/2001;83.28
15/06/2001;80.45
18/06/2001;77.1
19/06/2001;77.44
20/06/2001;74.15
21/06/2001;74.24
22/06/2001;73.39
25/06/2001;73.89
26/06/2001;73.19
27/06/2001;69.94
28/06/2001;69.94
29/06/2001;70.9
02/07/2001;71.08
03/07/2001;71.6
05/07/2001;72.39
06/07/2001;73.78
09/07/2001;72.79
10/07/2001;72.33
11/07/2001;70.59
12/07/2001;70.67
13/07/2001;68.74
16/07/2001;68.81
17/07/2001;68.69
18/07/2001;67.25
19/07/2001;66.8
20/07/2001;68.11
23/07/2001;68.39
24/07/2001;68.77
25/07/2001;70.87
26/07/2001;71.89
27/07/2001;71.31
30/07/2001;70.59
31/07/2001;69.73
01/08/2001;70.43
02/08/2001;73.25
03/08/2001;72.62
06/08/2001;72.56
07/08/2001;73.43
08/08/2001;73.06
09/08/2001;73.64
10/08/2001;74.39
13/08/2001;74.19
14/08/2001;75.02
15/08/2001;74.52
16/08/2001;74.15
17/08/2001;70.51
20/08/2001;71.35
21/08/2001;72.99
22/08/2001;72.82
23/08/2001;73.72
24/08/2001;74.6
27/08/2001;75.01
28/08/2001;77.48
29/08/2001;76.57
30/08/2001;75.25
31/08/2001;76.63
04/09/2001;76.11
05/09/2001;76.71
06/09/2001;78.32
07/09/2001;80.28
10/09/2001;79.61
11/09/2001;79.61
14/09/2001;83.27
17/09/2001;80.7
18/09/2001;74.43
19/09/2001;71.9
20/09/2001;72.14
21/09/2001;70.87
24/09/2001;61.06
25/09/2001;61.76
26/09/2001;64.79
27/09/2001;64.92
28/09/2001;66.35
01/10/2001;65.99
02/10/2001;64.66
03/10/2001;63.95
04/10/2001;65.27
05/10/2001;64.02
08/10/2001;64.45
09/10/2001;64.85
10/10/2001;64.63
11/10/2001;66.76
12/10/2001;63.84
15/10/2001;63.11
16/10/2001;62.67
17/10/2001;62.1
18/10/2001;61.09
19/10/2001;62.63
22/10/2001;62.62
23/10/2001;62.11
24/10/2001;63.92
25/10/2001;63.24
26/10/2001;62.36
29/10/2001;62.44
30/10/2001;62
31/10/2001;59.79
01/11/2001;58.87
02/11/2001;58.26
05/11/2001;57.56
06/11/2001;57.13
07/11/2001;57.18
08/11/2001;60.72
09/11/2001;62.68
12/11/2001;60.1
13/11/2001;60.93
14/11/2001;56.12
15/11/2001;51.09
16/11/2001;52.18
19/11/2001;52.38
20/11/2001;53.76
21/11/2001;53.42
26/11/2001;52.17
27/11/2001;53.94
28/11/2001;53.09
29/11/2001;51.94
30/11/2001;53.23
03/12/2001;55.77
04/12/2001;54.18
05/12/2001;53.14
06/12/2001;50.66
07/12/2001;51.68
10/12/2001;50.66
11/12/2001;49.99
12/12/2001;50.58
13/12/2001;51.04
14/12/2001;54.25
17/12/2001;53.81
18/12/2001;54.69
19/12/2001;56.13
20/12/2001;54.49
21/12/2001;54.84
26/12/2001;59.46
27/12/2001;58.15
28/12/2001;56.65
31/12/2001;55.07
02/01/2002;57.86
03/01/2002;56
04/01/2002;58.59
07/01/2002;57.19
08/01/2002;56.82
09/01/2002;53.79
10/01/2002;55.33
11/01/2002;53.94
14/01/2002;51.66
15/01/2002;52.07
16/01/2002;53.21
17/01/2002;51.45
18/01/2002;51.41
22/01/2002;51.41
23/01/2002;52.53
24/01/2002;53.39
25/01/2002;53.73
28/01/2002;53.13
29/01/2002;52.05
30/01/2002;50.91
31/01/2002;52.29
01/02/2002;55.31
04/02/2002;53.81
05/02/2002;53.69
06/02/2002;52.79
07/02/2002;51.94
08/02/2002;53.34
11/02/2002;56.19
12/02/2002;54.6
13/02/2002;55.4
14/02/2002;55.62
15/02/2002;55.89
19/02/2002;54.4
20/02/2002;53.09
21/02/2002;54.94
22/02/2002;54.61
25/02/2002;52.51
26/02/2002;55.18
27/02/2002;55.39
28/02/2002;56.28
01/03/2002;58.87
04/03/2002;58.45
05/03/2002;60.14
06/03/2002;59.93
07/03/2002;61.89
08/03/2002;61.94
11/03/2002;63.45
12/03/2002;63.49
13/03/2002;64.82
14/03/2002;65.7
15/03/2002;64.76
18/03/2002;66.48
19/03/2002;66.12
20/03/2002;66.57
21/03/2002;67.14
22/03/2002;65.27
25/03/2002;64.16
26/03/2002;65.68
27/03/2002;66.72
28/03/2002;66.89
01/04/2002;68.69
02/04/2002;70.95
03/04/2002;70.83
04/04/2002;68.66
05/04/2002;68.22
08/04/2002;69.3
09/04/2002;67.8
10/04/2002;67.84
11/04/2002;64.71
12/04/2002;60.05
15/04/2002;63.34
16/04/2002;63.78
17/04/2002;65.4
18/04/2002;65.58
19/04/2002;65.91
22/04/2002;65.81
23/04/2002;66.53
24/04/2002;66.12
25/04/2002;67.2
26/04/2002;67.9
29/04/2002;69.2
30/04/2002;68.9
01/05/2002;67.42
02/05/2002;66.07
03/05/2002;66.53
06/05/2002;64.98
07/05/2002;65.86
08/05/2002;67.4
09/05/2002;67.79
10/05/2002;68.92
13/05/2002;69.45
14/05/2002;71.68
15/05/2002;67.79
16/05/2002;68.16
17/05/2002;68.6
20/05/2002;68.99
21/05/2002;66.77
22/05/2002;66.95
23/05/2002;66.5
24/05/2002;65.95
28/05/2002;63.99
29/05/2002;65.31
30/05/2002;62.15
31/05/2002;62.97
03/06/2002;63.5
04/06/2002;64.28
05/06/2002;63.6
06/06/2002;63.48
07/06/2002;63.17
10/06/2002;62.33
11/06/2002;61.86
12/06/2002;63.07
13/06/2002;66.03
14/06/2002;66.4
17/06/2002;66.49
18/06/2002;65.49
19/06/2002;65.24
20/06/2002;66.03
21/06/2002;64.89
24/06/2002;66.64
25/06/2002;65.89
26/06/2002;66.63
27/06/2002;67.29
28/06/2002;67.96
01/07/2002;68.02
02/07/2002;68.71
03/07/2002;68.77
08/07/2002;66.8
09/07/2002;67.05
10/07/2002;68.67
11/07/2002;69.01
12/07/2002;70.54
15/07/2002;69.55
16/07/2002;71.09
17/07/2002;70.98
18/07/2002;70.18
19/07/2002;70.14
22/07/2002;67.11
23/07/2002;65.85
24/07/2002;67.6
25/07/2002;67.41
26/07/2002;66.75
29/07/2002;66.6
30/07/2002;68.87
31/07/2002;67.64
01/08/2002;67.2
02/08/2002;67.66
05/08/2002;66.64
06/08/2002;67.78
07/08/2002;66.61
08/08/2002;67.24
09/08/2002;67.18
12/08/2002;69.46
13/08/2002;69.42
14/08/2002;70.14
15/08/2002;72.78
16/08/2002;73.45
19/08/2002;73.39
20/08/2002;73.8
21/08/2002;75.42
22/08/2002;74.82
23/08/2002;73.9
26/08/2002;75.11
27/08/2002;75.01
28/08/2002;74.45
29/08/2002;75.39
30/08/2002;74.82
03/09/2002;72.81
04/09/2002;75.03
05/09/2002;77.31
06/09/2002;78.39
09/09/2002;78.62
10/09/2002;79.27
11/09/2002;78.97
12/09/2002;76.58
13/09/2002;78.67
16/09/2002;78.37
17/09/2002;77.23
18/09/2002;78.91
19/09/2002;78.81
20/09/2002;78.7
23/09/2002;80.57
24/09/2002;80.7
25/09/2002;80.63
26/09/2002;80.4
27/09/2002;80.38
30/09/2002;80.18
01/10/2002;82.04
02/10/2002;81.35
03/10/2002;79.43
04/10/2002;79.19
07/10/2002;79.16
08/10/2002;79.05
09/10/2002;79.42
10/10/2002;78.3
11/10/2002;78.97
14/10/2002;80.89
15/10/2002;79.98
16/10/2002;79.96
17/10/2002;80.77
18/10/2002;80.35
21/10/2002;76.29
22/10/2002;75.78
23/10/2002;75.67
24/10/2002;75.97
25/10/2002;72.76
28/10/2002;73.08
29/10/2002;71.55
30/10/2002;72.77
31/10/2002;74.38
01/11/2002;74.16
04/11/2002;73.33
05/11/2002;71.8
06/11/2002;70.79
07/11/2002;69.62
08/11/2002;68.88
11/11/2002;68.85
12/11/2002;69.01
13/11/2002;67.25
14/11/2002;67.69
15/11/2002;68.85
18/11/2002;72.28
19/11/2002;72.17
20/11/2002;74.51
21/11/2002;74.93
22/11/2002;76.64
25/11/2002;75.04
26/11/2002;75.75
27/11/2002;75.71
02/12/2002;77.39
03/12/2002;77.5
04/12/2002;74.54
05/12/2002;75.62
06/12/2002;74.73
09/12/2002;75.82
10/12/2002;77.19
11/12/2002;76.87
12/12/2002;79.25
13/12/2002;81.56
16/12/2002;85.64
17/12/2002;83.95
18/12/2002;85.53
19/12/2002;86.06
20/12/2002;85.95
23/12/2002;89.62
24/12/2002;90.49
26/12/2002;90.91
27/12/2002;90.79
30/12/2002;86.74
31/12/2002;86.55
02/01/2003;88.09
03/01/2003;91.82
06/01/2003;88.79
07/01/2003;84.88
08/01/2003;83.21
09/01/2003;87.5
10/01/2003;86.53
13/01/2003;88.38
14/01/2003;89.16
15/01/2003;90.86
16/01/2003;89.67
17/01/2003;89.86
21/01/2003;89.47
22/01/2003;91.19
23/01/2003;91.53
24/01/2003;95.02
27/01/2003;93.43
28/01/2003;93.04
29/01/2003;97.13
30/01/2003;98.05
31/01/2003;95.88
03/02/2003;91.81
04/02/2003;96.19
05/02/2003;99.4
06/02/2003;102.71
07/02/2003;109.57
10/02/2003;104.43
11/02/2003;105.76
12/02/2003;103.05
13/02/2003;105.28
14/02/2003;106.07
18/02/2003;106.54
19/02/2003;109.93
20/02/2003;105.87
21/02/2003;110.85
24/02/2003;114.67
25/02/2003;112.26
26/02/2003;115.49
27/02/2003;115.43
28/02/2003;125.59
03/03/2003;103.6
04/03/2003;104.86
05/03/2003;104.39
06/03/2003;105.56
07/03/2003;110.85
10/03/2003;108.57
11/03/2003;103.02
12/03/2003;103.52
13/03/2003;96.71
14/03/2003;94.07
17/03/2003;91.57
18/03/2003;85.78
19/03/2003;83.61
20/03/2003;82.44
21/03/2003;75.56
24/03/2003;78.37
25/03/2003;73.49
26/03/2003;74.41
27/03/2003;81.15
28/03/2003;83.25
31/03/2003;79.24
01/04/2003;74.09
02/04/2003;71.86
03/04/2003;73.17
04/04/2003;72.6
07/04/2003;71.64
08/04/2003;71.8
09/04/2003;74.29
10/04/2003;71.61
11/04/2003;72.45
14/04/2003;74.75
15/04/2003;77.26
16/04/2003;76.49
17/04/2003;77.36
21/04/2003;80.08
22/04/2003;77.86
23/04/2003;75.07
24/04/2003;77.3
25/04/2003;76.6
28/04/2003;73.14
29/04/2003;73.04
30/04/2003;76.14
01/05/2003;69.1
02/05/2003;67.92
05/05/2003;70.51
06/05/2003;67.78
07/05/2003;68.93
08/05/2003;70.97
09/05/2003;71.89
12/05/2003;70.82
13/05/2003;74.18
14/05/2003;76.41
15/05/2003;75.04
16/05/2003;75.56
19/05/2003;72.92
20/05/2003;73.31
21/05/2003;74.75
22/05/2003;74.37
23/05/2003;74.4
27/05/2003;74.6
28/05/2003;72.96
29/05/2003;74.65
30/05/2003;75.42
02/06/2003;76.59
03/06/2003;76.52
04/06/2003;75.22
05/06/2003;77.23
06/06/2003;78.18
09/06/2003;77.9
10/06/2003;78.74
11/06/2003;79.1
12/06/2003;76.42
13/06/2003;74.22
16/06/2003;74.39
17/06/2003;75.19
18/06/2003;74.48
19/06/2003;73.4
20/06/2003;75.67
23/06/2003;75.04
24/06/2003;74.47
25/06/2003;77.91
26/06/2003;74.88
27/06/2003;75.95
30/06/2003;78.08
01/07/2003;79.02
02/07/2003;78.33
03/07/2003;78.08
07/07/2003;77.48
08/07/2003;77.91
09/07/2003;80.47
10/07/2003;80.46
11/07/2003;80.65
14/07/2003;80.62
15/07/2003;81.33
16/07/2003;78.91
17/07/2003;79.68
18/07/2003;80.12
21/07/2003;79.58
22/07/2003;75.64
23/07/2003;76.5
24/07/2003;77.73
25/07/2003;77.69
28/07/2003;77.38
29/07/2003;77.79
30/07/2003;79.66
31/07/2003;79.33
01/08/2003;85.12
04/08/2003;83.47
05/08/2003;84.63
06/08/2003;83.4
07/08/2003;85.45
08/08/2003;84.33
11/08/2003;83.54
12/08/2003;83.41
13/08/2003;80.7
14/08/2003;81.38
15/08/2003;80.51
18/08/2003;79.49
19/08/2003;79.18
20/08/2003;80.24
21/08/2003;83.3
22/08/2003;83
25/08/2003;82.4
26/08/2003;82.84
27/08/2003;80.67
28/08/2003;80.88
29/08/2003;81.87
02/09/2003;77.09
03/09/2003;77.54
04/09/2003;76.52
05/09/2003;75.99
08/09/2003;75.86
09/09/2003;76.77
10/09/2003;77.18
11/09/2003;75.55
12/09/2003;74.77
15/09/2003;74.7
16/09/2003;73.48
17/09/2003;71.15
18/09/2003;70.74
19/09/2003;69.89
22/09/2003;70.19
23/09/2003;70.83
24/09/2003;74.52
25/09/2003;74.11
26/09/2003;74.85
29/09/2003;75.6
30/09/2003;77.78
01/10/2003;79.85
02/10/2003;80.83
03/10/2003;81.79
06/10/2003;81.24
07/10/2003;81.91
08/10/2003;81.2
09/10/2003;85.42
10/10/2003;88.2
13/10/2003;87.24
14/10/2003;87.28
15/10/2003;86.88
16/10/2003;86.26
17/10/2003;83.14
20/10/2003;82.34
21/10/2003;82.59
22/10/2003;81.6
23/10/2003;82.88
24/10/2003;82.11
27/10/2003;80.86
28/10/2003;79.97
29/10/2003;78.79
30/10/2003;77.28
31/10/2003;78.58
03/11/2003;78.55
04/11/2003;77.86
05/11/2003;82.63
06/11/2003;82.22
07/11/2003;83.58
10/11/2003;83.22
11/11/2003;84.41
12/11/2003;84.69
13/11/2003;86.45
14/11/2003;87.97
17/11/2003;85.94
18/11/2003;89.92
19/11/2003;88.76
20/11/2003;87.41
21/11/2003;86.86
24/11/2003;82.03
25/11/2003;81.88
26/11/2003;83.49
01/12/2003;83.4
02/12/2003;86.26
03/12/2003;86.62
04/12/2003;88.19
05/12/2003;86.36
08/12/2003;90.54
09/12/2003;88.66
10/12/2003;88.84
11/12/2003;88.48
12/12/2003;92.56
15/12/2003;92.06
16/12/2003;91.84
17/12/2003;94.18
18/12/2003;96.42
19/12/2003;93.79
22/12/2003;89.41
23/12/2003;89.2
24/12/2003;91.08
29/12/2003;90.13
30/12/2003;92.94
31/12/2003;91.27
05/01/2004;96.84
06/01/2004;97.74
07/01/2004;96.61
08/01/2004;98.41
09/01/2004;100.96
12/01/2004;100.77
13/01/2004;98.92
14/01/2004;96.74
15/01/2004;92.99
16/01/2004;98.06
20/01/2004;101.89
21/01/2004;102.93
22/01/2004;103.84
23/01/2004;102.54
26/01/2004;99.32
27/01/2004;99.24
28/01/2004;97.24
29/01/2004;94.44
30/01/2004;93.14
02/02/2004;94.48
03/02/2004;91.42
04/02/2004;88.97
05/02/2004;88.22
06/02/2004;86.45
09/02/2004;87.96
10/02/2004;89.8
11/02/2004;91.13
12/02/2004;91.91
13/02/2004;94.27
17/02/2004;94.03
18/02/2004;93.34
19/02/2004;92.44
20/02/2004;88.66
23/02/2004;88.51
24/02/2004;88.97
25/02/2004;93.39
26/02/2004;94.32
27/02/2004;96.09
01/03/2004;94.79
02/03/2004;93.45
03/03/2004;89.85
04/03/2004;92.31
05/03/2004;92.53
08/03/2004;89.9
09/03/2004;89.24
10/03/2004;87.93
11/03/2004;89.04
12/03/2004;87.89
15/03/2004;91.69
16/03/2004;91.48
17/03/2004;95.85
18/03/2004;94.63
19/03/2004;93.88
22/03/2004;91.37
23/03/2004;93.32
24/03/2004;92.07
25/03/2004;88.9
26/03/2004;89.21
29/03/2004;88.47
30/03/2004;90.71
31/03/2004;88.64
01/04/2004;84.72
02/04/2004;85.53
05/04/2004;85.38
06/04/2004;87.59
07/04/2004;90.59
08/04/2004;92.54
12/04/2004;94.24
13/04/2004;92.97
14/04/2004;93.67
15/04/2004;96.55
16/04/2004;96.03
19/04/2004;94.27
20/04/2004;93.11
21/04/2004;90.92
22/04/2004;94.11
23/04/2004;91.69
26/04/2004;93.27
27/04/2004;94.21
28/04/2004;94.33
29/04/2004;94.95
30/04/2004;95.36
03/05/2004;96.79
04/05/2004;98.81
05/05/2004;99.78
06/05/2004;100.45
07/05/2004;101.64
10/05/2004;97.96
11/05/2004;101.58
12/05/2004;103.92
13/05/2004;104.87
14/05/2004;104.09
17/05/2004;104.28
18/05/2004;101.35
19/05/2004;104.85
20/05/2004;102.71
21/05/2004;99.6
24/05/2004;104.86
25/05/2004;102.73
26/05/2004;101.96
27/05/2004;98.78
28/05/2004;99.92
01/06/2004;106.41
02/06/2004;101.15
03/06/2004;99.53
04/06/2004;98.23
07/06/2004;98.92
08/06/2004;96.11
09/06/2004;98.07
10/06/2004;100.4
14/06/2004;98.24
15/06/2004;97.75
16/06/2004;98.6
17/06/2004;103.08
18/06/2004;102.53
21/06/2004;99.32
22/06/2004;101.7
23/06/2004;99.98
24/06/2004;102.27
25/06/2004;101.07
28/06/2004;97.5
29/06/2004;96.34
30/06/2004;100.55
01/07/2004;108.03
02/07/2004;107.27
06/07/2004;109.31
07/07/2004;107.91
08/07/2004;110.21
09/07/2004;108.09
12/07/2004;106.06
13/07/2004;106.17
14/07/2004;109.17
15/07/2004;109.86
16/07/2004;109.59
19/07/2004;110.55
20/07/2004;107.71
21/07/2004;108.27
22/07/2004;111.79
23/07/2004;113.17
26/07/2004;111.33
27/07/2004;112.24
28/07/2004;114.42
29/07/2004;113.28
30/07/2004;115.68
02/08/2004;116.42
03/08/2004;118.15
04/08/2004;115.56
05/08/2004;119.3
06/08/2004;117.46
09/08/2004;118.56
10/08/2004;116.98
11/08/2004;117.06
12/08/2004;119.1
13/08/2004;121.45
16/08/2004;120.28
17/08/2004;122.19
18/08/2004;122.5
19/08/2004;126.55
20/08/2004;122.96
23/08/2004;121.47
24/08/2004;119.34
25/08/2004;114.31
26/08/2004;114.01
27/08/2004;114.56
30/08/2004;111.95
31/08/2004;111.06
01/09/2004;118.25
02/09/2004;118.39
03/09/2004;117.69
07/09/2004;116.36
08/09/2004;116.12
09/09/2004;122.8
10/09/2004;116.42
13/09/2004;120.52
14/09/2004;122.76
15/09/2004;120.61
16/09/2004;123.32
17/09/2004;126.41
20/09/2004;126.59
21/09/2004;130.29
22/09/2004;134.44
23/09/2004;135.29
24/09/2004;135.79
27/09/2004;136.8
28/09/2004;137.78
29/09/2004;137.38
30/09/2004;139.17
01/10/2004;139.58
04/10/2004;138.56
05/10/2004;140.68
06/10/2004;142.09
07/10/2004;143.09
08/10/2004;145.4
11/10/2004;147.07
12/10/2004;145.45
13/10/2004;149.91
14/10/2004;154.91
15/10/2004;154.91
18/10/2004;150.97
19/10/2004;150.85
20/10/2004;156.04
21/10/2004;157.95
22/10/2004;159.44
25/10/2004;156.53
26/10/2004;156.81
27/10/2004;149.55
28/10/2004;145.32
29/10/2004;144.62
01/11/2004;140.76
02/11/2004;139.22
03/11/2004;142.38
04/11/2004;137.21
05/11/2004;137.41
08/11/2004;136.64
09/11/2004;134.2
10/11/2004;140.29
11/11/2004;136.38
12/11/2004;136.36
15/11/2004;134.31
16/11/2004;132.69
17/11/2004;141.14
18/11/2004;143
19/11/2004;148.26
22/11/2004;144.49
23/11/2004;144.58
24/11/2004;145.16
29/11/2004;144.37
30/11/2004;139.27
01/12/2004;132.93
02/12/2004;125.72
03/12/2004;123.59
06/12/2004;124.97
07/12/2004;122.36
08/12/2004;125.99
09/12/2004;130.01
10/12/2004;122.57
13/12/2004;125.7
14/12/2004;130.45
15/12/2004;138.84
16/12/2004;138.12
17/12/2004;143.95
20/12/2004;139.88
21/12/2004;139.94
22/12/2004;135.85
23/12/2004;132.61
27/12/2004;121.08
28/12/2004;122.21
29/12/2004;127.74
30/12/2004;122.97
03/01/2005;119.22
04/01/2005;124.66
05/01/2005;121.84
06/01/2005;128.13
07/01/2005;127.33
10/01/2005;127.63
11/01/2005;129.36
12/01/2005;130.04
13/01/2005;134.11
14/01/2005;135.09
18/01/2005;134.38
19/01/2005;134.26
20/01/2005;133.98
21/01/2005;138.37
24/01/2005;140.32
25/01/2005;142.48
26/01/2005;140.33
27/01/2005;139.69
28/01/2005;133.8
31/01/2005;133.08
01/02/2005;131.39
02/02/2005;129.7
03/02/2005;127.65
04/02/2005;127.42
07/02/2005;123.06
08/02/2005;124.6
09/02/2005;126.42
10/02/2005;132.13
11/02/2005;130.58
14/02/2005;129.44
15/02/2005;129.13
16/02/2005;134.2
17/02/2005;131.28
18/02/2005;134.93
22/02/2005;144.02
23/02/2005;148.31
24/02/2005;146.5
25/02/2005;145.41
28/02/2005;149.14
01/03/2005;146.52
02/03/2005;150.85
03/03/2005;149.08
04/03/2005;148.34
07/03/2005;148.5
08/03/2005;152.38
09/03/2005;153.25
10/03/2005;150.91
11/03/2005;154.27
14/03/2005;153.6
15/03/2005;155.2
16/03/2005;159.14
17/03/2005;159.14
18/03/2005;157.18
21/03/2005;157.35
22/03/2005;154.66
23/03/2005;153.36
24/03/2005;154.84
28/03/2005;154.76
29/03/2005;155.63
30/03/2005;160.66
31/03/2005;165.76
01/04/2005;166.38
04/04/2005;164.22
05/04/2005;162.11
06/04/2005;158.67
07/04/2005;152.83
08/04/2005;149.72
11/04/2005;148.71
12/04/2005;146.53
13/04/2005;144.2
14/04/2005;148.23
15/04/2005;145.99
18/04/2005;144.23
19/04/2005;149.3
20/04/2005;150.87
21/04/2005;153.4
22/04/2005;154.51
25/04/2005;151.81
26/04/2005;150.79
27/04/2005;147.4
28/04/2005;148.87
29/04/2005;143.58
02/05/2005;146.32
03/05/2005;143.6
04/05/2005;145.45
05/05/2005;144.37
06/05/2005;143.11
09/05/2005;144.02
10/05/2005;144.96
11/05/2005;140.31
12/05/2005;137.96
13/05/2005;137.03
16/05/2005;135.03
17/05/2005;137.39
18/05/2005;135.82
19/05/2005;138.05
20/05/2005;136.73
23/05/2005;136.65
24/05/2005;138.71
25/05/2005;142.84
26/05/2005;144.83
27/05/2005;144.58
31/05/2005;145.19
01/06/2005;154
02/06/2005;154.22
03/06/2005;159.95
06/06/2005;161.65
07/06/2005;160.08
08/06/2005;155.28
09/06/2005;162.56
10/06/2005;160.74
13/06/2005;166.31
14/06/2005;163.86
15/06/2005;162.11
16/06/2005;162.55
17/06/2005;165.18
20/06/2005;166.18
21/06/2005;162.97
22/06/2005;162.26
23/06/2005;167.56
24/06/2005;165.04
27/06/2005;167.61
28/06/2005;162.04
29/06/2005;160.16
30/06/2005;161.91
01/07/2005;171.11
05/07/2005;173.24
06/07/2005;179.48
07/07/2005;177.49
08/07/2005;171.81
11/07/2005;168.18
12/07/2005;175.15
13/07/2005;171.79
14/07/2005;165.69
15/07/2005;166.21
18/07/2005;163.16
19/07/2005;163.01
20/07/2005;159.77
21/07/2005;156.89
22/07/2005;158.19
25/07/2005;160.66
26/07/2005;160.37
27/07/2005;161.72
28/07/2005;164.55
29/07/2005;163.62
01/08/2005;171.69
02/08/2005;172.51
03/08/2005;168.89
04/08/2005;170.78
05/08/2005;173.12
08/08/2005;178.94
09/08/2005;177.66
10/08/2005;183.88
11/08/2005;189.85
12/08/2005;190.55
15/08/2005;186.92
16/08/2005;186.4
17/08/2005;178.39
18/08/2005;179.05
19/08/2005;182.28
22/08/2005;181.16
23/08/2005;181.94
24/08/2005;186.54
25/08/2005;186.95
26/08/2005;183.66
29/08/2005;190.88
30/08/2005;207.59
31/08/2005;205.3
01/09/2005;219.85
02/09/2005;209.11
06/09/2005;205.43
07/09/2005;196.23
08/09/2005;192.96
09/09/2005;189.65
12/09/2005;181.43
13/09/2005;184.02
14/09/2005;192.49
15/09/2005;191.2
16/09/2005;183.7
19/09/2005;203.84
20/09/2005;201.13
21/09/2005;203.87
22/09/2005;204.58
23/09/2005;194.9
26/09/2005;205.86
27/09/2005;206.86
28/09/2005;214.11
29/09/2005;212.47
30/09/2005;206.73
03/10/2005;208.09
04/10/2005;204.97
05/10/2005;201.48
06/10/2005;195.07
07/10/2005;196.01
10/10/2005;197.18
11/10/2005;201.79
12/10/2005;201.57
13/10/2005;199.69
14/10/2005;195
17/10/2005;198.33
18/10/2005;193.42
19/10/2005;191.34
20/10/2005;186.99
21/10/2005;186.65
24/10/2005;179.73
25/10/2005;188.99
26/10/2005;185.61
27/10/2005;185.39
28/10/2005;184.35
31/10/2005;176.98
01/11/2005;180.5
02/11/2005;178.29
03/11/2005;183.36
04/11/2005;179.62
07/11/2005;178.61
08/11/2005;177.85
09/11/2005;178.96
10/11/2005;174.35
11/11/2005;172.35
14/11/2005;173.04
15/11/2005;168.09
16/11/2005;172.92
17/11/2005;169.7
18/11/2005;169.62
21/11/2005;170.95
22/11/2005;173.61
23/11/2005;168.92
28/11/2005;163.56
29/11/2005;160.97
30/11/2005;161.64
01/12/2005;173.87
02/12/2005;177.2
05/12/2005;178.96
06/12/2005;177.2
07/12/2005;173.66
08/12/2005;178.32
09/12/2005;173.18
12/12/2005;177.25
13/12/2005;183.65
14/12/2005;184.5
15/12/2005;178.73
16/12/2005;173.2
19/12/2005;170.33
20/12/2005;172.03
21/12/2005;175.64
22/12/2005;174
23/12/2005;170.53
27/12/2005;163.7
28/12/2005;168.25
29/12/2005;170.29
30/12/2005;172.8
03/01/2006;179.64
04/01/2006;181.77
05/01/2006;178.81
06/01/2006;180.06
09/01/2006;176.77
10/01/2006;173.79
11/01/2006;172.71
12/01/2006;171.13
13/01/2006;171.5
17/01/2006;179.15
18/01/2006;175.55
19/01/2006;179.69
20/01/2006;186.72
23/01/2006;184.09
24/01/2006;181.71
25/01/2006;179.06
26/01/2006;177.8
27/01/2006;180.69
30/01/2006;183.38
31/01/2006;180.19
01/02/2006;182.4
02/02/2006;177.08
03/02/2006;178.16
06/02/2006;176.28
07/02/2006;169.18
08/02/2006;166.56
09/02/2006;166.47
10/02/2006;164.26
13/02/2006;163.86
14/02/2006;161
15/02/2006;160.75
16/02/2006;162.53
17/02/2006;165.74
21/02/2006;166.64
22/02/2006;165.21
23/02/2006;166.26
24/02/2006;172.67
27/02/2006;168.26
28/02/2006;171.2
01/03/2006;174.66
02/03/2006;180.49
03/03/2006;181.28
06/03/2006;175.77
07/03/2006;172.22
08/03/2006;169.41
09/03/2006;172
10/03/2006;168.46
13/03/2006;173.78
14/03/2006;182.12
15/03/2006;178.17
16/03/2006;181.25
17/03/2006;178.13
20/03/2006;174.17
21/03/2006;177.22
22/03/2006;174.51
23/03/2006;178.64
24/03/2006;179.24
27/03/2006;178.11
28/03/2006;182.77
29/03/2006;185.2
30/03/2006;188.43
31/03/2006;186.18
03/04/2006;186.22
04/04/2006;185.58
05/04/2006;186.88
06/04/2006;189.07
07/04/2006;188.26
10/04/2006;194.54
11/04/2006;195.55
12/04/2006;197.46
13/04/2006;198.31
17/04/2006;202.29
18/04/2006;205.08
19/04/2006;206.23
20/04/2006;205.36
21/04/2006;207.62
24/04/2006;203.17
25/04/2006;205.81
26/04/2006;202.29
27/04/2006;198.57
28/04/2006;201.29
01/05/2006;205.88
02/05/2006;207.88
03/05/2006;200.32
04/05/2006;193.77
05/05/2006;195.61
08/05/2006;195.45
09/05/2006;199.51
10/05/2006;206.47
11/05/2006;209.64
12/05/2006;204.67
15/05/2006;194.5
16/05/2006;195.15
17/05/2006;192.12
18/05/2006;195.13
19/05/2006;192.01
22/05/2006;193.26
23/05/2006;199.89
24/05/2006;194.02
25/05/2006;199.42
26/05/2006;198.05
30/05/2006;200.39
31/05/2006;196.05
01/06/2006;197.07
02/06/2006;201.45
05/06/2006;204.27
06/06/2006;204.26
07/06/2006;199.54
08/06/2006;198.56
09/06/2006;204.59
12/06/2006;199.13
13/06/2006;193.16
14/06/2006;193.59
15/06/2006;193.69
16/06/2006;193.24
19/06/2006;189.48
20/06/2006;190.74
21/06/2006;193.71
22/06/2006;197.18
23/06/2006;196.26
26/06/2006;197.89
27/06/2006;195.87
28/06/2006;193.74
29/06/2006;198.76
30/06/2006;196.42
03/07/2006;202.86
05/07/2006;206.26
06/07/2006;206.16
07/07/2006;201.04
10/07/2006;196.45
11/07/2006;201.06
12/07/2006;201.84
13/07/2006;207.99
14/07/2006;207.6
17/07/2006;201.94
18/07/2006;198.34
19/07/2006;196.51
20/07/2006;193.4
21/07/2006;195.8
24/07/2006;196.99
25/07/2006;194.39
26/07/2006;195.98
27/07/2006;197.96
28/07/2006;194.12
31/07/2006;196.79
01/08/2006;208.04
02/08/2006;212.94
03/08/2006;211.35
04/08/2006;208.96
07/08/2006;214.35
08/08/2006;211.64
09/08/2006;210.63
10/08/2006;202.5
11/08/2006;204.06
14/08/2006;201.47
15/08/2006;202.35
16/08/2006;201.69
17/08/2006;196.5
18/08/2006;198.95
21/08/2006;203.27
22/08/2006;203.66
23/08/2006;200.26
24/08/2006;202.94
25/08/2006;202.98
28/08/2006;196.59
29/08/2006;194.32
30/08/2006;194.96
31/08/2006;195.42
01/09/2006;196.74
05/09/2006;193.63
06/09/2006;191.1
07/09/2006;188.76
08/09/2006;184.32
11/09/2006;180.54
12/09/2006;175.97
13/09/2006;174.28
14/09/2006;171.1
15/09/2006;170.23
18/09/2006;172.57
19/09/2006;169.16
20/09/2006;164.78
21/09/2006;167.88
22/09/2006;164.72
25/09/2006;165.64
26/09/2006;165.78
27/09/2006;171.41
28/09/2006;171.38
29/09/2006;168.46
02/10/2006;170.18
03/10/2006;165.39
04/10/2006;167.7
05/10/2006;169.2
06/10/2006;169.4
09/10/2006;172.97
10/10/2006;168.09
11/10/2006;167.2
12/10/2006;168.77
13/10/2006;171.78
16/10/2006;175.65
17/10/2006;173.38
18/10/2006;169.59
19/10/2006;172.01
20/10/2006;168
23/10/2006;166.9
24/10/2006;169.52
25/10/2006;173.9
26/10/2006;170
27/10/2006;169.44
30/10/2006;160.15
31/10/2006;158.69
01/11/2006;165.15
02/11/2006;163.97
03/11/2006;167.75
06/11/2006;171.84
07/11/2006;168.03
08/11/2006;171.06
09/11/2006;174.56
10/11/2006;169.66
13/11/2006;166
14/11/2006;166.32
15/11/2006;169.24
16/11/2006;166.05
17/11/2006;166.89
20/11/2006;167.08
21/11/2006;173.31
22/11/2006;166.65
24/11/2006;166.65
27/11/2006;170.52
28/11/2006;172.83
29/11/2006;179.53
30/11/2006;181.33
01/12/2006;184.77
04/12/2006;180.89
05/12/2006;179.83
06/12/2006;179.4
07/12/2006;177.88
08/12/2006;175.73
11/12/2006;172.43
12/12/2006;172.24
13/12/2006;173.2
14/12/2006;177.65
15/12/2006;178.17
18/12/2006;172.07
19/12/2006;171.87
20/12/2006;173.04
21/12/2006;170.17
22/12/2006;168.2
26/12/2006;162.33
27/12/2006;160.88
28/12/2006;162.31
29/12/2006;159.79
03/01/2007;158.81
04/01/2007;154.31
05/01/2007;156.58
08/01/2007;155.71
09/01/2007;155.65
10/01/2007;152.55
11/01/2007;148.04
12/01/2007;150.36
16/01/2007;148.03
17/01/2007;149.98
18/01/2007;147.07
19/01/2007;151.35
22/01/2007;150.84
23/01/2007;157.63
24/01/2007;158.39
25/01/2007;154.91
26/01/2007;159.14
29/01/2007;154.89
30/01/2007;163.8
31/01/2007;165.46
01/02/2007;165.89
02/02/2007;168.4
05/02/2007;167.56
06/02/2007;169.09
07/02/2007;166.61
08/02/2007;172.5
09/02/2007;172.51
12/02/2007;164.54
13/02/2007;169.32
14/02/2007;163.83
15/02/2007;162.71
16/02/2007;167.34
20/02/2007;164.5
21/02/2007;168.16
22/02/2007;172.5
23/02/2007;175.05
26/02/2007;175.62
27/02/2007;177.93
28/02/2007;178.04
01/03/2007;177.63
02/03/2007;176.82
05/03/2007;172.48
06/03/2007;174.73
07/03/2007;176.74
08/03/2007;176.13
09/03/2007;171.22
12/03/2007;168.23
13/03/2007;169.02
14/03/2007;170.9
15/03/2007;168.85
16/03/2007;168.88
19/03/2007;168.84
20/03/2007;166.87
21/03/2007;166.46
22/03/2007;171.8
23/03/2007;171.11
26/03/2007;177.61
27/03/2007;178.64
28/03/2007;182.74
29/03/2007;187.72
30/03/2007;187.94
02/04/2007;186.25
03/04/2007;183.87
04/04/2007;186.44
05/04/2007;186.09
09/04/2007;181.57
10/04/2007;185.61
11/04/2007;187.47
12/04/2007;190.61
13/04/2007;190.07
16/04/2007;185.93
17/04/2007;179.78
18/04/2007;180.66
19/04/2007;180.58
20/04/2007;183.25
23/04/2007;189.43
24/04/2007;184.6
25/04/2007;190.15
26/04/2007;188.91
27/04/2007;191.35
30/04/2007;191.35
01/05/2007;188.29
02/05/2007;185.26
03/05/2007;184.53
04/05/2007;183.09
07/05/2007;180.29
08/05/2007;182.99
09/05/2007;181.58
10/05/2007;186.25
11/05/2007;188.23
14/05/2007;186.68
15/05/2007;189.02
16/05/2007;186.7
17/05/2007;193.67
18/05/2007;191.52
21/05/2007;195.09
22/05/2007;190.72
23/05/2007;193.23
24/05/2007;192.91
25/05/2007;193.91
29/05/2007;186.9
30/05/2007;187.55
31/05/2007;188.27
01/06/2007;192.28
04/06/2007;196.46
05/06/2007;196.44
06/06/2007;197.37
07/06/2007;197.64
08/06/2007;189.88
11/06/2007;192.91
12/06/2007;191.39
13/06/2007;196.2
14/06/2007;201.61
15/06/2007;201.06
18/06/2007;203.42
19/06/2007;202.68
20/06/2007;203.39
21/06/2007;202.47
22/06/2007;203.8
25/06/2007;204.24
26/06/2007;199.33
27/06/2007;202.46
28/06/2007;201.83
29/06/2007;203.19
02/07/2007;206.18
03/07/2007;206.62
05/07/2007;208.73
06/07/2007;209.51
09/07/2007;209.28
10/07/2007;212.38
11/07/2007;210.08
12/07/2007;209.57
13/07/2007;211.06
16/07/2007;205.56
17/07/2007;203.32
18/07/2007;210.5
19/07/2007;211.43
20/07/2007;209.22
23/07/2007;205.61
24/07/2007;203.09
25/07/2007;206.59
26/07/2007;203.28
27/07/2007;207.31
30/07/2007;206.51
31/07/2007;210
01/08/2007;206.94
02/08/2007;207.46
03/08/2007;203.4
06/08/2007;193.93
07/08/2007;196.41
08/08/2007;196.68
09/08/2007;198.92
10/08/2007;197.12
13/08/2007;196.65
14/08/2007;198.25
15/08/2007;202.69
16/08/2007;198.29
17/08/2007;201.73
20/08/2007;198.09
21/08/2007;195.2
22/08/2007;194.83
23/08/2007;196.1
24/08/2007;199.72
27/08/2007;200.97
28/08/2007;199.63
29/08/2007;204.19
30/08/2007;202.84
31/08/2007;204.22
04/09/2007;207.95
05/09/2007;209.99
06/09/2007;213.68
07/09/2007;214.32
10/09/2007;217.16
11/09/2007;218.27
12/09/2007;221.91
13/09/2007;221.9
14/09/2007;220.78
17/09/2007;222.87
18/09/2007;224.23
19/09/2007;224.53
20/09/2007;226.09
21/09/2007;225.62
24/09/2007;223.06
25/09/2007;218.13
26/09/2007;218.26
27/09/2007;225.21
28/09/2007;223.79
01/10/2007;218.07
02/10/2007;216.23
03/10/2007;217.87
04/10/2007;223.13
05/10/2007;222.35
08/10/2007;215.96
09/10/2007;218.53
10/10/2007;221.72
11/10/2007;224.73
12/10/2007;224.64
15/10/2007;230.72
16/10/2007;233.87
17/10/2007;231.89
18/10/2007;234.93
19/10/2007;233.06
22/10/2007;231.09
23/10/2007;229.98
24/10/2007;234.2
25/10/2007;240.84
26/10/2007;243.25
29/10/2007;246.46
30/10/2007;242.46
31/10/2007;250.78
01/11/2007;251.23
02/11/2007;257.37
05/11/2007;254.39
06/11/2007;260.78
07/11/2007;261.75
08/11/2007;260.58
09/11/2007;261.88
12/11/2007;258.21
13/11/2007;250.21
14/11/2007;257.34
15/11/2007;255.87
16/11/2007;258.71
19/11/2007;260.42
20/11/2007;269.01
21/11/2007;268.74
23/11/2007;270.42
26/11/2007;270.66
27/11/2007;265.34
28/11/2007;257.38
29/11/2007;257.71
30/11/2007;252.96
03/12/2007;251.11
04/12/2007;251.18
05/12/2007;248.93
06/12/2007;254.5
07/12/2007;250.47
10/12/2007;247.74
11/12/2007;252.3
12/12/2007;264.32
13/12/2007;261.47
14/12/2007;260.79
17/12/2007;259.79
18/12/2007;255.54
19/12/2007;259.79
20/12/2007;258.95
21/12/2007;260.91
24/12/2007;259.47
26/12/2007;264.12
27/12/2007;268.03
28/12/2007;263.7
31/12/2007;264.44
02/01/2008;274.04
03/01/2008;271.91
04/01/2008;268.35
07/01/2008;259.35
08/01/2008;263.63
09/01/2008;261.34
10/01/2008;255.73
11/01/2008;253.59
14/01/2008;258.92
15/01/2008;254.72
16/01/2008;251.84
17/01/2008;250.35
18/01/2008;250.74
22/01/2008;247.26
23/01/2008;242.31
24/01/2008;247.63
25/01/2008;251.91
28/01/2008;252.65
29/01/2008;254.18
30/01/2008;254.93
31/01/2008;253.45
01/02/2008;244.89
04/02/2008;248.33
05/02/2008;244.65
06/02/2008;241.88
07/02/2008;245.85
08/02/2008;255.41
11/02/2008;260.44
12/02/2008;259.11
13/02/2008;261.56
14/02/2008;266.66
15/02/2008;264.69
19/02/2008;276.14
20/02/2008;275.46
21/02/2008;273.81
22/02/2008;276.3
25/02/2008;278.53
26/02/2008;281.5
27/02/2008;277.11
28/02/2008;284.56
29/02/2008;283.97
03/03/2008;284.08
04/03/2008;279.18
05/03/2008;294.31
06/03/2008;297.33
07/03/2008;294.7
10/03/2008;297.34
11/03/2008;299.57
12/03/2008;302.44
13/03/2008;312.48
14/03/2008;314.65
17/03/2008;306.84
18/03/2008;313.79
19/03/2008;301.67
20/03/2008;297.72
24/03/2008;296.31
25/03/2008;292.48
26/03/2008;304.38
27/03/2008;314.83
28/03/2008;310.5
31/03/2008;304.92
01/04/2008;287.97
02/04/2008;295.1
03/04/2008;292.28
04/04/2008;299.21
07/04/2008;308.43
08/04/2008;311.02
09/04/2008;323.45
10/04/2008;319.4
11/04/2008;319.75
14/04/2008;320.29
15/04/2008;327.39
16/04/2008;328.3
17/04/2008;326.74
18/04/2008;329.23
21/04/2008;331.14
22/04/2008;331.69
23/04/2008;332.5
24/04/2008;325.83
25/04/2008;330.28
28/04/2008;329.88
29/04/2008;324.65
30/04/2008;317.7
01/05/2008;311.77
02/05/2008;321.87
05/05/2008;330.65
06/05/2008;335.35
07/05/2008;344.73
08/05/2008;350.98
09/05/2008;363.6
12/05/2008;355.98
13/05/2008;369.89
14/05/2008;361.78
15/05/2008;362.24
16/05/2008;370.28
19/05/2008;367.51
20/05/2008;377.5
21/05/2008;390.84
22/05/2008;395.43
23/05/2008;386.56
27/05/2008;379.92
28/05/2008;382.43
29/05/2008;368.85
30/05/2008;365.98
02/06/2008;372.2
03/06/2008;363.96
04/06/2008;354.58
05/06/2008;368.08
06/06/2008;397.4
09/06/2008;387.7
10/06/2008;381.24
11/06/2008;397.48
12/06/2008;394.27
13/06/2008;383.68
16/06/2008;382.74
17/06/2008;382.22
18/06/2008;386
19/06/2008;371.35
20/06/2008;377.17
23/06/2008;379.64
24/06/2008;381.36
25/06/2008;374.92
26/06/2008;388.34
27/06/2008;390.66
30/06/2008;390.29
01/07/2008;394.35
02/07/2008;407.15
03/07/2008;410.6
07/07/2008;396.96
08/07/2008;382.02
09/07/2008;385.16
10/07/2008;403.74
11/07/2008;407.66
14/07/2008;406.49
15/07/2008;391.9
16/07/2008;384.1
17/07/2008;374.38
18/07/2008;369.15
21/07/2008;374.79
22/07/2008;367.82
23/07/2008;355.01
24/07/2008;356.71
25/07/2008;352.29
28/07/2008;356.2
29/07/2008;347.22
30/07/2008;352.03
31/07/2008;343.87
01/08/2008;343.68
04/08/2008;335.01
05/08/2008;328.2
06/08/2008;323.79
07/08/2008;323.36
08/08/2008;312.8
11/08/2008;311.95
12/08/2008;307.81
13/08/2008;313.17
14/08/2008;309.91
15/08/2008;311.91
18/08/2008;308.48
19/08/2008;312.37
20/08/2008;316.35
21/08/2008;330.06
22/08/2008;313.11
25/08/2008;315.14
26/08/2008;320.99
27/08/2008;326.17
28/08/2008;318.26
29/08/2008;318.19
02/09/2008;307.36
03/09/2008;307.88
04/09/2008;302.37
05/09/2008;298.28
08/09/2008;301.31
09/09/2008;292.47
10/09/2008;290.24
11/09/2008;291.55
12/09/2008;293.91
15/09/2008;279.12
16/09/2008;271.97
17/09/2008;282.47
18/09/2008;278.24
19/09/2008;289.78
22/09/2008;304.3
23/09/2008;299.63
24/09/2008;301.33
25/09/2008;302.58
26/09/2008;299.49
29/09/2008;276.04
30/09/2008;286.36
01/10/2008;284.69
02/10/2008;270.95
03/10/2008;266.2
06/10/2008;247.4
07/10/2008;250.57
08/10/2008;249.45
09/10/2008;241.86
10/10/2008;221
13/10/2008;234.1
14/10/2008;225.97
15/10/2008;219.05
16/10/2008;208.73
17/10/2008;213.29
20/10/2008;220.99
21/10/2008;217.71
22/10/2008;203.65
23/10/2008;202.97
24/10/2008;194.65
27/10/2008;191.44
28/10/2008;191.2
29/10/2008;200.1
30/10/2008;198.41
31/10/2008;200.63
03/11/2008;198.28
04/11/2008;216.16
05/11/2008;205.47
06/11/2008;194.24
07/11/2008;197.84
10/11/2008;200.56
11/11/2008;192.9
12/11/2008;183.54
13/11/2008;187.5
14/11/2008;183.18
17/11/2008;179.1
18/11/2008;175.79
19/11/2008;175.97
20/11/2008;167.59
21/11/2008;169.96
24/11/2008;178.44
25/11/2008;169.88
26/11/2008;173.67
28/11/2008;167.37
01/12/2008;161.51
02/12/2008;158.32
03/12/2008;158.4
04/12/2008;150.91
05/12/2008;142.65
08/12/2008;149.04
09/12/2008;143.69
10/12/2008;140.27
11/12/2008;150.66
12/12/2008;149.34
15/12/2008;146.01
16/12/2008;146.03
17/12/2008;144.25
18/12/2008;137.29
19/12/2008;139.2
22/12/2008;134.15
23/12/2008;132.7
24/12/2008;119.83
26/12/2008;124.5
29/12/2008;128.53
30/12/2008;128.8
31/12/2008;140.57
02/01/2009;148.03
05/01/2009;157.63
06/01/2009;162.63
07/01/2009;154.31
08/01/2009;151.96
09/01/2009;148.77
12/01/2009;147.24
13/01/2009;151.41
14/01/2009;146.31
15/01/2009;148.71
16/01/2009;147.34
20/01/2009;137.58
21/01/2009;138.6
22/01/2009;134.86
23/01/2009;145.05
26/01/2009;142.7
27/01/2009;137.45
28/01/2009;142.15
29/01/2009;142.83
30/01/2009;145.38
02/02/2009;134.24
03/02/2009;132.54
04/02/2009;132.7
05/02/2009;136.72
06/02/2009;135.98
09/02/2009;135.23
10/02/2009;130.14
11/02/2009;131.64
12/02/2009;132.18
13/02/2009;130
17/02/2009;118.64
18/02/2009;114.69
19/02/2009;120.45
20/02/2009;119.67
23/02/2009;117.54
24/02/2009;120.82
25/02/2009;123.77
26/02/2009;129.41
27/02/2009;126.59
02/03/2009;115.12
03/03/2009;117.96
04/03/2009;121.45
05/03/2009;115.98
06/03/2009;122.94
09/03/2009;121.54
10/03/2009;119.87
11/03/2009;113.31
12/03/2009;122.64
13/03/2009;119.72
16/03/2009;121.3
17/03/2009;127.47
18/03/2009;126.4
19/03/2009;135.63
20/03/2009;138.34
23/03/2009;147.07
24/03/2009;149.96
25/03/2009;146.47
26/03/2009;148.13
27/03/2009;143.28
30/03/2009;134.26
31/03/2009;134.38
01/04/2009;134.58
02/04/2009;143.91
03/04/2009;144.6
06/04/2009;141.91
07/04/2009;139.03
08/04/2009;139.82
09/04/2009;142.88
13/04/2009;139.8
14/04/2009;140.23
15/04/2009;140.1
16/04/2009;142.18
17/04/2009;142.25
20/04/2009;133.16
21/04/2009;134.78
22/04/2009;132.99
23/04/2009;131.79
24/04/2009;136.83
27/04/2009;132.29
28/04/2009;131.67
29/04/2009;132.91
30/04/2009;131.47
01/05/2009;138.84
04/05/2009;143.45
05/05/2009;142.62
06/05/2009;147.13
07/05/2009;148.52
08/05/2009;151.84
11/05/2009;150.09
12/05/2009;150.7
13/05/2009;149
14/05/2009;149.47
15/05/2009;141.88
18/05/2009;147.57
19/05/2009;148.66
20/05/2009;154.11
21/05/2009;152.94
22/05/2009;153.8
26/05/2009;154.53
27/05/2009;156.17
28/05/2009;160.14
29/05/2009;164.19
01/06/2009;177.65
02/06/2009;179.79
03/06/2009;173.84
04/06/2009;178.4
05/06/2009;177.01
08/06/2009;176.79
09/06/2009;180.76
10/06/2009;183.26
11/06/2009;185.34
12/06/2009;183.75
15/06/2009;181.56
16/06/2009;182.5
17/06/2009;186.3
18/06/2009;183.7
19/06/2009;178.67
22/06/2009;172.75
23/06/2009;176.9
24/06/2009;173.81
25/06/2009;177.63
26/06/2009;173.03
29/06/2009;178.35
30/06/2009;171.8
01/07/2009;176.57
02/07/2009;170.16
06/07/2009;162.66
07/07/2009;160.07
08/07/2009;153.79
09/07/2009;153.44
10/07/2009;153.35
13/07/2009;150.38
14/07/2009;151.19
15/07/2009;158.21
16/07/2009;159.94
17/07/2009;164.1
20/07/2009;168.94
21/07/2009;169.84
22/07/2009;171.12
23/07/2009;176.44
24/07/2009;178.13
27/07/2009;179.66
28/07/2009;176.47
29/07/2009;167.13
30/07/2009;176.87
31/07/2009;179.38
03/08/2009;187.13
04/08/2009;190.14
05/08/2009;195.69
06/08/2009;193.67
07/08/2009;191.22
10/08/2009;192.76
11/08/2009;191.17
12/08/2009;189.21
13/08/2009;190.28
14/08/2009;184.1
17/08/2009;182.65
18/08/2009;186.5
19/08/2009;191.87
20/08/2009;188.52
21/08/2009;190.49
24/08/2009;192.34
25/08/2009;185.59
26/08/2009;185.2
27/08/2009;185.92
28/08/2009;186.03
31/08/2009;177.92
01/09/2009;175.89
02/09/2009;175.05
03/09/2009;173.5
04/09/2009;172.05
08/09/2009;178.25
09/09/2009;179.44
10/09/2009;178.85
11/09/2009;173.08
14/09/2009;174.22
15/09/2009;178.01
16/09/2009;182.58
17/09/2009;184.09
18/09/2009;182.79
21/09/2009;175.17
22/09/2009;181.21
23/09/2009;175.94
24/09/2009;168.14
25/09/2009;167.71
28/09/2009;169.09
29/09/2009;170.06
30/09/2009;179.6
01/10/2009;182.74
02/10/2009;179.68
05/10/2009;179.16
06/10/2009;181.42
07/10/2009;178.11
08/10/2009;184.69
09/10/2009;185.28
12/10/2009;189.44
13/10/2009;192.34
14/10/2009;194.27
15/10/2009;201.81
16/10/2009;202.97
19/10/2009;205.22
20/10/2009;204.73
21/10/2009;210.53
22/10/2009;209.46
23/10/2009;207.56
26/10/2009;203.35
27/10/2009;205.51
28/10/2009;199.69
29/10/2009;205.42
30/10/2009;198.11
02/11/2009;204.6
03/11/2009;207.33
04/11/2009;209.02
05/11/2009;205.76
06/11/2009;200.35
09/11/2009;206.27
10/11/2009;205.23
11/11/2009;205.58
12/11/2009;199.1
13/11/2009;196.61
16/11/2009;203.2
17/11/2009;205.85
18/11/2009;204.86
19/11/2009;199.64
20/11/2009;197.56
23/11/2009;197.99
24/11/2009;194.97
25/11/2009;199.01
27/11/2009;196.22
30/11/2009;201.81
01/12/2009;207.8
02/12/2009;203.64
03/12/2009;204.95
04/12/2009;202.68
07/12/2009;200.97
08/12/2009;199.09
09/12/2009;190.93
10/12/2009;190.29
11/12/2009;190.85
14/12/2009;190.82
15/12/2009;190.33
16/12/2009;196.58
17/12/2009;195.74
18/12/2009;195.67
21/12/2009;194.52
22/12/2009;194.86
23/12/2009;201.18
24/12/2009;203.56
28/12/2009;207.35
29/12/2009;210.28
30/12/2009;210.93
31/12/2009;211.88
04/01/2010;219.05
05/01/2010;219.41
06/01/2010;220.32
07/01/2010;218.36
08/01/2010;220.03
11/01/2010;218.01
12/01/2010;213.18
13/01/2010;209.46
14/01/2010;208.29
15/01/2010;204.6
19/01/2010;204.54
20/01/2010;202.11
21/01/2010;198.56
22/01/2010;194.16
25/01/2010;196.58
26/01/2010;195.08
27/01/2010;191.68
28/01/2010;191.91
29/01/2010;190.29
01/02/2010;195.49
02/02/2010;203.17
03/02/2010;201.94
04/02/2010;193.52
05/02/2010;187.48
08/02/2010;188.55
09/02/2010;193.73
10/02/2010;194.69
11/02/2010;196.3
12/02/2010;191.89
16/02/2010;199.63
17/02/2010;200.67
18/02/2010;205.16
19/02/2010;206.99
22/02/2010;207.88
23/02/2010;203.23
24/02/2010;204.21
25/02/2010;198.62
26/02/2010;202.49
01/03/2010;202.35
02/03/2010;205.61
03/03/2010;209.37
04/03/2010;206.87
05/03/2010;209.74
08/03/2010;210.55
09/03/2010;208.98
10/03/2010;211.62
11/03/2010;211.5
12/03/2010;209.4
15/03/2010;205.76
16/03/2010;211.43
17/03/2010;213.95
18/03/2010;211.91
19/03/2010;207.67
22/03/2010;208.37
23/03/2010;210.18
24/03/2010;207.07
25/03/2010;206.93
26/03/2010;206.97
29/03/2010;211.88
30/03/2010;212.47
31/03/2010;216.46
01/04/2010;221.67
05/04/2010;226.75
06/04/2010;226.83
07/04/2010;224.39
08/04/2010;222.82
09/04/2010;222.6
12/04/2010;221.89
13/04/2010;221.42
14/04/2010;224.21
15/04/2010;225.23
16/04/2010;221.69
19/04/2010;215.68
20/04/2010;218.02
21/04/2010;220.58
22/04/2010;221.5
23/04/2010;225.05
26/04/2010;223.71
27/04/2010;223.03
28/04/2010;222.9
29/04/2010;225.12
30/04/2010;228.85
03/05/2010;234.51
04/05/2010;225.95
05/05/2010;218.45
06/05/2010;211.37
07/05/2010;207.95
10/05/2010;212.02
11/05/2010;214.01
12/05/2010;215.91
13/05/2010;213.19
14/05/2010;206.06
17/05/2010;198.52
18/05/2010;196.15
19/05/2010;194.52
20/05/2010;190.19
21/05/2010;189.67
24/05/2010;189.93
25/05/2010;187.17
26/05/2010;192.07
27/05/2010;199.94
28/05/2010;198.02
01/06/2010;197.04
02/06/2010;200.59
03/06/2010;203.91
04/06/2010;195.77
07/06/2010;196.83
08/06/2010;196.53
09/06/2010;200.96
10/06/2010;203.28
11/06/2010;200.53
14/06/2010;202.59
15/06/2010;206.85
16/06/2010;211.01
17/06/2010;214.74
18/06/2010;212.89
21/06/2010;214.59
22/06/2010;211.29
23/06/2010;206.84
24/06/2010;205.72
25/06/2010;211.22
28/06/2010;209.33
29/06/2010;202.13
30/06/2010;198.17
01/07/2010;193.85
02/07/2010;191.55
06/07/2010;191.72
07/07/2010;197.87
08/07/2010;200.53
09/07/2010;202.57
12/07/2010;199.13
13/07/2010;204.74
14/07/2010;203.61
15/07/2010;201.83
16/07/2010;201.13
19/07/2010;201.7
20/07/2010;202.47
21/07/2010;198.92
22/07/2010;206.24
23/07/2010;205.05
26/07/2010;204.26
27/07/2010;199.94
28/07/2010;199.64
29/07/2010;203.72
30/07/2010;204.27
02/08/2010;215.38
03/08/2010;220
04/08/2010;220.22
05/08/2010;218.68
06/08/2010;214.72
09/08/2010;215.38
10/08/2010;212.54
11/08/2010;207.52
12/08/2010;200.15
13/08/2010;199.56
16/08/2010;198.88
17/08/2010;202.59
18/08/2010;202.49
19/08/2010;200.07
20/08/2010;197.1
23/08/2010;195.54
24/08/2010;193.57
25/08/2010;197.06
26/08/2010;200.92
27/08/2010;204.43
30/08/2010;202.52
31/08/2010;199.44
01/09/2010;204.11
02/09/2010;206.23
03/09/2010;205.73
07/09/2010;207.43
08/09/2010;208.17
09/09/2010;206.84
10/09/2010;210.44
13/09/2010;212.27
14/09/2010;212.88
15/09/2010;213.26
16/09/2010;209.9
17/09/2010;209.92
20/09/2010;213.94
21/09/2010;211.99
22/09/2010;210.7
23/09/2010;211.45
24/09/2010;213.06
27/09/2010;212.28
28/09/2010;212.45
29/09/2010;219.05
30/09/2010;224.4
01/10/2010;229.38
04/10/2010;228.47
05/10/2010;230.26
06/10/2010;230.78
07/10/2010;225.18
08/10/2010;228.19
11/10/2010;227.9
12/10/2010;226.25
13/10/2010;230.07
14/10/2010;228.39
15/10/2010;223.08
18/10/2010;227.61
19/10/2010;218.93
20/10/2010;225.48
21/10/2010;221.45
22/10/2010;225.16
25/10/2010;225.5
26/10/2010;225
27/10/2010;223.83
28/10/2010;224.35
29/10/2010;222.01
01/11/2010;227.77
02/11/2010;229.36
03/11/2010;232.79
04/11/2010;237.31
05/11/2010;238.48
08/11/2010;239.77
09/11/2010;240.67
10/11/2010;244.19
11/11/2010;242.66
12/11/2010;236.32
15/11/2010;237.09
16/11/2010;230.9
17/11/2010;225.19
18/11/2010;229.51
19/11/2010;227.44
22/11/2010;226.86
23/11/2010;224.96
24/11/2010;232.55
26/11/2010;231.62
29/11/2010;235.81
30/11/2010;231.69
01/12/2010;240.56
02/12/2010;245.46
03/12/2010;248.74
06/12/2010;247.57
07/12/2010;247.02
08/12/2010;246.07
09/12/2010;246.68
10/12/2010;245.75
13/12/2010;246.52
14/12/2010;246.79
15/12/2010;248.35
16/12/2010;247.63
17/12/2010;247.37
20/12/2010;248.95
21/12/2010;251.64
22/12/2010;252.85
23/12/2010;254.08
27/12/2010;251.66
28/12/2010;252.43
29/12/2010;252.15
30/12/2010;248.54
31/12/2010;254.37
03/01/2011;255.28
04/01/2011;250.65
05/01/2011;254.22
06/01/2011;251.12
07/01/2011;248.63
10/01/2011;255.61
11/01/2011;260.88
12/01/2011;261.86
13/01/2011;260.91
14/01/2011;264.52
18/01/2011;264.59
19/01/2011;265.62
20/01/2011;262.32
21/01/2011;265.08
24/01/2011;261.93
25/01/2011;259.29
26/01/2011;266.98
27/01/2011;265.46
28/01/2011;269.02
31/01/2011;274.68
01/02/2011;275.7
02/02/2011;278.07
03/02/2011;276.74
04/02/2011;271.67
07/02/2011;270.61
08/02/2011;273.18
09/02/2011;276.89
10/02/2011;271.07
11/02/2011;269.58
14/02/2011;275.04
15/02/2011;272.9
16/02/2011;277.48
17/02/2011;273.24
18/02/2011;271.29
22/02/2011;279.24
23/02/2011;290.49
24/02/2011;287.73
25/02/2011;293.09
28/02/2011;292.58
01/03/2011;302.35
02/03/2011;305.77
03/03/2011;304.93
04/03/2011;308.93
07/03/2011;306.57
08/03/2011;301.11
09/03/2011;307.07
10/03/2011;304.49
11/03/2011;302.9
14/03/2011;306.38
15/03/2011;295.38
16/03/2011;299.72
17/03/2011;306.49
18/03/2011;302.43
21/03/2011;305.25
22/03/2011;307.62
23/03/2011;305.5
24/03/2011;306.2
25/03/2011;305.48
28/03/2011;302.49
29/03/2011;304.15
30/03/2011;303.96
31/03/2011;308.98
01/04/2011;313.45
04/04/2011;317.14
05/04/2011;318.5
06/04/2011;319.12
07/04/2011;320.6
08/04/2011;331.97
11/04/2011;325.25
12/04/2011;317.26
13/04/2011;320.28
14/04/2011;318.9
15/04/2011;322.42
18/04/2011;318.28
19/04/2011;315.85
20/04/2011;322.14
21/04/2011;319.92
25/04/2011;318.2
26/04/2011;321.11
27/04/2011;323.34
28/04/2011;323.16
29/04/2011;325.58
02/05/2011;325.21
03/05/2011;319.08
04/05/2011;314.3
05/05/2011;288.69
06/05/2011;284.57
09/05/2011;296.18
10/05/2011;300.12
11/05/2011;289.83
12/05/2011;291.37
13/05/2011;294.22
16/05/2011;287.44
17/05/2011;284.51
18/05/2011;290.59
19/05/2011;289.47
20/05/2011;291.83
23/05/2011;284.71
24/05/2011;290.97
25/05/2011;298.03
26/05/2011;298.29
27/05/2011;299.05
31/05/2011;305.63
01/06/2011;300.87
02/06/2011;304.39
03/06/2011;305.67
06/06/2011;301.74
07/06/2011;307.7
08/06/2011;309.37
09/06/2011;313.78
10/06/2011;310.51
13/06/2011;310.58
14/06/2011;312.58
15/06/2011;298.48
16/06/2011;300.38
17/06/2011;298.33
20/06/2011;293.2
21/06/2011;289
22/06/2011;295.49
23/06/2011;278.17
24/06/2011;275.03
27/06/2011;276.49
28/06/2011;282.57
29/06/2011;292.02
30/06/2011;293.27
01/07/2011;292.45
05/07/2011;295.66
06/07/2011;296.33
07/07/2011;310.2
08/07/2011;309.64
11/07/2011;308.75
12/07/2011;308.76
13/07/2011;309.97
14/07/2011;308.49
15/07/2011;311.8
18/07/2011;307.77
19/07/2011;309.8
20/07/2011;311.84
21/07/2011;309.92
22/07/2011;312.8
25/07/2011;310.78
26/07/2011;311.34
27/07/2011;308.26
28/07/2011;310.52
29/07/2011;309.62
01/08/2011;309.74
02/08/2011;309.16
03/08/2011;301.89
04/08/2011;289.39
05/08/2011;294.17
08/08/2011;280.17
09/08/2011;276.48
10/08/2011;286.53
11/08/2011;289.92
12/08/2011;290.37
15/08/2011;294.41
16/08/2011;293.26
17/08/2011;296.16
18/08/2011;287.48
19/08/2011;290.45
22/08/2011;291.07
23/08/2011;294.25
24/08/2011;296.07
25/08/2011;298.55
26/08/2011;301.01
29/08/2011;301.02
30/08/2011;306.92
31/08/2011;307.82
01/09/2011;305.18
02/09/2011;299.74
06/09/2011;301.02
07/09/2011;307.56
08/09/2011;304.43
09/09/2011;298.58
12/09/2011;294.75
13/09/2011;293.61
14/09/2011;294.5
15/09/2011;302.46
16/09/2011;300.89
19/09/2011;294.47
20/09/2011;296.16
21/09/2011;293.42
22/09/2011;284.85
23/09/2011;279.58
26/09/2011;279.15
27/09/2011;287.66
28/09/2011;281.84
29/09/2011;281.81
30/09/2011;279.48
03/10/2011;275.29
04/10/2011;272.34
05/10/2011;277.66
06/10/2011;286.11
07/10/2011;285.88
10/10/2011;290.39
11/10/2011;290.41
12/10/2011;293.47
13/10/2011;297.14
14/10/2011;305.58
17/10/2011;301.36
18/10/2011;302.77
19/10/2011;298.12
20/10/2011;303.01
21/10/2011;301.75
24/10/2011;305.46
25/10/2011;305.02
26/10/2011;301.58
27/10/2011;309.84
28/10/2011;305.92
31/10/2011;304.29
01/11/2011;303.79
02/11/2011;300.07
03/11/2011;303.81
04/11/2011;307.07
07/11/2011;311.98
08/11/2011;311.61
09/11/2011;309.86
10/11/2011;315.11
11/11/2011;317.16
14/11/2011;316.22
15/11/2011;317.13
16/11/2011;313.46
17/11/2011;308.32
18/11/2011;303.25
21/11/2011;299.43
22/11/2011;303.46
23/11/2011;295.91
25/11/2011;292.73
28/11/2011;296.99
29/11/2011;302.11
30/11/2011;302.14
01/12/2011;296.95
02/12/2011;299
05/12/2011;299.24
06/12/2011;302.17
07/12/2011;298.24
08/12/2011;292.98
09/12/2011;291.25
12/12/2011;289.61
13/12/2011;292.88
14/12/2011;282.99
15/12/2011;282.25
16/12/2011;280.05
19/12/2011;278.04
20/12/2011;284.94
21/12/2011;290.87
22/12/2011;290.76
23/12/2011;289.07
27/12/2011;290.85
28/12/2011;289.34
29/12/2011;291.75
30/12/2011;293.5
03/01/2012;303.82
04/01/2012;308.99
05/01/2012;303.88
06/01/2012;307.02
09/01/2012;307.3
10/01/2012;310.14
11/01/2012;306.46
12/01/2012;305.41
13/01/2012;302.72
17/01/2012;303.72
18/01/2012;301.34
19/01/2012;303.6
20/01/2012;298.84
23/01/2012;300.98
24/01/2012;302.42
25/01/2012;301.92
26/01/2012;305.35
27/01/2012;307.04
30/01/2012;305.18
31/01/2012;306.28
01/02/2012;304.55
02/02/2012;305.29
03/02/2012;311.44
06/02/2012;317.07
07/02/2012;319.09
08/02/2012;318.95
09/02/2012;320.85
10/02/2012;318.21
13/02/2012;316
14/02/2012;316.48
15/02/2012;319.16
16/02/2012;320.97
17/02/2012;318.89
21/02/2012;323.93
22/02/2012;327.24
23/02/2012;329.49
24/02/2012;331.59
27/02/2012;328.64
28/02/2012;322.38
29/02/2012;318.8
01/03/2012;327.53
02/03/2012;320.18
05/03/2012;321.74
06/03/2012;318.82
07/03/2012;321.94
08/03/2012;326.95
09/03/2012;326.38
12/03/2012;324.29
13/03/2012;327.12
14/03/2012;326.18
15/03/2012;322.25
16/03/2012;328.19
19/03/2012;326.13
20/03/2012;323.67
21/03/2012;321.62
22/03/2012;317.87
23/03/2012;321.01
26/03/2012;322.88
27/03/2012;321.86
28/03/2012;320.79
29/03/2012;315.89
30/03/2012;316.84
02/04/2012;324.96
03/04/2012;322.75
04/04/2012;316.09
05/04/2012;316.92
09/04/2012;314.59
10/04/2012;309.57
11/04/2012;311.49
12/04/2012;316.63
13/04/2012;317.46
16/04/2012;311.66
17/04/2012;312.66
18/04/2012;311.82
19/04/2012;312.51
20/04/2012;313.76
23/04/2012;313.98
24/04/2012;312.95
25/04/2012;316.11
26/04/2012;319.44
27/04/2012;318.07
30/04/2012;318.34
01/05/2012;317.71
02/05/2012;314.25
03/05/2012;308.69
04/05/2012;300.88
07/05/2012;298.14
08/05/2012;299.01
09/05/2012;299.91
10/05/2012;298.34
11/05/2012;296.36
14/05/2012;292.95
15/05/2012;293.3
16/05/2012;289.76
17/05/2012;284.9
18/05/2012;283
21/05/2012;286.03
22/05/2012;286.14
23/05/2012;281.21
24/05/2012;282.19
25/05/2012;282.88
29/05/2012;280.88
30/05/2012;273.98
31/05/2012;270.62
01/06/2012;262.79
04/06/2012;262.69
05/06/2012;263.36
06/06/2012;267.17
07/06/2012;266.71
08/06/2012;267.21
11/06/2012;263.57
12/06/2012;262.15
13/06/2012;261.09
14/06/2012;262.78
15/06/2012;264.65
18/06/2012;261.77
19/06/2012;263.51
20/06/2012;258.74
21/06/2012;252.53
22/06/2012;253.37
25/06/2012;253.85
26/06/2012;257.65
27/06/2012;259.37
28/06/2012;255.19
29/06/2012;269.6
02/07/2012;267.59
03/07/2012;275.85
05/07/2012;276.84
06/07/2012;270.99
09/07/2012;274.9
10/07/2012;271.95
11/07/2012;276.18
12/07/2012;277.33
13/07/2012;278.82
16/07/2012;282.77
17/07/2012;284.22
18/07/2012;287.76
19/07/2012;294.7
20/07/2012;292.43
23/07/2012;281.89
24/07/2012;282.44
25/07/2012;284.4
26/07/2012;286.85
27/07/2012;288.95
30/07/2012;287.91
31/07/2012;284.17
01/08/2012;285.88
02/08/2012;284.23
03/08/2012;292.61
06/08/2012;294.09
07/08/2012;299.8
08/08/2012;301.59
09/08/2012;304.5
10/08/2012;302.05
13/08/2012;301.83
14/08/2012;303.46
15/08/2012;308.52
16/08/2012;312.29
17/08/2012;309.26
20/08/2012;309.31
21/08/2012;312.43
22/08/2012;312.87
23/08/2012;313.3
24/08/2012;311.01
27/08/2012;311.18
28/08/2012;312.03
29/08/2012;311.57
30/08/2012;312.45
31/08/2012;316.96
04/09/2012;314.68
05/09/2012;311.76
06/09/2012;314.25
07/09/2012;314.89
10/09/2012;316.68
11/09/2012;318.57
12/09/2012;321.52
13/09/2012;321.13
14/09/2012;323.95
17/09/2012;316.34
18/09/2012;312.71
19/09/2012;304.4
20/09/2012;309.75
21/09/2012;312.07
24/09/2012;309.87
25/09/2012;310.86
26/09/2012;310.68
27/09/2012;315.73
28/09/2012;316.94
01/10/2012;313.58
02/10/2012;312.55
03/10/2012;306.64
04/10/2012;318.84
05/10/2012;315.59
08/10/2012;314.43
09/10/2012;320.32
10/10/2012;321.31
11/10/2012;325.71
12/10/2012;322.39
15/10/2012;320.91
16/10/2012;319.85
17/10/2012;318.94
18/10/2012;318.66
19/10/2012;313.45
22/10/2012;307.67
23/10/2012;304.34
24/10/2012;303.94
25/10/2012;306.21
26/10/2012;309.78
29/10/2012;311.52
30/10/2012;308.66
31/10/2012;306.82
01/11/2012;303.32
02/11/2012;294.74
05/11/2012;298.29
06/11/2012;305.29
07/11/2012;296.21
08/11/2012;295.54
09/11/2012;300.55
12/11/2012;299.92
13/11/2012;296.08
14/11/2012;298.82
15/11/2012;297.35
16/11/2012;298.68
19/11/2012;307.51
20/11/2012;303.92
21/11/2012;307.22
23/11/2012;307.71
26/11/2012;304.65
27/11/2012;300.94
28/11/2012;300.8
29/11/2012;304.06
30/11/2012;304.13
03/12/2012;305.62
04/12/2012;300.4
05/12/2012;299.07
06/12/2012;294.32
07/12/2012;291.53
10/12/2012;289.62
11/12/2012;292.7
12/12/2012;296.68
13/12/2012;294.37
14/12/2012;298.07
17/12/2012;295.63
18/12/2012;299.65
19/12/2012;303.56
20/12/2012;305.75
21/12/2012;302.24
24/12/2012;300.22
26/12/2012;305.13
27/12/2012;307.23
28/12/2012;304.48
31/12/2012;304.51
02/01/2013;304.63
03/01/2013;302.51
04/01/2013;301.77
07/01/2013;303.21
08/01/2013;305.85
09/01/2013;306.99
10/01/2013;305.43
11/01/2013;300.85
14/01/2013;306.25
15/01/2013;301.13
16/01/2013;299.91
17/01/2013;302.12
18/01/2013;305.25
22/01/2013;306.82
23/01/2013;307.81
24/01/2013;308.64
25/01/2013;305.68
28/01/2013;306.16
29/01/2013;310.92
30/01/2013;311.73
31/01/2013;312.98
01/02/2013;316.06
04/02/2013;315.4
05/02/2013;319.13
06/02/2013;318.58
07/02/2013;319.95
08/02/2013;323.84
11/02/2013;323.15
12/02/2013;323.62
13/02/2013;321.88
14/02/2013;322.37
15/02/2013;321.04
19/02/2013;318.06
20/02/2013;315.63
21/02/2013;309.57
22/02/2013;310.42
25/02/2013;309.89
26/02/2013;303.17
27/02/2013;298.79
28/02/2013;297.19
01/03/2013;293.01
04/03/2013;291.91
05/03/2013;297.3
06/03/2013;297.56
07/03/2013;297.95
08/03/2013;297.49
11/03/2013;296.91
12/03/2013;294.84
13/03/2013;292.42
14/03/2013;292.95
15/03/2013;293.9
18/03/2013;292.67
19/03/2013;286.41
20/03/2013;289.21
21/03/2013;289.63
22/03/2013;288.43
25/03/2013;287.72
26/03/2013;288.13
27/03/2013;291.54
28/03/2013;291.52
01/04/2013;306.87
02/04/2013;308.74
03/04/2013;300.2
04/04/2013;296.36
05/04/2013;290.98
08/04/2013;295.37
09/04/2013;296.13
10/04/2013;294.79
11/04/2013;289.91
12/04/2013;287.18
15/04/2013;282.92
16/04/2013;280.65
17/04/2013;273.46
18/04/2013;277.91
19/04/2013;278.76
22/04/2013;280.94
23/04/2013;281.17
24/04/2013;284.13
25/04/2013;290.17
26/04/2013;290.12
29/04/2013;290.07
30/04/2013;287.35
01/05/2013;278.89
02/05/2013;285.55
03/05/2013;288.44
06/05/2013;292.02
07/05/2013;292.77
08/05/2013;291.47
09/05/2013;293.66
10/05/2013;290.62
13/05/2013;289.1
14/05/2013;287.3
15/05/2013;288.01
16/05/2013;290.87
17/05/2013;293.7
20/05/2013;295.08
21/05/2013;292.9
22/05/2013;287.36
23/05/2013;286
24/05/2013;285.69
28/05/2013;290.66
29/05/2013;286.95
30/05/2013;284.31
31/05/2013;279.21
03/06/2013;283.34
04/06/2013;286.49
05/06/2013;285.54
06/06/2013;287.14
07/06/2013;289.31
10/06/2013;288.38
11/06/2013;285.75
12/06/2013;289.52
13/06/2013;293.95
14/06/2013;296.22
17/06/2013;295.03
18/06/2013;296.17
19/06/2013;297.25
20/06/2013;287.22
21/06/2013;284.41
24/06/2013;285.47
25/06/2013;285.84
26/06/2013;285.43
27/06/2013;288.94
28/06/2013;287.98
01/07/2013;287.36
02/07/2013;290.14
03/07/2013;295.12
05/07/2013;298.97
08/07/2013;298.01
09/07/2013;298.57
10/07/2013;300.17
11/07/2013;299.5
12/07/2013;302.94
15/07/2013;302.61
16/07/2013;304.69
17/07/2013;307.12
18/07/2013;310.07
19/07/2013;308.94
22/07/2013;306.64
23/07/2013;306.93
24/07/2013;304.7
25/07/2013;303.5
26/07/2013;301.01
29/07/2013;301.62
30/07/2013;300.67
31/07/2013;304.31
01/08/2013;309.66
02/08/2013;307.14
05/08/2013;305.22
06/08/2013;300.83
07/08/2013;296.42
08/08/2013;295.74
09/08/2013;299.35
12/08/2013;302.09
13/08/2013;304.71
14/08/2013;304.78
15/08/2013;307.28
16/08/2013;308.31
19/08/2013;307.1
20/08/2013;307.84
21/08/2013;307.68
22/08/2013;306.99
23/08/2013;309.5
26/08/2013;307.9
27/08/2013;316.09
28/08/2013;320.83
29/08/2013;318.49
30/08/2013;313.95
03/09/2013;314.83
04/09/2013;313.71
05/09/2013;313.97
06/09/2013;316.37
09/09/2013;311.83
10/09/2013;306.68
11/09/2013;307.18
12/09/2013;311.64
13/09/2013;311.37
16/09/2013;306.37
17/09/2013;299.83
18/09/2013;304.05
19/09/2013;300.4
20/09/2013;300.42
23/09/2013;295.62
24/09/2013;296.1
25/09/2013;297.31
26/09/2013;300.37
27/09/2013;299.01
30/09/2013;297.1
01/10/2013;295.53
02/10/2013;299.27
03/10/2013;300.33
04/10/2013;299.9
07/10/2013;300.93
08/10/2013;303.25
09/10/2013;301.74
10/10/2013;307
11/10/2013;303.49
14/10/2013;303.17
15/10/2013;301.7
16/10/2013;303.93
17/10/2013;299
18/10/2013;303.54
21/10/2013;301.06
22/10/2013;299.73
23/10/2013;292.33
24/10/2013;290.03
25/10/2013;290.97
28/10/2013;296.44
29/10/2013;296.41
30/10/2013;297.86
31/10/2013;296.78
01/11/2013;288.22
04/11/2013;287.41
05/11/2013;286.41
06/11/2013;286.96
07/11/2013;283.92
08/11/2013;287.19
11/11/2013;289.13
12/11/2013;285.32
13/11/2013;289.77
14/11/2013;293.06
15/11/2013;293.89
18/11/2013;292.22
19/11/2013;290.58
20/11/2013;295.45
21/11/2013;300.67
22/11/2013;304.13
25/11/2013;303.21
26/11/2013;304.44
27/11/2013;304.69
29/11/2013;304.78
02/12/2013;305.01
03/12/2013;306.51
04/12/2013;305.91
05/12/2013;304.96
06/12/2013;305.65
09/12/2013;301.43
10/12/2013;301.73
11/12/2013;302.12
12/12/2013;298.01
13/12/2013;297.57
16/12/2013;299.02
17/12/2013;296.29
18/12/2013;301.01
19/12/2013;303.06
20/12/2013;307.81
23/12/2013;306.01
24/12/2013;307.83
26/12/2013;309.48
27/12/2013;312.41
30/12/2013;307.72
31/12/2013;307.72
02/01/2014;298.67
03/01/2014;293.94
06/01/2014;293.88
07/01/2014;295.93
08/01/2014;294.94
09/01/2014;292.14
10/01/2014;294.07
13/01/2014;293.33
14/01/2014;293.63
15/01/2014;297.96
16/01/2014;298.45
17/01/2014;302.37
21/01/2014;301.47
22/01/2014;303.79
23/01/2014;307.65
24/01/2014;313.74
27/01/2014;309.24
28/01/2014;312.18
29/01/2014;318.16
30/01/2014;321.7
31/01/2014;327.94
03/02/2014;300.75
04/02/2014;298.29
05/02/2014;299.68
06/02/2014;299.51
07/02/2014;305.03
10/02/2014;299.81
11/02/2014;302.81
12/02/2014;301.25
13/02/2014;303.07
14/02/2014;307.82
18/02/2014;310.17
19/02/2014;314.68
20/02/2014;317.77
21/02/2014;309.92
24/02/2014;308.72
25/02/2014;310.43
26/02/2014;312.81
27/02/2014;308.65
28/02/2014;308.93
03/03/2014;308.05
04/03/2014;304.07
05/03/2014;299.22
06/03/2014;298.3
07/03/2014;301.21
10/03/2014;296.74
11/03/2014;296.1
12/03/2014;292.55
13/03/2014;291.96
14/03/2014;294.31
17/03/2014;289.08
18/03/2014;291.55
19/03/2014;290.1
20/03/2014;292.13
21/03/2014;292.01
24/03/2014;291.16
25/03/2014;292.15
26/03/2014;291.94
27/03/2014;294.77
28/03/2014;295.79
31/03/2014;293.2
01/04/2014;288.78
02/04/2014;286.66
03/04/2014;290.62
04/04/2014;290.79
07/04/2014;289.07
08/04/2014;293.44
09/04/2014;295.4
10/04/2014;293.9
11/04/2014;293.32
14/04/2014;297.91
15/04/2014;298.7
16/04/2014;301.06
17/04/2014;300.82
21/04/2014;301.17
22/04/2014;300.26
23/04/2014;298.09
24/04/2014;301.45
25/04/2014;298.66
28/04/2014;295.19
29/04/2014;297.01
30/04/2014;293.49
01/05/2014;291.4
02/05/2014;292.23
05/05/2014;290.64
06/05/2014;288.77
07/05/2014;292.75
08/05/2014;292.02
09/05/2014;290.68
12/05/2014;291.85
13/05/2014;294.4
14/05/2014;296.26
15/05/2014;295.06
16/05/2014;295.36
19/05/2014;294.09
20/05/2014;294.92
21/05/2014;295.33
22/05/2014;295.07
23/05/2014;295.49
27/05/2014;293.99
28/05/2014;293.06
29/05/2014;291.9
30/05/2014;288.46
02/06/2014;287.73
03/06/2014;286.58
04/06/2014;284.81
05/06/2014;287.97
06/06/2014;287.12
09/06/2014;289.12
10/06/2014;288.41
11/06/2014;290.43
12/06/2014;298.93
13/06/2014;298.76
16/06/2014;299.79
17/06/2014;301.8
18/06/2014;304.01
19/06/2014;305.24
20/06/2014;305.12
23/06/2014;303.26
24/06/2014;304.16
25/06/2014;302.98
26/06/2014;301.38
27/06/2014;299.76
30/06/2014;297.08
01/07/2014;297.82
02/07/2014;294.61
03/07/2014;292.84
07/07/2014;291.45
08/07/2014;287.36
09/07/2014;287.11
10/07/2014;289.33
11/07/2014;286.09
14/07/2014;287.29
15/07/2014;285.55
16/07/2014;285.78
17/07/2014;285.92
18/07/2014;284.52
21/07/2014;285.88
22/07/2014;285.42
23/07/2014;287.54
24/07/2014;287.09
25/07/2014;291.57
28/07/2014;288.79
29/07/2014;290.67
30/07/2014;289.06
31/07/2014;288.66
01/08/2014;286.61
04/08/2014;287.12
05/08/2014;284.69
06/08/2014;287.61
07/08/2014;289.57
08/08/2014;287.69
11/08/2014;287.92
12/08/2014;284.5
13/08/2014;290.19
14/08/2014;281.95
15/08/2014;284.8
18/08/2014;280.6
19/08/2014;281.71
20/08/2014;282.58
21/08/2014;283.75
22/08/2014;282.79
25/08/2014;283.69
26/08/2014;284.42
27/08/2014;286.05
28/08/2014;284.9
29/08/2014;285.69
02/09/2014;279.67
03/09/2014;286.58
04/09/2014;283.63
05/09/2014;281.92
08/09/2014;280.94
09/09/2014;279.15
10/09/2014;275.33
11/09/2014;275.61
12/09/2014;274.05
15/09/2014;273.96
16/09/2014;275.63
17/09/2014;274.51
18/09/2014;271.23
19/09/2014;271.66
22/09/2014;268.71
23/09/2014;268.32
24/09/2014;268.89
25/09/2014;269.58
26/09/2014;270.05
29/09/2014;270.41
30/09/2014;264.72
01/10/2014;265.56
02/10/2014;263.8
03/10/2014;261.63
06/10/2014;262.13
07/10/2014;260.73
08/10/2014;257.59
09/10/2014;253.66
10/10/2014;256.02
13/10/2014;255.68
14/10/2014;247.22
15/10/2014;245.86
16/10/2014;247.03
17/10/2014;249.76
20/10/2014;248.56
21/10/2014;251.32
22/10/2014;247.34
23/10/2014;249.9
24/10/2014;248.19
27/10/2014;247.53
28/10/2014;249.31
29/10/2014;253.5
30/10/2014;251.28
31/10/2014;251.45
03/11/2014;248.99
04/11/2014;244.27
05/11/2014;243.87
06/11/2014;245.87
07/11/2014;249.95
10/11/2014;246.93
11/11/2014;246.87
12/11/2014;244.69
13/11/2014;236.21
14/11/2014;241.61
17/11/2014;240.39
18/11/2014;238.13
19/11/2014;235.9
20/11/2014;238
21/11/2014;240.45
24/11/2014;239.55
25/11/2014;239.48
26/11/2014;239.65
28/11/2014;223.08
01/12/2014;221.24
02/12/2014;215.44
03/12/2014;213.34
04/12/2014;211.77
05/12/2014;210.78
08/12/2014;205.49
09/12/2014;208.4
10/12/2014;204.64
11/12/2014;206.14
12/12/2014;201.6
15/12/2014;200.17
16/12/2014;196
17/12/2014;200.85
18/12/2014;193.87
19/12/2014;196.22
22/12/2014;195.14
23/12/2014;199.07
24/12/2014;192.36
26/12/2014;190.79
29/12/2014;184.91
30/12/2014;186.88
31/12/2014;184.66
02/01/2015;179.57
05/01/2015;174.92
06/01/2015;172.62
07/01/2015;169.99
08/01/2015;171.1
09/01/2015;170.3
12/01/2015;165.41
13/01/2015;163.3
14/01/2015;165.52
15/01/2015;162.33
16/01/2015;166.56
20/01/2015;162.66
21/01/2015;164.64
22/01/2015;163.79
23/01/2015;164.67
26/01/2015;163.98
27/01/2015;166.28
28/01/2015;163.18
29/01/2015;161.84
30/01/2015;168.63
02/02/2015;175.75
03/02/2015;184.65
04/02/2015;176.66
05/02/2015;180.59
06/02/2015;183.91
09/02/2015;187.29
10/02/2015;183.27
11/02/2015;181.41
12/02/2015;191.37
13/02/2015;197.14
17/02/2015;197.74
18/02/2015;195.94
19/02/2015;199.38
20/02/2015;211.18
23/02/2015;221.79
24/02/2015;202.89
25/02/2015;210.36
26/02/2015;213.58
27/02/2015;229.89
02/03/2015;188.73
03/03/2015;193.95
04/03/2015;190.13
05/03/2015;187.73
06/03/2015;186.9
09/03/2015;183.98
10/03/2015;181.35
11/03/2015;182.04
12/03/2015;177.91
13/03/2015;171.3
16/03/2015;169.86
17/03/2015;169.39
18/03/2015;177.25
19/03/2015;172.23
20/03/2015;173.43
23/03/2015;173.07
24/03/2015;170.65
25/03/2015;172.83
26/03/2015;178.76
27/03/2015;172.75
30/03/2015;173.12
31/03/2015;171.79
01/04/2015;174.69
02/04/2015;168.25
06/04/2015;176.43
07/04/2015;178.38
08/04/2015;169.81
09/04/2015;172.68
10/04/2015;176.61
13/04/2015;178.33
14/04/2015;180.17
15/04/2015;188.88
16/04/2015;190.8
17/04/2015;188.24
20/04/2015;187.71
21/04/2015;185.32
22/04/2015;187.08
23/04/2015;192.39
24/04/2015;192.83
27/04/2015;192.14
28/04/2015;191.66
29/04/2015;194.81
30/04/2015;197.63
01/05/2015;198.22
04/05/2015;197.87
05/05/2015;201.45
06/05/2015;201.61
07/05/2015;196.17
08/05/2015;195.37
11/05/2015;194.54
12/05/2015;199.89
13/05/2015;200.51
14/05/2015;200.56
15/05/2015;200.48
18/05/2015;198.68
19/05/2015;192.92
20/05/2015;194.6
21/05/2015;198.59
22/05/2015;195.25
26/05/2015;190.02
27/05/2015;185.66
28/05/2015;187.04
29/05/2015;195.53
01/06/2015;192.64
02/06/2015;194.55
03/06/2015;189.18
04/06/2015;184.39
05/06/2015;186.96
08/06/2015;185.48
09/06/2015;191.79
10/06/2015;194.59
11/06/2015;192.1
12/06/2015;188.92
15/06/2015;187.03
16/06/2015;188.49
17/06/2015;190.98
18/06/2015;191.52
19/06/2015;186.69
22/06/2015;186.94
23/06/2015;191.12
24/06/2015;187.61
25/06/2015;186.23
26/06/2015;186.28
29/06/2015;183.66
30/06/2015;188.66
01/07/2015;183.93
02/07/2015;183.99
06/07/2015;170.89
07/07/2015;171.13
08/07/2015;171.52
09/07/2015;173.6
10/07/2015;173.99
13/07/2015;171.87
14/07/2015;172.53
15/07/2015;166.93
16/07/2015;166.62
17/07/2015;166.41
20/07/2015;165.84
21/07/2015;167.84
22/07/2015;167.17
23/07/2015;165.46
24/07/2015;163.02
27/07/2015;159.56
28/07/2015;160.44
29/07/2015;159.83
30/07/2015;159.82
31/07/2015;158.4
03/08/2015;153.05
04/08/2015;154.75
05/08/2015;153.85
06/08/2015;154.99
07/08/2015;154.36
10/08/2015;159.21
11/08/2015;156.29
12/08/2015;158.69
13/08/2015;156.87
14/08/2015;155.79
17/08/2015;155.48
18/08/2015;155.86
19/08/2015;151.8
20/08/2015;149.56
21/08/2015;146.24
24/08/2015;139.29
25/08/2015;139.52
26/08/2015;138.09
27/08/2015;149.6
28/08/2015;157.64
31/08/2015;167.36
01/09/2015;157.79
02/09/2015;160.92
03/09/2015;161.88
04/09/2015;159.6
08/09/2015;159.38
09/09/2015;153.86
10/09/2015;157.47
11/09/2015;155
14/09/2015;150.35
15/09/2015;150
16/09/2015;154.14
17/09/2015;152.97
18/09/2015;149.07
21/09/2015;151.4
22/09/2015;153.2
23/09/2015;150.56
24/09/2015;152.37
25/09/2015;152.25
28/09/2015;147.72
29/09/2015;149.76
30/09/2015;151.26
01/10/2015;151.98
02/10/2015;151.99
05/10/2015;154.83
06/10/2015;161.15
07/10/2015;157.96
08/10/2015;160.18
09/10/2015;159.09
12/10/2015;150.24
13/10/2015;147.08
14/10/2015;148.33
15/10/2015;148.63
16/10/2015;149.66
19/10/2015;144.91
20/10/2015;144.87
21/10/2015;145
22/10/2015;146.5
23/10/2015;145.44
26/10/2015;142.59
27/10/2015;142.44
28/10/2015;148.39
29/10/2015;147.48
30/10/2015;149.94
02/11/2015;150.69
03/11/2015;156.6
04/11/2015;150.35
05/11/2015;148.72
06/11/2015;148.96
09/11/2015;147.74
10/11/2015;148.65
11/11/2015;144.77
12/11/2015;140.66
13/11/2015;138.13
16/11/2015;138.51
17/11/2015;136.81
18/11/2015;138.04
19/11/2015;137.18
20/11/2015;137.13
23/11/2015;137.43
24/11/2015;139.97
25/11/2015;140.27
27/11/2015;135.24
30/11/2015;133.69
01/12/2015;136.9
02/12/2015;130.49
03/12/2015;135.86
04/12/2015;134.24
07/12/2015;127.96
08/12/2015;125.92
09/12/2015;123.89
10/12/2015;122.51
11/12/2015;114.56
14/12/2015;112.77
15/12/2015;114.67
16/12/2015;111.22
17/12/2015;110.53
18/12/2015;110.71
21/12/2015;110.04
22/12/2015;108.76
23/12/2015;111.92
24/12/2015;110.09
28/12/2015;109.04
29/12/2015;112.95
30/12/2015;107.91
31/12/2015;110.07
04/01/2016;112.64
05/01/2016;112.53
06/01/2016;108.07
07/01/2016;106.56
08/01/2016;105.21
11/01/2016;101.49
12/01/2016;99.01
13/01/2016;96.94
14/01/2016;98.08
15/01/2016;93.43
19/01/2016;90.87
20/01/2016;86.57
21/01/2016;89.75
22/01/2016;99.57
25/01/2016;93.53
26/01/2016;96.77
27/01/2016;102.52
28/01/2016;103.09
29/01/2016;105.51
01/02/2016;103.65
02/02/2016;101.09
03/02/2016;107.86
04/02/2016;108.05
05/02/2016;105.9
08/02/2016;104.64
09/02/2016;97.49
10/02/2016;97.49
11/02/2016;97.91
12/02/2016;106.93
16/02/2016;102.7
17/02/2016;108.79
18/02/2016;107.92
19/02/2016;102.55
22/02/2016;105.51
23/02/2016;102.21
24/02/2016;105.94
25/02/2016;107
26/02/2016;105.12
29/02/2016;107.6
01/03/2016;109.95
02/03/2016;110.65
03/03/2016;112.02
04/03/2016;116.13
07/03/2016;122.25
08/03/2016;120
09/03/2016;123.27
10/03/2016;121.61
11/03/2016;121.8
14/03/2016;119.65
15/03/2016;117.77
16/03/2016;123.12
17/03/2016;125.45
18/03/2016;123.91
21/03/2016;123.74
22/03/2016;125.21
23/03/2016;120.4
24/03/2016;119.79
28/03/2016;118.01
29/03/2016;115.55
30/03/2016;115.97
31/03/2016;118.48
01/04/2016;113.17
04/04/2016;108.89
05/04/2016;107.46
06/04/2016;114.03
07/04/2016;112.57
08/04/2016;120.04
11/04/2016;121.47
12/04/2016;127.59
13/04/2016;126.56
14/04/2016;125.43
15/04/2016;123.22
18/04/2016;123.59
19/04/2016;126.32
20/04/2016;133.22
21/04/2016;129.98
22/04/2016;130.89
25/04/2016;129.03
26/04/2016;133.25
27/04/2016;137.95
28/04/2016;140.46
29/04/2016;137.79
02/05/2016;135.55
03/05/2016;133.34
04/05/2016;132.82
05/05/2016;132.87
06/05/2016;133.73
09/05/2016;128.63
10/05/2016;133.75
11/05/2016;139.67
12/05/2016;139.4
13/05/2016;140.31
16/05/2016;144.01
17/05/2016;146.74
18/05/2016;148.31
19/05/2016;147.88
20/05/2016;149
23/05/2016;147.75
24/05/2016;148.87
25/05/2016;151.27
26/05/2016;150.13
27/05/2016;149.4
31/05/2016;149.75
01/06/2016;149.89
02/06/2016;150.88
03/06/2016;148.81
06/06/2016;150.31
07/06/2016;154.15
08/06/2016;157.05
09/06/2016;155.12
10/06/2016;151.6
13/06/2016;151.45
14/06/2016;150.2
15/06/2016;147.78
16/06/2016;142.29
17/06/2016;148.17
20/06/2016;152.74
21/06/2016;151.67
22/06/2016;150.48
23/06/2016;152.06
24/06/2016;145.53
27/06/2016;142.92
28/06/2016;147.11
29/06/2016;153.35
30/06/2016;148.47
01/07/2016;151.15
05/07/2016;144.56
06/07/2016;147.11
07/07/2016;141.06
08/07/2016;141.23
11/07/2016;141.63
12/07/2016;146.32
13/07/2016;138.09
14/07/2016;140.64
15/07/2016;139.74
18/07/2016;137.78
19/07/2016;138.41
20/07/2016;140.54
21/07/2016;137.07
22/07/2016;135.7
25/07/2016;132.28
26/07/2016;132.6
27/07/2016;129.5
28/07/2016;127.04
29/07/2016;127.6
01/08/2016;125.79
02/08/2016;125.9
03/08/2016;128.75
04/08/2016;132.59
05/08/2016;131.7
08/08/2016;134.36
09/08/2016;133.07
10/08/2016;131.84
11/08/2016;138.49
12/08/2016;140.86
15/08/2016;144.99
16/08/2016;146.13
17/08/2016;148.92
18/08/2016;152.6
19/08/2016;151.96
22/08/2016;148.64
23/08/2016;150.18
24/08/2016;149.63
25/08/2016;150.94
26/08/2016;149.72
29/08/2016;148.62
30/08/2016;147.11
31/08/2016;141.02
01/09/2016;138.19
02/09/2016;140.96
06/09/2016;140.85
07/09/2016;142.65
08/09/2016;148.22
09/09/2016;143.04
12/09/2016;144.15
13/09/2016;142.29
14/09/2016;138.17
15/09/2016;141.62
16/09/2016;140.51
19/09/2016;139.44
20/09/2016;140.5
21/09/2016;142.9
22/09/2016;145.42
23/09/2016;140.73
26/09/2016;144.9
27/09/2016;140.99
28/09/2016;149.1
29/09/2016;151.02
30/09/2016;152.79
03/10/2016;155.32
04/10/2016;155.44
05/10/2016;158.23
06/10/2016;159.58
07/10/2016;157.93
10/10/2016;161.02
11/10/2016;158.73
12/10/2016;156.68
13/10/2016;157.96
14/10/2016;156.73
17/10/2016;155.61
18/10/2016;156.86
19/10/2016;158.79
20/10/2016;155.96
21/10/2016;157.4
24/10/2016;157.98
25/10/2016;156.31
26/10/2016;155.11
27/10/2016;157.01
28/10/2016;154.22
31/10/2016;149.55
01/11/2016;151.69
02/11/2016;146.65
03/11/2016;145.82
04/11/2016;143.03
07/11/2016;144.06
08/11/2016;144.11
09/11/2016;144.11
10/11/2016;143.66
11/11/2016;140.12
14/11/2016;138.55
15/11/2016;144.39
16/11/2016;143.5
17/11/2016;144.7
18/11/2016;145.77
21/11/2016;152.45
22/11/2016;152.63
23/11/2016;151.69
25/11/2016;147
28/11/2016;151.28
29/11/2016;146.27
30/11/2016;157.09
01/12/2016;164.79
02/12/2016;165.81
05/12/2016;165.71
06/12/2016;163.79
07/12/2016;161.84
08/12/2016;162.59
09/12/2016;163.74
12/12/2016;167.17
13/12/2016;167.47
14/12/2016;164.35
15/12/2016;164.2
16/12/2016;167.23
19/12/2016;166.9
20/12/2016;166.88
21/12/2016;164.01
22/12/2016;166.08
23/12/2016;166.28
27/12/2016;169.94
28/12/2016;169.93
29/12/2016;170.37
30/12/2016;170.43
03/01/2017;167.67
04/01/2017;169.3
05/01/2017;169.42
06/01/2017;170.32
09/01/2017;163.76
10/01/2017;161.14
11/01/2017;165.24
12/01/2017;167.56
13/01/2017;165.14
17/01/2017;164.86
18/01/2017;160.92
19/01/2017;161.83
20/01/2017;164.59
23/01/2017;162.65
24/01/2017;164.15
25/01/2017;161.14
26/01/2017;164.09
27/01/2017;161.89
30/01/2017;160.67
31/01/2017;161.17
01/02/2017;167.4
02/02/2017;165.18
03/02/2017;166.51
06/02/2017;163.52
07/02/2017;162.21
08/02/2017;163.6
09/02/2017;164.15
10/02/2017;166.59
13/02/2017;162.73
14/02/2017;163.82
15/02/2017;163.05
16/02/2017;162.91
17/02/2017;163.64
21/02/2017;164.25
22/02/2017;162.96
23/02/2017;165.67
24/02/2017;164.04
27/02/2017;163.99
28/02/2017;162.08
01/03/2017;162.41
02/03/2017;157.91
03/03/2017;159.36
06/03/2017;160.45
07/03/2017;161.39
08/03/2017;155.67
09/03/2017;152.95
10/03/2017;150.36
13/03/2017;150.06
14/03/2017;149.19
15/03/2017;151.24
16/03/2017;150.43
17/03/2017;150.85
20/03/2017;151.41
21/03/2017;150.33
22/03/2017;149.68
23/03/2017;149.01
24/03/2017;149.76
27/03/2017;150.25
28/03/2017;151.67
29/03/2017;154.25
30/03/2017;155.82
31/03/2017;157.36
03/04/2017;156.34
04/04/2017;159.23
05/04/2017;160.35
06/04/2017;161.29
07/04/2017;162.84
10/04/2017;164.73
11/04/2017;165.06
12/04/2017;165.2
13/04/2017;164.95
17/04/2017;163.29
18/04/2017;162.19
19/04/2017;158.13
20/04/2017;157.89
21/04/2017;155.33
24/04/2017;154.27
25/04/2017;154.52
26/04/2017;153.67
27/04/2017;150.72
28/04/2017;150.4
01/05/2017;148.78
02/05/2017;146.8
03/05/2017;147.36
04/05/2017;141.23
05/05/2017;143.66
08/05/2017;145.56
09/05/2017;144.21
10/05/2017;147.54
11/05/2017;148.99
12/05/2017;149.33
15/05/2017;150.96
16/05/2017;151.64
17/05/2017;153.35
18/05/2017;154.53
19/05/2017;158.27
22/05/2017;160.21
23/05/2017;160.67
24/05/2017;160.63
25/05/2017;155.09
26/05/2017;156.33
30/05/2017;154.94
31/05/2017;151.53
01/06/2017;150.17
02/06/2017;148.48
05/06/2017;145.93
06/06/2017;146.62
07/06/2017;141.62
08/06/2017;142.23
09/06/2017;143.12
12/06/2017;142.54
13/06/2017;144.77
14/06/2017;141.02
15/06/2017;141.46
16/06/2017;142.7
19/06/2017;141.11
20/06/2017;139.49
21/06/2017;136.48
22/06/2017;137.16
23/06/2017;137.17
26/06/2017;138.02
27/06/2017;141.37
28/06/2017;143.3
29/06/2017;144.6
30/06/2017;147.55
03/07/2017;151.28
05/07/2017;147.85
06/07/2017;148.19
07/07/2017;144.82
10/07/2017;145.36
11/07/2017;147.63
12/07/2017;147.37
13/07/2017;149.17
14/07/2017;151.5
17/07/2017;149.95
18/07/2017;151.04
19/07/2017;155.14
20/07/2017;154.36
21/07/2017;151.52
24/07/2017;151.69
25/07/2017;156.85
26/07/2017;159.53
27/07/2017;160.32
28/07/2017;163.97
31/07/2017;165.19
01/08/2017;164.13
02/08/2017;165.88
03/08/2017;163.89
04/08/2017;164.86
07/08/2017;163.98
08/08/2017;162.92
09/08/2017;165.33
10/08/2017;163.13
11/08/2017;163.46
14/08/2017;160.57
15/08/2017;159.96
16/08/2017;157.44
17/08/2017;158.2
18/08/2017;162.04
21/08/2017;157.12
22/08/2017;159.12
23/08/2017;162.44
24/08/2017;162.1
25/08/2017;162.23
28/08/2017;163.52
29/08/2017;166.55
30/08/2017;167.38
31/08/2017;175.75
01/09/2017;174.68
05/09/2017;174.8
06/09/2017;175.95
07/09/2017;178.61
08/09/2017;176.57
11/09/2017;174.27
12/09/2017;174.06
13/09/2017;176.85
14/09/2017;177.75
15/09/2017;179.88
18/09/2017;177.96
19/09/2017;177.26
20/09/2017;180.7
21/09/2017;181.53
22/09/2017;181.63
25/09/2017;185.63
26/09/2017;184.53
27/09/2017;184.63
28/09/2017;183.2
29/09/2017;181.17
02/10/2017;176.65
03/10/2017;175.05
04/10/2017;177.39
05/10/2017;178.63
06/10/2017;174.39
09/10/2017;173.52
10/10/2017;176.49
11/10/2017;178.61
12/10/2017;176.55
13/10/2017;179.7
16/10/2017;181.29
17/10/2017;180.98
18/10/2017;180.28
19/10/2017;177.67
20/10/2017;180.52
23/10/2017;178.78
24/10/2017;182.21
25/10/2017;181.82
26/10/2017;184.19
27/10/2017;186.69
30/10/2017;187.77
31/10/2017;188.45
01/11/2017;186.25
02/11/2017;185.39
03/11/2017;188.66
06/11/2017;194.22
07/11/2017;192.19
08/11/2017;192.16
09/11/2017;194.69
10/11/2017;193.49
13/11/2017;193.21
14/11/2017;190.7
15/11/2017;190.87
16/11/2017;190.21
17/11/2017;194.66
20/11/2017;193.21
21/11/2017;193.59
22/11/2017;193.26
24/11/2017;195.29
27/11/2017;194.78
28/11/2017;195.07
29/11/2017;192.21
30/11/2017;189.27
01/12/2017;194.13
04/12/2017;189.45
05/12/2017;191.39
06/12/2017;186.13
07/12/2017;189.7
08/12/2017;192.88
11/12/2017;195.06
12/12/2017;193.36
13/12/2017;190.44
14/12/2017;190.99
15/12/2017;190.35
18/12/2017;192.52
19/12/2017;193.99
20/12/2017;194.42
21/12/2017;195.02
22/12/2017;196.94
26/12/2017;203.85
27/12/2017;204.02
28/12/2017;205.21
29/12/2017;207.55
02/01/2018;205.84
03/01/2018;208.8
04/01/2018;207.7
05/01/2018;205.87
08/01/2018;204.54
09/01/2018;206.62
10/01/2018;207.04
