23/11/2000;1791
24/11/2000;1813
27/11/2000;1839.5
28/11/2000;1855
29/11/2000;1854
30/11/2000;1842
01/12/2000;1849.5
04/12/2000;1857
05/12/2000;1874
06/12/2000;1878
07/12/2000;1891
08/12/2000;1916
11/12/2000;1927.5
12/12/2000;1900
13/12/2000;1901
14/12/2000;1910
15/12/2000;1908
18/12/2000;1878
19/12/2000;1880
20/12/2000;1858
21/12/2000;1847
22/12/2000;1849
27/12/2000;1839
28/12/2000;1841
29/12/2000;1827
02/01/2001;1770.5
03/01/2001;1740
04/01/2001;1767
05/01/2001;1751
08/01/2001;1779
09/01/2001;1789
10/01/2001;1787
11/01/2001;1797
12/01/2001;1807.5
15/01/2001;1802
16/01/2001;1761
17/01/2001;1776
18/01/2001;1819
19/01/2001;1817
22/01/2001;1828
23/01/2001;1822
24/01/2001;1806
25/01/2001;1809.5
26/01/2001;1806
29/01/2001;1793
30/01/2001;1804
31/01/2001;1816
01/02/2001;1819
02/02/2001;1808
05/02/2001;1791
06/02/2001;1790
07/02/2001;1794
08/02/2001;1795
09/02/2001;1780
12/02/2001;1775
13/02/2001;1791.5
14/02/2001;1780
15/02/2001;1799
16/02/2001;1794
19/02/2001;1780.5
20/02/2001;1780
21/02/2001;1761
22/02/2001;1753
23/02/2001;1745
26/02/2001;1764
27/02/2001;1761
28/02/2001;1768
01/03/2001;1787
02/03/2001;1793
05/03/2001;1822.5
06/03/2001;1830.5
07/03/2001;1818
08/03/2001;1799
09/03/2001;1809
12/03/2001;1798
13/03/2001;1785
14/03/2001;1770
15/03/2001;1769
16/03/2001;1752
19/03/2001;1737
20/03/2001;1748
21/03/2001;1733
22/03/2001;1716
23/03/2001;1722
26/03/2001;1717
27/03/2001;1732.5
28/03/2001;1704
29/03/2001;1700
30/03/2001;1683
02/04/2001;1681
03/04/2001;1674
04/04/2001;1691
05/04/2001;1697
06/04/2001;1662
09/04/2001;1678
10/04/2001;1699
11/04/2001;1694
12/04/2001;1698
17/04/2001;1690
18/04/2001;1730
19/04/2001;1704
20/04/2001;1714
23/04/2001;1684
24/04/2001;1682
25/04/2001;1696
26/04/2001;1691
27/04/2001;1681
30/04/2001;1690
01/05/2001;1709
02/05/2001;1724
03/05/2001;1726
04/05/2001;1708
08/05/2001;1692
09/05/2001;1676
10/05/2001;1677
11/05/2001;1683.5
14/05/2001;1663
15/05/2001;1671
16/05/2001;1675
17/05/2001;1688
18/05/2001;1713
21/05/2001;1748
22/05/2001;1731
23/05/2001;1727.5
24/05/2001;1743
25/05/2001;1733
29/05/2001;1709
30/05/2001;1702
31/05/2001;1672
01/06/2001;1671
04/06/2001;1665
05/06/2001;1685
06/06/2001;1682
07/06/2001;1671
08/06/2001;1643
11/06/2001;1635
12/06/2001;1617
13/06/2001;1617
14/06/2001;1627
15/06/2001;1607
18/06/2001;1606
19/06/2001;1621
20/06/2001;1596
21/06/2001;1593
22/06/2001;1600
25/06/2001;1589
26/06/2001;1597
27/06/2001;1608
28/06/2001;1582
29/06/2001;1565
02/07/2001;1582
03/07/2001;1577
04/07/2001;1569
05/07/2001;1560
06/07/2001;1563
09/07/2001;1563
10/07/2001;1573
11/07/2001;1574
12/07/2001;1559
13/07/2001;1555
16/07/2001;1557
17/07/2001;1581
18/07/2001;1571
19/07/2001;1541
20/07/2001;1544
23/07/2001;1511
24/07/2001;1517
25/07/2001;1496
26/07/2001;1510
27/07/2001;1502
30/07/2001;1498
31/07/2001;1501.5
01/08/2001;1500
02/08/2001;1508
03/08/2001;1489.5
06/08/2001;1485
07/08/2001;1480
08/08/2001;1467
09/08/2001;1462
10/08/2001;1462.5
13/08/2001;1459
14/08/2001;1470.5
15/08/2001;1460
16/08/2001;1482
17/08/2001;1509
20/08/2001;1505
21/08/2001;1489
22/08/2001;1501.5
23/08/2001;1516
24/08/2001;1515
28/08/2001;1520
29/08/2001;1528
30/08/2001;1505
31/08/2001;1503
03/09/2001;1475
04/09/2001;1487
05/09/2001;1484
06/09/2001;1458
07/09/2001;1446.5
10/09/2001;1445.5
11/09/2001;1468
12/09/2001;1444
13/09/2001;1440
14/09/2001;1456
17/09/2001;1441
18/09/2001;1444
19/09/2001;1434
20/09/2001;1430
21/09/2001;1449.5
24/09/2001;1444
25/09/2001;1440
26/09/2001;1445.5
27/09/2001;1447
28/09/2001;1434
01/10/2001;1430
02/10/2001;1427
03/10/2001;1410
04/10/2001;1413.5
05/10/2001;1406
08/10/2001;1414
09/10/2001;1407
10/10/2001;1400
11/10/2001;1404
12/10/2001;1409
15/10/2001;1403
16/10/2001;1415
17/10/2001;1416
18/10/2001;1394
19/10/2001;1374
22/10/2001;1369
23/10/2001;1393
24/10/2001;1374
25/10/2001;1379
26/10/2001;1396
29/10/2001;1377
30/10/2001;1392
31/10/2001;1374
01/11/2001;1363
02/11/2001;1353
05/11/2001;1359
06/11/2001;1361
07/11/2001;1338.5
08/11/2001;1359
09/11/2001;1408
12/11/2001;1426
13/11/2001;1480
14/11/2001;1477
15/11/2001;1464
16/11/2001;1498
19/11/2001;1497
20/11/2001;1482.5
21/11/2001;1486
22/11/2001;1472
23/11/2001;1482
26/11/2001;1515
27/11/2001;1538.5
28/11/2001;1539
29/11/2001;1570
30/11/2001;1572.5
03/12/2001;1543
04/12/2001;1536
05/12/2001;1522
06/12/2001;1517
07/12/2001;1490
10/12/2001;1488
11/12/2001;1504
12/12/2001;1475
13/12/2001;1472
14/12/2001;1473
17/12/2001;1488
18/12/2001;1494
19/12/2001;1482
20/12/2001;1478
21/12/2001;1485
27/12/2001;1492
28/12/2001;1483
02/01/2002;1445
03/01/2002;1451
04/01/2002;1469
07/01/2002;1539.5
08/01/2002;1549.5
09/01/2002;1565
10/01/2002;1545
11/01/2002;1534
14/01/2002;1550
15/01/2002;1538
16/01/2002;1550.5
17/01/2002;1544
18/01/2002;1525
21/01/2002;1533.5
22/01/2002;1532.5
23/01/2002;1550
24/01/2002;1560
25/01/2002;1551
28/01/2002;1536
29/01/2002;1530.5
30/01/2002;1529
31/01/2002;1572
01/02/2002;1601
04/02/2002;1595
05/02/2002;1595
06/02/2002;1587
07/02/2002;1594
08/02/2002;1602
11/02/2002;1587.5
12/02/2002;1594
13/02/2002;1627
14/02/2002;1621
15/02/2002;1605
18/02/2002;1593
19/02/2002;1565
20/02/2002;1554
21/02/2002;1566
22/02/2002;1543
25/02/2002;1548
26/02/2002;1547
27/02/2002;1577
28/02/2002;1568
01/03/2002;1592
04/03/2002;1609
05/03/2002;1607
06/03/2002;1627
07/03/2002;1628
08/03/2002;1630
11/03/2002;1625
12/03/2002;1615.5
13/03/2002;1613
14/03/2002;1624
15/03/2002;1631
18/03/2002;1662
19/03/2002;1671.5
20/03/2002;1667
21/03/2002;1653
22/03/2002;1633
25/03/2002;1612
26/03/2002;1625
27/03/2002;1638
28/03/2002;1652
02/04/2002;1674.5
03/04/2002;1625
04/04/2002;1612.5
05/04/2002;1591
08/04/2002;1583
09/04/2002;1595
10/04/2002;1583
11/04/2002;1591
12/04/2002;1572
15/04/2002;1568
16/04/2002;1598
17/04/2002;1617
18/04/2002;1601.5
19/04/2002;1610
22/04/2002;1632
23/04/2002;1611
24/04/2002;1613.5
25/04/2002;1611
26/04/2002;1619
29/04/2002;1623
30/04/2002;1610
01/05/2002;1587
02/05/2002;1598
03/05/2002;1585.5
07/05/2002;1583
08/05/2002;1603
09/05/2002;1607
10/05/2002;1613
13/05/2002;1609.5
14/05/2002;1622
15/05/2002;1627
16/05/2002;1611
17/05/2002;1589
20/05/2002;1591
21/05/2002;1595
22/05/2002;1593
23/05/2002;1610
24/05/2002;1616
27/05/2002;1620
28/05/2002;1649
29/05/2002;1644
30/05/2002;1643
31/05/2002;1659
05/06/2002;1697
06/06/2002;1706
07/06/2002;1692
10/06/2002;1696
11/06/2002;1676
12/06/2002;1672
13/06/2002;1672
14/06/2002;1667.5
17/06/2002;1670
18/06/2002;1667
19/06/2002;1665
20/06/2002;1646
21/06/2002;1638
24/06/2002;1633
25/06/2002;1654.5
26/06/2002;1657
27/06/2002;1661
28/06/2002;1687
01/07/2002;1684
02/07/2002;1666
03/07/2002;1656
04/07/2002;1647
05/07/2002;1666
08/07/2002;1654
09/07/2002;1664.5
10/07/2002;1661.5
11/07/2002;1642.5
12/07/2002;1637
15/07/2002;1628
16/07/2002;1632
17/07/2002;1632
18/07/2002;1620
19/07/2002;1590.5
22/07/2002;1570
23/07/2002;1544
24/07/2002;1525
25/07/2002;1534.5
26/07/2002;1529
29/07/2002;1540
30/07/2002;1523
31/07/2002;1515
01/08/2002;1507
02/08/2002;1501
05/08/2002;1477.5
06/08/2002;1499
07/08/2002;1491
08/08/2002;1498
09/08/2002;1501
12/08/2002;1490
13/08/2002;1499
14/08/2002;1479
15/08/2002;1521
16/08/2002;1497
19/08/2002;1494
20/08/2002;1505
21/08/2002;1497
22/08/2002;1510
23/08/2002;1508
27/08/2002;1524
28/08/2002;1521
29/08/2002;1512
30/08/2002;1512
02/09/2002;1516
03/09/2002;1488
04/09/2002;1494
05/09/2002;1482
06/09/2002;1489.5
09/09/2002;1511
10/09/2002;1544
11/09/2002;1540
12/09/2002;1537
13/09/2002;1528
16/09/2002;1506.5
17/09/2002;1508
18/09/2002;1490
19/09/2002;1482.5
20/09/2002;1491
23/09/2002;1482
24/09/2002;1474
25/09/2002;1481
26/09/2002;1489
27/09/2002;1472
30/09/2002;1459
01/10/2002;1464.5
02/10/2002;1485
03/10/2002;1473
04/10/2002;1457.5
07/10/2002;1457
08/10/2002;1460.5
09/10/2002;1462
10/10/2002;1472
11/10/2002;1493
14/10/2002;1474
15/10/2002;1484
16/10/2002;1488
17/10/2002;1522
18/10/2002;1511
21/10/2002;1534
22/10/2002;1525
23/10/2002;1516
24/10/2002;1538
25/10/2002;1545
28/10/2002;1555
29/10/2002;1537
30/10/2002;1540
31/10/2002;1568
01/11/2002;1583
04/11/2002;1594
05/11/2002;1586
06/11/2002;1596
07/11/2002;1571
08/11/2002;1571
11/11/2002;1585
12/11/2002;1583
13/11/2002;1582
14/11/2002;1570
15/11/2002;1580
18/11/2002;1599.5
19/11/2002;1598
20/11/2002;1624
21/11/2002;1625
22/11/2002;1619
25/11/2002;1620
26/11/2002;1604.5
27/11/2002;1632
28/11/2002;1637
29/11/2002;1662
02/12/2002;1660
03/12/2002;1661
04/12/2002;1658
05/12/2002;1637
06/12/2002;1626
09/12/2002;1610
10/12/2002;1622.5
11/12/2002;1626
12/12/2002;1622
13/12/2002;1604
16/12/2002;1602
17/12/2002;1611
18/12/2002;1597
19/12/2002;1588
20/12/2002;1586
23/12/2002;1595
24/12/2002;1594
30/12/2002;1560.5
31/12/2002;1560
02/01/2003;1590
03/01/2003;1611
06/01/2003;1628.5
07/01/2003;1621
08/01/2003;1637
09/01/2003;1655
10/01/2003;1637
13/01/2003;1648.5
14/01/2003;1667
15/01/2003;1678
16/01/2003;1685
17/01/2003;1669.5
20/01/2003;1693
21/01/2003;1691
22/01/2003;1699
23/01/2003;1702
24/01/2003;1695
27/01/2003;1678
28/01/2003;1673
29/01/2003;1687
30/01/2003;1726
31/01/2003;1738.5
03/02/2003;1744
04/02/2003;1715
05/02/2003;1716
06/02/2003;1690
07/02/2003;1683.5
10/02/2003;1718
11/02/2003;1710
12/02/2003;1696
13/02/2003;1660
14/02/2003;1666
17/02/2003;1673
18/02/2003;1659
19/02/2003;1656
20/02/2003;1665
21/02/2003;1707
24/02/2003;1729
25/02/2003;1718
26/02/2003;1744.5
27/02/2003;1737
28/02/2003;1710
03/03/2003;1722
04/03/2003;1717.5
05/03/2003;1679
06/03/2003;1677
07/03/2003;1680
10/03/2003;1670
11/03/2003;1685
12/03/2003;1673
13/03/2003;1654
14/03/2003;1662
17/03/2003;1691
18/03/2003;1686
19/03/2003;1707
20/03/2003;1686
21/03/2003;1706
24/03/2003;1686
25/03/2003;1690
26/03/2003;1663
27/03/2003;1622
28/03/2003;1607
31/03/2003;1590.5
01/04/2003;1603
02/04/2003;1588.5
03/04/2003;1575
04/04/2003;1586
07/04/2003;1614
08/04/2003;1600
09/04/2003;1597
10/04/2003;1583.5
11/04/2003;1605
14/04/2003;1603
15/04/2003;1628
16/04/2003;1623
17/04/2003;1627
22/04/2003;1598
23/04/2003;1604
24/04/2003;1583
25/04/2003;1579
28/04/2003;1586
29/04/2003;1603.5
30/04/2003;1606
01/05/2003;1609
02/05/2003;1586
06/05/2003;1593
07/05/2003;1616
08/05/2003;1628.5
09/05/2003;1625
12/05/2003;1640
13/05/2003;1676
14/05/2003;1678
15/05/2003;1682
16/05/2003;1673
19/05/2003;1672.5
20/05/2003;1668
21/05/2003;1692
22/05/2003;1692.5
23/05/2003;1682.5
27/05/2003;1715
28/05/2003;1693
29/05/2003;1693
30/05/2003;1712
02/06/2003;1738
03/06/2003;1727.5
04/06/2003;1715
05/06/2003;1721
06/06/2003;1719
09/06/2003;1697.5
10/06/2003;1688.5
11/06/2003;1690
12/06/2003;1698
13/06/2003;1681
16/06/2003;1678
17/06/2003;1711
18/06/2003;1719.5
19/06/2003;1719
20/06/2003;1705
23/06/2003;1690
24/06/2003;1689
25/06/2003;1676.5
26/06/2003;1665.5
27/06/2003;1677
30/06/2003;1655
01/07/2003;1642.5
02/07/2003;1667
03/07/2003;1649.5
04/07/2003;1657.5
07/07/2003;1682
08/07/2003;1691
09/07/2003;1699
10/07/2003;1711
11/07/2003;1712
14/07/2003;1745
15/07/2003;1736
16/07/2003;1732
17/07/2003;1727
18/07/2003;1720
21/07/2003;1702
22/07/2003;1699
23/07/2003;1707
24/07/2003;1739
25/07/2003;1752.5
28/07/2003;1767.5
29/07/2003;1767
30/07/2003;1756
31/07/2003;1786
01/08/2003;1784
04/08/2003;1768
05/08/2003;1772
06/08/2003;1762
07/08/2003;1787
08/08/2003;1757
11/08/2003;1766
12/08/2003;1738.5
13/08/2003;1736
14/08/2003;1753
15/08/2003;1736
18/08/2003;1750.5
19/08/2003;1761.5
20/08/2003;1767
21/08/2003;1756
22/08/2003;1771
26/08/2003;1756
27/08/2003;1749
28/08/2003;1734
29/08/2003;1766
01/09/2003;1773
02/09/2003;1787
03/09/2003;1812
04/09/2003;1797
05/09/2003;1824
08/09/2003;1814
09/09/2003;1794
10/09/2003;1775
11/09/2003;1816
12/09/2003;1796
15/09/2003;1805
16/09/2003;1789
17/09/2003;1802
18/09/2003;1812.5
19/09/2003;1824
22/09/2003;1825.5
23/09/2003;1813.5
24/09/2003;1825
25/09/2003;1817.5
26/09/2003;1802.5
29/09/2003;1812
30/09/2003;1798
01/10/2003;1802
02/10/2003;1825
03/10/2003;1836
06/10/2003;1831
07/10/2003;1854
08/10/2003;1869.5
09/10/2003;1874
10/10/2003;1883
13/10/2003;1934.5
14/10/2003;1919
15/10/2003;1964
16/10/2003;1963
17/10/2003;1955
20/10/2003;1994
21/10/2003;1985
22/10/2003;2008
23/10/2003;1982.5
24/10/2003;1960
27/10/2003;1988
28/10/2003;1986
29/10/2003;2015
30/10/2003;2052
31/10/2003;2067
03/11/2003;2047
04/11/2003;2095
05/11/2003;2103
06/11/2003;2083
07/11/2003;2087
10/11/2003;2043
11/11/2003;2073
12/11/2003;2098
13/11/2003;2082
14/11/2003;2095
17/11/2003;2043
18/11/2003;2053
19/11/2003;2032
20/11/2003;1969
21/11/2003;1972
24/11/2003;2000
25/11/2003;1983.5
26/11/2003;1993
27/11/2003;2019
28/11/2003;2070
01/12/2003;2098
02/12/2003;2128
03/12/2003;2161.5
04/12/2003;2127
05/12/2003;2132
08/12/2003;2139
09/12/2003;2148
10/12/2003;2144
11/12/2003;2141
12/12/2003;2157.5
15/12/2003;2177
16/12/2003;2203
17/12/2003;2185
18/12/2003;2225
19/12/2003;2238
22/12/2003;2220
23/12/2003;2237
24/12/2003;2240
29/12/2003;2281
30/12/2003;2278
31/12/2003;2301
02/01/2004;2348
05/01/2004;2377
06/01/2004;2342
07/01/2004;2336
08/01/2004;2404
09/01/2004;2418
12/01/2004;2371
13/01/2004;2372
14/01/2004;2396
15/01/2004;2359
16/01/2004;2388
19/01/2004;2422
20/01/2004;2450
21/01/2004;2448
22/01/2004;2458
23/01/2004;2460
26/01/2004;2446
27/01/2004;2440
28/01/2004;2465
29/01/2004;2454
30/01/2004;2497
02/02/2004;2497
03/02/2004;2544
04/02/2004;2553
05/02/2004;2554
06/02/2004;2572
09/02/2004;2578
10/02/2004;2565
11/02/2004;2612
12/02/2004;2702
13/02/2004;2690
16/02/2004;2730
17/02/2004;2826
18/02/2004;2790
19/02/2004;2872
20/02/2004;2874
23/02/2004;2863
24/02/2004;2890
25/02/2004;2953
26/02/2004;2922
27/02/2004;2938
01/03/2004;3030
02/03/2004;3002
03/03/2004;2845
04/03/2004;2885
05/03/2004;2930
08/03/2004;2862
09/03/2004;2776
10/03/2004;2822
11/03/2004;2903
12/03/2004;2864
15/03/2004;2930
16/03/2004;2994
17/03/2004;2940
18/03/2004;2992
19/03/2004;3004
22/03/2004;2965
23/03/2004;2936
24/03/2004;2972
25/03/2004;2906
26/03/2004;2957
29/03/2004;2971
30/03/2004;2952
31/03/2004;2980
01/04/2004;3015
02/04/2004;2976.5
05/04/2004;2880
06/04/2004;2920
07/04/2004;2875
08/04/2004;2872
13/04/2004;2822
14/04/2004;2858
15/04/2004;2845
16/04/2004;2919
19/04/2004;2960
20/04/2004;2885
21/04/2004;2714
22/04/2004;2705
23/04/2004;2711
26/04/2004;2717
27/04/2004;2731
28/04/2004;2580
29/04/2004;2632
30/04/2004;2652
04/05/2004;2697
05/05/2004;2709
06/05/2004;2720
07/05/2004;2607
10/05/2004;2543
11/05/2004;2596
12/05/2004;2613
13/05/2004;2581
14/05/2004;2594
17/05/2004;2513
18/05/2004;2523
19/05/2004;2594
20/05/2004;2589
21/05/2004;2663
24/05/2004;2690
25/05/2004;2679
26/05/2004;2688
27/05/2004;2774
28/05/2004;2774
01/06/2004;2816
02/06/2004;2748
03/06/2004;2744
04/06/2004;2698
07/06/2004;2775
08/06/2004;2714
09/06/2004;2602
10/06/2004;2570
11/06/2004;2554
14/06/2004;2547
15/06/2004;2610
16/06/2004;2585
17/06/2004;2630
18/06/2004;2615
21/06/2004;2624
22/06/2004;2550.5
23/06/2004;2585
24/06/2004;2678
25/06/2004;2650
28/06/2004;2657
29/06/2004;2583
30/06/2004;2650
01/07/2004;2690
02/07/2004;2681
05/07/2004;2735
06/07/2004;2669
07/07/2004;2749
08/07/2004;2744
09/07/2004;2794.5
12/07/2004;2778
13/07/2004;2774.5
14/07/2004;2791
15/07/2004;2806
16/07/2004;2837
19/07/2004;2826
20/07/2004;2784
21/07/2004;2757.5
22/07/2004;2793
23/07/2004;2714
26/07/2004;2713
27/07/2004;2663
28/07/2004;2735
29/07/2004;2786
30/07/2004;2816
02/08/2004;2818
03/08/2004;2807
04/08/2004;2802
05/08/2004;2789
06/08/2004;2782
09/08/2004;2718
10/08/2004;2736
11/08/2004;2765
12/08/2004;2772
13/08/2004;2857
16/08/2004;2831
17/08/2004;2823
18/08/2004;2761
19/08/2004;2796
20/08/2004;2765
23/08/2004;2713
24/08/2004;2735.5
25/08/2004;2706
26/08/2004;2733
27/08/2004;2764
31/08/2004;2784
01/09/2004;2774
02/09/2004;2732
03/09/2004;2701
06/09/2004;2723
07/09/2004;2754.5
08/09/2004;2735
09/09/2004;2751
10/09/2004;2788.5
13/09/2004;2786
14/09/2004;2769
15/09/2004;2767
16/09/2004;2823
17/09/2004;2815
20/09/2004;2849
21/09/2004;2899
22/09/2004;2915
23/09/2004;2932
24/09/2004;2911
27/09/2004;2953
28/09/2004;2933
29/09/2004;2990
30/09/2004;2997.5
01/10/2004;2995
04/10/2004;2983.5
05/10/2004;2979
06/10/2004;3038
07/10/2004;3046
08/10/2004;3145
11/10/2004;3140
12/10/2004;3094
13/10/2004;2815
14/10/2004;2746
15/10/2004;2830
18/10/2004;2794
19/10/2004;2817.5
20/10/2004;2798.5
21/10/2004;2825
22/10/2004;2804
25/10/2004;2750
26/10/2004;2792
27/10/2004;2800
28/10/2004;2752
29/10/2004;2882
01/11/2004;2831
02/11/2004;2849
03/11/2004;2875
04/11/2004;2915
05/11/2004;2953
08/11/2004;2950.5
09/11/2004;2978
10/11/2004;2960
11/11/2004;2987.5
12/11/2004;3016
15/11/2004;3004
16/11/2004;2944
17/11/2004;3023
18/11/2004;3080
19/11/2004;3077
22/11/2004;3044
23/11/2004;3069
24/11/2004;3098
25/11/2004;3115
26/11/2004;3081
29/11/2004;3112
30/11/2004;3095
01/12/2004;3114
02/12/2004;2990
03/12/2004;3002
06/12/2004;2990
07/12/2004;2955.5
08/12/2004;2865
09/12/2004;2875.5
10/12/2004;2903
13/12/2004;2970
14/12/2004;2972
15/12/2004;3011.5
16/12/2004;3024
17/12/2004;3033
20/12/2004;3077
21/12/2004;3090
22/12/2004;3070
23/12/2004;3061
24/12/2004;3094.5
29/12/2004;3125
30/12/2004;3138
31/12/2004;3150
04/01/2005;2912
05/01/2005;2970
06/01/2005;2952
07/01/2005;2978
10/01/2005;2961
11/01/2005;3026
12/01/2005;3030
13/01/2005;3001
14/01/2005;3010
17/01/2005;3022
18/01/2005;3010
19/01/2005;3033
20/01/2005;3040
21/01/2005;3082
24/01/2005;3072
25/01/2005;3053
26/01/2005;3074
27/01/2005;3053
28/01/2005;3086
31/01/2005;3082
01/02/2005;3042
02/02/2005;3010
03/02/2005;3006
04/02/2005;2973
07/02/2005;3000
08/02/2005;3010
09/02/2005;2999
10/02/2005;3053
11/02/2005;3065
14/02/2005;3110
15/02/2005;3139
16/02/2005;3107
17/02/2005;3157
18/02/2005;3225
21/02/2005;3208
22/02/2005;3242
23/02/2005;3227
24/02/2005;3190
25/02/2005;3197
28/02/2005;3235
01/03/2005;3201
02/03/2005;3202
03/03/2005;3211
04/03/2005;3243
07/03/2005;3244
08/03/2005;3270
09/03/2005;3275
10/03/2005;3249
11/03/2005;3241
14/03/2005;3203
15/03/2005;3238
16/03/2005;3292
17/03/2005;3265
18/03/2005;3292
21/03/2005;3250
22/03/2005;3279
23/03/2005;3208
24/03/2005;3197
29/03/2005;3230
30/03/2005;3255
31/03/2005;3290
01/04/2005;3231
04/04/2005;3245
05/04/2005;3235
06/04/2005;3285
07/04/2005;3290
08/04/2005;3287
11/04/2005;3314
12/04/2005;3267
13/04/2005;3193
14/04/2005;3143
15/04/2005;3182
18/04/2005;3182
19/04/2005;3237
20/04/2005;3307
21/04/2005;3250
22/04/2005;3277
25/04/2005;3253
26/04/2005;3214
27/04/2005;3163
28/04/2005;3181
29/04/2005;3215
03/05/2005;3188
04/05/2005;3158
05/05/2005;3175
06/05/2005;3174
09/05/2005;3213
10/05/2005;3222
11/05/2005;3181
12/05/2005;3096
13/05/2005;3002
16/05/2005;2990
17/05/2005;3006
18/05/2005;3050
19/05/2005;3026
20/05/2005;3002
23/05/2005;3035
24/05/2005;3050
25/05/2005;3069
26/05/2005;3088
27/05/2005;3076
31/05/2005;3046
01/06/2005;3112
02/06/2005;3179
03/06/2005;3270
06/06/2005;3276
07/06/2005;3242
08/06/2005;3240
09/06/2005;3255
10/06/2005;3300
13/06/2005;3277
14/06/2005;3253
15/06/2005;3287
16/06/2005;3318
17/06/2005;3392
20/06/2005;3375
21/06/2005;3390
22/06/2005;3355
23/06/2005;3312
24/06/2005;3368
27/06/2005;3386
28/06/2005;3355
29/06/2005;3358
30/06/2005;3319
01/07/2005;3206
04/07/2005;3232
05/07/2005;3261
06/07/2005;3322
07/07/2005;3315
08/07/2005;3370
11/07/2005;3366
12/07/2005;3338
13/07/2005;3330
14/07/2005;3348
15/07/2005;3365
18/07/2005;3363
19/07/2005;3395
20/07/2005;3404
21/07/2005;3395
22/07/2005;3446
25/07/2005;3461
26/07/2005;3450
27/07/2005;3490
28/07/2005;3525
29/07/2005;3517
01/08/2005;3568
02/08/2005;3574
03/08/2005;3586
04/08/2005;3575
05/08/2005;3567
08/08/2005;3563
09/08/2005;3489
10/08/2005;3540
11/08/2005;3530
12/08/2005;3587
15/08/2005;3630
16/08/2005;3660
17/08/2005;3550
18/08/2005;3564
19/08/2005;3563
22/08/2005;3628
23/08/2005;3618
24/08/2005;3590
25/08/2005;3577
26/08/2005;3610
30/08/2005;3647
31/08/2005;3603
01/09/2005;3627
02/09/2005;3686
05/09/2005;3679
06/09/2005;3642
07/09/2005;3632
08/09/2005;3589
09/09/2005;3545
12/09/2005;3605
13/09/2005;3586
14/09/2005;3564
15/09/2005;3538
16/09/2005;3510
19/09/2005;3623
20/09/2005;3685
21/09/2005;3750
22/09/2005;3753
23/09/2005;3723
26/09/2005;3775
27/09/2005;3780
28/09/2005;3786
29/09/2005;3810
30/09/2005;3769.5
03/10/2005;3822
04/10/2005;3837
05/10/2005;3885
06/10/2005;3882
07/10/2005;3915
10/10/2005;3917
11/10/2005;3970
12/10/2005;3900
13/10/2005;3838
14/10/2005;3801
17/10/2005;3947
18/10/2005;3957
19/10/2005;3928
20/10/2005;3950
21/10/2005;3830
24/10/2005;3857
25/10/2005;3945
26/10/2005;3914
27/10/2005;3904
28/10/2005;3878.5
31/10/2005;3912
01/11/2005;3900
02/11/2005;3947
03/11/2005;3941
04/11/2005;3974
07/11/2005;3974
08/11/2005;3957
09/11/2005;3951
10/11/2005;4008
11/11/2005;4105
14/11/2005;4126
15/11/2005;4136
16/11/2005;4140
17/11/2005;4145
18/11/2005;4200
21/11/2005;4215
22/11/2005;4112
23/11/2005;4090
24/11/2005;4193
25/11/2005;4236
28/11/2005;4224
29/11/2005;4232
30/11/2005;4246
01/12/2005;4366
02/12/2005;4384
05/12/2005;4392
06/12/2005;4377
07/12/2005;4452
08/12/2005;4462
09/12/2005;4455
12/12/2005;4372
13/12/2005;4451
14/12/2005;4355.5
15/12/2005;4351
16/12/2005;4455
19/12/2005;4420
20/12/2005;4410
21/12/2005;4415
22/12/2005;4430
23/12/2005;4454.5
28/12/2005;4483
29/12/2005;4440
30/12/2005;4395
03/01/2006;4440
04/01/2006;4540
05/01/2006;4512
06/01/2006;4514
09/01/2006;4579
10/01/2006;4575
11/01/2006;4567
12/01/2006;4543
13/01/2006;4615
16/01/2006;4588
17/01/2006;4575
18/01/2006;4609
19/01/2006;4599
20/01/2006;4542
23/01/2006;4601
24/01/2006;4647
25/01/2006;4780
26/01/2006;4774
27/01/2006;4845
30/01/2006;4840
31/01/2006;4840
01/02/2006;4864
02/02/2006;4993.5
03/02/2006;5020
06/02/2006;5059.5
07/02/2006;4970
08/02/2006;4977
09/02/2006;5020
10/02/2006;4838
13/02/2006;4870
14/02/2006;4940
15/02/2006;4783
16/02/2006;4795
17/02/2006;4808
20/02/2006;4901
21/02/2006;4938
22/02/2006;4958
23/02/2006;4884
24/02/2006;4850
27/02/2006;4660
28/02/2006;4798
01/03/2006;4855
02/03/2006;4968
03/03/2006;4960
06/03/2006;4870
07/03/2006;4758
08/03/2006;4720
09/03/2006;4810
10/03/2006;4825
13/03/2006;4880
14/03/2006;4916
15/03/2006;4950
16/03/2006;4924
17/03/2006;5130
20/03/2006;5105
21/03/2006;5105
22/03/2006;5109
23/03/2006;5235
24/03/2006;5250
27/03/2006;5310
28/03/2006;5315
29/03/2006;5340
30/03/2006;5415
31/03/2006;5390
03/04/2006;5615
04/04/2006;5548
05/04/2006;5710
06/04/2006;5775
07/04/2006;5725
10/04/2006;5910
11/04/2006;5970
12/04/2006;6103
13/04/2006;6139
18/04/2006;6450
19/04/2006;6390
20/04/2006;6296
21/04/2006;6780
24/04/2006;6789
25/04/2006;7220
26/04/2006;7300
27/04/2006;7055
28/04/2006;6990
02/05/2006;7130
03/05/2006;7110
04/05/2006;7650
05/05/2006;7655
08/05/2006;7630
09/05/2006;7815
10/05/2006;8070
11/05/2006;8600
12/05/2006;8460
15/05/2006;8190
16/05/2006;8325
17/05/2006;8120
18/05/2006;8090
19/05/2006;7550
22/05/2006;7580
23/05/2006;8460
24/05/2006;7830
25/05/2006;8099
26/05/2006;8230
30/05/2006;7950
31/05/2006;7900
01/06/2006;7710
02/06/2006;7870
05/06/2006;7760
06/06/2006;7510
07/06/2006;7790
08/06/2006;7310
09/06/2006;7220
12/06/2006;7040
13/06/2006;6570
14/06/2006;6630
15/06/2006;6995
16/06/2006;6980
19/06/2006;6780
20/06/2006;6740
21/06/2006;6800
22/06/2006;6709
23/06/2006;6780
26/06/2006;7000
27/06/2006;6740
28/06/2006;6900
29/06/2006;7300
30/06/2006;7320
03/07/2006;7275
04/07/2006;7410
05/07/2006;7370
06/07/2006;7850
07/07/2006;7740
10/07/2006;7755
11/07/2006;7910
12/07/2006;8040
13/07/2006;7920
14/07/2006;8080
17/07/2006;7740
18/07/2006;7807.5
19/07/2006;7794
20/07/2006;7360
21/07/2006;7035
24/07/2006;7150
25/07/2006;7430
26/07/2006;7450
27/07/2006;7520
28/07/2006;7670
31/07/2006;7950
01/08/2006;7770
02/08/2006;7815
03/08/2006;7490
04/08/2006;7860
07/08/2006;7930
08/08/2006;7890
09/08/2006;8030
10/08/2006;7875
11/08/2006;7570
14/08/2006;7650
15/08/2006;7650
16/08/2006;7700
17/08/2006;7290
18/08/2006;7480
21/08/2006;7650
22/08/2006;7620
23/08/2006;7610
24/08/2006;7430
25/08/2006;7560
29/08/2006;7400
30/08/2006;7450
31/08/2006;7700
01/09/2006;7590
04/09/2006;7650
05/09/2006;7920
06/09/2006;8040
07/09/2006;8015
08/09/2006;7820
11/09/2006;7460
12/09/2006;7560
13/09/2006;7460
14/09/2006;7420
15/09/2006;7270
18/09/2006;7450
19/09/2006;7495
20/09/2006;7449
21/09/2006;7560
22/09/2006;7545
25/09/2006;7510
26/09/2006;7650
27/09/2006;7610
28/09/2006;7470
29/09/2006;7545
02/10/2006;7520
03/10/2006;7340
04/10/2006;7030
05/10/2006;7299
06/10/2006;7460
09/10/2006;7450
10/10/2006;7430
11/10/2006;7510
12/10/2006;7480
13/10/2006;7460
16/10/2006;7768
17/10/2006;7639
18/10/2006;7650
19/10/2006;7660
20/10/2006;7560
23/10/2006;7545
24/10/2006;7495
25/10/2006;7460
26/10/2006;7450
27/10/2006;7470
30/10/2006;7370
31/10/2006;7380
01/11/2006;7150
02/11/2006;7245
03/11/2006;7330
06/11/2006;7360
07/11/2006;7420
08/11/2006;7120
09/11/2006;7325
10/11/2006;6920
13/11/2006;6935
14/11/2006;6845
15/11/2006;6910
16/11/2006;6810
17/11/2006;6800
20/11/2006;6840
21/11/2006;6980
22/11/2006;6900
23/11/2006;6980
24/11/2006;7155
27/11/2006;7095
28/11/2006;6975
29/11/2006;7010
30/11/2006;7080
01/12/2006;7000
04/12/2006;7000
05/12/2006;7175
06/12/2006;6990
07/12/2006;6890
08/12/2006;6880
11/12/2006;6930
12/12/2006;6850
13/12/2006;6715
14/12/2006;6770
15/12/2006;6635
18/12/2006;6670
19/12/2006;6645
20/12/2006;6530
21/12/2006;6330
22/12/2006;6325
27/12/2006;6380
28/12/2006;6380
29/12/2006;6330
02/01/2007;6110
03/01/2007;5855
04/01/2007;5715
05/01/2007;5611
08/01/2007;5606
09/01/2007;5625
10/01/2007;5879
11/01/2007;5895
12/01/2007;5750
15/01/2007;5630
16/01/2007;5715
17/01/2007;5650
18/01/2007;5540
19/01/2007;5605
22/01/2007;5620
23/01/2007;5660
24/01/2007;5715
25/01/2007;5860
26/01/2007;5810
29/01/2007;5585
30/01/2007;5640
31/01/2007;5735
01/02/2007;5600
02/02/2007;5345
05/02/2007;5340
06/02/2007;5470
07/02/2007;5425
08/02/2007;5410
09/02/2007;5580
12/02/2007;5470
13/02/2007;5749
14/02/2007;5725
15/02/2007;5850
16/02/2007;5810
19/02/2007;5805
20/02/2007;5720
21/02/2007;5790
22/02/2007;6135
23/02/2007;6306
26/02/2007;6290
27/02/2007;6230
28/02/2007;6015
01/03/2007;6110
02/03/2007;6020
05/03/2007;5890
06/03/2007;5980
07/03/2007;6140
08/03/2007;6275
09/03/2007;6130
12/03/2007;6265
13/03/2007;6220
14/03/2007;6220
15/03/2007;6540
16/03/2007;6610
19/03/2007;6630
20/03/2007;6645
21/03/2007;6609
22/03/2007;6720
23/03/2007;6720
26/03/2007;6851
27/03/2007;6680
28/03/2007;6660
29/03/2007;6755
30/03/2007;6860
02/04/2007;6970
03/04/2007;7235
04/04/2007;7420
05/04/2007;7340
10/04/2007;7720
11/04/2007;7830
12/04/2007;7690
13/04/2007;7705
16/04/2007;7730
17/04/2007;8049
18/04/2007;7985
19/04/2007;7825
20/04/2007;7955
23/04/2007;8010
24/04/2007;7820
25/04/2007;7860
26/04/2007;7659
27/04/2007;7745
30/04/2007;7761
01/05/2007;7990
02/05/2007;7955
03/05/2007;8180
04/05/2007;8320
08/05/2007;8165
09/05/2007;8050
10/05/2007;7890
11/05/2007;7895
14/05/2007;7651
15/05/2007;7760
16/05/2007;7610
17/05/2007;7251
18/05/2007;7272
21/05/2007;7405
22/05/2007;7261
23/05/2007;7201
24/05/2007;7000
25/05/2007;7200
29/05/2007;7265
30/05/2007;7206
31/05/2007;7380
01/06/2007;7450
04/06/2007;7625
05/06/2007;7540
06/06/2007;7420
07/06/2007;7430
08/06/2007;7140
11/06/2007;7360
12/06/2007;7175
13/06/2007;7295
14/06/2007;7456
15/06/2007;7500
18/06/2007;7540
19/06/2007;7425
20/06/2007;7519
21/06/2007;7440
22/06/2007;7435
25/06/2007;7475
26/06/2007;7360
27/06/2007;7370
28/06/2007;7541
29/06/2007;7560
02/07/2007;7730
03/07/2007;7725
04/07/2007;7825
05/07/2007;7860
06/07/2007;7860
09/07/2007;7990
10/07/2007;7910
11/07/2007;7940
12/07/2007;7825
13/07/2007;7880
16/07/2007;7790
17/07/2007;7765
18/07/2007;7825
19/07/2007;7970
20/07/2007;8110
23/07/2007;8025
24/07/2007;7960
25/07/2007;7778
26/07/2007;7765
27/07/2007;7750
30/07/2007;7835
31/07/2007;8010
01/08/2007;7860
02/08/2007;7875
03/08/2007;7670
06/08/2007;7690
07/08/2007;7745
08/08/2007;7580
09/08/2007;7470
10/08/2007;7450
13/08/2007;7555
14/08/2007;7415
15/08/2007;7310
16/08/2007;6740
17/08/2007;7010
20/08/2007;7020
21/08/2007;6975
22/08/2007;7150
23/08/2007;7251
24/08/2007;7315
28/08/2007;7275
29/08/2007;7370
30/08/2007;7400
31/08/2007;7460
03/09/2007;7390
04/09/2007;7310
05/09/2007;7160
06/09/2007;7300
07/09/2007;7173.5
10/09/2007;7160
11/09/2007;7475
12/09/2007;7420
13/09/2007;7538
14/09/2007;7550
17/09/2007;7500
18/09/2007;7585
19/09/2007;7885
20/09/2007;7890
21/09/2007;7885
24/09/2007;8040
25/09/2007;7995
26/09/2007;7940
27/09/2007;8020
28/09/2007;8020
01/10/2007;8110
02/10/2007;8160
03/10/2007;8300
04/10/2007;8200
05/10/2007;8210
08/10/2007;7960
09/10/2007;8060
10/10/2007;8180
11/10/2007;8080
12/10/2007;8065
15/10/2007;8150
16/10/2007;8050
17/10/2007;7965
18/10/2007;7860
19/10/2007;7870
22/10/2007;7760
23/10/2007;7795
24/10/2007;7690
25/10/2007;7765
26/10/2007;7870
29/10/2007;7845
30/10/2007;7760
31/10/2007;7725
01/11/2007;7505
02/11/2007;7435
05/11/2007;7405
06/11/2007;7480
07/11/2007;7315
08/11/2007;7200
09/11/2007;7030
12/11/2007;6955
13/11/2007;6925
14/11/2007;7130
15/11/2007;6929
16/11/2007;7040
19/11/2007;6795
20/11/2007;6795
21/11/2007;6515
22/11/2007;6565
23/11/2007;6710
26/11/2007;6750
27/11/2007;6605
28/11/2007;6715
29/11/2007;6880
30/11/2007;7000
03/12/2007;6800
04/12/2007;6695
05/12/2007;6695
06/12/2007;6725
07/12/2007;6910
10/12/2007;6825
11/12/2007;6820
12/12/2007;6720
13/12/2007;6510
14/12/2007;6545
17/12/2007;6381
18/12/2007;6380
19/12/2007;6510
20/12/2007;6530
21/12/2007;6795
27/12/2007;6880
28/12/2007;6830
31/12/2007;6675
02/01/2008;6755
03/01/2008;6970
04/01/2008;6910
07/01/2008;6910
08/01/2008;7230
09/01/2008;7220
10/01/2008;7190
11/01/2008;7300
14/01/2008;7400
15/01/2008;7160
16/01/2008;7000
17/01/2008;6991
18/01/2008;7141
21/01/2008;6870
22/01/2008;7020
23/01/2008;6870
24/01/2008;7020
25/01/2008;7020
28/01/2008;7060
29/01/2008;7291
30/01/2008;7160
31/01/2008;7350
01/02/2008;7230
04/02/2008;7260
05/02/2008;7130
06/02/2008;7330
07/02/2008;7540
08/02/2008;7700
11/02/2008;7765
12/02/2008;7888
13/02/2008;7780
14/02/2008;7680
15/02/2008;7730
18/02/2008;7974
19/02/2008;8190
20/02/2008;8150
21/02/2008;8425
22/02/2008;8330
25/02/2008;8200
26/02/2008;8275
27/02/2008;8435
28/02/2008;8510
29/02/2008;8430
03/03/2008;8575
04/03/2008;8410
05/03/2008;8680
06/03/2008;8555
07/03/2008;8545
10/03/2008;8310
11/03/2008;8275
12/03/2008;8400
13/03/2008;8380
14/03/2008;8360
17/03/2008;8051
18/03/2008;8216
19/03/2008;7979
20/03/2008;7840
25/03/2008;8075
26/03/2008;8180
27/03/2008;8505
28/03/2008;8405
31/03/2008;8390
01/04/2008;8345
02/04/2008;8549
03/04/2008;8550.5
04/04/2008;8670
07/04/2008;8730
08/04/2008;8540
09/04/2008;8730
10/04/2008;8630
11/04/2008;8650
14/04/2008;8555
15/04/2008;8430
16/04/2008;8720
17/04/2008;8610
18/04/2008;8570
21/04/2008;8520
22/04/2008;8699
23/04/2008;8555
24/04/2008;8525
25/04/2008;8575
28/04/2008;8650
29/04/2008;8540
30/04/2008;8549
01/05/2008;8220
02/05/2008;8410
06/05/2008;8520
07/05/2008;8430
08/05/2008;8300
09/05/2008;8100
12/05/2008;8260
13/05/2008;8235
14/05/2008;8125
15/05/2008;8296
16/05/2008;8439
19/05/2008;8315
20/05/2008;8325
21/05/2008;8240
22/05/2008;8125
23/05/2008;8180
27/05/2008;8190
28/05/2008;8095
29/05/2008;7890
30/05/2008;7935
02/06/2008;7930
03/06/2008;7910
04/06/2008;7875
05/06/2008;7815
06/06/2008;8000
09/06/2008;7980
10/06/2008;7865
11/06/2008;7920
12/06/2008;7840
13/06/2008;7980
16/06/2008;8100
17/06/2008;8088
18/06/2008;8239
19/06/2008;8330
20/06/2008;8435
23/06/2008;8400
24/06/2008;8350
25/06/2008;8315
26/06/2008;8445
27/06/2008;8530
30/06/2008;8510
01/07/2008;8612.5
02/07/2008;8720
03/07/2008;8645
04/07/2008;8472.5
07/07/2008;8412
08/07/2008;8200
09/07/2008;8210
10/07/2008;8230
11/07/2008;8270
14/07/2008;8280
15/07/2008;8145
16/07/2008;8080
17/07/2008;8160
18/07/2008;8085
21/07/2008;8120
22/07/2008;8130
23/07/2008;8080
24/07/2008;7900
25/07/2008;7956
28/07/2008;7995
29/07/2008;7931
30/07/2008;8030
31/07/2008;8055
01/08/2008;7900
04/08/2008;7605
05/08/2008;7625
06/08/2008;7615
07/08/2008;7665
08/08/2008;7400
11/08/2008;7330
12/08/2008;7150
13/08/2008;7430
14/08/2008;7385
15/08/2008;7360
18/08/2008;7355
19/08/2008;7576
20/08/2008;7515
21/08/2008;7854
22/08/2008;7660
26/08/2008;7580
27/08/2008;7650
28/08/2008;7530
29/08/2008;7510
01/09/2008;7305
02/09/2008;7260
03/09/2008;7350
04/09/2008;7226
05/09/2008;6900
08/09/2008;6950
09/09/2008;6830
10/09/2008;6840
11/09/2008;6930
12/09/2008;7122
15/09/2008;6930
16/09/2008;6870
17/09/2008;6750
18/09/2008;6749
19/09/2008;7060
22/09/2008;7250
23/09/2008;6980
24/09/2008;6910
25/09/2008;6930
26/09/2008;6775
29/09/2008;6440
30/09/2008;6360
01/10/2008;6160
02/10/2008;5850
03/10/2008;6010
06/10/2008;5560
07/10/2008;5630
08/10/2008;5240
09/10/2008;5315
10/10/2008;4790
13/10/2008;5115
14/10/2008;5300
15/10/2008;4920
16/10/2008;4650
17/10/2008;4810
20/10/2008;4720
21/10/2008;4498
22/10/2008;4155
23/10/2008;4040
24/10/2008;3770
27/10/2008;4020
28/10/2008;4130
29/10/2008;4651
30/10/2008;4200
31/10/2008;4099
03/11/2008;4090
04/11/2008;4301
05/11/2008;4070
06/11/2008;3805
07/11/2008;3755
10/11/2008;3875
11/11/2008;3640
12/11/2008;3621
13/11/2008;3670
14/11/2008;3820
17/11/2008;3660
18/11/2008;3750
19/11/2008;3590
20/11/2008;3480
21/11/2008;3540
24/11/2008;3750
25/11/2008;3695
26/11/2008;3755
27/11/2008;3696
28/11/2008;3620
01/12/2008;3590
02/12/2008;3555
03/12/2008;3446
04/12/2008;3270
05/12/2008;3050
08/12/2008;3315
09/12/2008;3200
10/12/2008;3305
11/12/2008;3320
12/12/2008;3175
15/12/2008;3165
16/12/2008;3070
17/12/2008;3020
18/12/2008;2880
19/12/2008;2930
22/12/2008;2960
23/12/2008;2870
24/12/2008;2845
29/12/2008;2905
30/12/2008;2915
31/12/2008;3070
02/01/2009;3231
05/01/2009;3190
06/01/2009;3390
07/01/2009;3340
08/01/2009;3195
09/01/2009;3400
12/01/2009;3245
13/01/2009;3370
14/01/2009;3286
15/01/2009;3280
16/01/2009;3355
19/01/2009;3430
20/01/2009;3341
21/01/2009;3220
22/01/2009;3090
23/01/2009;3251
26/01/2009;3555
27/01/2009;3310
28/01/2009;3330
29/01/2009;3230
30/01/2009;3155
02/02/2009;3175
03/02/2009;3373
04/02/2009;3415
05/02/2009;3330
06/02/2009;3540
09/02/2009;3580
10/02/2009;3485
11/02/2009;3459
12/02/2009;3415
13/02/2009;3430
16/02/2009;3330
17/02/2009;3185
18/02/2009;3235
19/02/2009;3290
20/02/2009;3150
23/02/2009;3231
24/02/2009;3285
25/02/2009;3410
26/02/2009;3500
27/02/2009;3449
02/03/2009;3385
03/03/2009;3539
04/03/2009;3745
05/03/2009;3685
06/03/2009;3720
09/03/2009;3611
10/03/2009;3720
11/03/2009;3589
12/03/2009;3580
13/03/2009;3670
16/03/2009;3830
17/03/2009;3800
18/03/2009;3756
19/03/2009;3999
20/03/2009;3955
23/03/2009;4060
24/03/2009;3975
25/03/2009;3965
26/03/2009;4085
27/03/2009;4050
30/03/2009;3910
31/03/2009;4040
01/04/2009;4060
02/04/2009;4150
03/04/2009;4301
06/04/2009;4270
07/04/2009;4379
08/04/2009;4400
09/04/2009;4559
14/04/2009;4699
15/04/2009;4819
16/04/2009;4729
17/04/2009;4805
20/04/2009;4590
21/04/2009;4507
22/04/2009;4540
23/04/2009;4342
24/04/2009;4470
27/04/2009;4345
28/04/2009;4185
29/04/2009;4370
30/04/2009;4431
01/05/2009;4600
05/05/2009;4530
06/05/2009;4750
07/05/2009;4710
08/05/2009;4685
11/05/2009;4565
12/05/2009;4595
13/05/2009;4441
14/05/2009;4445
15/05/2009;4450
18/05/2009;4520
19/05/2009;4530
20/05/2009;4640
21/05/2009;4470
22/05/2009;4610
26/05/2009;4660
27/05/2009;4665
28/05/2009;4750
29/05/2009;4830
01/06/2009;5075
02/06/2009;5050
03/06/2009;4920
04/06/2009;5025
05/06/2009;4980
08/06/2009;4980
09/06/2009;5170
10/06/2009;5170
11/06/2009;5376
12/06/2009;5235
15/06/2009;5006
16/06/2009;4980
17/06/2009;4960
18/06/2009;4970
19/06/2009;5030
22/06/2009;4761
23/06/2009;4805
24/06/2009;5055
25/06/2009;5130
26/06/2009;5035
29/06/2009;5099
30/06/2009;4967
01/07/2009;5087.5
02/07/2009;5035
03/07/2009;4980
06/07/2009;4970
07/07/2009;4880
08/07/2009;4725
09/07/2009;4895
10/07/2009;4858
13/07/2009;4895
14/07/2009;5045
15/07/2009;5260
16/07/2009;5260
17/07/2009;5310
20/07/2009;5350
21/07/2009;5400
22/07/2009;5500
23/07/2009;5530
24/07/2009;5522
27/07/2009;5600
28/07/2009;5530
29/07/2009;5415
30/07/2009;5602
31/07/2009;5719
03/08/2009;6000
04/08/2009;6050
05/08/2009;6200
06/08/2009;6025
07/08/2009;6150
10/08/2009;6135
11/08/2009;6039
12/08/2009;6190
13/08/2009;6381
14/08/2009;6245
17/08/2009;6050
18/08/2009;6080
19/08/2009;5981
20/08/2009;6049
21/08/2009;6270
24/08/2009;6425
25/08/2009;6311
26/08/2009;6291
27/08/2009;6270
28/08/2009;6475
01/09/2009;6200
02/09/2009;6174
03/09/2009;6255
04/09/2009;6275
07/09/2009;6324
08/09/2009;6475
09/09/2009;6415
10/09/2009;6294
11/09/2009;6250
14/09/2009;6140
15/09/2009;6205
16/09/2009;6420
17/09/2009;6385
18/09/2009;6175
21/09/2009;6190
22/09/2009;6270
23/09/2009;6128
24/09/2009;5960
25/09/2009;5990
28/09/2009;6010
29/09/2009;5975
30/09/2009;6159
01/10/2009;5985
02/10/2009;5879
05/10/2009;5920
06/10/2009;6115
07/10/2009;6095
08/10/2009;6330
09/10/2009;6235
12/10/2009;6278
13/10/2009;6139
14/10/2009;6220
15/10/2009;6289
16/10/2009;6230
19/10/2009;6470
20/10/2009;6416
21/10/2009;6590
22/10/2009;6590
23/10/2009;6649
26/10/2009;6610
27/10/2009;6580
28/10/2009;6430
29/10/2009;6664.5
30/10/2009;6480
02/11/2009;6555
03/11/2009;6460
04/11/2009;6575
05/11/2009;6531
06/11/2009;6490
09/11/2009;6539
10/11/2009;6530
11/11/2009;6540
12/11/2009;6501.5
13/11/2009;6520
16/11/2009;6850
17/11/2009;6826
18/11/2009;6880
19/11/2009;6795
20/11/2009;6845
23/11/2009;6946
24/11/2009;6870
25/11/2009;6985
26/11/2009;6821
27/11/2009;6855
30/11/2009;6930
01/12/2009;7075
02/12/2009;7125
03/12/2009;7080
04/12/2009;7040
07/12/2009;6999
08/12/2009;6976
09/12/2009;6945
10/12/2009;6810
11/12/2009;6835
14/12/2009;6913
15/12/2009;6895
16/12/2009;7039
17/12/2009;6870
18/12/2009;6845
21/12/2009;6935
22/12/2009;6881
23/12/2009;7000
24/12/2009;7070
29/12/2009;7275
30/12/2009;7330
31/12/2009;7375
04/01/2010;7500
05/01/2010;7485
06/01/2010;7660
07/01/2010;7535
08/01/2010;7461
11/01/2010;7567.5
12/01/2010;7455
13/01/2010;7485
14/01/2010;7490
15/01/2010;7430
18/01/2010;7500
19/01/2010;7545
20/01/2010;7375
21/01/2010;7275
22/01/2010;7390
25/01/2010;7465
26/01/2010;7381
27/01/2010;7230
28/01/2010;6898
29/01/2010;6745
01/02/2010;6790
02/02/2010;6815
03/02/2010;6590
04/02/2010;6390
05/02/2010;6280
08/02/2010;6450
09/02/2010;6590
10/02/2010;6535
11/02/2010;6939
12/02/2010;6810
15/02/2010;6865
16/02/2010;7144
17/02/2010;7130
18/02/2010;7265
19/02/2010;7431.5
22/02/2010;7330
23/02/2010;7132
24/02/2010;7152.5
25/02/2010;6999
26/02/2010;7195
01/03/2010;7400
02/03/2010;7491
03/03/2010;7580
04/03/2010;7398
05/03/2010;7545
08/03/2010;7470
09/03/2010;7510
10/03/2010;7440
11/03/2010;7464
12/03/2010;7445
15/03/2010;7305
16/03/2010;7405
17/03/2010;7534
18/03/2010;7486
19/03/2010;7435
22/03/2010;7450
23/03/2010;7440
24/03/2010;7371
25/03/2010;7435
26/03/2010;7515
29/03/2010;7770
30/03/2010;7850
31/03/2010;7790
01/04/2010;7885
06/04/2010;7990
07/04/2010;7945
08/04/2010;7892
09/04/2010;7925
12/04/2010;7905
13/04/2010;7900
14/04/2010;7950
15/04/2010;7945
16/04/2010;7760
19/04/2010;7695
20/04/2010;7790
21/04/2010;7759
22/04/2010;7690
23/04/2010;7750
26/04/2010;7810
27/04/2010;7490
28/04/2010;7400
29/04/2010;7355
30/04/2010;7430
04/05/2010;7025.5
05/05/2010;6958.5
06/05/2010;6948
07/05/2010;6945
10/05/2010;7120
11/05/2010;7050
12/05/2010;7025
13/05/2010;7160
14/05/2010;6926
17/05/2010;6470
18/05/2010;6695
19/05/2010;6505
20/05/2010;6610
21/05/2010;6845
24/05/2010;6910
25/05/2010;6730
26/05/2010;6779
27/05/2010;6984
28/05/2010;6939
01/06/2010;6750
02/06/2010;6668
03/06/2010;6525
04/06/2010;6280
07/06/2010;6101
08/06/2010;6165
09/06/2010;6340
10/06/2010;6410
11/06/2010;6479
14/06/2010;6660
15/06/2010;6680
16/06/2010;6650
17/06/2010;6446
18/06/2010;6435
21/06/2010;6604
22/06/2010;6610
23/06/2010;6515
24/06/2010;6694
25/06/2010;6770
28/06/2010;6869
29/06/2010;6494
30/06/2010;6515
01/07/2010;6330
02/07/2010;6410
05/07/2010;6469
06/07/2010;6605
07/07/2010;6645
08/07/2010;6615
09/07/2010;6760
12/07/2010;6630
13/07/2010;6685
14/07/2010;6725
15/07/2010;6680
16/07/2010;6485
19/07/2010;6510
20/07/2010;6641
21/07/2010;6860
22/07/2010;7010
23/07/2010;7029
26/07/2010;7149
27/07/2010;7059
28/07/2010;7170
29/07/2010;7230.5
30/07/2010;7296.5
02/08/2010;7510
03/08/2010;7425
04/08/2010;7505
05/08/2010;7399
06/08/2010;7370
09/08/2010;7425
10/08/2010;7300
11/08/2010;7200
12/08/2010;7255
13/08/2010;7156
16/08/2010;7250
17/08/2010;7382
18/08/2010;7390
19/08/2010;7305
20/08/2010;7255
23/08/2010;7255
24/08/2010;7137
25/08/2010;7101
26/08/2010;7304.5
27/08/2010;7459
31/08/2010;7440
01/09/2010;7606
02/09/2010;7635
03/09/2010;7646
06/09/2010;7709
07/09/2010;7629
08/09/2010;7675
09/09/2010;7555
10/09/2010;7486
13/09/2010;7630
14/09/2010;7655
15/09/2010;7620
16/09/2010;7700
17/09/2010;7720
20/09/2010;7715
21/09/2010;7680
22/09/2010;7845
23/09/2010;7885
24/09/2010;7945
27/09/2010;7910
28/09/2010;7951
29/09/2010;8064
30/09/2010;8014
01/10/2010;8100
04/10/2010;8064
05/10/2010;8176
06/10/2010;8259
07/10/2010;8100
08/10/2010;8310
11/10/2010;8290
12/10/2010;8345
13/10/2010;8362
14/10/2010;8400
15/10/2010;8400
18/10/2010;8443
19/10/2010;8260
20/10/2010;8340
21/10/2010;8307
22/10/2010;8334
25/10/2010;8518
26/10/2010;8510
27/10/2010;8300
28/10/2010;8340
29/10/2010;8200
01/11/2010;8300
02/11/2010;8435
03/11/2010;8320
04/11/2010;8599
05/11/2010;8655
08/11/2010;8660
09/11/2010;8858
10/11/2010;8760
11/11/2010;8830
12/11/2010;8615
15/11/2010;8645
16/11/2010;8150
17/11/2010;8190
18/11/2010;8425
19/11/2010;8404
22/11/2010;8290
23/11/2010;8140
24/11/2010;8250
25/11/2010;8340
26/11/2010;8239
29/11/2010;8220
30/11/2010;8360
01/12/2010;8585
02/12/2010;8720
03/12/2010;8725
06/12/2010;8769.5
07/12/2010;8880
08/12/2010;9015
09/12/2010;8950
10/12/2010;8990
13/12/2010;9225
14/12/2010;9165
15/12/2010;9095
16/12/2010;8991
17/12/2010;9070
20/12/2010;9201
21/12/2010;9365
22/12/2010;9350
23/12/2010;9300
24/12/2010;9346
29/12/2010;9400
30/12/2010;9495
31/12/2010;9600
04/01/2011;9580
05/01/2011;9550
06/01/2011;9475
07/01/2011;9415
10/01/2011;9321
11/01/2011;9510
12/01/2011;9690
13/01/2011;9615
14/01/2011;9650
17/01/2011;9630
18/01/2011;9700
19/01/2011;9575
20/01/2011;9355
21/01/2011;9441
24/01/2011;9529
25/01/2011;9250
26/01/2011;9330
27/01/2011;9441
28/01/2011;9530
31/01/2011;9745
01/02/2011;9945
02/02/2011;9945
03/02/2011;9930
04/02/2011;10050
07/02/2011;10045
08/02/2011;10060
09/02/2011;9925
10/02/2011;9940
11/02/2011;9961
14/02/2011;10160
15/02/2011;10011
16/02/2011;9842
17/02/2011;9805
18/02/2011;9860
21/02/2011;9810
22/02/2011;9580
23/02/2011;9425
24/02/2011;9502
25/02/2011;9760
28/02/2011;9885
01/03/2011;9859.5
02/03/2011;9890
03/03/2011;9915
04/03/2011;9895
07/03/2011;9499
08/03/2011;9530
09/03/2011;9275
10/03/2011;9191
11/03/2011;9190
14/03/2011;9190
15/03/2011;9118
16/03/2011;9260
17/03/2011;9565
18/03/2011;9510
21/03/2011;9397.5
22/03/2011;9490
23/03/2011;9727
24/03/2011;9715
25/03/2011;9685
28/03/2011;9535
29/03/2011;9585
30/03/2011;9381
31/03/2011;9428
01/04/2011;9360
04/04/2011;9330
05/04/2011;9390
06/04/2011;9605
07/04/2011;9670
08/04/2011;9875
11/04/2011;9855
12/04/2011;9625
13/04/2011;9510
14/04/2011;9410
15/04/2011;9405
18/04/2011;9225
19/04/2011;9340
20/04/2011;9580
21/04/2011;9705
26/04/2011;9545
27/04/2011;9321
28/04/2011;9320
03/05/2011;9350
04/05/2011;9124
05/05/2011;8820
06/05/2011;8830
09/05/2011;8890
10/05/2011;8910
11/05/2011;8700
12/05/2011;8730
13/05/2011;8788
16/05/2011;8839
17/05/2011;8799
18/05/2011;9065
19/05/2011;8949
20/05/2011;9071
23/05/2011;8794
24/05/2011;8861
25/05/2011;9065
26/05/2011;9020
27/05/2011;9199
31/05/2011;9215
01/06/2011;9102
02/06/2011;8920
03/06/2011;9099
06/06/2011;9135
07/06/2011;9140
08/06/2011;9031
09/06/2011;9055
10/06/2011;8938
13/06/2011;8912
14/06/2011;9169
15/06/2011;9154
16/06/2011;9065
17/06/2011;9095
20/06/2011;9005
21/06/2011;9080
22/06/2011;9015
23/06/2011;8960
24/06/2011;9045
27/06/2011;8970
28/06/2011;9072
29/06/2011;9320
30/06/2011;9430
01/07/2011;9445
04/07/2011;9455
05/07/2011;9540
06/07/2011;9521
07/07/2011;9740
08/07/2011;9661
11/07/2011;9570
12/07/2011;9650
13/07/2011;9650
14/07/2011;9630
15/07/2011;9672
18/07/2011;9694
19/07/2011;9840
20/07/2011;9755
21/07/2011;9680
22/07/2011;9675
25/07/2011;9655
26/07/2011;9820
27/07/2011;9779
28/07/2011;9814
29/07/2011;9830
01/08/2011;9650
02/08/2011;9680
03/08/2011;9535
04/08/2011;9355
05/08/2011;9041
08/08/2011;8781
09/08/2011;8731
10/08/2011;8595
11/08/2011;8881
12/08/2011;8865
15/08/2011;8908
16/08/2011;8830
17/08/2011;8965
18/08/2011;8770
19/08/2011;8825
22/08/2011;8720
23/08/2011;8850
24/08/2011;8875
25/08/2011;9030
26/08/2011;9075
30/08/2011;9160
31/08/2011;9275
01/09/2011;9145
02/09/2011;9076
05/09/2011;8960
06/09/2011;8933
07/09/2011;9092
08/09/2011;9115
09/09/2011;8821
12/09/2011;8754.5
13/09/2011;8770
14/09/2011;8630
15/09/2011;8711
16/09/2011;8696
19/09/2011;8364
20/09/2011;8305
21/09/2011;8300
22/09/2011;7674
23/09/2011;7360
26/09/2011;7266
27/09/2011;7594
28/09/2011;7251
29/09/2011;7230
30/09/2011;7018.5
03/10/2011;6990
04/10/2011;6800
05/10/2011;6820
06/10/2011;7225
07/10/2011;7369
10/10/2011;7495
11/10/2011;7290
12/10/2011;7525
13/10/2011;7310
14/10/2011;7545
17/10/2011;7495
18/10/2011;7448
19/10/2011;7210
20/10/2011;6735
21/10/2011;7145
24/10/2011;7635
25/10/2011;7530
26/10/2011;7680
27/10/2011;8145
28/10/2011;8175
31/10/2011;7990
01/11/2011;7730
02/11/2011;7885
03/11/2011;7915
04/11/2011;7870
07/11/2011;7825
08/11/2011;7800
09/11/2011;7625
10/11/2011;7476.5
11/11/2011;7639
14/11/2011;7760
15/11/2011;7685
16/11/2011;7730
17/11/2011;7540
18/11/2011;7525
21/11/2011;7310
22/11/2011;7330
23/11/2011;7240
24/11/2011;7265
25/11/2011;7230
28/11/2011;7495
29/11/2011;7490
30/11/2011;7885
01/12/2011;7790
02/12/2011;7890
05/12/2011;7940
06/12/2011;7835
07/12/2011;7820
08/12/2011;7710
09/12/2011;7815
12/12/2011;7606
13/12/2011;7600
14/12/2011;7210
15/12/2011;7211
16/12/2011;7345
19/12/2011;7260
20/12/2011;7410
21/12/2011;7455
22/12/2011;7540
23/12/2011;7641
28/12/2011;7465
29/12/2011;7425
30/12/2011;7600
03/01/2012;7790
04/01/2012;7540
05/01/2012;7540
06/01/2012;7580
09/01/2012;7496
10/01/2012;7740
11/01/2012;7780
12/01/2012;8005
13/01/2012;8000
16/01/2012;8089
17/01/2012;8200
18/01/2012;8239
19/01/2012;8365
20/01/2012;8220
23/01/2012;8365
24/01/2012;8355
25/01/2012;8384
26/01/2012;8590
27/01/2012;8525
30/01/2012;8429
31/01/2012;8320
01/02/2012;8440
02/02/2012;8345
03/02/2012;8565
06/02/2012;8500
07/02/2012;8481
08/02/2012;8580
09/02/2012;8740.25
10/02/2012;8481
13/02/2012;8425
14/02/2012;8415
15/02/2012;8370
16/02/2012;8300
17/02/2012;8175
20/02/2012;8235.5
21/02/2012;8449
22/02/2012;8435
23/02/2012;8390
24/02/2012;8530.5
27/02/2012;8510
28/02/2012;8600
29/02/2012;8499
01/03/2012;8629
02/03/2012;8580
05/03/2012;8505
06/03/2012;8289.5
07/03/2012;8295
08/03/2012;8330
09/03/2012;8500
12/03/2012;8445
13/03/2012;8558
14/03/2012;8465
15/03/2012;8565
16/03/2012;8510
19/03/2012;8570
20/03/2012;8430
21/03/2012;8455
22/03/2012;8290
23/03/2012;8380
26/03/2012;8535
27/03/2012;8535
28/03/2012;8349
29/03/2012;8350
30/03/2012;8445
02/04/2012;8641
03/04/2012;8615
04/04/2012;8350
05/04/2012;8361
10/04/2012;8030
11/04/2012;8040
12/04/2012;8220
13/04/2012;7990
16/04/2012;7984.5
17/04/2012;8050
18/04/2012;8050
19/04/2012;8050
20/04/2012;8192.5
23/04/2012;8045
24/04/2012;8150
25/04/2012;8205
26/04/2012;8320
27/04/2012;8415
30/04/2012;8400
01/05/2012;8440
02/05/2012;8305
03/05/2012;8229
04/05/2012;8175
08/05/2012;8095
09/05/2012;8054
10/05/2012;8105
11/05/2012;8013
14/05/2012;7840
15/05/2012;7765
16/05/2012;7650
17/05/2012;7649
18/05/2012;7650
21/05/2012;7731
22/05/2012;7739
23/05/2012;7531
24/05/2012;7610
25/05/2012;7639
28/05/2012;7685
29/05/2012;7670
30/05/2012;7477.5
31/05/2012;7425
01/06/2012;7361
06/06/2012;7410
07/06/2012;7495
08/06/2012;7295
11/06/2012;7420
12/06/2012;7395
13/06/2012;7390
14/06/2012;7420
15/06/2012;7510.5
18/06/2012;7510
19/06/2012;7609
20/06/2012;7545
21/06/2012;7341
22/06/2012;7310
25/06/2012;7335.5
26/06/2012;7359
27/06/2012;7405
28/06/2012;7385
29/06/2012;7685
02/07/2012;7625
03/07/2012;7819
04/07/2012;7725
05/07/2012;7695
06/07/2012;7531
09/07/2012;7560
10/07/2012;7490
11/07/2012;7540
12/07/2012;7555
13/07/2012;7700
16/07/2012;7691
17/07/2012;7595
18/07/2012;7637
19/07/2012;7730
20/07/2012;7545
23/07/2012;7401
24/07/2012;7417
25/07/2012;7446
26/07/2012;7470
27/07/2012;7565
30/07/2012;7545
31/07/2012;7560
01/08/2012;7425
02/08/2012;7330
03/08/2012;7445
06/08/2012;7495
07/08/2012;7580
08/08/2012;7550
09/08/2012;7534
10/08/2012;7490
13/08/2012;7395
14/08/2012;7416
15/08/2012;7385.5
16/08/2012;7449
17/08/2012;7539
20/08/2012;7456.5
21/08/2012;7610
22/08/2012;7605
23/08/2012;7684.5
24/08/2012;7640
28/08/2012;7607.5
29/08/2012;7575
30/08/2012;7567.5
31/08/2012;7615
03/09/2012;7679
04/09/2012;7635
05/09/2012;7735.5
06/09/2012;7701
07/09/2012;7970
10/09/2012;8068
11/09/2012;8090
12/09/2012;8096
13/09/2012;8075
14/09/2012;8380
17/09/2012;8290
18/09/2012;8319
19/09/2012;8350
20/09/2012;8270
21/09/2012;8281.5
24/09/2012;8183
25/09/2012;8275
26/09/2012;8120
27/09/2012;8175
28/09/2012;8205
01/10/2012;8299.5
02/10/2012;8325.5
03/10/2012;8290
04/10/2012;8300
05/10/2012;8295
08/10/2012;8185
09/10/2012;8145
10/10/2012;8165
11/10/2012;8239.5
12/10/2012;8130
15/10/2012;8094.5
16/10/2012;8125
17/10/2012;8220
18/10/2012;8220
19/10/2012;8015
22/10/2012;7953
23/10/2012;7831
24/10/2012;7817
25/10/2012;7815
26/10/2012;7820
29/10/2012;7699
30/10/2012;7720
31/10/2012;7759.5
01/11/2012;7826
02/11/2012;7665
05/11/2012;7650
06/11/2012;7700
07/11/2012;7605
08/11/2012;7630
09/11/2012;7570
12/11/2012;7638
13/11/2012;7680
14/11/2012;7640
15/11/2012;7639.5
16/11/2012;7605
19/11/2012;7804
20/11/2012;7783
21/11/2012;7692
22/11/2012;7715
23/11/2012;7777
26/11/2012;7780
27/11/2012;7807
28/11/2012;7767.5
29/11/2012;7899.5
30/11/2012;7995
03/12/2012;8005
04/12/2012;8032
05/12/2012;8075
06/12/2012;8000
07/12/2012;8035
10/12/2012;8135
11/12/2012;8100
12/12/2012;8130
13/12/2012;8074
14/12/2012;8065
17/12/2012;8063
18/12/2012;8024
19/12/2012;7926
20/12/2012;7770
21/12/2012;7831
24/12/2012;7810
27/12/2012;7915
28/12/2012;7887
31/12/2012;7931
02/01/2013;8209
03/01/2013;8164
04/01/2013;8085
07/01/2013;8071
08/01/2013;8080
09/01/2013;8080
10/01/2013;8115
11/01/2013;8045
14/01/2013;8000
15/01/2013;7994
16/01/2013;7946
17/01/2013;8058
18/01/2013;8061
21/01/2013;8055
22/01/2013;8133
23/01/2013;8103
24/01/2013;8095.5
25/01/2013;8030
28/01/2013;8050
29/01/2013;8103
30/01/2013;8226
31/01/2013;8165
01/02/2013;8290
04/02/2013;8305
05/02/2013;8270
06/02/2013;8245
07/02/2013;8200
08/02/2013;8294
11/02/2013;8199
12/02/2013;8236
13/02/2013;8226
14/02/2013;8240
15/02/2013;8206
18/02/2013;8119
19/02/2013;8050
20/02/2013;7960
21/02/2013;7861
22/02/2013;7801
25/02/2013;7836
26/02/2013;7858.5
27/02/2013;7870
28/02/2013;7815
01/03/2013;7703
04/03/2013;7725
05/03/2013;7772
06/03/2013;7690
07/03/2013;7765
08/03/2013;7740.5
11/03/2013;7758
12/03/2013;7830
13/03/2013;7787.5
14/03/2013;7800
15/03/2013;7752
18/03/2013;7575
19/03/2013;7530
20/03/2013;7620
21/03/2013;7582.5
22/03/2013;7655
25/03/2013;7620
26/03/2013;7625
27/03/2013;7606
28/03/2013;7540
02/04/2013;7465
03/04/2013;7388
04/04/2013;7441
05/04/2013;7407
08/04/2013;7450
09/04/2013;7630
10/04/2013;7575
11/04/2013;7610
12/04/2013;7406.5
15/04/2013;7202
16/04/2013;7300
17/04/2013;7080
18/04/2013;7088
19/04/2013;6990
22/04/2013;6935
23/04/2013;6870
24/04/2013;7030
25/04/2013;7180
26/04/2013;7030
29/04/2013;7153.5
30/04/2013;7055
01/05/2013;6795
02/05/2013;6848
03/05/2013;7270
07/05/2013;7265
08/05/2013;7419
09/05/2013;7354
10/05/2013;7375
13/05/2013;7415
14/05/2013;7245
15/05/2013;7198
16/05/2013;7280
17/05/2013;7305
20/05/2013;7399
21/05/2013;7370
22/05/2013;7475
23/05/2013;7300
24/05/2013;7299
28/05/2013;7323
29/05/2013;7265
30/05/2013;7317
31/05/2013;7309
03/06/2013;7340
04/06/2013;7455
05/06/2013;7455
06/06/2013;7335
07/06/2013;7230
10/06/2013;7162
11/06/2013;7065
12/06/2013;7120
13/06/2013;7050
14/06/2013;7090
17/06/2013;7083
18/06/2013;7005
19/06/2013;6960
20/06/2013;6773
21/06/2013;6818
24/06/2013;6670
25/06/2013;6795
26/06/2013;6735
27/06/2013;6750
28/06/2013;6750
01/07/2013;6979
02/07/2013;6910
03/07/2013;6993
04/07/2013;6950
05/07/2013;6789
08/07/2013;6830
09/07/2013;6730
10/07/2013;6825
11/07/2013;7000
12/07/2013;6954
15/07/2013;6917
16/07/2013;6998
17/07/2013;6890
18/07/2013;6905
19/07/2013;6915
22/07/2013;7029
23/07/2013;7039
24/07/2013;7055
25/07/2013;7015
26/07/2013;6862
29/07/2013;6878
30/07/2013;6735
31/07/2013;6880
01/08/2013;6999
02/08/2013;7005
05/08/2013;6990
06/08/2013;7005
07/08/2013;7006
08/08/2013;7185
09/08/2013;7275
12/08/2013;7251
13/08/2013;7275
14/08/2013;7318
15/08/2013;7309
16/08/2013;7400
19/08/2013;7306
20/08/2013;7320
21/08/2013;7240
22/08/2013;7320
23/08/2013;7360
27/08/2013;7315
28/08/2013;7290
29/08/2013;7153
30/08/2013;7100
02/09/2013;7238
03/09/2013;7245
04/09/2013;7124
05/09/2013;7108
06/09/2013;7160
09/09/2013;7196
10/09/2013;7170
11/09/2013;7170
12/09/2013;7060
13/09/2013;7041
16/09/2013;7085
17/09/2013;7075
18/09/2013;7184
19/09/2013;7335
20/09/2013;7280
23/09/2013;7245
24/09/2013;7147
25/09/2013;7197.5
26/09/2013;7251
27/09/2013;7300
30/09/2013;7302
01/10/2013;7199
02/10/2013;7279
03/10/2013;7185
04/10/2013;7260
07/10/2013;7245
08/10/2013;7239.5
09/10/2013;7099.5
10/10/2013;7145
11/10/2013;7200
14/10/2013;7255
15/10/2013;7240
16/10/2013;7260
17/10/2013;7230
18/10/2013;7245
21/10/2013;7244
22/10/2013;7332
23/10/2013;7171
24/10/2013;7175
25/10/2013;7185
28/10/2013;7190
29/10/2013;7200
30/10/2013;7290
31/10/2013;7249
01/11/2013;7245
04/11/2013;7149
05/11/2013;7161
06/11/2013;7115
07/11/2013;7145
08/11/2013;7167.5
11/11/2013;7173
12/11/2013;7120
13/11/2013;6980
14/11/2013;6992
15/11/2013;7010
18/11/2013;6975
19/11/2013;6970
20/11/2013;6996
21/11/2013;7020
22/11/2013;7095
25/11/2013;7099
26/11/2013;7065
27/11/2013;7020
28/11/2013;7020
29/11/2013;7055
02/12/2013;6975
03/12/2013;6960
04/12/2013;7095
05/12/2013;7069
06/12/2013;7122
09/12/2013;7135
10/12/2013;7159
11/12/2013;7220
12/12/2013;7226
13/12/2013;7255
16/12/2013;7290
17/12/2013;7278
18/12/2013;7270
19/12/2013;7200.5
20/12/2013;7238
23/12/2013;7241
24/12/2013;7283
27/12/2013;7382
30/12/2013;7375
31/12/2013;7360
02/01/2014;7393
03/01/2014;7315
06/01/2014;7325
07/01/2014;7351
08/01/2014;7344.5
09/01/2014;7213
10/01/2014;7302.5
13/01/2014;7329
14/01/2014;7280
15/01/2014;7352.5
16/01/2014;7310
17/01/2014;7340
20/01/2014;7314
21/01/2014;7339
22/01/2014;7292
23/01/2014;7206
24/01/2014;7180
27/01/2014;7150
28/01/2014;7140
29/01/2014;7127
30/01/2014;7095
31/01/2014;7065
03/02/2014;7038
04/02/2014;7041
05/02/2014;7039
06/02/2014;7129.5
07/02/2014;7141
10/02/2014;7095
11/02/2014;7076
12/02/2014;7155
13/02/2014;7110
14/02/2014;7150
17/02/2014;7172.5
18/02/2014;7195
19/02/2014;7181
20/02/2014;7155
21/02/2014;7155
24/02/2014;7077
25/02/2014;7061
26/02/2014;7026
27/02/2014;7025
28/02/2014;7010
03/03/2014;6968
04/03/2014;7049.5
05/03/2014;7030
06/03/2014;7050
07/03/2014;6782
10/03/2014;6649
11/03/2014;6475
12/03/2014;6505
13/03/2014;6415
14/03/2014;6469
17/03/2014;6480
18/03/2014;6483
19/03/2014;6553
20/03/2014;6430
21/03/2014;6480
24/03/2014;6473
25/03/2014;6603
26/03/2014;6510
27/03/2014;6561.5
28/03/2014;6670
31/03/2014;6645
01/04/2014;6660
02/04/2014;6675
03/04/2014;6642.5
04/04/2014;6619
07/04/2014;6675
08/04/2014;6671
09/04/2014;6617
10/04/2014;6655
11/04/2014;6670
14/04/2014;6667
15/04/2014;6541
16/04/2014;6619
17/04/2014;6649
22/04/2014;6670
23/04/2014;6670
24/04/2014;6753
25/04/2014;6765
28/04/2014;6745.5
29/04/2014;6715
30/04/2014;6642
01/05/2014;6645
02/05/2014;6719
06/05/2014;6720
07/05/2014;6655
08/05/2014;6729
09/05/2014;6745
12/05/2014;6879
13/05/2014;6845
14/05/2014;6920
15/05/2014;6885
16/05/2014;6860
19/05/2014;6925
20/05/2014;6885
21/05/2014;6831
22/05/2014;6875
23/05/2014;6928
27/05/2014;6934
28/05/2014;6944
29/05/2014;6884
30/05/2014;6845
02/06/2014;6932.5
03/06/2014;6868
04/06/2014;6785
05/06/2014;6780
06/06/2014;6688
09/06/2014;6670
10/06/2014;6675
11/06/2014;6690
12/06/2014;6620
13/06/2014;6655
16/06/2014;6691
17/06/2014;6705
18/06/2014;6710
19/06/2014;6725
20/06/2014;6820
23/06/2014;6885
24/06/2014;6885
25/06/2014;6915
26/06/2014;6955
27/06/2014;6945
30/06/2014;7015
01/07/2014;7020
02/07/2014;7125
03/07/2014;7175
04/07/2014;7150
07/07/2014;7125
08/07/2014;7130
09/07/2014;7125
10/07/2014;7162
11/07/2014;7156
14/07/2014;7122.5
15/07/2014;7130
16/07/2014;7078
17/07/2014;7067.5
18/07/2014;6985
21/07/2014;7025
22/07/2014;7040
23/07/2014;7045
24/07/2014;7169.5
25/07/2014;7125
28/07/2014;7120
29/07/2014;7082
30/07/2014;7125
31/07/2014;7115
01/08/2014;7074.5
04/08/2014;7130
05/08/2014;7055
06/08/2014;6970
07/08/2014;6999
08/08/2014;6995
11/08/2014;6995
12/08/2014;6965
13/08/2014;6885
14/08/2014;6825
15/08/2014;6870
18/08/2014;6905
19/08/2014;6867.5
20/08/2014;7010
21/08/2014;7015
22/08/2014;7076
26/08/2014;7054
27/08/2014;7030
28/08/2014;6934
29/08/2014;6982
01/09/2014;6942
02/09/2014;6968
03/09/2014;6904
04/09/2014;6930
05/09/2014;6975
08/09/2014;6990
09/09/2014;6840
10/09/2014;6870
11/09/2014;6835
12/09/2014;6838
15/09/2014;6820
16/09/2014;6901
17/09/2014;6931
18/09/2014;6842.5
19/09/2014;6835
22/09/2014;6720.5
23/09/2014;6720
24/09/2014;6742
25/09/2014;6695
26/09/2014;6718
29/09/2014;6742
30/09/2014;6667
01/10/2014;6680
02/10/2014;6601
03/10/2014;6642
06/10/2014;6710
07/10/2014;6670
08/10/2014;6637.5
09/10/2014;6702
10/10/2014;6645
13/10/2014;6710
14/10/2014;6800
15/10/2014;6641
16/10/2014;6552
17/10/2014;6639
20/10/2014;6560
21/10/2014;6669
22/10/2014;6630
23/10/2014;6694
24/10/2014;6690
27/10/2014;6730
28/10/2014;6795
29/10/2014;6815
30/10/2014;6740
31/10/2014;6695
03/11/2014;6720
04/11/2014;6648
05/11/2014;6638
06/11/2014;6660
07/11/2014;6715
10/11/2014;6665
11/11/2014;6692
12/11/2014;6680
13/11/2014;6657
14/11/2014;6705
17/11/2014;6704
18/11/2014;6631
19/11/2014;6685
20/11/2014;6665
21/11/2014;6725
24/11/2014;6675
25/11/2014;6606
26/11/2014;6571
27/11/2014;6557.5
28/11/2014;6351
01/12/2014;6449
02/12/2014;6414
03/12/2014;6380
04/12/2014;6470
05/12/2014;6451
08/12/2014;6405
09/12/2014;6480
10/12/2014;6415
11/12/2014;6462.5
12/12/2014;6490
15/12/2014;6400
16/12/2014;6365
17/12/2014;6368
18/12/2014;6315
19/12/2014;6400
22/12/2014;6355
23/12/2014;6330
24/12/2014;6302
29/12/2014;6290
30/12/2014;6325
31/12/2014;6300
02/01/2015;6255
05/01/2015;6145
06/01/2015;6145
07/01/2015;6115
08/01/2015;6104
09/01/2015;6090
12/01/2015;6017
13/01/2015;5860
14/01/2015;5548
15/01/2015;5630
16/01/2015;5715
19/01/2015;5672
20/01/2015;5690
21/01/2015;5771
22/01/2015;5665
23/01/2015;5519.5
26/01/2015;5580
27/01/2015;5421
28/01/2015;5484
29/01/2015;5395
30/01/2015;5495
02/02/2015;5500
03/02/2015;5690
04/02/2015;5705
05/02/2015;5720
06/02/2015;5650
09/02/2015;5673
10/02/2015;5595
11/02/2015;5600
12/02/2015;5740
13/02/2015;5735
16/02/2015;5749
17/02/2015;5649.5
18/02/2015;5745
19/02/2015;5750
20/02/2015;5693
23/02/2015;5672
24/02/2015;5785
25/02/2015;5775
26/02/2015;5888
27/02/2015;5895
02/03/2015;5905.5
03/03/2015;5822
04/03/2015;5840
05/03/2015;5835
06/03/2015;5745
09/03/2015;5872
10/03/2015;5765
11/03/2015;5730
12/03/2015;5844
13/03/2015;5858.5
16/03/2015;5847.5
17/03/2015;5785
18/03/2015;5670
19/03/2015;5853
20/03/2015;6045
23/03/2015;6120
24/03/2015;6145
25/03/2015;6125
26/03/2015;6174
27/03/2015;6055
30/03/2015;6082
31/03/2015;6041
01/04/2015;6045
02/04/2015;5980
07/04/2015;6065
08/04/2015;6010
09/04/2015;5995
10/04/2015;6039
13/04/2015;5990
14/04/2015;5945
15/04/2015;5955
16/04/2015;6060
17/04/2015;6060
20/04/2015;5980
21/04/2015;5945
22/04/2015;5911
23/04/2015;5940
24/04/2015;6030
27/04/2015;6065
28/04/2015;6118
29/04/2015;6145
30/04/2015;6335
01/05/2015;6400
05/05/2015;6480
06/05/2015;6390
07/05/2015;6400
08/05/2015;6387.5
11/05/2015;6365
12/05/2015;6440
13/05/2015;6405
14/05/2015;6401
15/05/2015;6415
18/05/2015;6380
19/05/2015;6220
20/05/2015;6220
21/05/2015;6252
22/05/2015;6161.5
26/05/2015;6106.5
27/05/2015;6080.5
28/05/2015;6095
29/05/2015;6015
01/06/2015;6024
02/06/2015;6040
03/06/2015;6011
04/06/2015;5915
05/06/2015;5937
08/06/2015;5948
09/06/2015;5965
10/06/2015;6030
11/06/2015;5880
12/06/2015;5912
15/06/2015;5815
16/06/2015;5750
17/06/2015;5745
18/06/2015;5755
19/06/2015;5659
22/06/2015;5654
23/06/2015;5780
24/06/2015;5739
25/06/2015;5770
26/06/2015;5755
29/06/2015;5790
30/06/2015;5765
01/07/2015;5775
02/07/2015;5795
03/07/2015;5759
06/07/2015;5590
07/07/2015;5339.5
08/07/2015;5520
09/07/2015;5630
10/07/2015;5590
13/07/2015;5591
14/07/2015;5565
15/07/2015;5531
16/07/2015;5560
17/07/2015;5480
20/07/2015;5480
21/07/2015;5455
22/07/2015;5361
23/07/2015;5272.5
24/07/2015;5263
27/07/2015;5188
28/07/2015;5297.5
29/07/2015;5328
30/07/2015;5260
31/07/2015;5230
03/08/2015;5220
04/08/2015;5235
05/08/2015;5178
06/08/2015;5185
07/08/2015;5173
10/08/2015;5309
11/08/2015;5125
12/08/2015;5189.5
13/08/2015;5185
14/08/2015;5165
17/08/2015;5115
18/08/2015;5035
19/08/2015;4995
20/08/2015;5119
21/08/2015;5055
24/08/2015;4951
25/08/2015;5065
26/08/2015;4935
27/08/2015;5140
28/08/2015;5135
01/09/2015;5069
02/09/2015;5120
03/09/2015;5246
04/09/2015;5120
07/09/2015;5148
08/09/2015;5345
09/09/2015;5365
10/09/2015;5398
11/09/2015;5370
14/09/2015;5309
15/09/2015;5347
16/09/2015;5379
17/09/2015;5390
18/09/2015;5254
21/09/2015;5269
22/09/2015;5078
23/09/2015;5057
24/09/2015;5051
25/09/2015;5023
28/09/2015;4965
29/09/2015;4970
30/09/2015;5160
01/10/2015;5095
02/10/2015;5100
05/10/2015;5177
06/10/2015;5185
07/10/2015;5187
08/10/2015;5135
09/10/2015;5295
12/10/2015;5315
13/10/2015;5273
14/10/2015;5299
15/10/2015;5308
16/10/2015;5285
19/10/2015;5206
20/10/2015;5201
21/10/2015;5175
22/10/2015;5232.5
23/10/2015;5176
26/10/2015;5191
27/10/2015;5220
28/10/2015;5204
29/10/2015;5130
30/10/2015;5112
02/11/2015;5125
03/11/2015;5125
04/11/2015;5134
05/11/2015;5011
06/11/2015;4987
09/11/2015;4964
10/11/2015;4925.5
11/11/2015;4943
12/11/2015;4823.5
13/11/2015;4825
16/11/2015;4690
17/11/2015;4684
18/11/2015;4611
19/11/2015;4630.5
20/11/2015;4580
23/11/2015;4490
24/11/2015;4608
25/11/2015;4549
26/11/2015;4636
27/11/2015;4573
30/11/2015;4586
01/12/2015;4632
02/12/2015;4563
03/12/2015;4556
04/12/2015;4612
07/12/2015;4557
08/12/2015;4588
09/12/2015;4580
10/12/2015;4590
11/12/2015;4703
14/12/2015;4672
15/12/2015;4565
16/12/2015;4609
17/12/2015;4545
18/12/2015;4685
21/12/2015;4738
22/12/2015;4665.5
23/12/2015;4720
24/12/2015;4692
29/12/2015;4729
30/12/2015;4735
31/12/2015;4705
04/01/2016;4609.5
05/01/2016;4645
06/01/2016;4620
07/01/2016;4524
08/01/2016;4485
11/01/2016;4387
12/01/2016;4352
13/01/2016;4392
14/01/2016;4415.5
15/01/2016;4331
18/01/2016;4377
19/01/2016;4408
20/01/2016;4359
21/01/2016;4430
22/01/2016;4443
25/01/2016;4417
26/01/2016;4539
27/01/2016;4590
28/01/2016;4530
29/01/2016;4561
01/02/2016;4560
02/02/2016;4549
03/02/2016;4635
04/02/2016;4687
05/02/2016;4630
08/02/2016;4610.5
09/02/2016;4509
10/02/2016;4444
11/02/2016;4445
12/02/2016;4500
15/02/2016;4562
16/02/2016;4557
17/02/2016;4589
18/02/2016;4575.5
19/02/2016;4621
22/02/2016;4694
23/02/2016;4645
24/02/2016;4642
25/02/2016;4601
26/02/2016;4706
29/02/2016;4695
01/03/2016;4716
02/03/2016;4790
03/03/2016;4855
04/03/2016;5027.5
07/03/2016;5000
08/03/2016;4868
09/03/2016;4935
10/03/2016;4890
11/03/2016;4970
14/03/2016;4946
15/03/2016;4949
16/03/2016;4935
17/03/2016;5069.5
18/03/2016;5042
21/03/2016;5064
22/03/2016;5065
23/03/2016;4949.5
24/03/2016;4945
29/03/2016;4890.5
30/03/2016;4873
31/03/2016;4847
01/04/2016;4835
04/04/2016;4760.5
05/04/2016;4775
06/04/2016;4786
07/04/2016;4650.5
08/04/2016;4650
11/04/2016;4663.5
12/04/2016;4766.5
13/04/2016;4830
14/04/2016;4831
15/04/2016;4807.5
18/04/2016;4827
19/04/2016;4936
20/04/2016;4981
21/04/2016;4997
22/04/2016;5031
25/04/2016;4998
26/04/2016;4962
27/04/2016;4903
28/04/2016;4942
29/04/2016;5050
03/05/2016;4920
04/05/2016;4867
05/05/2016;4785
06/05/2016;4810
09/05/2016;4686
10/05/2016;4680
11/05/2016;4708
12/05/2016;4613
13/05/2016;4627.5
16/05/2016;4645
17/05/2016;4657
18/05/2016;4612.5
19/05/2016;4580
20/05/2016;4578
23/05/2016;4562
24/05/2016;4601
25/05/2016;4654
26/05/2016;4661
27/05/2016;4695
31/05/2016;4671
01/06/2016;4617
02/06/2016;4597
03/06/2016;4688
06/06/2016;4688
07/06/2016;4567
08/06/2016;4578
09/06/2016;4515
10/06/2016;4510
13/06/2016;4557
14/06/2016;4510.5
15/06/2016;4639.5
16/06/2016;4535
17/06/2016;4552
20/06/2016;4644
21/06/2016;4670
22/06/2016;4701
23/06/2016;4780
24/06/2016;4698
27/06/2016;4710
28/06/2016;4818
29/06/2016;4838
30/06/2016;4845
01/07/2016;4911
04/07/2016;4893
05/07/2016;4817
06/07/2016;4750
07/07/2016;4687
08/07/2016;4710.5
11/07/2016;4749
12/07/2016;4869
13/07/2016;4938
14/07/2016;4941
15/07/2016;4918
18/07/2016;4939
19/07/2016;4984
20/07/2016;4966
21/07/2016;4976
22/07/2016;4920
25/07/2016;4899
26/07/2016;4930
27/07/2016;4850
28/07/2016;4896.5
29/07/2016;4925
01/08/2016;4882
02/08/2016;4892
03/08/2016;4875
04/08/2016;4831
05/08/2016;4789
08/08/2016;4810
09/08/2016;4779
10/08/2016;4821
11/08/2016;4848
12/08/2016;4761
15/08/2016;4767
16/08/2016;4811
17/08/2016;4774
18/08/2016;4809
19/08/2016;4798
22/08/2016;4748.5
23/08/2016;4710
24/08/2016;4632
25/08/2016;4626
26/08/2016;4615
30/08/2016;4607
31/08/2016;4617
01/09/2016;4630
02/09/2016;4627
05/09/2016;4626
06/09/2016;4620
07/09/2016;4650
08/09/2016;4664
09/09/2016;4633
12/09/2016;4648
13/09/2016;4650
14/09/2016;4771.5
15/09/2016;4781
16/09/2016;4788
19/09/2016;4776
20/09/2016;4793
21/09/2016;4763
22/09/2016;4853
23/09/2016;4855
26/09/2016;4841
27/09/2016;4787
28/09/2016;4818
29/09/2016;4841
30/09/2016;4865
03/10/2016;4819
04/10/2016;4805
05/10/2016;4799.5
06/10/2016;4756
07/10/2016;4778
10/10/2016;4848.5
11/10/2016;4812
12/10/2016;4814
13/10/2016;4712
14/10/2016;4675.5
17/10/2016;4675
18/10/2016;4681
19/10/2016;4671
20/10/2016;4652
21/10/2016;4635
24/10/2016;4638
25/10/2016;4735
26/10/2016;4740
27/10/2016;4790
28/10/2016;4843
31/10/2016;4853
01/11/2016;4920
02/11/2016;4920
03/11/2016;4960
04/11/2016;4991
07/11/2016;5098
08/11/2016;5235.5
09/11/2016;5413
10/11/2016;5601
11/11/2016;5549
14/11/2016;5559
15/11/2016;5525
16/11/2016;5433
17/11/2016;5495.5
18/11/2016;5423
21/11/2016;5559
22/11/2016;5613
23/11/2016;5740
24/11/2016;5868
25/11/2016;5879
28/11/2016;5881
29/11/2016;5705
30/11/2016;5825
01/12/2016;5791
02/12/2016;5760
05/12/2016;5950
06/12/2016;5884
07/12/2016;5785
08/12/2016;5782
09/12/2016;5826
12/12/2016;5768
13/12/2016;5690
14/12/2016;5722
15/12/2016;5732
16/12/2016;5635.5
19/12/2016;5496
20/12/2016;5502
21/12/2016;5515
22/12/2016;5518
23/12/2016;5469
28/12/2016;5545
29/12/2016;5487
30/12/2016;5535.5
03/01/2017;5500
04/01/2017;5644
05/01/2017;5580
06/01/2017;5590
09/01/2017;5591
10/01/2017;5758
11/01/2017;5714
12/01/2017;5842
13/01/2017;5909
16/01/2017;5865
17/01/2017;5754
18/01/2017;5769
19/01/2017;5739.5
20/01/2017;5748
23/01/2017;5795
24/01/2017;5943
25/01/2017;5942
26/01/2017;5857
27/01/2017;5899
30/01/2017;5820
31/01/2017;5991
01/02/2017;5945
02/02/2017;5886
03/02/2017;5772
06/02/2017;5846
07/02/2017;5795
08/02/2017;5895
09/02/2017;5822
10/02/2017;6090
13/02/2017;6106
14/02/2017;6021
15/02/2017;6067
16/02/2017;6000
17/02/2017;5960
20/02/2017;6070
21/02/2017;6060
22/02/2017;6040
23/02/2017;5859
24/02/2017;5928
27/02/2017;5934
28/02/2017;5973
01/03/2017;6016
02/03/2017;5930
03/03/2017;5917
06/03/2017;5858
07/03/2017;5773
08/03/2017;5765.5
09/03/2017;5690
10/03/2017;5732
13/03/2017;5796
14/03/2017;5820
15/03/2017;5864
16/03/2017;5909
17/03/2017;5935
20/03/2017;5880
21/03/2017;5776
22/03/2017;5808
23/03/2017;5825
24/03/2017;5804
27/03/2017;5760
28/03/2017;5873
29/03/2017;5907
30/03/2017;5956
31/03/2017;5837.5
03/04/2017;5753
04/04/2017;5779.5
05/04/2017;5895
06/04/2017;5858
07/04/2017;5834
10/04/2017;5747
11/04/2017;5767
12/04/2017;5628
13/04/2017;5692
18/04/2017;5572
19/04/2017;5556
20/04/2017;5623
21/04/2017;5623
24/04/2017;5655
25/04/2017;5706
26/04/2017;5715
27/04/2017;5692
28/04/2017;5735.5
02/05/2017;5802
03/05/2017;5600
04/05/2017;5543
05/05/2017;5585
08/05/2017;5486
09/05/2017;5512
10/05/2017;5500.5
11/05/2017;5543
12/05/2017;5559.5
15/05/2017;5613
16/05/2017;5611
17/05/2017;5610
18/05/2017;5580
19/05/2017;5682
22/05/2017;5703
23/05/2017;5714
24/05/2017;5682
25/05/2017;5724
26/05/2017;5657.5
30/05/2017;5656
31/05/2017;5682
01/06/2017;5699
02/06/2017;5665
05/06/2017;5628
06/06/2017;5616
07/06/2017;5621
08/06/2017;5729.5
09/06/2017;5804
12/06/2017;5772
13/06/2017;5717
14/06/2017;5699
15/06/2017;5661
16/06/2017;5663
19/06/2017;5724
20/06/2017;5657
21/06/2017;5742
22/06/2017;5742
23/06/2017;5800.5
26/06/2017;5794.5
27/06/2017;5858
28/06/2017;5881
29/06/2017;5940
30/06/2017;5937
03/07/2017;5928
04/07/2017;5892
05/07/2017;5841
06/07/2017;5851
07/07/2017;5828
10/07/2017;5824
11/07/2017;5875
12/07/2017;5905
13/07/2017;5876
14/07/2017;5926
17/07/2017;5996
18/07/2017;6007
19/07/2017;5966.5
20/07/2017;5958.5
21/07/2017;6004
24/07/2017;6027
25/07/2017;6225
26/07/2017;6329
27/07/2017;6330
28/07/2017;6325
31/07/2017;6369
01/08/2017;6345
02/08/2017;6352
03/08/2017;6352
04/08/2017;6372
07/08/2017;6414
08/08/2017;6480
09/08/2017;6455
10/08/2017;6423
11/08/2017;6411
14/08/2017;6397
15/08/2017;6379
16/08/2017;6532
17/08/2017;6490
18/08/2017;6486
21/08/2017;6586
22/08/2017;6580
23/08/2017;6565
24/08/2017;6696
25/08/2017;6666
29/08/2017;6791.5
30/08/2017;6769
31/08/2017;6788
01/09/2017;6835
04/09/2017;6917
05/09/2017;6900
06/09/2017;6901
07/09/2017;6898.5
08/09/2017;6693
11/09/2017;6748
12/09/2017;6668
13/09/2017;6553
14/09/2017;6498
15/09/2017;6507
18/09/2017;6527
19/09/2017;6539
20/09/2017;6526
21/09/2017;6456
22/09/2017;6457
25/09/2017;6450
26/09/2017;6413
27/09/2017;6437
28/09/2017;6522
29/09/2017;6481
02/10/2017;6493
03/10/2017;6520
04/10/2017;6521
05/10/2017;6700
06/10/2017;6666.5
09/10/2017;6666
10/10/2017;6760
11/10/2017;6800
12/10/2017;6887
13/10/2017;6882
16/10/2017;7134.5
17/10/2017;7027
18/10/2017;6990
19/10/2017;6967
20/10/2017;6952
23/10/2017;7004
24/10/2017;7035.5
25/10/2017;7010
26/10/2017;6986
27/10/2017;6830
30/10/2017;6867
31/10/2017;6839
01/11/2017;6930
02/11/2017;6929
03/11/2017;6895
06/11/2017;6970
07/11/2017;6826
08/11/2017;6855
09/11/2017;6808
10/11/2017;6786
13/11/2017;6895
14/11/2017;6759
15/11/2017;6773
16/11/2017;6737
17/11/2017;6777
20/11/2017;6828
21/11/2017;6909
22/11/2017;6954
23/11/2017;6963
24/11/2017;7002
27/11/2017;6942
28/11/2017;6805
29/11/2017;6760
30/11/2017;6762
01/12/2017;6833
04/12/2017;6826
05/12/2017;6543
06/12/2017;6550
07/12/2017;6564
08/12/2017;6571
11/12/2017;6670
12/12/2017;6663
13/12/2017;6729
14/12/2017;6793
15/12/2017;6886
18/12/2017;6905
19/12/2017;6942
20/12/2017;7044
21/12/2017;7086
