15/11/2007;24.97
16/11/2007;24.96
19/11/2007;25.75
20/11/2007;27.32
21/11/2007;26.65
23/11/2007;27.4
26/11/2007;27.8
27/11/2007;26.98
28/11/2007;27.3
29/11/2007;27.3
30/11/2007;27.65
03/12/2007;27.97
04/12/2007;29.35
05/12/2007;29.28
06/12/2007;28.91
07/12/2007;28.88
10/12/2007;29
11/12/2007;29
12/12/2007;28.48
13/12/2007;28.94
14/12/2007;28.72
17/12/2007;27.98
18/12/2007;28.5
19/12/2007;28.95
20/12/2007;28.89
21/12/2007;33.72
24/12/2007;33.92
26/12/2007;34.35
27/12/2007;36.55
28/12/2007;37.32
31/12/2007;38.4
02/01/2008;33.85
03/01/2008;30.79
04/01/2008;30.15
07/01/2008;28.14
08/01/2008;26.63
09/01/2008;27.76
10/01/2008;29.64
11/01/2008;30.43
14/01/2008;30.5
15/01/2008;30.71
16/01/2008;29.3
17/01/2008;28.99
18/01/2008;29.32
22/01/2008;28.9
23/01/2008;31.16
24/01/2008;32.17
25/01/2008;31.78
28/01/2008;33.06
29/01/2008;32.78
30/01/2008;32.7
31/01/2008;32.97
01/02/2008;34.6
04/02/2008;33.48
05/02/2008;32.87
06/02/2008;31.37
07/02/2008;29.71
08/02/2008;31.33
11/02/2008;31.43
12/02/2008;31.3
13/02/2008;33.83
14/02/2008;33.28
15/02/2008;31.74
19/02/2008;32.1
20/02/2008;32.21
21/02/2008;33.6
22/02/2008;33.73
25/02/2008;33.09
26/02/2008;33.92
27/02/2008;32
28/02/2008;31.09
29/02/2008;29.73
03/03/2008;29.07
04/03/2008;29.36
05/03/2008;31.65
06/03/2008;29.86
07/03/2008;28.26
10/03/2008;27.01
11/03/2008;30.29
12/03/2008;29.83
13/03/2008;29.94
14/03/2008;26.86
17/03/2008;23.57
18/03/2008;27
19/03/2008;26.69
20/03/2008;28.21
24/03/2008;30.07
25/03/2008;30.39
26/03/2008;29.41
27/03/2008;29.7
28/03/2008;31.25
31/03/2008;29.75
01/04/2008;30.89
02/04/2008;31.77
03/04/2008;32.03
04/04/2008;32.78
07/04/2008;31.41
08/04/2008;30.79
09/04/2008;27.98
10/04/2008;28.49
11/04/2008;27.93
14/04/2008;27.72
15/04/2008;27.17
16/04/2008;28.05
17/04/2008;28.55
18/04/2008;28.73
21/04/2008;28.49
22/04/2008;28.6
23/04/2008;29.46
24/04/2008;29.38
25/04/2008;28.37
28/04/2008;29.13
29/04/2008;30.17
30/04/2008;31.02
01/05/2008;32.6
02/05/2008;31.74
05/05/2008;31.61
06/05/2008;31.93
07/05/2008;32.13
08/05/2008;32.09
09/05/2008;32.13
12/05/2008;32.5
13/05/2008;32.37
14/05/2008;32.52
15/05/2008;33.65
16/05/2008;33.02
19/05/2008;33.22
20/05/2008;33
21/05/2008;32.13
22/05/2008;33.05
23/05/2008;34.53
27/05/2008;35.92
28/05/2008;37.34
29/05/2008;35.22
30/05/2008;35.55
02/06/2008;35.79
03/06/2008;36.01
04/06/2008;35.75
05/06/2008;37.25
06/06/2008;36.45
09/06/2008;35.76
10/06/2008;35.86
11/06/2008;33.99
12/06/2008;34.85
13/06/2008;35.74
16/06/2008;35.01
17/06/2008;36.17
18/06/2008;35.55
19/06/2008;36.12
20/06/2008;36.55
23/06/2008;37.12
24/06/2008;36.87
25/06/2008;37.59
26/06/2008;35.99
27/06/2008;36.15
30/06/2008;36.29
01/07/2008;33.86
02/07/2008;31.95
03/07/2008;32.81
07/07/2008;32.27
08/07/2008;31.25
09/07/2008;32.13
10/07/2008;32.65
11/07/2008;32.74
14/07/2008;32.97
15/07/2008;32.16
16/07/2008;31.75
17/07/2008;31.25
18/07/2008;32.01
21/07/2008;32.36
22/07/2008;32.89
23/07/2008;33.2
24/07/2008;33.15
25/07/2008;33.59
28/07/2008;32.45
29/07/2008;32.66
30/07/2008;32.19
31/07/2008;29.75
01/08/2008;30.32
04/08/2008;30.4
05/08/2008;30.41
06/08/2008;30.27
07/08/2008;29.64
08/08/2008;30.23
11/08/2008;30.63
12/08/2008;30.08
13/08/2008;29.78
14/08/2008;30.5
15/08/2008;31.11
18/08/2008;30.97
19/08/2008;30.49
20/08/2008;30.91
21/08/2008;30.08
22/08/2008;31.09
25/08/2008;29.65
26/08/2008;29.87
27/08/2008;30.06
28/08/2008;29.85
29/08/2008;29.85
02/09/2008;29.62
03/09/2008;28.69
04/09/2008;26.55
05/09/2008;26.76
08/09/2008;27.59
09/09/2008;27.3
10/09/2008;26.1
11/09/2008;25.31
12/09/2008;26.29
15/09/2008;24.5
16/09/2008;23.11
17/09/2008;20.02
18/09/2008;22.46
19/09/2008;25.77
22/09/2008;24.92
23/09/2008;24.88
24/09/2008;24.31
25/09/2008;24.86
26/09/2008;24.65
29/09/2008;22.65
30/09/2008;24
01/10/2008;22.1
02/10/2008;21.93
03/10/2008;22.47
06/10/2008;21.31
07/10/2008;18.72
08/10/2008;19.51
09/10/2008;18
10/10/2008;17.2
13/10/2008;19.5
14/10/2008;19.79
15/10/2008;18.5
16/10/2008;18.14
17/10/2008;19.02
20/10/2008;19.12
21/10/2008;18.6
22/10/2008;17.16
23/10/2008;16.42
24/10/2008;15.29
27/10/2008;14.36
28/10/2008;14.55
29/10/2008;16.01
30/10/2008;17
31/10/2008;17.24
03/11/2008;16.9
04/11/2008;17.09
05/11/2008;16.5
06/11/2008;14.84
07/11/2008;15.15
10/11/2008;14.76
11/11/2008;13.8
12/11/2008;13.09
13/11/2008;14.17
14/11/2008;13.95
17/11/2008;12.92
18/11/2008;12.47
19/11/2008;12.11
20/11/2008;11.88
21/11/2008;12.6
24/11/2008;13.61
25/11/2008;14.26
26/11/2008;15.72
28/11/2008;15.43
01/12/2008;14.69
02/12/2008;14.86
03/12/2008;15.81
04/12/2008;14.94
05/12/2008;16.02
08/12/2008;16.72
09/12/2008;16.13
10/12/2008;16.77
11/12/2008;15.5
12/12/2008;16.41
15/12/2008;15.59
16/12/2008;16
17/12/2008;16.5
18/12/2008;16.67
19/12/2008;16.5
22/12/2008;15.69
23/12/2008;15.68
24/12/2008;16.11
26/12/2008;17.1
29/12/2008;17.03
30/12/2008;16.96
31/12/2008;17.76
02/01/2009;18.65
05/01/2009;16.62
06/01/2009;17.46
07/01/2009;17.5
08/01/2009;18.43
09/01/2009;16.62
12/01/2009;15.62
13/01/2009;16.21
14/01/2009;16.19
15/01/2009;16.74
16/01/2009;16.98
20/01/2009;16.33
21/01/2009;17.68
22/01/2009;16.77
23/01/2009;16.75
26/01/2009;17.23
27/01/2009;17.22
28/01/2009;18.44
29/01/2009;17.49
30/01/2009;17.36
02/02/2009;18.18
03/02/2009;17.57
04/02/2009;17.26
05/02/2009;18.19
06/02/2009;17.1
09/02/2009;17.4
10/02/2009;17
11/02/2009;17.27
12/02/2009;17.69
13/02/2009;17.96
17/02/2009;16.69
18/02/2009;16.26
19/02/2009;16.15
20/02/2009;16.63
23/02/2009;16.22
24/02/2009;16.84
25/02/2009;15.56
26/02/2009;16.11
27/02/2009;15.76
02/03/2009;14.49
03/03/2009;14.09
04/03/2009;13.76
05/03/2009;13.2
06/03/2009;13.42
09/03/2009;13.28
10/03/2009;14.24
11/03/2009;14.8
12/03/2009;14.88
13/03/2009;14.95
16/03/2009;14.64
17/03/2009;14.86
18/03/2009;15.07
19/03/2009;15.75
20/03/2009;15.49
23/03/2009;16.17
24/03/2009;15.66
25/03/2009;16.05
26/03/2009;16.02
27/03/2009;16.9
30/03/2009;16.4
31/03/2009;16.91
01/04/2009;17
02/04/2009;19.17
03/04/2009;19.96
06/04/2009;20.26
07/04/2009;19.86
08/04/2009;19.95
09/04/2009;20.93
13/04/2009;20.71
14/04/2009;20.27
15/04/2009;20.51
16/04/2009;20.98
17/04/2009;21.1
20/04/2009;19.66
21/04/2009;21.44
22/04/2009;21.41
23/04/2009;20.42
24/04/2009;20.4
27/04/2009;20.14
28/04/2009;19.57
29/04/2009;20.51
30/04/2009;20.99
01/05/2009;21.8
04/05/2009;22.3
05/05/2009;22.53
06/05/2009;22.74
07/05/2009;22.24
08/05/2009;23.64
11/05/2009;23.59
12/05/2009;23.27
13/05/2009;21.95
14/05/2009;22.66
15/05/2009;23.1
18/05/2009;23.48
19/05/2009;21.57
20/05/2009;21.3
21/05/2009;21.04
22/05/2009;20.7
26/05/2009;21.83
27/05/2009;20.51
28/05/2009;20.68
29/05/2009;21.27
01/06/2009;22.47
02/06/2009;23.15
03/06/2009;22.72
04/06/2009;23.77
05/06/2009;22.94
08/06/2009;22.54
09/06/2009;23.25
10/06/2009;23.23
11/06/2009;23.95
12/06/2009;23.92
15/06/2009;23.55
16/06/2009;22.77
17/06/2009;23.4
18/06/2009;24
19/06/2009;23.83
22/06/2009;22.74
23/06/2009;23.27
24/06/2009;24
25/06/2009;24.92
26/06/2009;24.87
29/06/2009;24.55
30/06/2009;24.44
01/07/2009;24.07
02/07/2009;24.74
06/07/2009;24.81
07/07/2009;24.3
08/07/2009;24.2
09/07/2009;24.6
10/07/2009;25.03
13/07/2009;25.73
14/07/2009;25.57
15/07/2009;26.28
16/07/2009;26.35
17/07/2009;26.71
20/07/2009;26.83
21/07/2009;25.76
22/07/2009;25.36
23/07/2009;26.5
24/07/2009;26.48
27/07/2009;26.51
28/07/2009;26.37
29/07/2009;26.39
30/07/2009;27.2
31/07/2009;27.95
03/08/2009;28.49
04/08/2009;28.05
05/08/2009;27.22
06/08/2009;27.68
07/08/2009;28.71
10/08/2009;28.88
11/08/2009;28.3
12/08/2009;28.63
13/08/2009;28.69
14/08/2009;28.5
17/08/2009;27.75
18/08/2009;28.88
19/08/2009;28.97
20/08/2009;29.5
21/08/2009;29.58
24/08/2009;30.21
25/08/2009;30.12
26/08/2009;30.55
27/08/2009;30.04
28/08/2009;29.67
31/08/2009;29.42
01/09/2009;28.59
02/09/2009;27.93
03/09/2009;28.34
04/09/2009;28.94
08/09/2009;29.71
09/09/2009;29.87
10/09/2009;29.3
11/09/2009;29.17
14/09/2009;29.05
15/09/2009;27.99
16/09/2009;27.84
17/09/2009;27.3
18/09/2009;26.99
21/09/2009;27.38
22/09/2009;28.16
23/09/2009;28.86
24/09/2009;28.73
25/09/2009;28.21
28/09/2009;29.65
29/09/2009;30.25
30/09/2009;29.62
01/10/2009;27.14
02/10/2009;27.11
05/10/2009;27.21
06/10/2009;26.2
07/10/2009;25.98
08/10/2009;26.47
09/10/2009;26.92
12/10/2009;26.54
13/10/2009;26.5
14/10/2009;27.76
15/10/2009;28.33
16/10/2009;28.03
19/10/2009;28.44
20/10/2009;27.77
21/10/2009;27.97
22/10/2009;28.49
23/10/2009;28.48
26/10/2009;28.89
27/10/2009;29.45
28/10/2009;28.82
29/10/2009;29.23
30/10/2009;30.4
02/11/2009;30.17
03/11/2009;30.42
04/11/2009;30.26
05/11/2009;30.92
06/11/2009;32.23
09/11/2009;33.6
10/11/2009;32.4
11/11/2009;32.65
12/11/2009;31.99
13/11/2009;32.23
16/11/2009;32.16
17/11/2009;32.1
18/11/2009;31.58
19/11/2009;31
20/11/2009;30.87
23/11/2009;31.12
24/11/2009;30.87
25/11/2009;30.8
27/11/2009;30.2
30/11/2009;30.47
01/12/2009;31.31
02/12/2009;32.14
03/12/2009;32.09
04/12/2009;32.28
07/12/2009;31.8
08/12/2009;32.06
09/12/2009;32.25
10/12/2009;32.51
11/12/2009;32.99
14/12/2009;33.61
15/12/2009;33.09
16/12/2009;33.36
17/12/2009;32.68
18/12/2009;32.42
21/12/2009;31.9
22/12/2009;32.07
23/12/2009;32.12
24/12/2009;32.4
28/12/2009;32.43
29/12/2009;32.12
30/12/2009;32.15
31/12/2009;31.8
04/01/2010;31.98
05/01/2010;32.1
06/01/2010;31.23
07/01/2010;33.38
08/01/2010;34.5
11/01/2010;34.21
12/01/2010;33.23
13/01/2010;33.35
14/01/2010;33.1
15/01/2010;32.14
19/01/2010;32.5
20/01/2010;32.08
21/01/2010;31.07
22/01/2010;30.45
25/01/2010;30.39
26/01/2010;29.47
27/01/2010;29.9
28/01/2010;29.69
29/01/2010;29.56
01/02/2010;29.91
02/02/2010;29.74
03/02/2010;29.45
04/02/2010;28.59
05/02/2010;28.78
08/02/2010;27.88
09/02/2010;28.36
10/02/2010;28.53
11/02/2010;29.2
12/02/2010;29.17
16/02/2010;29.58
17/02/2010;29.08
18/02/2010;28.7
19/02/2010;29.29
22/02/2010;29.36
23/02/2010;29.46
24/02/2010;29.96
25/02/2010;29.84
26/02/2010;29.98
01/03/2010;28.59
02/03/2010;32.61
03/03/2010;32.12
04/03/2010;32.87
05/03/2010;33.62
08/03/2010;34.01
09/03/2010;33.58
10/03/2010;33.58
11/03/2010;34.32
12/03/2010;34.86
15/03/2010;34.55
16/03/2010;34.92
17/03/2010;35.37
18/03/2010;35.22
19/03/2010;35.07
22/03/2010;35.72
23/03/2010;36.19
24/03/2010;35.93
25/03/2010;35.84
26/03/2010;35.76
29/03/2010;35.79
30/03/2010;36.15
31/03/2010;36.1
01/04/2010;36.47
05/04/2010;36.98
06/04/2010;37.37
07/04/2010;37.31
08/04/2010;36.19
09/04/2010;36.62
12/04/2010;37.1
13/04/2010;37.02
14/04/2010;37.11
15/04/2010;37.96
16/04/2010;37.25
19/04/2010;36.49
20/04/2010;37.39
21/04/2010;35.99
22/04/2010;36.44
23/04/2010;36.7
26/04/2010;36.96
27/04/2010;35.96
28/04/2010;35.41
29/04/2010;35.46
30/04/2010;34.65
03/05/2010;34.76
04/05/2010;34.18
05/05/2010;33.99
06/05/2010;32.98
07/05/2010;32.43
10/05/2010;33.75
11/05/2010;33.7
12/05/2010;34.24
13/05/2010;33.95
14/05/2010;32.79
17/05/2010;32.71
18/05/2010;32.32
19/05/2010;31.46
20/05/2010;29.75
21/05/2010;30.2
24/05/2010;29.75
25/05/2010;29.03
26/05/2010;28.69
27/05/2010;29.69
28/05/2010;29.65
01/06/2010;29.42
02/06/2010;30.14
03/06/2010;29.54
04/06/2010;28.8
07/06/2010;28.15
08/06/2010;28.28
09/06/2010;28.06
10/06/2010;29.12
11/06/2010;29.69
14/06/2010;29.25
15/06/2010;29.54
16/06/2010;30.12
17/06/2010;29.9
18/06/2010;29.97
21/06/2010;30.12
22/06/2010;30.06
23/06/2010;29.49
24/06/2010;28.63
25/06/2010;29.09
28/06/2010;29.04
29/06/2010;27.23
30/06/2010;27.4
01/07/2010;27.34
02/07/2010;27.77
06/07/2010;28.36
07/07/2010;29.63
08/07/2010;30.16
09/07/2010;30.66
12/07/2010;30.68
13/07/2010;31.02
14/07/2010;31.49
15/07/2010;31.53
16/07/2010;31.01
19/07/2010;30.8
20/07/2010;31.12
21/07/2010;30.54
22/07/2010;31.59
23/07/2010;33.13
26/07/2010;33.05
27/07/2010;33.01
28/07/2010;32.73
29/07/2010;31.8
30/07/2010;32.27
02/08/2010;33.25
03/08/2010;33.21
04/08/2010;33.39
05/08/2010;32.93
06/08/2010;32.8
09/08/2010;33.15
10/08/2010;32.71
11/08/2010;31.15
12/08/2010;31.28
13/08/2010;31.23
16/08/2010;31.48
17/08/2010;31.51
18/08/2010;32.2
19/08/2010;31.12
20/08/2010;30.9
23/08/2010;30.64
24/08/2010;29.72
25/08/2010;29.81
26/08/2010;30.02
27/08/2010;30.49
30/08/2010;29.67
31/08/2010;29.9
01/09/2010;30.82
02/09/2010;31.54
03/09/2010;32.65
07/09/2010;32.37
08/09/2010;32.95
09/09/2010;33.34
10/09/2010;33
13/09/2010;34.38
14/09/2010;34.39
15/09/2010;34.11
16/09/2010;34.51
17/09/2010;34.75
20/09/2010;35.16
21/09/2010;34.88
22/09/2010;34.4
23/09/2010;33.67
24/09/2010;34.17
27/09/2010;33.6
28/09/2010;34.39
29/09/2010;34.48
30/09/2010;33.21
01/10/2010;34.33
04/10/2010;33.87
05/10/2010;34.39
06/10/2010;33.98
07/10/2010;34.62
08/10/2010;34.91
11/10/2010;34.95
12/10/2010;35.16
13/10/2010;35.64
14/10/2010;35.45
15/10/2010;35.88
18/10/2010;36.95
19/10/2010;37.16
20/10/2010;37.23
21/10/2010;36.84
22/10/2010;36.65
25/10/2010;36.29
26/10/2010;35.83
27/10/2010;35.75
28/10/2010;35.77
29/10/2010;35.85
01/11/2010;35.73
02/11/2010;36.01
03/11/2010;35.92
04/11/2010;36.8
05/11/2010;37.07
08/11/2010;37.32
09/11/2010;36.8
10/11/2010;37.44
11/11/2010;37.1
12/11/2010;35.95
15/11/2010;35.88
16/11/2010;35.06
17/11/2010;34.75
18/11/2010;35.37
19/11/2010;35.26
22/11/2010;35.2
23/11/2010;34.3
24/11/2010;35.16
26/11/2010;34.92
29/11/2010;34.78
30/11/2010;34.06
01/12/2010;35.21
02/12/2010;36.37
03/12/2010;36.6
06/12/2010;36.38
07/12/2010;36.86
08/12/2010;37.13
09/12/2010;36.74
10/12/2010;36.56
13/12/2010;36.7
14/12/2010;37.02
15/12/2010;36.8
16/12/2010;37.07
17/12/2010;37.63
20/12/2010;37.44
21/12/2010;38.53
22/12/2010;39.93
23/12/2010;40
27/12/2010;40.02
28/12/2010;39.53
29/12/2010;39.79
30/12/2010;39.41
31/12/2010;38.96
03/01/2011;39.45
04/01/2011;38.8
05/01/2011;39.32
06/01/2011;39.02
07/01/2011;38.76
10/01/2011;38.64
11/01/2011;39.07
12/01/2011;39.72
13/01/2011;36.75
14/01/2011;36.42
18/01/2011;36.29
19/01/2011;35.24
20/01/2011;35.12
21/01/2011;35.5
24/01/2011;35.5
25/01/2011;35.15
26/01/2011;34.9
27/01/2011;34.83
28/01/2011;34
31/01/2011;34.23
01/02/2011;34.64
02/02/2011;34.67
03/02/2011;34.11
04/02/2011;34.8
07/02/2011;36.09
08/02/2011;35.8
09/02/2011;35.95
10/02/2011;36
11/02/2011;36.11
14/02/2011;36.27
15/02/2011;36.01
16/02/2011;36.22
17/02/2011;36.39
18/02/2011;36.93
22/02/2011;36.39
23/02/2011;35.96
24/02/2011;36
25/02/2011;36.1
28/02/2011;35.5
01/03/2011;34.79
02/03/2011;35.01
03/03/2011;35.73
04/03/2011;35.25
07/03/2011;34.96
08/03/2011;35.46
09/03/2011;35.5
10/03/2011;34.59
11/03/2011;35.25
14/03/2011;35.04
15/03/2011;34.24
16/03/2011;33.91
17/03/2011;34.32
18/03/2011;35.06
21/03/2011;35.75
22/03/2011;35.54
23/03/2011;35.65
24/03/2011;36.01
25/03/2011;36.56
28/03/2011;36.46
29/03/2011;36.7
30/03/2011;36.27
31/03/2011;36.82
01/04/2011;38.18
04/04/2011;38.22
05/04/2011;37.46
06/04/2011;37.59
07/04/2011;37.42
08/04/2011;36.64
11/04/2011;36.44
12/04/2011;36.17
13/04/2011;35.73
14/04/2011;34.95
15/04/2011;34.83
18/04/2011;33.86
19/04/2011;34.01
20/04/2011;33.95
21/04/2011;34.06
25/04/2011;34.26
26/04/2011;34.6
27/04/2011;35.26
28/04/2011;35.43
29/04/2011;35.47
02/05/2011;35.36
03/05/2011;34.97
04/05/2011;35.77
05/05/2011;36.61
06/05/2011;37.42
09/05/2011;37.63
10/05/2011;38
11/05/2011;37.8
12/05/2011;37.95
13/05/2011;37
16/05/2011;36.69
17/05/2011;36.28
18/05/2011;37.11
19/05/2011;36.79
20/05/2011;36.56
23/05/2011;36.28
24/05/2011;36.34
25/05/2011;36.61
26/05/2011;36.85
27/05/2011;37.04
31/05/2011;37.77
01/06/2011;37.05
02/06/2011;37.24
03/06/2011;36.53
06/06/2011;36.15
07/06/2011;36.65
08/06/2011;36.37
09/06/2011;36.96
10/06/2011;37.03
13/06/2011;37.36
14/06/2011;37.77
15/06/2011;37.62
16/06/2011;37.92
17/06/2011;37.3
20/06/2011;37.46
21/06/2011;38.19
22/06/2011;37.81
23/06/2011;37.34
24/06/2011;36.88
27/06/2011;37.58
28/06/2011;37.92
29/06/2011;37.9
30/06/2011;37.68
01/07/2011;37.91
05/07/2011;38.01
06/07/2011;38.6
07/07/2011;38.75
08/07/2011;38.89
11/07/2011;37.71
12/07/2011;37.75
13/07/2011;37.89
14/07/2011;37.15
15/07/2011;37.17
18/07/2011;36.5
19/07/2011;37.4
20/07/2011;37.5
21/07/2011;38.18
22/07/2011;37.93
25/07/2011;37.73
26/07/2011;37.12
27/07/2011;35.45
28/07/2011;35.9
29/07/2011;35.49
01/08/2011;35.79
02/08/2011;34.41
03/08/2011;34.92
04/08/2011;33.96
05/08/2011;32.97
08/08/2011;30.36
09/08/2011;33.69
10/08/2011;32.31
11/08/2011;33.69
12/08/2011;33.63
15/08/2011;35.13
16/08/2011;34.63
17/08/2011;34.05
18/08/2011;32.23
19/08/2011;31.33
22/08/2011;31.43
23/08/2011;33.14
24/08/2011;32.85
25/08/2011;32.66
26/08/2011;33.58
29/08/2011;35.24
30/08/2011;34.46
31/08/2011;34.57
01/09/2011;33.84
02/09/2011;32.49
06/09/2011;31.67
07/09/2011;33.41
08/09/2011;32.44
09/09/2011;31.69
12/09/2011;32.18
13/09/2011;32.4
14/09/2011;33.14
15/09/2011;32.56
16/09/2011;32.61
19/09/2011;31.33
20/09/2011;30.94
21/09/2011;29.67
22/09/2011;29.19
23/09/2011;29.67
26/09/2011;31.61
27/09/2011;32.2
28/09/2011;31.34
29/09/2011;31.89
30/09/2011;30.33
03/10/2011;27.94
04/10/2011;28.85
05/10/2011;29.81
06/10/2011;30.42
07/10/2011;30
10/10/2011;30.63
11/10/2011;30.91
12/10/2011;32.27
13/10/2011;32.46
14/10/2011;32.84
17/10/2011;31.48
18/10/2011;32.31
19/10/2011;31.81
20/10/2011;31.98
21/10/2011;32.59
24/10/2011;33.35
25/10/2011;32.31
26/10/2011;32.66
27/10/2011;34.38
28/10/2011;34.06
31/10/2011;33.39
01/11/2011;31.47
02/11/2011;32.94
03/11/2011;34.1
04/11/2011;34.05
07/11/2011;34.53
08/11/2011;34.97
09/11/2011;33.59
10/11/2011;33.76
11/11/2011;34.42
14/11/2011;33.74
15/11/2011;34.06
16/11/2011;33
17/11/2011;32.8
18/11/2011;32.6
21/11/2011;32
22/11/2011;31.98
23/11/2011;31.4
25/11/2011;31.22
28/11/2011;32.44
29/11/2011;32.18
30/11/2011;33.75
01/12/2011;33.8
02/12/2011;33.9
05/12/2011;33.97
06/12/2011;34
07/12/2011;33.39
08/12/2011;32.26
09/12/2011;33.27
12/12/2011;33.14
13/12/2011;32.59
14/12/2011;31.83
15/12/2011;32.29
16/12/2011;32.51
19/12/2011;32.13
20/12/2011;33.06
21/12/2011;32.86
22/12/2011;32.8
23/12/2011;33.41
27/12/2011;33.41
28/12/2011;32.37
29/12/2011;32.77
30/12/2011;32.93
03/01/2012;32.81
04/01/2012;32.35
05/01/2012;32.72
06/01/2012;33.1
09/01/2012;32.97
10/01/2012;33.52
11/01/2012;33.48
12/01/2012;33.44
13/01/2012;32.69
17/01/2012;32.38
18/01/2012;32.18
19/01/2012;32.55
20/01/2012;32.48
23/01/2012;32.39
24/01/2012;31.89
25/01/2012;32.43
26/01/2012;32.65
27/01/2012;32.86
30/01/2012;32.61
31/01/2012;32.58
01/02/2012;33.56
02/02/2012;33.02
03/02/2012;34.19
06/02/2012;34.43
07/02/2012;34.73
08/02/2012;34.86
09/02/2012;35.33
10/02/2012;34.84
13/02/2012;34.74
14/02/2012;34.87
15/02/2012;34.16
16/02/2012;34.64
17/02/2012;34.1
21/02/2012;34.54
22/02/2012;34.61
23/02/2012;34.02
24/02/2012;34.43
27/02/2012;35.31
28/02/2012;35.21
29/02/2012;35.38
01/03/2012;35.53
02/03/2012;35.08
05/03/2012;35.08
06/03/2012;34.33
07/03/2012;34.8
08/03/2012;36.25
09/03/2012;36.6
12/03/2012;36.52
13/03/2012;37.69
14/03/2012;37.39
15/03/2012;37.81
16/03/2012;37.77
19/03/2012;37.71
20/03/2012;37.78
21/03/2012;37.61
22/03/2012;37.01
23/03/2012;37.2
26/03/2012;37.66
27/03/2012;37.37
28/03/2012;37.06
29/03/2012;37.13
30/03/2012;36.81
02/04/2012;37.3
03/04/2012;37.74
04/04/2012;37.02
05/04/2012;37.12
09/04/2012;36.76
10/04/2012;35.65
11/04/2012;35.69
12/04/2012;36.42
13/04/2012;35.71
16/04/2012;35.78
17/04/2012;36.29
18/04/2012;35.71
19/04/2012;35.5
20/04/2012;35.42
23/04/2012;35.14
24/04/2012;35.59
25/04/2012;36.09
26/04/2012;36.81
27/04/2012;36.83
30/04/2012;36.59
01/05/2012;36.72
02/05/2012;35.2
03/05/2012;36.22
04/05/2012;35.02
07/05/2012;34.34
08/05/2012;34.36
09/05/2012;34.18
10/05/2012;33.92
11/05/2012;33.88
14/05/2012;32.97
15/05/2012;32.84
16/05/2012;32.9
17/05/2012;32.38
18/05/2012;32.8
21/05/2012;33.35
22/05/2012;34.07
23/05/2012;33.81
24/05/2012;33.69
25/05/2012;34.1
29/05/2012;34.65
30/05/2012;34.2
31/05/2012;33.81
01/06/2012;33.38
04/06/2012;33.13
05/06/2012;33.2
06/06/2012;33.56
07/06/2012;33.52
08/06/2012;33.23
11/06/2012;32.56
12/06/2012;32.21
13/06/2012;31.67
14/06/2012;31.96
15/06/2012;32.15
18/06/2012;31.92
19/06/2012;32.43
20/06/2012;32.84
21/06/2012;32
22/06/2012;32.65
25/06/2012;31.6
26/06/2012;31.79
27/06/2012;32.19
28/06/2012;32.69
29/06/2012;34.02
02/07/2012;34.28
03/07/2012;34.2
05/07/2012;34.07
06/07/2012;34.27
09/07/2012;33.77
10/07/2012;33.47
11/07/2012;33.08
12/07/2012;33.07
13/07/2012;33.99
16/07/2012;33.5
17/07/2012;33.82
18/07/2012;34.12
19/07/2012;34.35
20/07/2012;33.79
23/07/2012;33.31
24/07/2012;32.61
25/07/2012;32.65
26/07/2012;32.85
27/07/2012;33.47
30/07/2012;33.24
31/07/2012;33.15
01/08/2012;33.3
02/08/2012;32.23
03/08/2012;33.29
06/08/2012;33.41
07/08/2012;34.83
08/08/2012;35.08
09/08/2012;35.05
10/08/2012;35.3
13/08/2012;35.33
14/08/2012;35.55
15/08/2012;36.01
16/08/2012;36.27
17/08/2012;35.86
20/08/2012;35.29
21/08/2012;35.56
22/08/2012;35.59
23/08/2012;35.09
24/08/2012;35.43
27/08/2012;35.16
28/08/2012;35.04
29/08/2012;35.31
30/08/2012;34.9
31/08/2012;35.08
04/09/2012;35.6
05/09/2012;35.82
06/09/2012;36.66
07/09/2012;36.69
10/09/2012;36.22
11/09/2012;35.66
12/09/2012;36.25
13/09/2012;36.44
14/09/2012;36.73
17/09/2012;36.36
18/09/2012;36.16
19/09/2012;36
20/09/2012;35.98
21/09/2012;36.04
24/09/2012;35.66
25/09/2012;35.09
26/09/2012;35.39
27/09/2012;36.19
28/09/2012;35.79
01/10/2012;35.82
02/10/2012;26.21
03/10/2012;28.27
04/10/2012;27.34
05/10/2012;26.86
08/10/2012;26.4
09/10/2012;26.33
10/10/2012;26.54
11/10/2012;26.41
12/10/2012;25.93
15/10/2012;25.59
16/10/2012;27.2
17/10/2012;27.44
18/10/2012;27.37
19/10/2012;27.02
22/10/2012;27.11
23/10/2012;27.15
24/10/2012;27.02
25/10/2012;27.05
26/10/2012;27.54
31/10/2012;26.94
01/11/2012;27.75
02/11/2012;26.88
05/11/2012;27.25
06/11/2012;26.1
07/11/2012;26.11
08/11/2012;26.2
09/11/2012;26.21
12/11/2012;26
13/11/2012;25.99
14/11/2012;25.99
15/11/2012;25.96
16/11/2012;25.82
19/11/2012;26.24
20/11/2012;26.15
21/11/2012;26.29
23/11/2012;26.75
26/11/2012;27.11
27/11/2012;26.81
28/11/2012;27.31
29/11/2012;28.42
30/11/2012;29
03/12/2012;29.09
04/12/2012;29.18
05/12/2012;29.51
06/12/2012;30.17
07/12/2012;29.78
10/12/2012;29.38
11/12/2012;29.49
12/12/2012;29.38
13/12/2012;29.2
14/12/2012;30.16
17/12/2012;30.88
18/12/2012;30.99
19/12/2012;31.06
20/12/2012;31.41
21/12/2012;31.08
24/12/2012;31.15
26/12/2012;30.58
27/12/2012;30.67
28/12/2012;30.82
31/12/2012;30.99
02/01/2013;32.13
03/01/2013;31.97
04/01/2013;31.85
07/01/2013;31.87
08/01/2013;31.79
09/01/2013;31.93
10/01/2013;32.14
11/01/2013;31.97
14/01/2013;31.93
15/01/2013;32.36
16/01/2013;31.97
17/01/2013;31.79
18/01/2013;32.09
22/01/2013;32.9
23/01/2013;33.06
24/01/2013;33.35
25/01/2013;33.66
28/01/2013;34.02
29/01/2013;34.1
30/01/2013;33.79
31/01/2013;33.74
01/02/2013;33.8
04/02/2013;33.23
05/02/2013;33.88
06/02/2013;34.67
07/02/2013;33.48
08/02/2013;33.99
11/02/2013;33.68
12/02/2013;34.03
13/02/2013;33.76
14/02/2013;33.75
15/02/2013;33.41
19/02/2013;33.58
20/02/2013;33.2
21/02/2013;32.99
22/02/2013;33.15
25/02/2013;32.74
26/02/2013;32.76
27/02/2013;33.42
28/02/2013;33.13
01/03/2013;33.01
04/03/2013;32.89
05/03/2013;33.23
06/03/2013;33.42
07/03/2013;33.32
08/03/2013;33.54
11/03/2013;33.74
12/03/2013;33.31
13/03/2013;33.3
14/03/2013;33.67
15/03/2013;33.71
18/03/2013;33.83
19/03/2013;33.83
20/03/2013;34
21/03/2013;33.6
22/03/2013;33.77
25/03/2013;33.6
26/03/2013;33.78
27/03/2013;34.04
28/03/2013;33.93
01/04/2013;33.35
02/04/2013;33.13
03/04/2013;32.43
04/04/2013;32.66
05/04/2013;32.34
08/04/2013;32.67
09/04/2013;32.51
10/04/2013;33.22
11/04/2013;33.57
12/04/2013;33.52
15/04/2013;32.35
16/04/2013;32.9
17/04/2013;32.58
18/04/2013;32.41
19/04/2013;32.82
22/04/2013;32.9
23/04/2013;33.28
24/04/2013;33.23
25/04/2013;33.31
26/04/2013;33.22
29/04/2013;33.45
30/04/2013;34.1
01/05/2013;33.26
02/05/2013;33.65
03/05/2013;33.32
06/05/2013;33.33
07/05/2013;33.56
08/05/2013;34.14
09/05/2013;33.86
10/05/2013;33.95
13/05/2013;33.94
14/05/2013;34.45
15/05/2013;34.26
16/05/2013;34.57
17/05/2013;34.66
20/05/2013;34.53
21/05/2013;34.72
22/05/2013;34.24
23/05/2013;34.49
24/05/2013;34.47
28/05/2013;35.04
29/05/2013;35.22
30/05/2013;35.73
31/05/2013;35.24
03/06/2013;35.17
04/06/2013;34.98
05/06/2013;34.28
06/06/2013;34.8
07/06/2013;34.7
10/06/2013;34.9
11/06/2013;34.58
12/06/2013;34.05
13/06/2013;34.34
14/06/2013;34.16
17/06/2013;34.5
18/06/2013;34.59
19/06/2013;33.98
20/06/2013;33.45
21/06/2013;33.07
24/06/2013;32.8
25/06/2013;32.97
26/06/2013;32.69
27/06/2013;32.8
28/06/2013;33.27
01/07/2013;34.12
02/07/2013;33.9
03/07/2013;34.15
05/07/2013;34.45
08/07/2013;34.54
09/07/2013;34.25
10/07/2013;33.72
11/07/2013;34.4
12/07/2013;34.56
15/07/2013;34.67
16/07/2013;34.43
17/07/2013;34.49
18/07/2013;34.7
19/07/2013;34.93
22/07/2013;35.37
23/07/2013;35.25
24/07/2013;35.08
25/07/2013;35.39
26/07/2013;35.13
29/07/2013;34.86
30/07/2013;34.92
31/07/2013;35.05
01/08/2013;36.52
02/08/2013;37.45
05/08/2013;37.78
06/08/2013;37.62
07/08/2013;37.41
08/08/2013;37.83
09/08/2013;37.99
12/08/2013;37.89
13/08/2013;37.92
14/08/2013;37.93
15/08/2013;37.55
16/08/2013;37.44
19/08/2013;38
20/08/2013;38.25
21/08/2013;38.08
22/08/2013;38.5
23/08/2013;38.47
26/08/2013;38.6
27/08/2013;37.57
28/08/2013;38.08
29/08/2013;38.16
30/08/2013;37.51
03/09/2013;37.48
04/09/2013;38.17
05/09/2013;38.43
06/09/2013;38.76
09/09/2013;39.46
10/09/2013;39.64
11/09/2013;39.67
12/09/2013;39.65
13/09/2013;39.66
16/09/2013;40.05
17/09/2013;40.64
18/09/2013;41.01
19/09/2013;40.78
20/09/2013;40.32
23/09/2013;40.24
24/09/2013;40.25
25/09/2013;40.33
26/09/2013;40.67
27/09/2013;40.23
30/09/2013;40.26
01/10/2013;40.53
02/10/2013;40.07
03/10/2013;39.91
04/10/2013;40.26
07/10/2013;39.63
08/10/2013;38.91
09/10/2013;38.31
10/10/2013;39.19
11/10/2013;39.69
14/10/2013;39.72
15/10/2013;39.54
16/10/2013;39.6
17/10/2013;40
18/10/2013;40.35
21/10/2013;40.51
22/10/2013;40.6
23/10/2013;40.93
24/10/2013;41.32
25/10/2013;41.37
28/10/2013;41.34
29/10/2013;41.9
30/10/2013;41.21
31/10/2013;40.77
01/11/2013;40.97
04/11/2013;41.42
05/11/2013;41.38
06/11/2013;41.42
07/11/2013;40.63
08/11/2013;41.62
11/11/2013;41.78
12/11/2013;41.91
13/11/2013;42.38
14/11/2013;43.02
15/11/2013;43.48
18/11/2013;43.02
19/11/2013;43.04
20/11/2013;43.1
21/11/2013;43.86
22/11/2013;44.08
25/11/2013;44.45
26/11/2013;44.57
27/11/2013;44.5
29/11/2013;44.39
02/12/2013;44.71
03/12/2013;44.19
04/12/2013;43.91
05/12/2013;43.87
06/12/2013;44.21
09/12/2013;44.15
10/12/2013;43.6
11/12/2013;42.84
12/12/2013;43.47
13/12/2013;43.46
16/12/2013;43.19
17/12/2013;42.67
18/12/2013;42.99
19/12/2013;42.05
20/12/2013;42.6
23/12/2013;43
24/12/2013;43.34
26/12/2013;43.39
27/12/2013;43.47
30/12/2013;43.64
31/12/2013;43.72
02/01/2014;43.15
03/01/2014;43.17
06/01/2014;43.1
07/01/2014;43.54
08/01/2014;43.47
09/01/2014;43.62
10/01/2014;43.78
13/01/2014;43.12
14/01/2014;43.66
15/01/2014;43.43
16/01/2014;44
17/01/2014;44.22
21/01/2014;44.61
22/01/2014;44.95
23/01/2014;44.9
24/01/2014;42.97
27/01/2014;42.22
28/01/2014;42.34
29/01/2014;41.5
30/01/2014;42.58
31/01/2014;42.72
03/02/2014;41.01
04/02/2014;41.72
05/02/2014;41.51
06/02/2014;40.74
07/02/2014;40.28
10/02/2014;40.68
11/02/2014;41.46
12/02/2014;42.26
13/02/2014;42.45
14/02/2014;42.74
18/02/2014;43.87
19/02/2014;43.49
20/02/2014;44.98
21/02/2014;44.53
24/02/2014;44.21
25/02/2014;43.85
26/02/2014;43.83
27/02/2014;43.72
28/02/2014;43.71
03/03/2014;44.18
04/03/2014;45.6
05/03/2014;45.14
06/03/2014;45.74
07/03/2014;45.75
10/03/2014;45.74
11/03/2014;45.99
12/03/2014;46.27
13/03/2014;45.27
14/03/2014;45.21
17/03/2014;45.62
18/03/2014;45.63
19/03/2014;45.26
20/03/2014;45.48
21/03/2014;45.32
24/03/2014;44.44
25/03/2014;42.72
26/03/2014;41.77
27/03/2014;41.87
28/03/2014;42.11
31/03/2014;43.02
01/04/2014;43.81
02/04/2014;43.8
03/04/2014;43.76
04/04/2014;43.07
07/04/2014;42.28
08/04/2014;42.64
09/04/2014;43.1
10/04/2014;42.07
11/04/2014;41.72
14/04/2014;41.55
15/04/2014;41.28
16/04/2014;42.12
17/04/2014;42.17
21/04/2014;42.39
22/04/2014;42.56
23/04/2014;42.28
24/04/2014;42.28
25/04/2014;41.69
28/04/2014;41.79
29/04/2014;41.71
30/04/2014;40.54
01/05/2014;40.99
02/05/2014;41.24
05/05/2014;41.19
06/05/2014;41.26
07/05/2014;42.14
08/05/2014;41.42
09/05/2014;41.54
12/05/2014;43.34
13/05/2014;42.7
14/05/2014;42.17
15/05/2014;42.13
16/05/2014;42.28
19/05/2014;42.56
20/05/2014;41.38
21/05/2014;42.06
22/05/2014;42.56
23/05/2014;42.95
27/05/2014;43.41
28/05/2014;43.32
29/05/2014;43.48
30/05/2014;43.16
02/06/2014;43.34
03/06/2014;43.35
04/06/2014;43.45
05/06/2014;43.9
06/06/2014;44.41
09/06/2014;44.82
10/06/2014;44.7
11/06/2014;44.9
12/06/2014;44.76
13/06/2014;44.84
16/06/2014;44.77
17/06/2014;45.47
18/06/2014;45.11
19/06/2014;44.92
20/06/2014;44.58
23/06/2014;44.86
24/06/2014;44.44
25/06/2014;44.59
26/06/2014;44.46
27/06/2014;45.2
30/06/2014;45.85
01/07/2014;46.55
02/07/2014;46.52
03/07/2014;47.34
07/07/2014;47.08
08/07/2014;46.47
09/07/2014;46.32
10/07/2014;45.93
11/07/2014;46.09
14/07/2014;46.37
15/07/2014;46.39
16/07/2014;46.64
17/07/2014;46.27
18/07/2014;46.93
21/07/2014;46.69
22/07/2014;46.94
23/07/2014;46.82
24/07/2014;47.11
25/07/2014;46.8
28/07/2014;46.73
29/07/2014;46.4
30/07/2014;46.56
31/07/2014;45.25
01/08/2014;44.36
04/08/2014;44.55
05/08/2014;43.99
06/08/2014;44.15
07/08/2014;43.9
08/08/2014;44
11/08/2014;44.57
12/08/2014;44.6
13/08/2014;44.92
14/08/2014;45.12
15/08/2014;45.17
18/08/2014;45.68
19/08/2014;45.63
20/08/2014;45.86
21/08/2014;46.18
22/08/2014;46.21
25/08/2014;46.28
26/08/2014;46.74
27/08/2014;46.14
28/08/2014;45.87
29/08/2014;46.14
02/09/2014;46.58
03/09/2014;46.43
04/09/2014;46.43
05/09/2014;46.35
08/09/2014;46.29
09/09/2014;46.2
10/09/2014;46.65
11/09/2014;46.79
12/09/2014;46.7
15/09/2014;46.4
16/09/2014;46.54
17/09/2014;46.29
18/09/2014;48.98
19/09/2014;48.39
22/09/2014;47.63
23/09/2014;46.99
24/09/2014;47.33
25/09/2014;46.77
26/09/2014;46.97
29/09/2014;46.99
30/09/2014;47.02
01/10/2014;46.56
02/10/2014;47.6
03/10/2014;47.52
06/10/2014;46.99
07/10/2014;45.64
08/10/2014;45.65
09/10/2014;44.6
10/10/2014;43.53
13/10/2014;42.76
14/10/2014;42.56
15/10/2014;42.2
16/10/2014;42.25
17/10/2014;43.41
20/10/2014;43.66
21/10/2014;44.79
22/10/2014;45.08
23/10/2014;45.63
24/10/2014;46
27/10/2014;46.45
28/10/2014;46.77
29/10/2014;46.88
30/10/2014;46.63
31/10/2014;46.66
03/11/2014;46.5
04/11/2014;46.89
05/11/2014;47.13
06/11/2014;47.54
07/11/2014;47.46
10/11/2014;48.08
11/11/2014;48.21
12/11/2014;48.03
13/11/2014;47.74
14/11/2014;47.9
17/11/2014;47.21
18/11/2014;47.01
19/11/2014;48.4
20/11/2014;48.01
21/11/2014;48.5
24/11/2014;48.92
25/11/2014;48.5
26/11/2014;48.54
28/11/2014;48.36
01/12/2014;47.67
02/12/2014;47.91
03/12/2014;47.94
04/12/2014;47.92
05/12/2014;47.7
08/12/2014;48.08
09/12/2014;47.95
10/12/2014;46.91
11/12/2014;47.17
12/12/2014;46.15
15/12/2014;46.11
16/12/2014;46.08
17/12/2014;46.93
18/12/2014;47.57
19/12/2014;47.89
22/12/2014;48.14
23/12/2014;48.16
24/12/2014;48.42
26/12/2014;48.35
29/12/2014;48.1
30/12/2014;48.16
31/12/2014;47.44
02/01/2015;47.69
05/01/2015;47.24
06/01/2015;48.61
07/01/2015;49.72
08/01/2015;51.22
09/01/2015;51.97
12/01/2015;51.94
13/01/2015;54.05
14/01/2015;53.7
15/01/2015;52.9
16/01/2015;54.06
20/01/2015;53.7
21/01/2015;53.57
22/01/2015;54.37
23/01/2015;54.22
26/01/2015;54.55
27/01/2015;54.28
28/01/2015;53.89
29/01/2015;54.5
30/01/2015;53.82
02/02/2015;54.36
03/02/2015;54.83
04/02/2015;55.13
05/02/2015;55.5
06/02/2015;56.03
09/02/2015;56.91
10/02/2015;56.98
11/02/2015;56.58
12/02/2015;57.2
13/02/2015;57.2
17/02/2015;57.35
18/02/2015;57.32
19/02/2015;57.8
20/02/2015;58.03
23/02/2015;57.61
24/02/2015;57.65
25/02/2015;57.23
26/02/2015;56.79
27/02/2015;56.11
02/03/2015;57.57
03/03/2015;57.32
04/03/2015;56.78
05/03/2015;55.4
06/03/2015;55.45
09/03/2015;55.66
10/03/2015;54.72
11/03/2015;55.83
12/03/2015;57.18
13/03/2015;56.74
16/03/2015;57.9
17/03/2015;58.41
18/03/2015;58.7
19/03/2015;58.62
20/03/2015;59.69
23/03/2015;60.18
24/03/2015;59.78
25/03/2015;59.32
26/03/2015;59.82
27/03/2015;59.58
30/03/2015;60.92
31/03/2015;61.31
01/04/2015;61.04
02/04/2015;61.51
06/04/2015;62.12
07/04/2015;61.28
08/04/2015;61.83
09/04/2015;60.75
10/04/2015;60.6
13/04/2015;60.32
14/04/2015;61.07
15/04/2015;61
16/04/2015;61.2
17/04/2015;60.89
20/04/2015;60.94
21/04/2015;60.87
22/04/2015;61.6
23/04/2015;62.25
24/04/2015;62.74
27/04/2015;62.96
28/04/2015;62.93
29/04/2015;62.6
30/04/2015;61.19
01/05/2015;62.35
04/05/2015;62.42
05/05/2015;62.04
06/05/2015;61.46
07/05/2015;61.6
08/05/2015;62.1
11/05/2015;61.83
12/05/2015;61.36
13/05/2015;61.83
14/05/2015;62.56
15/05/2015;62.48
18/05/2015;63.54
19/05/2015;63.6
20/05/2015;63.13
21/05/2015;63.01
22/05/2015;63.42
26/05/2015;63.2
27/05/2015;62.69
28/05/2015;62.65
29/05/2015;62.05
01/06/2015;62.15
02/06/2015;62.18
03/06/2015;62.48
04/06/2015;62
05/06/2015;61.8
08/06/2015;61.38
09/06/2015;61.43
10/06/2015;61.72
11/06/2015;62
12/06/2015;61.89
15/06/2015;61.22
16/06/2015;61.7
17/06/2015;61.78
18/06/2015;61.96
19/06/2015;61.87
22/06/2015;62
23/06/2015;63.23
24/06/2015;63.1
25/06/2015;63.32
26/06/2015;63.75
29/06/2015;61.79
30/06/2015;61.55
01/07/2015;62.21
02/07/2015;62.02
06/07/2015;62.11
07/07/2015;62.91
08/07/2015;61.69
09/07/2015;62.23
10/07/2015;63.79
13/07/2015;64.14
14/07/2015;64.51
15/07/2015;64.81
16/07/2015;66.24
17/07/2015;66.02
20/07/2015;66.36
21/07/2015;66.3
22/07/2015;66.49
23/07/2015;66.55
24/07/2015;66.89
27/07/2015;65.73
28/07/2015;66
29/07/2015;66.91
30/07/2015;67.97
31/07/2015;68.16
03/08/2015;67.54
04/08/2015;66.96
05/08/2015;67.6
06/08/2015;66.51
07/08/2015;66.22
10/08/2015;66.79
11/08/2015;65.55
12/08/2015;63.95
13/08/2015;63.4
14/08/2015;64.08
17/08/2015;64.45
18/08/2015;64.42
19/08/2015;64.28
20/08/2015;62.74
21/08/2015;61.35
24/08/2015;58.18
25/08/2015;57.78
26/08/2015;60.14
27/08/2015;61.65
28/08/2015;62.16
31/08/2015;60.52
01/09/2015;58.56
02/09/2015;59.89
03/09/2015;59.67
04/09/2015;58.66
08/09/2015;60.92
09/09/2015;60.09
10/09/2015;60.86
11/09/2015;61.02
14/09/2015;59.85
15/09/2015;60.73
16/09/2015;60.65
17/09/2015;60.71
18/09/2015;60.12
21/09/2015;61.82
22/09/2015;60.97
23/09/2015;61.41
24/09/2015;60.47
25/09/2015;61.32
28/09/2015;58.94
29/09/2015;58.24
30/09/2015;59.46
01/10/2015;57.95
02/10/2015;58.57
05/10/2015;59.23
06/10/2015;58.61
07/10/2015;59.32
08/10/2015;59.93
09/10/2015;60
12/10/2015;60.49
13/10/2015;60.15
14/10/2015;59.19
15/10/2015;59.85
16/10/2015;60.18
19/10/2015;60.79
20/10/2015;60.9
21/10/2015;60.46
22/10/2015;61.08
23/10/2015;61.8
26/10/2015;62.77
27/10/2015;61.52
28/10/2015;63.05
29/10/2015;65.52
30/10/2015;67
02/11/2015;71.05
03/11/2015;70.21
04/11/2015;69.46
05/11/2015;68.62
06/11/2015;67.79
09/11/2015;66.49
10/11/2015;67.25
11/11/2015;67.29
12/11/2015;66.77
13/11/2015;66.21
16/11/2015;68.03
17/11/2015;69.19
18/11/2015;69.4
19/11/2015;69.42
20/11/2015;69.34
23/11/2015;69.52
24/11/2015;70.08
25/11/2015;69.96
27/11/2015;70.61
30/11/2015;70.12
01/12/2015;70.56
02/12/2015;70.39
03/12/2015;69.64
04/12/2015;71.87
07/12/2015;70.67
08/12/2015;70.48
09/12/2015;69.42
10/12/2015;69.95
11/12/2015;68.8
14/12/2015;69.62
15/12/2015;70.33
16/12/2015;71.48
17/12/2015;70.89
18/12/2015;71.52
21/12/2015;71.97
22/12/2015;71.54
23/12/2015;72.18
24/12/2015;72.35
28/12/2015;72.38
29/12/2015;72.85
30/12/2015;72.59
31/12/2015;72.13
04/01/2016;70.61
05/01/2016;71.14
06/01/2016;70.59
07/01/2016;69.49
08/01/2016;68.5
11/01/2016;68.13
12/01/2016;69.2
13/01/2016;67.76
14/01/2016;68
15/01/2016;67.45
19/01/2016;66.59
20/01/2016;65.44
21/01/2016;65.58
22/01/2016;66.99
25/01/2016;66.31
26/01/2016;66.08
27/01/2016;66.21
28/01/2016;66.55
29/01/2016;68.84
01/02/2016;67.74
02/02/2016;66.79
03/02/2016;66.32
04/02/2016;66.89
05/02/2016;65.29
08/02/2016;63.16
09/02/2016;65.08
10/02/2016;66.02
11/02/2016;65.26
12/02/2016;67.26
16/02/2016;68.58
17/02/2016;70.06
18/02/2016;70.64
19/02/2016;71.55
22/02/2016;72.83
23/02/2016;72.75
24/02/2016;71.45
25/02/2016;72.56
26/02/2016;72.46
29/02/2016;70.52
01/03/2016;71.51
02/03/2016;70.85
03/03/2016;70.09
04/03/2016;69.5
07/03/2016;69.96
08/03/2016;68.7
09/03/2016;69.46
10/03/2016;68.95
11/03/2016;69.62
14/03/2016;69.71
15/03/2016;69.31
16/03/2016;69.77
17/03/2016;70.23
18/03/2016;71.27
21/03/2016;71.38
22/03/2016;71.63
23/03/2016;71.6
24/03/2016;70.74
28/03/2016;71.37
29/03/2016;72.67
30/03/2016;73.15
31/03/2016;74.08
01/04/2016;74.61
04/04/2016;74.2
05/04/2016;73.79
06/04/2016;74.91
07/04/2016;73.72
08/04/2016;73.44
11/04/2016;73.14
12/04/2016;73.76
13/04/2016;74.07
14/04/2016;74.35
15/04/2016;74.64
18/04/2016;75.6
19/04/2016;75.93
20/04/2016;75.56
21/04/2016;75.16
22/04/2016;75.39
25/04/2016;75.34
26/04/2016;75.97
27/04/2016;76.36
28/04/2016;75.29
29/04/2016;75.94
02/05/2016;76
03/05/2016;74.89
04/05/2016;74.75
05/05/2016;74.8
06/05/2016;75.38
09/05/2016;76.41
10/05/2016;77.37
11/05/2016;76.59
12/05/2016;75.69
13/05/2016;75.11
16/05/2016;74.99
17/05/2016;74.51
18/05/2016;74.98
19/05/2016;75.29
20/05/2016;75.99
23/05/2016;76.31
24/05/2016;78.94
25/05/2016;78.58
26/05/2016;78.45
27/05/2016;79.32
31/05/2016;79.79
01/06/2016;78.71
02/06/2016;78.65
03/06/2016;77.11
06/06/2016;77.36
07/06/2016;77.88
08/06/2016;78.05
09/06/2016;78.07
10/06/2016;76.72
13/06/2016;75.81
14/06/2016;74.52
15/06/2016;74.3
16/06/2016;74.25
17/06/2016;73.67
20/06/2016;74.55
21/06/2016;74.87
22/06/2016;74.83
23/06/2016;76.66
24/06/2016;73.73
27/06/2016;71.86
28/06/2016;73.81
29/06/2016;74.91
30/06/2016;77.12
01/07/2016;76.93
05/07/2016;76.78
06/07/2016;77.62
07/07/2016;78.45
08/07/2016;79.45
11/07/2016;79.38
12/07/2016;81.02
13/07/2016;81.5
14/07/2016;81.71
15/07/2016;81.49
18/07/2016;81.17
19/07/2016;81.97
20/07/2016;82.56
21/07/2016;82.47
22/07/2016;82.93
25/07/2016;82.97
26/07/2016;83.56
27/07/2016;83.5
28/07/2016;84.85
29/07/2016;86.04
01/08/2016;86
02/08/2016;84.76
03/08/2016;84.98
04/08/2016;85.38
05/08/2016;86.82
08/08/2016;86.11
09/08/2016;86.22
10/08/2016;86.09
11/08/2016;86.13
12/08/2016;86.29
15/08/2016;87.5
16/08/2016;86.65
17/08/2016;87
18/08/2016;87.17
19/08/2016;87.32
22/08/2016;87.38
23/08/2016;87.65
24/08/2016;88.11
25/08/2016;88.66
26/08/2016;88.91
29/08/2016;89.78
30/08/2016;89.97
31/08/2016;90.12
01/09/2016;89.27
02/09/2016;89.55
06/09/2016;88.6
07/09/2016;89.06
08/09/2016;87.25
09/09/2016;84.73
12/09/2016;85.96
13/09/2016;84.87
14/09/2016;84.7
15/09/2016;85.86
16/09/2016;85.36
19/09/2016;85.24
20/09/2016;85.66
21/09/2016;86.74
22/09/2016;86.77
23/09/2016;86.4
26/09/2016;85.48
27/09/2016;85.31
28/09/2016;84.9
29/09/2016;83.52
30/09/2016;83.94
03/10/2016;83.51
04/10/2016;83.02
05/10/2016;83.21
06/10/2016;83.12
07/10/2016;82.66
10/10/2016;82.97
11/10/2016;80.1
12/10/2016;81.92
13/10/2016;81.96
14/10/2016;82.91
17/10/2016;82.92
18/10/2016;83
19/10/2016;82.93
20/10/2016;82.43
21/10/2016;82.9
24/10/2016;83.22
25/10/2016;83.19
26/10/2016;82.93
27/10/2016;79.6
28/10/2016;78.95
31/10/2016;80.19
01/11/2016;79.18
02/11/2016;78.82
03/11/2016;79.08
04/11/2016;79.37
07/11/2016;80.86
08/11/2016;81.08
09/11/2016;81.79
10/11/2016;81.17
11/11/2016;80
14/11/2016;77.56
15/11/2016;77.51
16/11/2016;77.93
17/11/2016;79.5
18/11/2016;79.69
21/11/2016;80.41
22/11/2016;80.01
23/11/2016;80.19
25/11/2016;80.78
28/11/2016;80.28
29/11/2016;80.63
30/11/2016;78.8
01/12/2016;77.14
02/12/2016;79.33
05/12/2016;80.75
06/12/2016;79.49
07/12/2016;80.76
08/12/2016;80.7
09/12/2016;81.46
12/12/2016;80.48
13/12/2016;81.04
14/12/2016;79.85
15/12/2016;80.54
16/12/2016;79.9
19/12/2016;80.25
20/12/2016;80.74
21/12/2016;79.66
22/12/2016;78.49
23/12/2016;78.59
27/12/2016;78.85
28/12/2016;78.36
29/12/2016;78.57
30/12/2016;78.78
03/01/2017;78.71
04/01/2017;80.71
05/01/2017;81.64
06/01/2017;83.4
09/01/2017;82.68
10/01/2017;81.52
11/01/2017;81.52
12/01/2017;81.25
13/01/2017;82.4
17/01/2017;81.1
18/01/2017;82.29
19/01/2017;81.16
20/01/2017;81.75
23/01/2017;82.13
24/01/2017;82.21
25/01/2017;82.72
26/01/2017;83.51
27/01/2017;82.76
30/01/2017;83.61
31/01/2017;82.75
01/02/2017;83.75
02/02/2017;88.91
03/02/2017;91.65
06/02/2017;93.07
07/02/2017;92.65
08/02/2017;92.61
09/02/2017;90.33
10/02/2017;91.22
13/02/2017;92.79
14/02/2017;93.95
15/02/2017;94.58
16/02/2017;94.2
17/02/2017;94.27
21/02/2017;94.52
22/02/2017;94.95
23/02/2017;94.99
24/02/2017;95.54
27/02/2017;95.53
28/02/2017;94.59
01/03/2017;95.88
02/03/2017;94.95
03/03/2017;95.44
06/03/2017;94.75
07/03/2017;95.45
08/03/2017;94.46
09/03/2017;94.44
10/03/2017;94.87
13/03/2017;95.3
14/03/2017;96.33
15/03/2017;99.31
16/03/2017;97.67
17/03/2017;97.33
20/03/2017;97.42
21/03/2017;95.55
22/03/2017;96.11
23/03/2017;97.12
24/03/2017;97.44
27/03/2017;96.62
28/03/2017;96.61
29/03/2017;96.4
30/03/2017;96.71
31/03/2017;97.19
03/04/2017;96.76
04/04/2017;96.59
05/04/2017;97.85
06/04/2017;97.79
07/04/2017;97.93
10/04/2017;97.25
11/04/2017;97.5
12/04/2017;97.31
13/04/2017;96.26
17/04/2017;97.99
18/04/2017;97.7
19/04/2017;98.15
20/04/2017;98.73
21/04/2017;98.03
24/04/2017;98.66
25/04/2017;99.45
26/04/2017;99.62
27/04/2017;100.4
28/04/2017;100.32
01/05/2017;100.63
02/05/2017;101.94
03/05/2017;101.41
04/05/2017;97.59
05/05/2017;99.54
08/05/2017;98.21
09/05/2017;97.65
10/05/2017;98.27
11/05/2017;98.28
12/05/2017;97.77
15/05/2017;98.8
16/05/2017;98.15
17/05/2017;97.02
18/05/2017;97.26
19/05/2017;98.88
22/05/2017;99.36
23/05/2017;98.91
24/05/2017;100.01
25/05/2017;100.93
26/05/2017;100.51
30/05/2017;100.07
31/05/2017;101.73
01/06/2017;104.02
02/06/2017;104.46
05/06/2017;104.59
06/06/2017;104.17
07/06/2017;103.93
08/06/2017;103.6
09/06/2017;104.02
12/06/2017;103.82
13/06/2017;105.9
14/06/2017;105.39
15/06/2017;105.69
16/06/2017;105.62
19/06/2017;106.17
20/06/2017;103.58
21/06/2017;101.83
22/06/2017;103.33
23/06/2017;104.72
26/06/2017;104.22
27/06/2017;102.69
28/06/2017;105
29/06/2017;104.07
30/06/2017;102.99
03/07/2017;102.79
05/07/2017;103.08
06/07/2017;102.28
07/07/2017;102.54
10/07/2017;102.99
11/07/2017;105.25
12/07/2017;105.4
13/07/2017;106.1
14/07/2017;107.45
17/07/2017;106.98
18/07/2017;106.98
19/07/2017;107.59
20/07/2017;107.4
21/07/2017;108.15
24/07/2017;108.98
25/07/2017;110.26
26/07/2017;110.35
27/07/2017;109.81
28/07/2017;110.37
31/07/2017;108.95
01/08/2017;110.49
02/08/2017;108.65
03/08/2017;111.71
04/08/2017;111.17
07/08/2017;111.2
08/08/2017;110.39
09/08/2017;109.68
10/08/2017;107.26
11/08/2017;107.13
14/08/2017;110.28
15/08/2017;109.27
16/08/2017;112.19
17/08/2017;110.34
18/08/2017;111.12
21/08/2017;110.32
22/08/2017;112.97
23/08/2017;112.22
24/08/2017;112.02
25/08/2017;114.26
28/08/2017;113.99
29/08/2017;113.08
30/08/2017;112.99
31/08/2017;114.61
01/09/2017;115.45
05/09/2017;113.13
06/09/2017;112.09
07/09/2017;114.02
08/09/2017;114.89
11/09/2017;115.77
12/09/2017;117.74
13/09/2017;114.29
14/09/2017;113.46
15/09/2017;113.3
18/09/2017;113.15
19/09/2017;113.81
20/09/2017;114.29
21/09/2017;115.3
22/09/2017;117.42
25/09/2017;116.01
26/09/2017;115.19
27/09/2017;115.76
28/09/2017;116.97
29/09/2017;116.9
02/10/2017;116.98
03/10/2017;118.51
04/10/2017;120.14
05/10/2017;121.1
06/10/2017;121.28
09/10/2017;121.54
10/10/2017;121.92
11/10/2017;121.88
12/10/2017;122.73
13/10/2017;122.09
16/10/2017;123.48
17/10/2017;122.45
18/10/2017;122.59
19/10/2017;122
20/10/2017;122
23/10/2017;121.7
24/10/2017;120.45
25/10/2017;118.54
26/10/2017;120.25
27/10/2017;120
30/10/2017;117.65
31/10/2017;117.36
01/11/2017;117.59
02/11/2017;125.42
03/11/2017;126.04
06/11/2017;127.7
07/11/2017;125.98
08/11/2017;127.1
09/11/2017;127.88
10/11/2017;125.02
13/11/2017;125.46
14/11/2017;125.12
15/11/2017;124.23
16/11/2017;125.38
17/11/2017;126.58
20/11/2017;127.19
21/11/2017;127.5
22/11/2017;127.5
24/11/2017;128.9
27/11/2017;128.75
28/11/2017;129.35
29/11/2017;127.73
30/11/2017;128.7
01/12/2017;128.95
04/12/2017;127.57
05/12/2017;128.36
06/12/2017;128
07/12/2017;128.21
08/12/2017;127.71
11/12/2017;128.34
12/12/2017;128
13/12/2017;127.29
14/12/2017;127.55
15/12/2017;127.93
18/12/2017;127.28
19/12/2017;126.97
20/12/2017;128.16
21/12/2017;128.62
