27/11/2000;6.368
28/11/2000;6.016
29/11/2000;6.181
30/11/2000;6.589
01/12/2000;6.673
04/12/2000;7.433
05/12/2000;7.384
06/12/2000;8.485
07/12/2000;8.373
08/12/2000;8.584
11/12/2000;9.413
12/12/2000;8.145
13/12/2000;7.537
14/12/2000;7.413
15/12/2000;8.396
18/12/2000;8.527
19/12/2000;9.102
20/12/2000;9.326
21/12/2000;9.83
22/12/2000;9.579
26/12/2000;9.805
27/12/2000;9.978
28/12/2000;9.263
29/12/2000;9.775
02/01/2001;8.364
03/01/2001;8.189
04/01/2001;8.966
05/01/2001;9.261
08/01/2001;9.689
09/01/2001;9.819
10/01/2001;9.128
11/01/2001;8.708
12/01/2001;8.472
16/01/2001;8.103
17/01/2001;6.909
18/01/2001;7.136
19/01/2001;7.459
22/01/2001;7.457
23/01/2001;6.946
24/01/2001;7.115
25/01/2001;7.27
26/01/2001;7.256
29/01/2001;6.293
30/01/2001;6.097
31/01/2001;5.707
01/02/2001;6.38
02/02/2001;6.743
05/02/2001;5.706
06/02/2001;5.764
07/02/2001;6.235
08/02/2001;6.158
09/02/2001;6.21
12/02/2001;5.821
13/02/2001;6.019
14/02/2001;5.518
15/02/2001;5.594
16/02/2001;5.568
20/02/2001;5.278
21/02/2001;5.146
22/02/2001;5.142
23/02/2001;5.131
26/02/2001;4.998
27/02/2001;5.279
28/02/2001;5.236
01/03/2001;5.186
02/03/2001;5.27
05/03/2001;5.336
06/03/2001;5.315
07/03/2001;5.35
08/03/2001;5.285
09/03/2001;5.072
12/03/2001;5.159
13/03/2001;5.006
14/03/2001;4.911
15/03/2001;4.927
16/03/2001;5.035
19/03/2001;5.063
20/03/2001;5.287
21/03/2001;5.041
22/03/2001;5.212
23/03/2001;5.273
26/03/2001;5.322
27/03/2001;5.621
28/03/2001;5.384
29/03/2001;5.274
30/03/2001;5.025
02/04/2001;5.103
03/04/2001;5.115
04/04/2001;5.182
05/04/2001;5.422
06/04/2001;5.388
09/04/2001;5.477
10/04/2001;5.559
11/04/2001;5.385
12/04/2001;5.381
16/04/2001;5.516
17/04/2001;5.248
18/04/2001;5.148
19/04/2001;5.101
20/04/2001;5.128
23/04/2001;5.125
24/04/2001;5.078
25/04/2001;4.981
26/04/2001;4.891
27/04/2001;4.867
30/04/2001;4.695
01/05/2001;4.641
02/05/2001;4.483
03/05/2001;4.527
04/05/2001;4.49
07/05/2001;4.239
08/05/2001;4.279
09/05/2001;4.202
10/05/2001;4.348
11/05/2001;4.278
14/05/2001;4.394
15/05/2001;4.653
16/05/2001;4.298
17/05/2001;4.248
18/05/2001;4.291
21/05/2001;4.113
22/05/2001;4.123
23/05/2001;4.113
24/05/2001;4.054
25/05/2001;3.973
29/05/2001;3.738
30/05/2001;3.981
31/05/2001;3.914
01/06/2001;3.93
04/06/2001;4.069
05/06/2001;3.892
06/06/2001;3.801
07/06/2001;3.79
08/06/2001;3.922
11/06/2001;4.179
12/06/2001;4.301
13/06/2001;4.112
14/06/2001;4.038
15/06/2001;3.979
18/06/2001;3.939
19/06/2001;3.981
20/06/2001;3.734
21/06/2001;3.747
22/06/2001;3.742
25/06/2001;3.446
26/06/2001;3.397
27/06/2001;3.182
28/06/2001;3.28
29/06/2001;3.096
02/07/2001;3.117
03/07/2001;3.201
05/07/2001;3.136
06/07/2001;3.218
09/07/2001;3.153
10/07/2001;3.282
11/07/2001;3.342
12/07/2001;3.428
13/07/2001;3.25
16/07/2001;3.068
17/07/2001;3.165
18/07/2001;3.087
19/07/2001;2.939
20/07/2001;2.955
23/07/2001;2.978
24/07/2001;2.97
25/07/2001;3.276
26/07/2001;3.128
27/07/2001;3.167
30/07/2001;3.353
31/07/2001;3.296
01/08/2001;3.081
02/08/2001;3.192
03/08/2001;2.971
06/08/2001;3.027
07/08/2001;2.971
08/08/2001;3.036
09/08/2001;2.956
10/08/2001;3.04
13/08/2001;2.999
14/08/2001;3.094
15/08/2001;3.468
16/08/2001;3.367
17/08/2001;3.303
20/08/2001;3.187
21/08/2001;3.166
22/08/2001;2.848
23/08/2001;2.811
24/08/2001;2.706
27/08/2001;2.544
28/08/2001;2.415
29/08/2001;2.415
30/08/2001;2.395
31/08/2001;2.38
04/09/2001;2.359
05/09/2001;2.42
06/09/2001;2.44
07/09/2001;2.5
10/09/2001;2.392
11/09/2001;2.418
14/09/2001;2.552
17/09/2001;2.369
18/09/2001;2.225
19/09/2001;2.102
20/09/2001;2.137
21/09/2001;2.103
24/09/2001;1.91
25/09/2001;1.925
26/09/2001;1.83
27/09/2001;2.253
28/09/2001;2.244
01/10/2001;2.208
02/10/2001;2.268
03/10/2001;2.32
04/10/2001;2.414
05/10/2001;2.227
08/10/2001;2.27
09/10/2001;2.388
10/10/2001;2.48
11/10/2001;2.531
12/10/2001;2.43
15/10/2001;2.378
16/10/2001;2.592
17/10/2001;2.418
18/10/2001;2.486
19/10/2001;2.681
22/10/2001;2.807
23/10/2001;2.681
24/10/2001;2.981
25/10/2001;2.938
26/10/2001;3.041
29/10/2001;3.202
30/10/2001;3.183
31/10/2001;3.291
01/11/2001;3.29
02/11/2001;3.248
05/11/2001;2.922
06/11/2001;2.88
07/11/2001;2.87
08/11/2001;2.96
09/11/2001;2.925
12/11/2001;2.733
13/11/2001;2.798
14/11/2001;2.676
15/11/2001;2.551
16/11/2001;2.637
19/11/2001;2.791
20/11/2001;2.852
21/11/2001;2.813
26/11/2001;2.696
27/11/2001;2.606
28/11/2001;2.316
29/11/2001;2.561
30/11/2001;2.701
03/12/2001;2.634
04/12/2001;2.563
05/12/2001;2.491
06/12/2001;2.565
07/12/2001;2.568
10/12/2001;2.747
11/12/2001;2.803
12/12/2001;2.719
13/12/2001;2.756
14/12/2001;2.846
17/12/2001;2.686
18/12/2001;2.657
19/12/2001;2.616
20/12/2001;2.686
21/12/2001;2.895
26/12/2001;2.911
27/12/2001;2.555
28/12/2001;2.774
31/12/2001;2.57
02/01/2002;2.465
03/01/2002;2.268
04/01/2002;2.275
07/01/2002;2.272
08/01/2002;2.281
09/01/2002;2.228
10/01/2002;2.185
11/01/2002;2.204
14/01/2002;2.25
15/01/2002;2.291
16/01/2002;2.394
17/01/2002;2.254
18/01/2002;2.236
22/01/2002;2.106
23/01/2002;2.076
24/01/2002;2.048
25/01/2002;2.037
28/01/2002;1.908
29/01/2002;2.006
30/01/2002;2.08
31/01/2002;2.138
01/02/2002;2.138
04/02/2002;2.117
05/02/2002;2.074
06/02/2002;2.101
07/02/2002;2.15
08/02/2002;2.191
11/02/2002;2.286
12/02/2002;2.305
13/02/2002;2.245
14/02/2002;2.186
15/02/2002;2.206
19/02/2002;2.397
20/02/2002;2.385
21/02/2002;2.425
22/02/2002;2.449
25/02/2002;2.307
26/02/2002;2.388
27/02/2002;2.427
28/02/2002;2.357
01/03/2002;2.359
04/03/2002;2.488
05/03/2002;2.467
06/03/2002;2.566
07/03/2002;2.756
08/03/2002;2.8
11/03/2002;3.021
12/03/2002;3.018
13/03/2002;2.87
14/03/2002;2.924
15/03/2002;3.076
18/03/2002;3.305
19/03/2002;3.256
20/03/2002;3.111
21/03/2002;3.431
22/03/2002;3.326
25/03/2002;3.457
26/03/2002;3.472
27/03/2002;3.29
28/03/2002;3.283
01/04/2002;3.531
02/04/2002;3.654
03/04/2002;3.506
04/04/2002;3.333
05/04/2002;3.275
08/04/2002;3.327
09/04/2002;3.201
10/04/2002;3.184
11/04/2002;3.103
12/04/2002;3.125
15/04/2002;3.43
16/04/2002;3.294
17/04/2002;3.477
18/04/2002;3.485
19/04/2002;3.527
22/04/2002;3.596
23/04/2002;3.591
24/04/2002;3.419
25/04/2002;3.295
26/04/2002;3.319
29/04/2002;3.561
30/04/2002;3.795
01/05/2002;3.735
02/05/2002;3.684
03/05/2002;3.745
06/05/2002;3.595
07/05/2002;3.673
08/05/2002;3.746
09/05/2002;3.719
10/05/2002;3.749
13/05/2002;3.783
14/05/2002;3.855
15/05/2002;3.64
16/05/2002;3.609
17/05/2002;3.598
20/05/2002;3.49
21/05/2002;3.395
22/05/2002;3.459
23/05/2002;3.438
24/05/2002;3.347
28/05/2002;3.28
29/05/2002;3.42
30/05/2002;3.222
31/05/2002;3.217
03/06/2002;3.242
04/06/2002;3.328
05/06/2002;3.26
06/06/2002;3.182
07/06/2002;3.204
10/06/2002;3.135
11/06/2002;3.132
12/06/2002;3.057
13/06/2002;3.211
14/06/2002;3.342
17/06/2002;3.377
18/06/2002;3.312
19/06/2002;3.314
20/06/2002;3.216
21/06/2002;3.237
24/06/2002;3.43
25/06/2002;3.449
26/06/2002;3.278
27/06/2002;3.236
28/06/2002;3.245
01/07/2002;3.192
02/07/2002;3.145
03/07/2002;3.142
08/07/2002;2.939
09/07/2002;2.991
10/07/2002;2.864
11/07/2002;2.83
12/07/2002;2.787
15/07/2002;2.784
16/07/2002;2.863
17/07/2002;2.841
18/07/2002;2.943
19/07/2002;2.933
22/07/2002;2.947
23/07/2002;2.889
24/07/2002;3.042
25/07/2002;2.902
26/07/2002;2.936
29/07/2002;2.976
30/07/2002;2.891
31/07/2002;2.954
01/08/2002;2.842
02/08/2002;2.858
05/08/2002;2.678
06/08/2002;2.716
07/08/2002;2.66
08/08/2002;2.745
09/08/2002;2.761
12/08/2002;2.965
13/08/2002;2.975
14/08/2002;2.91
15/08/2002;3.127
16/08/2002;3.149
19/08/2002;3.267
20/08/2002;3.166
21/08/2002;3.274
22/08/2002;3.515
23/08/2002;3.487
26/08/2002;3.617
27/08/2002;3.483
28/08/2002;3.288
29/08/2002;3.25
30/08/2002;3.296
03/09/2002;3.132
04/09/2002;3.193
05/09/2002;3.342
06/09/2002;3.265
09/09/2002;3.399
10/09/2002;3.356
11/09/2002;3.25
12/09/2002;3.329
13/09/2002;3.467
16/09/2002;3.507
17/09/2002;3.679
18/09/2002;3.787
19/09/2002;3.856
20/09/2002;3.758
23/09/2002;3.978
24/09/2002;3.742
25/09/2002;3.494
26/09/2002;3.686
27/09/2002;4.041
30/09/2002;4.138
01/10/2002;4.067
02/10/2002;4.16
03/10/2002;3.724
04/10/2002;3.739
07/10/2002;3.74
08/10/2002;3.862
09/10/2002;3.918
10/10/2002;3.828
11/10/2002;4.146
14/10/2002;4.303
15/10/2002;4.247
16/10/2002;4.227
17/10/2002;4.299
18/10/2002;4.239
21/10/2002;4.157
22/10/2002;4.11
23/10/2002;4.26
24/10/2002;4.133
25/10/2002;4.028
28/10/2002;4.176
29/10/2002;4.126
30/10/2002;4.389
31/10/2002;4.156
01/11/2002;4.06
04/11/2002;3.863
05/11/2002;3.883
06/11/2002;3.854
07/11/2002;3.831
08/11/2002;3.903
11/11/2002;3.778
12/11/2002;3.872
13/11/2002;3.877
14/11/2002;3.869
15/11/2002;3.981
18/11/2002;4.263
19/11/2002;4.261
20/11/2002;4.254
21/11/2002;4.351
22/11/2002;4.26
25/11/2002;4.261
26/11/2002;4.14
27/11/2002;4.2
02/12/2002;4.32
03/12/2002;4.226
04/12/2002;4.298
05/12/2002;4.406
06/12/2002;4.383
09/12/2002;4.359
10/12/2002;4.636
11/12/2002;4.709
12/12/2002;5.089
13/12/2002;5.284
16/12/2002;5.341
17/12/2002;5.24
18/12/2002;5.278
19/12/2002;5.047
20/12/2002;5.183
23/12/2002;5.116
24/12/2002;5.146
26/12/2002;4.962
27/12/2002;4.988
30/12/2002;4.8
31/12/2002;4.789
02/01/2003;5.251
03/01/2003;5.344
06/01/2003;4.935
07/01/2003;5.127
08/01/2003;5.161
09/01/2003;5.304
10/01/2003;5.143
13/01/2003;5.251
14/01/2003;5.107
15/01/2003;5.43
16/01/2003;5.645
17/01/2003;5.536
21/01/2003;5.433
22/01/2003;5.673
23/01/2003;5.458
24/01/2003;5.524
27/01/2003;5.396
28/01/2003;5.444
29/01/2003;5.66
30/01/2003;5.583
31/01/2003;5.605
03/02/2003;5.766
04/02/2003;5.762
05/02/2003;5.644
06/02/2003;5.828
07/02/2003;6.043
10/02/2003;5.852
11/02/2003;5.977
12/02/2003;5.785
13/02/2003;5.74
14/02/2003;5.851
18/02/2003;5.911
19/02/2003;6.134
20/02/2003;6.162
21/02/2003;6.606
24/02/2003;9.137
25/02/2003;9.577
26/02/2003;9.133
27/02/2003;7.485
28/02/2003;8.101
03/03/2003;7.162
04/03/2003;7.041
05/03/2003;7.021
06/03/2003;6.844
07/03/2003;6.993
10/03/2003;6.515
11/03/2003;5.944
12/03/2003;5.865
13/03/2003;5.361
14/03/2003;5.429
17/03/2003;5.507
18/03/2003;5.339
19/03/2003;5.278
20/03/2003;5.306
21/03/2003;5.128
24/03/2003;5.253
25/03/2003;5.077
26/03/2003;5.097
27/03/2003;5.146
28/03/2003;5.146
31/03/2003;5.06
01/04/2003;5.125
02/04/2003;5.065
03/04/2003;4.919
04/04/2003;4.943
07/04/2003;5.134
08/04/2003;5.108
09/04/2003;5.195
10/04/2003;5.419
11/04/2003;5.411
14/04/2003;5.552
15/04/2003;5.653
16/04/2003;5.677
17/04/2003;5.709
21/04/2003;5.713
22/04/2003;5.645
23/04/2003;5.569
24/04/2003;5.474
25/04/2003;5.477
28/04/2003;5.123
29/04/2003;5.236
30/04/2003;5.385
01/05/2003;5.267
02/05/2003;5.255
05/05/2003;5.689
06/05/2003;5.568
07/05/2003;5.66
08/05/2003;5.772
09/05/2003;5.806
12/05/2003;5.983
13/05/2003;6.308
14/05/2003;6.314
15/05/2003;6.131
16/05/2003;6.122
19/05/2003;6.015
20/05/2003;6.056
21/05/2003;6.198
22/05/2003;6.035
23/05/2003;6.119
27/05/2003;5.9
28/05/2003;5.945
29/05/2003;6.066
30/05/2003;6.251
02/06/2003;6.412
03/06/2003;6.36
04/06/2003;6.375
05/06/2003;6.521
06/06/2003;6.51
09/06/2003;6.314
10/06/2003;6.33
11/06/2003;6.213
12/06/2003;5.606
13/06/2003;5.675
16/06/2003;5.706
17/06/2003;5.712
18/06/2003;5.581
19/06/2003;5.941
20/06/2003;5.805
23/06/2003;5.863
24/06/2003;5.697
25/06/2003;5.757
26/06/2003;5.291
27/06/2003;5.362
30/06/2003;5.411
01/07/2003;5.317
02/07/2003;5.199
03/07/2003;5.226
07/07/2003;5.381
08/07/2003;5.503
09/07/2003;5.52
10/07/2003;5.258
11/07/2003;5.154
14/07/2003;5.102
15/07/2003;5.02
16/07/2003;4.934
17/07/2003;5.05
18/07/2003;5.022
21/07/2003;5.107
22/07/2003;4.868
23/07/2003;4.876
24/07/2003;4.731
25/07/2003;4.706
28/07/2003;4.7
29/07/2003;4.693
30/07/2003;4.668
31/07/2003;4.718
01/08/2003;4.874
04/08/2003;4.63
05/08/2003;4.677
06/08/2003;4.745
07/08/2003;5.082
08/08/2003;5.037
11/08/2003;5.129
12/08/2003;5.217
13/08/2003;5.179
14/08/2003;4.891
15/08/2003;4.848
18/08/2003;4.883
19/08/2003;4.964
20/08/2003;5.119
21/08/2003;5.275
22/08/2003;5.28
25/08/2003;5.083
26/08/2003;5.038
27/08/2003;4.927
28/08/2003;4.944
29/08/2003;4.731
02/09/2003;4.639
03/09/2003;4.694
04/09/2003;4.81
05/09/2003;4.771
08/09/2003;4.661
09/09/2003;4.73
10/09/2003;4.968
11/09/2003;4.738
12/09/2003;4.766
15/09/2003;4.685
16/09/2003;4.661
17/09/2003;4.642
18/09/2003;4.471
19/09/2003;4.483
22/09/2003;4.494
23/09/2003;4.511
24/09/2003;4.588
25/09/2003;4.542
26/09/2003;4.43
29/09/2003;4.895
30/09/2003;4.83
01/10/2003;4.677
02/10/2003;4.686
03/10/2003;4.767
06/10/2003;4.904
07/10/2003;5.14
08/10/2003;5.148
09/10/2003;5.494
10/10/2003;5.652
13/10/2003;5.547
14/10/2003;5.475
15/10/2003;5.431
16/10/2003;5.411
17/10/2003;5.036
20/10/2003;4.772
21/10/2003;4.875
22/10/2003;4.924
23/10/2003;4.913
24/10/2003;4.786
27/10/2003;4.512
28/10/2003;4.486
29/10/2003;4.459
30/10/2003;4.71
31/10/2003;4.893
03/11/2003;4.705
04/11/2003;4.727
05/11/2003;4.897
06/11/2003;4.658
07/11/2003;4.706
10/11/2003;4.711
11/11/2003;4.869
12/11/2003;4.739
13/11/2003;4.797
14/11/2003;5.112
17/11/2003;4.764
18/11/2003;4.865
19/11/2003;4.738
20/11/2003;4.618
21/11/2003;4.634
24/11/2003;4.682
25/11/2003;4.86
26/11/2003;4.925
01/12/2003;5.283
02/12/2003;5.579
03/12/2003;5.756
04/12/2003;6.337
05/12/2003;6.135
08/12/2003;6.902
09/12/2003;6.722
10/12/2003;6.711
11/12/2003;6.615
12/12/2003;7.221
15/12/2003;6.954
16/12/2003;6.747
17/12/2003;6.993
18/12/2003;7.122
19/12/2003;6.982
22/12/2003;6.324
23/12/2003;6.143
24/12/2003;6.379
29/12/2003;6.15
30/12/2003;6.6
31/12/2003;6.189
05/01/2004;6.827
06/01/2004;7.082
07/01/2004;6.878
08/01/2004;7.094
09/01/2004;7.287
12/01/2004;6.906
13/01/2004;6.329
14/01/2004;6.387
15/01/2004;5.845
16/01/2004;5.94
20/01/2004;6.291
21/01/2004;6.15
22/01/2004;5.834
23/01/2004;6.059
26/01/2004;5.727
27/01/2004;5.716
28/01/2004;5.775
29/01/2004;5.659
30/01/2004;5.397
02/02/2004;5.574
03/02/2004;5.651
04/02/2004;5.654
05/02/2004;5.4
06/02/2004;5.354
09/02/2004;5.349
10/02/2004;5.404
11/02/2004;5.26
12/02/2004;5.451
13/02/2004;5.536
17/02/2004;5.319
18/02/2004;5.356
19/02/2004;5.235
20/02/2004;5.193
23/02/2004;5.127
24/02/2004;5.077
25/02/2004;5.15
26/02/2004;5.391
27/02/2004;5.416
01/03/2004;5.55
02/03/2004;5.565
03/03/2004;5.375
04/03/2004;5.457
05/03/2004;5.443
08/03/2004;5.393
09/03/2004;5.438
10/03/2004;5.397
11/03/2004;5.643
12/03/2004;5.596
15/03/2004;5.718
16/03/2004;5.688
17/03/2004;5.722
18/03/2004;5.631
19/03/2004;5.582
22/03/2004;5.546
23/03/2004;5.53
24/03/2004;5.429
25/03/2004;5.336
26/03/2004;5.395
29/03/2004;5.365
30/03/2004;5.755
31/03/2004;5.933
01/04/2004;5.765
02/04/2004;5.812
05/04/2004;5.804
06/04/2004;5.809
07/04/2004;5.872
08/04/2004;5.941
12/04/2004;6.009
13/04/2004;5.788
14/04/2004;5.744
15/04/2004;5.734
16/04/2004;5.61
19/04/2004;5.509
20/04/2004;5.553
21/04/2004;5.582
22/04/2004;5.623
23/04/2004;5.571
26/04/2004;5.764
27/04/2004;5.874
28/04/2004;5.935
29/04/2004;5.924
30/04/2004;5.862
03/05/2004;6.231
04/05/2004;6.269
05/05/2004;6.31
06/05/2004;6.219
07/05/2004;6.294
10/05/2004;6.184
11/05/2004;6.386
12/05/2004;6.405
13/05/2004;6.48
14/05/2004;6.401
17/05/2004;6.424
18/05/2004;6.154
19/05/2004;6.455
20/05/2004;6.324
21/05/2004;6.353
24/05/2004;6.705
25/05/2004;6.684
26/05/2004;6.68
27/05/2004;6.573
28/05/2004;6.442
01/06/2004;6.681
02/06/2004;6.519
03/06/2004;6.363
04/06/2004;6.261
07/06/2004;6.207
08/06/2004;6.115
09/06/2004;6.082
10/06/2004;6.176
14/06/2004;6.244
15/06/2004;6.304
16/06/2004;6.489
17/06/2004;6.582
18/06/2004;6.52
21/06/2004;6.339
22/06/2004;6.412
23/06/2004;6.415
24/06/2004;6.485
25/06/2004;6.353
28/06/2004;6.141
29/06/2004;6.118
30/06/2004;6.155
01/07/2004;6.217
02/07/2004;6.148
06/07/2004;6.424
07/07/2004;6.37
08/07/2004;6.185
09/07/2004;6.141
12/07/2004;5.857
13/07/2004;5.905
14/07/2004;5.977
15/07/2004;5.846
16/07/2004;5.887
19/07/2004;5.818
20/07/2004;5.837
21/07/2004;5.931
22/07/2004;6.152
23/07/2004;6.134
26/07/2004;5.957
27/07/2004;5.989
28/07/2004;6.048
29/07/2004;6.18
30/07/2004;6.112
02/08/2004;5.813
03/08/2004;5.816
04/08/2004;5.661
05/08/2004;5.712
06/08/2004;5.588
09/08/2004;5.693
10/08/2004;5.791
11/08/2004;5.614
12/08/2004;5.442
13/08/2004;5.533
16/08/2004;5.378
17/08/2004;5.373
18/08/2004;5.382
19/08/2004;5.507
20/08/2004;5.552
23/08/2004;5.31
24/08/2004;5.338
25/08/2004;5.298
26/08/2004;5.189
27/08/2004;5.082
30/08/2004;5.234
31/08/2004;5.074
01/09/2004;4.965
02/09/2004;4.767
03/09/2004;4.675
07/09/2004;4.79
08/09/2004;4.631
09/09/2004;4.658
10/09/2004;4.57
13/09/2004;4.85
14/09/2004;4.928
15/09/2004;4.824
16/09/2004;4.719
17/09/2004;5.108
20/09/2004;5.249
21/09/2004;5.608
22/09/2004;5.629
23/09/2004;5.564
24/09/2004;5.392
27/09/2004;5.262
28/09/2004;5.723
29/09/2004;6.911
30/09/2004;6.795
01/10/2004;6.772
04/10/2004;6.725
05/10/2004;7.164
06/10/2004;7.045
07/10/2004;7.255
08/10/2004;7.163
11/10/2004;6.993
12/10/2004;6.636
13/10/2004;6.851
14/10/2004;6.803
15/10/2004;6.709
18/10/2004;6.806
19/10/2004;7.123
20/10/2004;7.623
21/10/2004;7.697
22/10/2004;8.105
25/10/2004;7.89
26/10/2004;8.402
27/10/2004;7.626
28/10/2004;8.684
29/10/2004;8.725
01/11/2004;8.72
02/11/2004;8.567
03/11/2004;8.752
04/11/2004;8.199
05/11/2004;7.954
08/11/2004;7.6
09/11/2004;7.471
10/11/2004;7.678
11/11/2004;7.236
12/11/2004;7.176
15/11/2004;7.436
16/11/2004;7.124
17/11/2004;7.283
18/11/2004;6.873
19/11/2004;7.115
22/11/2004;6.762
23/11/2004;6.793
24/11/2004;7.976
29/11/2004;7.837
30/11/2004;7.62
01/12/2004;7.413
02/12/2004;6.811
03/12/2004;6.796
06/12/2004;6.923
07/12/2004;6.621
08/12/2004;6.683
09/12/2004;6.886
10/12/2004;6.843
13/12/2004;7.166
14/12/2004;7.333
15/12/2004;7.236
16/12/2004;7
17/12/2004;7.457
20/12/2004;6.952
21/12/2004;6.856
22/12/2004;6.82
23/12/2004;6.668
27/12/2004;6.16
28/12/2004;6.213
29/12/2004;6.402
30/12/2004;6.149
31/12/2004;#N/A N/A
03/01/2005;5.79
04/01/2005;5.902
05/01/2005;5.833
06/01/2005;6.049
07/01/2005;6.001
10/01/2005;6.159
11/01/2005;6.095
12/01/2005;5.943
13/01/2005;6.445
14/01/2005;6.395
18/01/2005;6.137
19/01/2005;6.293
20/01/2005;6.308
21/01/2005;6.24
24/01/2005;6.476
25/01/2005;6.403
26/01/2005;6.388
27/01/2005;6.288
28/01/2005;6.259
31/01/2005;6.321
01/02/2005;6.316
02/02/2005;6.376
03/02/2005;6.149
04/02/2005;6.096
07/02/2005;5.969
08/02/2005;6.164
09/02/2005;6.165
10/02/2005;6.16
11/02/2005;6.093
14/02/2005;6.093
15/02/2005;6.175
16/02/2005;6.109
17/02/2005;5.923
18/02/2005;5.908
22/02/2005;6.103
23/02/2005;6.311
24/02/2005;6.304
25/02/2005;6.715
28/02/2005;6.73
01/03/2005;6.68
02/03/2005;6.717
03/03/2005;6.657
04/03/2005;6.744
07/03/2005;6.714
08/03/2005;6.847
09/03/2005;6.88
10/03/2005;6.768
11/03/2005;6.772
14/03/2005;7.138
15/03/2005;7.179
16/03/2005;7.192
17/03/2005;7.238
18/03/2005;7.273
21/03/2005;7.318
22/03/2005;7.248
23/03/2005;7.138
24/03/2005;7.062
28/03/2005;6.999
29/03/2005;7.323
30/03/2005;7.46
31/03/2005;7.653
01/04/2005;7.749
04/04/2005;7.594
05/04/2005;7.572
06/04/2005;7.558
07/04/2005;7.366
08/04/2005;7.242
11/04/2005;7.309
12/04/2005;7.094
13/04/2005;6.978
14/04/2005;7.069
15/04/2005;6.997
18/04/2005;6.95
19/04/2005;7.045
20/04/2005;7.057
21/04/2005;7.032
22/04/2005;7.195
25/04/2005;7.153
26/04/2005;7.12
27/04/2005;6.748
28/04/2005;6.748
29/04/2005;6.585
02/05/2005;6.697
03/05/2005;6.515
04/05/2005;6.63
05/05/2005;6.691
06/05/2005;6.621
09/05/2005;6.674
10/05/2005;6.694
11/05/2005;6.683
12/05/2005;6.511
13/05/2005;6.536
16/05/2005;6.446
17/05/2005;6.476
18/05/2005;6.392
19/05/2005;6.357
20/05/2005;6.343
23/05/2005;6.407
24/05/2005;6.349
25/05/2005;6.315
26/05/2005;6.123
27/05/2005;6.37
31/05/2005;6.379
01/06/2005;6.789
02/06/2005;6.819
03/06/2005;6.88
06/06/2005;7.122
07/06/2005;7.127
08/06/2005;7
09/06/2005;7.045
10/06/2005;6.932
13/06/2005;7.26
14/06/2005;7.228
15/06/2005;7.441
16/06/2005;7.613
17/06/2005;7.69
20/06/2005;7.67
21/06/2005;7.474
22/06/2005;7.442
23/06/2005;7.473
24/06/2005;7.36
27/06/2005;7.138
28/06/2005;6.976
29/06/2005;7.087
30/06/2005;6.981
01/07/2005;7.171
05/07/2005;7.475
06/07/2005;7.688
07/07/2005;7.398
08/07/2005;7.472
11/07/2005;7.495
12/07/2005;7.885
13/07/2005;7.9
14/07/2005;7.844
15/07/2005;7.849
18/07/2005;7.652
19/07/2005;7.586
20/07/2005;7.55
21/07/2005;7.3
22/07/2005;7.384
25/07/2005;7.284
26/07/2005;7.425
27/07/2005;7.647
28/07/2005;7.694
29/07/2005;7.885
01/08/2005;8.154
02/08/2005;8.378
03/08/2005;8.351
04/08/2005;8.471
05/08/2005;8.7
08/08/2005;8.684
09/08/2005;8.649
10/08/2005;9.071
11/08/2005;9.301
12/08/2005;9.588
15/08/2005;9.54
16/08/2005;9.752
17/08/2005;9.391
18/08/2005;8.928
19/08/2005;9.111
22/08/2005;9.564
23/08/2005;9.683
24/08/2005;9.984
25/08/2005;9.77
26/08/2005;9.792
29/08/2005;10.847
30/08/2005;11.659
31/08/2005;11.472
01/09/2005;11.757
02/09/2005;11.691
06/09/2005;11.657
07/09/2005;11.201
08/09/2005;11.347
09/09/2005;11.263
12/09/2005;11.031
13/09/2005;10.763
14/09/2005;11.166
15/09/2005;11.336
16/09/2005;11.144
19/09/2005;12.663
20/09/2005;12.492
21/09/2005;12.594
22/09/2005;12.79
23/09/2005;12.324
26/09/2005;12.44
27/09/2005;12.656
28/09/2005;13.907
29/09/2005;14.196
30/09/2005;13.921
03/10/2005;14.017
04/10/2005;14.224
05/10/2005;14.183
06/10/2005;13.375
07/10/2005;13.226
10/10/2005;12.975
11/10/2005;13.519
12/10/2005;13.524
13/10/2005;13.103
14/10/2005;13.219
17/10/2005;13.887
18/10/2005;13.421
19/10/2005;13.549
20/10/2005;12.977
21/10/2005;12.872
24/10/2005;13.004
25/10/2005;14.338
26/10/2005;14.04
27/10/2005;13.832
28/10/2005;13.055
31/10/2005;12.205
01/11/2005;11.86
02/11/2005;11.604
03/11/2005;11.689
04/11/2005;11.415
07/11/2005;11.873
08/11/2005;11.793
09/11/2005;11.669
10/11/2005;11.38
11/11/2005;11.712
14/11/2005;11.607
15/11/2005;11.563
16/11/2005;12.329
17/11/2005;11.942
18/11/2005;11.414
21/11/2005;11.331
22/11/2005;11.614
23/11/2005;11.62
28/11/2005;11.18
29/11/2005;11.736
30/11/2005;12.587
01/12/2005;13.027
02/12/2005;13.931
05/12/2005;13.66
06/12/2005;13.489
07/12/2005;13.7
08/12/2005;14.994
09/12/2005;14.312
12/12/2005;14.841
13/12/2005;15.378
14/12/2005;14.679
15/12/2005;13.781
16/12/2005;13.633
19/12/2005;14.043
20/12/2005;14.08
21/12/2005;14.271
22/12/2005;12.923
23/12/2005;12.283
27/12/2005;11.022
28/12/2005;11.431
29/12/2005;11.223
30/12/2005;11.225
03/01/2006;10.626
04/01/2006;10.197
05/01/2006;9.499
06/01/2006;9.632
09/01/2006;9.36
10/01/2006;9.336
11/01/2006;9.238
12/01/2006;8.943
13/01/2006;8.791
17/01/2006;9.168
18/01/2006;8.694
19/01/2006;8.905
20/01/2006;9.28
23/01/2006;8.574
24/01/2006;8.682
25/01/2006;8.46
26/01/2006;8.229
27/01/2006;8.4
30/01/2006;9.389
31/01/2006;9.316
01/02/2006;8.723
02/02/2006;8.347
03/02/2006;8.613
06/02/2006;7.995
07/02/2006;7.858
08/02/2006;7.735
09/02/2006;7.479
10/02/2006;7.316
13/02/2006;7.243
14/02/2006;7.114
15/02/2006;7.066
16/02/2006;7.134
17/02/2006;7.182
21/02/2006;7.731
22/02/2006;7.283
23/02/2006;7.458
24/02/2006;7.112
27/02/2006;6.789
28/02/2006;6.714
01/03/2006;6.733
02/03/2006;6.76
03/03/2006;6.79
06/03/2006;6.547
07/03/2006;6.678
08/03/2006;6.648
09/03/2006;6.601
10/03/2006;6.646
13/03/2006;7.007
14/03/2006;7.167
15/03/2006;7.143
16/03/2006;7.267
17/03/2006;7.053
20/03/2006;6.835
21/03/2006;6.868
22/03/2006;6.953
23/03/2006;7.328
24/03/2006;7.29
27/03/2006;7.067
28/03/2006;7.214
29/03/2006;7.233
30/03/2006;7.487
31/03/2006;7.21
03/04/2006;7.244
04/04/2006;7.065
05/04/2006;7.069
06/04/2006;6.972
07/04/2006;6.743
10/04/2006;6.882
11/04/2006;6.908
12/04/2006;6.808
13/04/2006;7.135
17/04/2006;7.577
18/04/2006;8.008
19/04/2006;8.192
20/04/2006;8.064
21/04/2006;7.981
24/04/2006;7.558
25/04/2006;7.254
26/04/2006;7.198
27/04/2006;6.805
28/04/2006;6.555
01/05/2006;6.695
02/05/2006;6.746
03/05/2006;6.606
04/05/2006;6.906
05/05/2006;6.775
08/05/2006;6.696
09/05/2006;6.581
10/05/2006;6.9
11/05/2006;6.649
12/05/2006;6.28
15/05/2006;6.123
16/05/2006;6.252
17/05/2006;6.129
18/05/2006;5.997
19/05/2006;5.962
22/05/2006;6.276
23/05/2006;6.258
24/05/2006;5.964
25/05/2006;5.975
26/05/2006;5.925
30/05/2006;6.123
31/05/2006;6.384
01/06/2006;6.448
02/06/2006;6.623
05/06/2006;6.463
06/06/2006;6.385
07/06/2006;5.974
08/06/2006;6.191
09/06/2006;6.172
12/06/2006;6.224
13/06/2006;6.163
14/06/2006;6.59
15/06/2006;7.207
16/06/2006;7.185
19/06/2006;6.893
20/06/2006;6.502
21/06/2006;6.588
22/06/2006;6.439
23/06/2006;6.226
26/06/2006;5.969
27/06/2006;6.107
28/06/2006;5.887
29/06/2006;6.135
30/06/2006;6.104
03/07/2006;6.104
05/07/2006;5.765
06/07/2006;5.664
07/07/2006;5.523
10/07/2006;5.608
11/07/2006;5.633
12/07/2006;5.782
13/07/2006;6.129
14/07/2006;6.347
17/07/2006;5.783
18/07/2006;5.555
19/07/2006;5.862
20/07/2006;6.091
21/07/2006;6.139
24/07/2006;6.605
25/07/2006;6.409
26/07/2006;6.887
27/07/2006;7.042
28/07/2006;7.184
31/07/2006;8.211
01/08/2006;7.574
02/08/2006;7.799
03/08/2006;7.292
04/08/2006;7.246
07/08/2006;6.907
08/08/2006;7.158
09/08/2006;7.651
10/08/2006;7.529
11/08/2006;7.269
14/08/2006;6.913
15/08/2006;6.861
16/08/2006;6.766
17/08/2006;6.689
18/08/2006;6.731
21/08/2006;6.624
22/08/2006;7.008
23/08/2006;6.875
24/08/2006;7.079
25/08/2006;7.157
28/08/2006;6.472
29/08/2006;6.816
30/08/2006;6.29
31/08/2006;6.048
01/09/2006;5.877
05/09/2006;6.039
06/09/2006;5.994
07/09/2006;5.718
08/09/2006;5.675
11/09/2006;5.67
12/09/2006;5.574
13/09/2006;5.449
14/09/2006;4.892
15/09/2006;4.982
18/09/2006;4.942
19/09/2006;5.006
20/09/2006;4.931
21/09/2006;4.781
22/09/2006;4.627
25/09/2006;4.475
26/09/2006;4.526
27/09/2006;4.201
28/09/2006;5.392
29/09/2006;5.62
02/10/2006;5.643
03/10/2006;5.759
04/10/2006;5.995
05/10/2006;6.298
06/10/2006;6.427
09/10/2006;6.429
10/10/2006;6.466
11/10/2006;6.15
12/10/2006;5.782
13/10/2006;5.659
16/10/2006;6.444
17/10/2006;6.442
18/10/2006;6.807
19/10/2006;7.132
20/10/2006;7.241
23/10/2006;6.881
24/10/2006;7.091
25/10/2006;7.693
26/10/2006;7.497
27/10/2006;7.153
30/10/2006;7.416
31/10/2006;7.534
01/11/2006;7.712
02/11/2006;7.814
03/11/2006;7.884
06/11/2006;7.49
07/11/2006;7.755
08/11/2006;7.823
09/11/2006;7.955
10/11/2006;7.794
13/11/2006;7.894
14/11/2006;7.977
15/11/2006;8.12
16/11/2006;7.755
17/11/2006;8.179
20/11/2006;8.019
21/11/2006;7.988
22/11/2006;7.718
24/11/2006;7.718
27/11/2006;7.998
28/11/2006;8.318
29/11/2006;8.871
30/11/2006;8.844
01/12/2006;8.422
04/12/2006;7.806
05/12/2006;7.685
06/12/2006;7.727
07/12/2006;7.671
08/12/2006;7.561
11/12/2006;7.427
12/12/2006;7.43
13/12/2006;7.673
14/12/2006;7.555
15/12/2006;7.409
18/12/2006;7.075
19/12/2006;7.083
20/12/2006;6.769
21/12/2006;6.8
22/12/2006;6.635
26/12/2006;6.113
27/12/2006;5.838
28/12/2006;6.248
29/12/2006;6.299
02/01/2007;#N/A N/A
03/01/2007;6.163
04/01/2007;6.162
05/01/2007;6.184
08/01/2007;6.378
09/01/2007;6.631
10/01/2007;6.755
11/01/2007;6.292
12/01/2007;6.601
16/01/2007;6.638
17/01/2007;6.234
18/01/2007;6.324
19/01/2007;6.886
22/01/2007;7.319
23/01/2007;7.597
24/01/2007;7.421
25/01/2007;6.905
26/01/2007;7.175
29/01/2007;6.917
30/01/2007;7.74
31/01/2007;7.667
01/02/2007;7.53
02/02/2007;7.476
05/02/2007;7.634
06/02/2007;7.616
07/02/2007;7.709
08/02/2007;7.871
09/02/2007;7.827
12/02/2007;7.226
13/02/2007;7.367
14/02/2007;7.241
15/02/2007;7.292
16/02/2007;7.503
20/02/2007;7.585
21/02/2007;7.646
22/02/2007;7.727
23/02/2007;7.755
26/02/2007;7.547
27/02/2007;7.533
28/02/2007;7.3
01/03/2007;7.288
02/03/2007;7.243
05/03/2007;7.254
06/03/2007;7.472
07/03/2007;7.366
08/03/2007;7.239
09/03/2007;7.083
12/03/2007;6.912
13/03/2007;6.892
14/03/2007;7.083
15/03/2007;6.959
16/03/2007;6.924
19/03/2007;6.847
20/03/2007;6.91
21/03/2007;7.16
22/03/2007;7.32
23/03/2007;7.269
26/03/2007;7.254
27/03/2007;7.503
28/03/2007;7.558
29/03/2007;7.609
30/03/2007;7.73
02/04/2007;7.671
03/04/2007;7.426
04/04/2007;7.515
05/04/2007;7.607
09/04/2007;7.546
10/04/2007;7.869
11/04/2007;7.855
12/04/2007;7.924
13/04/2007;7.801
16/04/2007;7.53
17/04/2007;7.418
18/04/2007;7.497
19/04/2007;7.492
20/04/2007;7.381
23/04/2007;7.562
24/04/2007;7.598
25/04/2007;7.689
26/04/2007;7.508
27/04/2007;7.831
30/04/2007;7.863
01/05/2007;7.718
02/05/2007;7.73
03/05/2007;7.947
04/05/2007;7.938
07/05/2007;7.779
08/05/2007;7.637
09/05/2007;7.72
10/05/2007;7.726
11/05/2007;7.899
14/05/2007;7.952
15/05/2007;7.864
16/05/2007;7.89
17/05/2007;8.075
18/05/2007;7.944
21/05/2007;7.913
22/05/2007;7.801
23/05/2007;7.757
24/05/2007;7.681
25/05/2007;7.64
29/05/2007;7.591
30/05/2007;7.941
31/05/2007;7.935
01/06/2007;7.878
04/06/2007;8.191
05/06/2007;8.064
06/06/2007;8.08
07/06/2007;7.825
08/06/2007;7.663
11/06/2007;7.608
12/06/2007;7.682
13/06/2007;7.608
14/06/2007;7.808
15/06/2007;7.918
18/06/2007;7.69
19/06/2007;7.519
20/06/2007;7.391
21/06/2007;7.348
22/06/2007;7.13
25/06/2007;6.94
26/06/2007;6.877
27/06/2007;6.929
28/06/2007;6.655
29/06/2007;6.773
02/07/2007;6.764
03/07/2007;6.754
05/07/2007;6.618
06/07/2007;6.444
09/07/2007;6.41
10/07/2007;6.699
11/07/2007;6.6
12/07/2007;6.497
13/07/2007;6.662
16/07/2007;6.376
17/07/2007;6.307
18/07/2007;6.528
19/07/2007;6.706
20/07/2007;6.446
23/07/2007;6.039
24/07/2007;5.863
25/07/2007;5.925
26/07/2007;5.943
27/07/2007;6.11
30/07/2007;6.499
31/07/2007;6.191
01/08/2007;6.352
02/08/2007;6.106
03/08/2007;6.09
06/08/2007;6.208
07/08/2007;6.201
08/08/2007;6.22
09/08/2007;6.586
10/08/2007;6.82
13/08/2007;6.794
14/08/2007;6.94
15/08/2007;6.864
16/08/2007;6.875
17/08/2007;7.01
20/08/2007;6.04
21/08/2007;5.817
22/08/2007;5.578
23/08/2007;5.622
24/08/2007;5.523
27/08/2007;5.38
28/08/2007;5.593
29/08/2007;5.43
30/08/2007;5.635
31/08/2007;5.468
04/09/2007;5.629
05/09/2007;5.805
06/09/2007;5.65
07/09/2007;5.501
10/09/2007;5.891
11/09/2007;5.934
12/09/2007;6.438
13/09/2007;6.029
14/09/2007;6.279
17/09/2007;6.653
18/09/2007;6.568
19/09/2007;6.18
20/09/2007;6.008
21/09/2007;6.08
24/09/2007;6.37
25/09/2007;6.36
26/09/2007;6.423
27/09/2007;6.919
28/09/2007;6.87
01/10/2007;7.05
02/10/2007;7.427
03/10/2007;7.277
04/10/2007;7.412
05/10/2007;7.073
08/10/2007;6.846
09/10/2007;6.863
10/10/2007;7.01
11/10/2007;6.876
12/10/2007;6.974
15/10/2007;7.445
16/10/2007;7.367
17/10/2007;7.458
18/10/2007;7.374
19/10/2007;7.041
22/10/2007;6.891
23/10/2007;6.761
24/10/2007;6.972
25/10/2007;7.188
26/10/2007;7.218
29/10/2007;7.269
30/10/2007;8.021
31/10/2007;8.33
01/11/2007;8.637
02/11/2007;8.418
05/11/2007;7.999
06/11/2007;7.863
07/11/2007;7.624
08/11/2007;7.713
09/11/2007;7.897
12/11/2007;7.961
13/11/2007;7.949
14/11/2007;7.835
15/11/2007;7.7
16/11/2007;8.001
19/11/2007;7.787
20/11/2007;7.477
21/11/2007;7.55
23/11/2007;7.7
26/11/2007;7.723
27/11/2007;7.557
28/11/2007;7.203
29/11/2007;7.452
30/11/2007;7.302
03/12/2007;7.214
04/12/2007;7.155
05/12/2007;7.185
06/12/2007;7.33
07/12/2007;7.155
10/12/2007;7.032
11/12/2007;7.085
12/12/2007;7.408
13/12/2007;7.193
14/12/2007;7.025
17/12/2007;7.035
18/12/2007;7.141
19/12/2007;7.179
20/12/2007;7.137
21/12/2007;7.19
24/12/2007;7.025
26/12/2007;7.046
27/12/2007;7.172
28/12/2007;7.386
31/12/2007;7.483
02/01/2008;7.85
03/01/2008;7.674
04/01/2008;7.841
07/01/2008;7.879
08/01/2008;7.967
09/01/2008;8.099
10/01/2008;8.259
11/01/2008;8.21
14/01/2008;8.353
15/01/2008;8.196
16/01/2008;8.133
17/01/2008;8.081
18/01/2008;7.993
22/01/2008;7.67
23/01/2008;7.621
24/01/2008;7.802
25/01/2008;7.983
28/01/2008;8.095
29/01/2008;7.996
30/01/2008;8.045
31/01/2008;8.074
01/02/2008;7.74
04/02/2008;7.869
05/02/2008;7.942
06/02/2008;7.994
07/02/2008;8.102
08/02/2008;8.301
11/02/2008;8.531
12/02/2008;8.436
13/02/2008;8.388
14/02/2008;8.772
15/02/2008;8.66
19/02/2008;8.977
20/02/2008;8.965
21/02/2008;8.891
22/02/2008;9.146
25/02/2008;9.186
26/02/2008;9.206
27/02/2008;8.93
28/02/2008;9.443
29/02/2008;9.366
03/03/2008;9.346
04/03/2008;9.353
05/03/2008;9.741
06/03/2008;9.742
07/03/2008;9.769
10/03/2008;10.024
11/03/2008;10
12/03/2008;10.011
13/03/2008;10.23
14/03/2008;9.868
17/03/2008;9.1
18/03/2008;9.414
19/03/2008;9.024
20/03/2008;9.065
24/03/2008;9.329
25/03/2008;9.419
26/03/2008;9.572
27/03/2008;9.578
28/03/2008;9.8
31/03/2008;10.101
01/04/2008;9.724
02/04/2008;9.832
03/04/2008;9.417
04/04/2008;9.322
07/04/2008;9.791
08/04/2008;9.697
09/04/2008;10.056
10/04/2008;10.098
11/04/2008;9.901
14/04/2008;10.053
15/04/2008;10.205
16/04/2008;10.433
17/04/2008;10.383
18/04/2008;10.587
21/04/2008;10.733
22/04/2008;10.607
23/04/2008;10.781
24/04/2008;10.79
25/04/2008;10.963
28/04/2008;11.28
29/04/2008;10.842
30/04/2008;10.843
01/05/2008;10.561
02/05/2008;10.777
05/05/2008;11.178
06/05/2008;11.15
07/05/2008;11.327
08/05/2008;11.263
09/05/2008;11.537
12/05/2008;11.301
13/05/2008;11.422
14/05/2008;11.598
15/05/2008;11.399
16/05/2008;11.094
19/05/2008;10.954
20/05/2008;11.365
21/05/2008;11.64
22/05/2008;11.697
23/05/2008;11.857
27/05/2008;11.801
28/05/2008;11.916
29/05/2008;11.474
30/05/2008;11.703
02/06/2008;11.969
03/06/2008;12.221
04/06/2008;12.379
05/06/2008;12.519
06/06/2008;12.693
09/06/2008;12.604
10/06/2008;12.435
11/06/2008;12.66
12/06/2008;12.798
13/06/2008;12.625
16/06/2008;12.933
17/06/2008;12.952
18/06/2008;13.21
19/06/2008;12.861
20/06/2008;12.994
23/06/2008;13.203
24/06/2008;13.011
25/06/2008;12.753
26/06/2008;13.105
27/06/2008;13.198
30/06/2008;13.353
01/07/2008;13.505
02/07/2008;13.389
03/07/2008;13.577
07/07/2008;12.977
08/07/2008;12.368
09/07/2008;12.006
10/07/2008;12.3
11/07/2008;11.904
14/07/2008;11.959
15/07/2008;11.477
16/07/2008;11.398
17/07/2008;10.537
18/07/2008;10.57
21/07/2008;10.51
22/07/2008;10.067
23/07/2008;9.788
24/07/2008;9.323
25/07/2008;9.084
28/07/2008;9.163
29/07/2008;9.217
30/07/2008;9.248
31/07/2008;9.119
01/08/2008;9.389
04/08/2008;8.726
05/08/2008;8.726
06/08/2008;8.773
07/08/2008;8.571
08/08/2008;8.248
11/08/2008;8.349
12/08/2008;8.33
13/08/2008;8.456
14/08/2008;8.136
15/08/2008;8.092
18/08/2008;7.888
19/08/2008;7.976
20/08/2008;8.077
21/08/2008;8.252
22/08/2008;7.843
25/08/2008;7.825
26/08/2008;8.278
27/08/2008;8.394
28/08/2008;8.05
29/08/2008;7.943
02/09/2008;7.261
03/09/2008;7.264
04/09/2008;7.322
05/09/2008;7.449
08/09/2008;7.527
09/09/2008;7.535
10/09/2008;7.393
11/09/2008;7.248
12/09/2008;7.366
15/09/2008;7.374
16/09/2008;7.279
17/09/2008;7.91
18/09/2008;7.621
19/09/2008;7.531
22/09/2008;7.658
23/09/2008;7.931
24/09/2008;7.679
25/09/2008;7.724
26/09/2008;7.472
29/09/2008;7.221
30/09/2008;7.438
01/10/2008;7.728
02/10/2008;7.481
03/10/2008;7.358
06/10/2008;6.835
07/10/2008;6.768
08/10/2008;6.742
09/10/2008;6.825
10/10/2008;6.535
13/10/2008;6.688
14/10/2008;6.727
15/10/2008;6.592
16/10/2008;6.703
17/10/2008;6.786
20/10/2008;6.741
21/10/2008;6.844
22/10/2008;6.777
23/10/2008;6.419
24/10/2008;6.239
27/10/2008;6.121
28/10/2008;6.186
29/10/2008;6.469
30/10/2008;6.431
31/10/2008;6.783
03/11/2008;6.838
04/11/2008;7.219
05/11/2008;7.249
06/11/2008;6.979
07/11/2008;6.757
10/11/2008;7.248
11/11/2008;6.705
12/11/2008;6.405
13/11/2008;6.318
14/11/2008;6.312
17/11/2008;6.533
18/11/2008;6.516
19/11/2008;6.743
20/11/2008;6.316
21/11/2008;6.48
24/11/2008;6.888
25/11/2008;6.386
26/11/2008;6.878
28/11/2008;6.51
01/12/2008;6.604
02/12/2008;6.424
03/12/2008;6.347
04/12/2008;6.017
05/12/2008;5.742
08/12/2008;5.566
09/12/2008;5.579
10/12/2008;5.686
11/12/2008;5.598
12/12/2008;5.488
15/12/2008;5.645
16/12/2008;5.751
17/12/2008;5.619
18/12/2008;5.548
19/12/2008;5.334
22/12/2008;5.294
23/12/2008;5.737
24/12/2008;5.91
26/12/2008;5.826
29/12/2008;6.136
30/12/2008;5.859
31/12/2008;5.622
02/01/2009;5.971
05/01/2009;6.072
06/01/2009;5.983
07/01/2009;5.872
08/01/2009;5.583
09/01/2009;5.516
12/01/2009;5.542
13/01/2009;5.184
14/01/2009;4.97
15/01/2009;4.843
16/01/2009;4.801
20/01/2009;4.642
21/01/2009;4.78
22/01/2009;4.681
23/01/2009;4.518
26/01/2009;4.49
27/01/2009;4.503
28/01/2009;4.476
29/01/2009;4.576
30/01/2009;4.417
02/02/2009;4.557
03/02/2009;4.513
04/02/2009;4.597
05/02/2009;4.642
06/02/2009;4.774
09/02/2009;4.807
10/02/2009;4.543
11/02/2009;4.532
12/02/2009;4.485
13/02/2009;4.452
17/02/2009;4.203
18/02/2009;4.214
19/02/2009;4.078
20/02/2009;4.006
23/02/2009;4.097
24/02/2009;4.236
25/02/2009;4.056
26/02/2009;4.077
27/02/2009;4.198
02/03/2009;4.152
03/03/2009;4.282
04/03/2009;4.34
05/03/2009;4.088
06/03/2009;3.945
09/03/2009;3.865
10/03/2009;3.84
11/03/2009;3.798
12/03/2009;3.995
13/03/2009;3.932
16/03/2009;3.85
17/03/2009;3.812
18/03/2009;3.684
19/03/2009;4.174
20/03/2009;4.227
23/03/2009;4.294
24/03/2009;4.347
25/03/2009;4.329
26/03/2009;3.947
27/03/2009;3.631
30/03/2009;3.739
31/03/2009;3.776
01/04/2009;3.695
02/04/2009;3.782
03/04/2009;3.801
06/04/2009;3.732
07/04/2009;3.562
08/04/2009;3.63
09/04/2009;3.61
13/04/2009;3.628
14/04/2009;3.689
15/04/2009;3.693
16/04/2009;3.599
17/04/2009;3.729
20/04/2009;3.54
21/04/2009;3.511
22/04/2009;3.532
23/04/2009;3.409
24/04/2009;3.297
27/04/2009;3.253
28/04/2009;3.321
29/04/2009;3.403
30/04/2009;3.373
01/05/2009;3.546
04/05/2009;3.725
05/05/2009;3.615
06/05/2009;3.887
07/05/2009;4.081
08/05/2009;4.311
11/05/2009;4.302
12/05/2009;4.449
13/05/2009;4.333
14/05/2009;4.292
15/05/2009;4.098
18/05/2009;4.139
19/05/2009;3.914
20/05/2009;3.97
21/05/2009;3.603
22/05/2009;3.515
26/05/2009;3.537
27/05/2009;3.538
28/05/2009;3.957
29/05/2009;3.835
01/06/2009;4.249
02/06/2009;4.12
03/06/2009;3.766
04/06/2009;3.81
05/06/2009;3.868
08/06/2009;3.731
09/06/2009;3.731
10/06/2009;3.708
11/06/2009;3.933
12/06/2009;3.857
15/06/2009;4.182
16/06/2009;4.129
17/06/2009;4.253
18/06/2009;4.093
19/06/2009;4.032
22/06/2009;3.933
23/06/2009;3.879
24/06/2009;3.761
25/06/2009;3.844
26/06/2009;3.949
29/06/2009;3.944
30/06/2009;3.835
01/07/2009;3.795
02/07/2009;3.615
06/07/2009;3.487
07/07/2009;3.429
08/07/2009;3.353
09/07/2009;3.408
10/07/2009;3.373
13/07/2009;3.263
14/07/2009;3.429
15/07/2009;3.283
16/07/2009;3.668
17/07/2009;3.669
20/07/2009;3.689
21/07/2009;3.705
22/07/2009;3.793
23/07/2009;3.55
24/07/2009;3.695
27/07/2009;3.604
28/07/2009;3.535
29/07/2009;3.379
30/07/2009;3.743
31/07/2009;3.653
03/08/2009;4.031
04/08/2009;4.001
05/08/2009;4.042
06/08/2009;3.743
07/08/2009;3.674
10/08/2009;3.641
11/08/2009;3.541
12/08/2009;3.479
13/08/2009;3.336
14/08/2009;3.238
17/08/2009;3.163
18/08/2009;3.096
19/08/2009;3.119
20/08/2009;2.945
21/08/2009;2.804
24/08/2009;2.923
25/08/2009;2.882
26/08/2009;2.91
27/08/2009;2.843
28/08/2009;3.033
31/08/2009;2.977
01/09/2009;2.821
02/09/2009;2.715
03/09/2009;2.508
04/09/2009;2.728
08/09/2009;2.807
09/09/2009;2.829
10/09/2009;3.256
11/09/2009;2.96
14/09/2009;3.297
15/09/2009;3.32
16/09/2009;3.76
17/09/2009;3.458
18/09/2009;3.778
21/09/2009;3.576
22/09/2009;3.609
23/09/2009;3.86
24/09/2009;3.955
25/09/2009;3.985
28/09/2009;3.73
29/09/2009;4.875
30/09/2009;4.841
01/10/2009;4.466
02/10/2009;4.718
05/10/2009;4.987
06/10/2009;4.88
07/10/2009;4.904
08/10/2009;4.963
09/10/2009;4.77
12/10/2009;4.88
13/10/2009;4.588
14/10/2009;4.436
15/10/2009;4.482
16/10/2009;4.781
19/10/2009;4.835
20/10/2009;5.161
21/10/2009;5.1
22/10/2009;4.947
23/10/2009;4.787
26/10/2009;4.513
27/10/2009;4.557
28/10/2009;4.289
29/10/2009;5.062
30/10/2009;5.045
02/11/2009;4.824
03/11/2009;4.922
04/11/2009;4.725
05/11/2009;4.782
06/11/2009;4.595
09/11/2009;4.67
10/11/2009;4.467
11/11/2009;4.503
12/11/2009;4.37
13/11/2009;4.392
16/11/2009;4.614
17/11/2009;4.53
18/11/2009;4.254
19/11/2009;4.342
20/11/2009;4.424
23/11/2009;4.473
24/11/2009;4.486
25/11/2009;5.163
27/11/2009;5.192
30/11/2009;4.848
01/12/2009;4.762
02/12/2009;4.53
03/12/2009;4.459
04/12/2009;4.586
07/12/2009;4.971
08/12/2009;5.114
09/12/2009;4.898
10/12/2009;5.298
11/12/2009;5.163
14/12/2009;5.332
15/12/2009;5.523
16/12/2009;5.462
17/12/2009;5.768
18/12/2009;5.782
21/12/2009;5.669
22/12/2009;5.715
23/12/2009;5.821
24/12/2009;5.643
28/12/2009;5.99
29/12/2009;5.814
30/12/2009;5.709
31/12/2009;5.572
04/01/2010;5.884
05/01/2010;5.637
06/01/2010;6.009
07/01/2010;5.806
08/01/2010;5.749
11/01/2010;5.454
12/01/2010;5.591
13/01/2010;5.733
14/01/2010;5.588
15/01/2010;5.691
19/01/2010;5.557
20/01/2010;5.496
21/01/2010;5.615
22/01/2010;5.819
25/01/2010;5.722
26/01/2010;5.485
27/01/2010;5.274
28/01/2010;5.138
29/01/2010;5.131
01/02/2010;5.434
02/02/2010;5.454
03/02/2010;5.419
04/02/2010;5.416
05/02/2010;5.515
08/02/2010;5.401
09/02/2010;5.29
10/02/2010;5.292
11/02/2010;5.396
12/02/2010;5.468
16/02/2010;5.31
17/02/2010;5.386
18/02/2010;5.172
19/02/2010;5.044
22/02/2010;4.895
23/02/2010;4.778
24/02/2010;4.816
25/02/2010;4.767
26/02/2010;4.813
01/03/2010;4.679
02/03/2010;4.708
03/03/2010;4.757
04/03/2010;4.575
05/03/2010;4.593
08/03/2010;4.527
09/03/2010;4.516
10/03/2010;4.559
11/03/2010;4.44
12/03/2010;4.4
15/03/2010;4.391
16/03/2010;4.347
17/03/2010;4.303
18/03/2010;4.085
19/03/2010;4.169
22/03/2010;4.079
23/03/2010;4.13
24/03/2010;4.105
25/03/2010;3.981
26/03/2010;3.872
29/03/2010;3.842
30/03/2010;3.973
31/03/2010;3.869
01/04/2010;4.086
05/04/2010;4.277
06/04/2010;4.096
07/04/2010;4.019
08/04/2010;3.909
09/04/2010;4.07
12/04/2010;4.008
13/04/2010;4.16
14/04/2010;4.199
15/04/2010;3.985
16/04/2010;4.039
19/04/2010;3.944
20/04/2010;3.975
21/04/2010;3.955
22/04/2010;4.128
23/04/2010;4.257
26/04/2010;4.262
27/04/2010;4.216
28/04/2010;4.271
29/04/2010;3.98
30/04/2010;3.92
03/05/2010;4
04/05/2010;4.013
05/05/2010;3.991
06/05/2010;3.929
07/05/2010;4.015
10/05/2010;4.17
11/05/2010;4.131
12/05/2010;4.284
13/05/2010;4.339
14/05/2010;4.312
17/05/2010;4.398
18/05/2010;4.342
19/05/2010;4.158
20/05/2010;4.106
21/05/2010;4.035
24/05/2010;4.017
25/05/2010;4.051
26/05/2010;4.155
27/05/2010;4.294
28/05/2010;4.341
01/06/2010;4.248
02/06/2010;4.424
03/06/2010;4.69
04/06/2010;4.797
07/06/2010;4.916
08/06/2010;4.808
09/06/2010;4.677
10/06/2010;4.647
11/06/2010;4.781
14/06/2010;5.006
15/06/2010;5.189
16/06/2010;4.978
17/06/2010;5.162
18/06/2010;4.997
21/06/2010;4.873
22/06/2010;4.756
23/06/2010;4.804
24/06/2010;4.748
25/06/2010;4.861
28/06/2010;4.717
29/06/2010;4.548
30/06/2010;4.616
01/07/2010;4.854
02/07/2010;4.687
06/07/2010;4.682
07/07/2010;4.565
08/07/2010;4.399
09/07/2010;4.402
12/07/2010;4.388
13/07/2010;4.354
14/07/2010;4.306
15/07/2010;4.586
16/07/2010;4.519
19/07/2010;4.51
20/07/2010;4.59
21/07/2010;4.513
22/07/2010;4.643
23/07/2010;4.58
26/07/2010;4.612
27/07/2010;4.675
28/07/2010;4.774
29/07/2010;4.827
30/07/2010;4.923
02/08/2010;4.701
03/08/2010;4.639
04/08/2010;4.737
05/08/2010;4.598
06/08/2010;4.467
09/08/2010;4.309
10/08/2010;4.297
11/08/2010;4.326
12/08/2010;4.296
13/08/2010;4.328
16/08/2010;4.228
17/08/2010;4.267
18/08/2010;4.239
19/08/2010;4.171
20/08/2010;4.117
23/08/2010;4.066
24/08/2010;4.039
25/08/2010;3.871
26/08/2010;3.817
27/08/2010;3.651
30/08/2010;3.812
31/08/2010;3.816
01/09/2010;3.762
02/09/2010;3.751
03/09/2010;3.939
07/09/2010;3.852
08/09/2010;3.814
09/09/2010;3.768
10/09/2010;3.883
13/09/2010;3.938
14/09/2010;3.966
15/09/2010;3.995
16/09/2010;4.062
17/09/2010;4.024
20/09/2010;3.822
21/09/2010;3.919
22/09/2010;3.966
23/09/2010;4.019
24/09/2010;3.881
27/09/2010;3.8
28/09/2010;3.837
29/09/2010;3.962
30/09/2010;3.872
01/10/2010;3.797
04/10/2010;3.727
05/10/2010;3.743
06/10/2010;3.865
07/10/2010;3.617
08/10/2010;3.651
11/10/2010;3.601
12/10/2010;3.629
13/10/2010;3.696
14/10/2010;3.657
15/10/2010;3.535
18/10/2010;3.431
19/10/2010;3.513
20/10/2010;3.539
21/10/2010;3.368
22/10/2010;3.332
25/10/2010;3.317
26/10/2010;3.354
27/10/2010;3.292
28/10/2010;3.89
29/10/2010;4.038
01/11/2010;3.832
02/11/2010;3.87
03/11/2010;3.836
04/11/2010;3.856
05/11/2010;3.937
08/11/2010;4.088
09/11/2010;4.21
10/11/2010;4.046
11/11/2010;3.927
12/11/2010;3.799
15/11/2010;3.845
16/11/2010;3.818
17/11/2010;4.03
18/11/2010;4.007
19/11/2010;4.164
22/11/2010;4.271
23/11/2010;4.264
24/11/2010;4.267
26/11/2010;4.399
29/11/2010;4.21
30/11/2010;4.18
01/12/2010;4.269
02/12/2010;4.343
03/12/2010;4.349
06/12/2010;4.488
07/12/2010;4.393
08/12/2010;4.606
09/12/2010;4.435
10/12/2010;4.417
13/12/2010;4.42
14/12/2010;4.255
15/12/2010;4.222
16/12/2010;4.048
17/12/2010;4.066
20/12/2010;4.237
21/12/2010;4.059
22/12/2010;4.152
23/12/2010;4.083
27/12/2010;4.112
28/12/2010;4.216
29/12/2010;4.287
30/12/2010;4.338
31/12/2010;4.405
03/01/2011;4.65
04/01/2011;4.669
05/01/2011;4.473
06/01/2011;4.434
07/01/2011;4.422
10/01/2011;4.399
11/01/2011;4.481
12/01/2011;4.531
13/01/2011;4.407
14/01/2011;4.48
18/01/2011;4.425
19/01/2011;4.561
20/01/2011;4.695
21/01/2011;4.736
24/01/2011;4.58
25/01/2011;4.473
26/01/2011;4.491
27/01/2011;4.316
28/01/2011;4.323
31/01/2011;4.42
01/02/2011;4.347
02/02/2011;4.429
03/02/2011;4.337
04/02/2011;4.31
07/02/2011;4.104
08/02/2011;4.04
09/02/2011;4.044
10/02/2011;3.986
11/02/2011;3.91
14/02/2011;3.925
15/02/2011;3.976
16/02/2011;3.921
17/02/2011;3.868
18/02/2011;3.876
22/02/2011;3.867
23/02/2011;3.9
24/02/2011;3.793
25/02/2011;4.005
28/02/2011;4.037
01/03/2011;3.873
02/03/2011;3.818
03/03/2011;3.778
04/03/2011;3.809
07/03/2011;3.927
08/03/2011;3.864
09/03/2011;3.93
10/03/2011;3.83
11/03/2011;3.889
14/03/2011;3.914
15/03/2011;3.941
16/03/2011;3.938
17/03/2011;4.158
18/03/2011;4.168
21/03/2011;4.161
22/03/2011;4.254
23/03/2011;4.335
24/03/2011;4.244
25/03/2011;4.403
28/03/2011;4.374
29/03/2011;4.24
30/03/2011;4.355
31/03/2011;4.389
01/04/2011;4.362
04/04/2011;4.289
05/04/2011;4.231
06/04/2011;4.146
07/04/2011;4.057
08/04/2011;4.041
11/04/2011;4.108
12/04/2011;4.098
13/04/2011;4.141
14/04/2011;4.212
15/04/2011;4.204
18/04/2011;4.138
19/04/2011;4.262
20/04/2011;4.31
21/04/2011;4.412
25/04/2011;4.389
26/04/2011;4.387
27/04/2011;4.377
28/04/2011;4.571
29/04/2011;4.698
02/05/2011;4.693
03/05/2011;4.67
04/05/2011;4.577
05/05/2011;4.261
06/05/2011;4.235
09/05/2011;4.154
10/05/2011;4.246
11/05/2011;4.181
12/05/2011;4.194
13/05/2011;4.246
16/05/2011;4.318
17/05/2011;4.182
18/05/2011;4.198
19/05/2011;4.094
20/05/2011;4.23
23/05/2011;4.346
24/05/2011;4.345
25/05/2011;4.379
26/05/2011;4.326
27/05/2011;4.518
31/05/2011;4.666
01/06/2011;4.629
02/06/2011;4.794
03/06/2011;4.707
06/06/2011;4.827
07/06/2011;4.831
08/06/2011;4.847
09/06/2011;4.674
10/06/2011;4.757
13/06/2011;4.646
14/06/2011;4.581
15/06/2011;4.577
16/06/2011;4.412
17/06/2011;4.325
20/06/2011;4.317
21/06/2011;4.388
22/06/2011;4.317
23/06/2011;4.193
24/06/2011;4.229
27/06/2011;4.256
28/06/2011;4.357
29/06/2011;4.315
30/06/2011;4.374
01/07/2011;4.311
05/07/2011;4.363
06/07/2011;4.217
07/07/2011;4.133
08/07/2011;4.205
11/07/2011;4.288
12/07/2011;4.333
13/07/2011;4.403
14/07/2011;4.378
15/07/2011;4.546
18/07/2011;4.546
19/07/2011;4.533
20/07/2011;4.5
21/07/2011;4.395
22/07/2011;4.399
25/07/2011;4.386
26/07/2011;4.37
27/07/2011;4.37
28/07/2011;4.244
29/07/2011;4.145
01/08/2011;4.188
02/08/2011;4.155
03/08/2011;4.09
04/08/2011;3.941
05/08/2011;3.941
08/08/2011;3.935
09/08/2011;3.994
10/08/2011;4.003
11/08/2011;4.108
12/08/2011;4.06
15/08/2011;4.024
16/08/2011;3.932
17/08/2011;3.933
18/08/2011;3.892
19/08/2011;3.94
22/08/2011;3.889
23/08/2011;3.993
24/08/2011;3.922
25/08/2011;3.931
26/08/2011;3.931
29/08/2011;3.857
30/08/2011;3.909
31/08/2011;4.054
01/09/2011;4.05
02/09/2011;3.872
06/09/2011;3.938
07/09/2011;3.94
08/09/2011;3.98
09/09/2011;3.915
12/09/2011;3.885
13/09/2011;3.98
14/09/2011;4.039
15/09/2011;3.878
16/09/2011;3.809
19/09/2011;3.829
20/09/2011;3.798
21/09/2011;3.73
22/09/2011;3.705
23/09/2011;3.701
26/09/2011;3.782
27/09/2011;3.827
28/09/2011;3.759
29/09/2011;3.747
30/09/2011;3.666
03/10/2011;3.617
04/10/2011;3.638
05/10/2011;3.57
06/10/2011;3.598
07/10/2011;3.481
10/10/2011;3.541
11/10/2011;3.616
12/10/2011;3.489
13/10/2011;3.531
14/10/2011;3.703
17/10/2011;3.688
18/10/2011;3.553
19/10/2011;3.586
20/10/2011;3.63
21/10/2011;3.629
24/10/2011;3.604
25/10/2011;3.658
26/10/2011;3.59
27/10/2011;3.524
28/10/2011;3.923
31/10/2011;3.934
01/11/2011;3.781
02/11/2011;3.749
03/11/2011;3.778
04/11/2011;3.783
07/11/2011;3.696
08/11/2011;3.745
09/11/2011;3.652
10/11/2011;3.649
11/11/2011;3.584
14/11/2011;3.458
15/11/2011;3.404
16/11/2011;3.344
17/11/2011;3.41
18/11/2011;3.316
21/11/2011;3.399
22/11/2011;3.415
23/11/2011;3.46
25/11/2011;3.542
28/11/2011;3.364
29/11/2011;3.633
30/11/2011;3.55
01/12/2011;3.648
02/12/2011;3.584
05/12/2011;3.461
06/12/2011;3.487
07/12/2011;3.421
08/12/2011;3.457
09/12/2011;3.317
12/12/2011;3.254
13/12/2011;3.279
14/12/2011;3.136
15/12/2011;3.127
16/12/2011;3.127
19/12/2011;3.096
20/12/2011;3.128
21/12/2011;3.155
22/12/2011;3.169
23/12/2011;3.114
27/12/2011;3.112
28/12/2011;3.084
29/12/2011;3.027
30/12/2011;2.989
03/01/2012;2.993
04/01/2012;3.096
05/01/2012;2.98
06/01/2012;3.062
09/01/2012;3.011
10/01/2012;2.941
11/01/2012;2.774
12/01/2012;2.697
13/01/2012;2.67
17/01/2012;2.488
18/01/2012;2.472
19/01/2012;2.322
20/01/2012;2.343
23/01/2012;2.525
24/01/2012;2.554
25/01/2012;2.729
26/01/2012;2.605
27/01/2012;2.678
30/01/2012;2.713
31/01/2012;2.503
01/02/2012;2.382
02/02/2012;2.554
03/02/2012;2.499
06/02/2012;2.55
07/02/2012;2.472
08/02/2012;2.448
09/02/2012;2.477
10/02/2012;2.477
13/02/2012;2.431
14/02/2012;2.532
15/02/2012;2.425
16/02/2012;2.567
17/02/2012;2.684
21/02/2012;2.626
22/02/2012;2.643
23/02/2012;2.621
24/02/2012;2.55
27/02/2012;2.446
28/02/2012;2.519
29/02/2012;2.616
01/03/2012;2.463
02/03/2012;2.484
05/03/2012;2.355
06/03/2012;2.356
07/03/2012;2.302
08/03/2012;2.272
09/03/2012;2.324
12/03/2012;2.269
13/03/2012;2.299
14/03/2012;2.284
15/03/2012;2.279
16/03/2012;2.326
19/03/2012;2.351
20/03/2012;2.335
21/03/2012;2.36
22/03/2012;2.269
23/03/2012;2.275
26/03/2012;2.226
27/03/2012;2.208
28/03/2012;2.191
29/03/2012;2.149
30/03/2012;2.126
02/04/2012;2.152
03/04/2012;2.187
04/04/2012;2.141
05/04/2012;2.089
09/04/2012;2.107
10/04/2012;2.031
11/04/2012;1.984
12/04/2012;1.983
13/04/2012;1.981
16/04/2012;2.016
17/04/2012;1.951
18/04/2012;1.951
19/04/2012;1.907
20/04/2012;1.927
23/04/2012;2.007
24/04/2012;1.975
25/04/2012;2.068
26/04/2012;2.036
27/04/2012;2.186
30/04/2012;2.285
01/05/2012;2.371
02/05/2012;2.253
03/05/2012;2.34
04/05/2012;2.279
07/05/2012;2.336
08/05/2012;2.393
09/05/2012;2.465
10/05/2012;2.487
11/05/2012;2.509
14/05/2012;2.431
15/05/2012;2.5
16/05/2012;2.618
17/05/2012;2.594
18/05/2012;2.742
21/05/2012;2.609
22/05/2012;2.707
23/05/2012;2.737
24/05/2012;2.647
25/05/2012;2.568
29/05/2012;2.429
30/05/2012;2.418
31/05/2012;2.422
01/06/2012;2.326
04/06/2012;2.415
05/06/2012;2.446
06/06/2012;2.421
07/06/2012;2.274
08/06/2012;2.299
11/06/2012;2.218
12/06/2012;2.232
13/06/2012;2.185
14/06/2012;2.495
15/06/2012;2.467
18/06/2012;2.635
19/06/2012;2.545
20/06/2012;2.517
21/06/2012;2.582
22/06/2012;2.625
25/06/2012;2.694
26/06/2012;2.767
27/06/2012;2.774
28/06/2012;2.722
29/06/2012;2.824
02/07/2012;2.824
03/07/2012;2.899
05/07/2012;2.945
06/07/2012;2.776
09/07/2012;2.883
10/07/2012;2.737
11/07/2012;2.853
12/07/2012;2.874
13/07/2012;2.874
16/07/2012;2.801
17/07/2012;2.796
18/07/2012;2.973
19/07/2012;2.999
20/07/2012;3.081
23/07/2012;3.117
24/07/2012;3.187
25/07/2012;3.07
26/07/2012;3.105
27/07/2012;3.01
30/07/2012;3.214
31/07/2012;3.209
01/08/2012;3.171
02/08/2012;2.92
03/08/2012;2.877
06/08/2012;2.908
07/08/2012;2.964
08/08/2012;2.933
09/08/2012;2.945
10/08/2012;2.77
13/08/2012;2.729
14/08/2012;2.834
15/08/2012;2.748
16/08/2012;2.724
17/08/2012;2.719
20/08/2012;2.776
21/08/2012;2.775
22/08/2012;2.826
23/08/2012;2.802
24/08/2012;2.702
27/08/2012;2.653
28/08/2012;2.614
29/08/2012;2.634
30/08/2012;2.748
31/08/2012;2.799
04/09/2012;2.854
05/09/2012;2.795
06/09/2012;2.776
07/09/2012;2.682
10/09/2012;2.812
11/09/2012;2.992
12/09/2012;3.063
13/09/2012;3.037
14/09/2012;2.943
17/09/2012;2.865
18/09/2012;2.773
19/09/2012;2.762
20/09/2012;2.797
21/09/2012;2.885
24/09/2012;2.837
25/09/2012;2.924
26/09/2012;3.023
27/09/2012;3.297
28/09/2012;3.32
01/10/2012;3.48
02/10/2012;3.531
03/10/2012;3.395
04/10/2012;3.406
05/10/2012;3.396
08/10/2012;3.403
09/10/2012;3.467
10/10/2012;3.475
11/10/2012;3.604
12/10/2012;3.611
15/10/2012;3.486
16/10/2012;3.437
17/10/2012;3.47
18/10/2012;3.587
19/10/2012;3.617
22/10/2012;3.452
23/10/2012;3.535
24/10/2012;3.45
25/10/2012;3.434
26/10/2012;3.4
29/10/2012;3.471
30/10/2012;3.691
31/10/2012;3.692
01/11/2012;3.699
02/11/2012;3.554
05/11/2012;3.554
06/11/2012;3.617
07/11/2012;3.578
08/11/2012;3.608
09/11/2012;3.503
12/11/2012;3.57
13/11/2012;3.739
14/11/2012;3.76
15/11/2012;3.703
16/11/2012;3.79
19/11/2012;3.719
20/11/2012;3.832
21/11/2012;3.903
23/11/2012;3.901
26/11/2012;3.73
27/11/2012;3.769
28/11/2012;3.696
29/11/2012;3.648
30/11/2012;3.561
03/12/2012;3.591
04/12/2012;3.539
05/12/2012;3.7
06/12/2012;3.666
07/12/2012;3.551
10/12/2012;3.46
11/12/2012;3.412
12/12/2012;3.382
13/12/2012;3.347
14/12/2012;3.314
17/12/2012;3.358
18/12/2012;3.418
19/12/2012;3.32
20/12/2012;3.462
21/12/2012;3.451
24/12/2012;3.346
26/12/2012;3.392
27/12/2012;3.354
28/12/2012;3.469
31/12/2012;3.351
02/01/2013;3.233
03/01/2013;3.198
04/01/2013;3.287
07/01/2013;3.266
08/01/2013;3.218
09/01/2013;3.113
10/01/2013;3.193
11/01/2013;3.327
14/01/2013;3.373
15/01/2013;3.455
16/01/2013;3.435
17/01/2013;3.494
18/01/2013;3.566
22/01/2013;3.558
23/01/2013;3.554
24/01/2013;3.446
25/01/2013;3.444
28/01/2013;3.289
29/01/2013;3.226
30/01/2013;3.335
31/01/2013;3.339
01/02/2013;3.301
04/02/2013;3.315
05/02/2013;3.399
06/02/2013;3.418
07/02/2013;3.285
08/02/2013;3.272
11/02/2013;3.279
12/02/2013;3.23
13/02/2013;3.306
14/02/2013;3.163
15/02/2013;3.153
19/02/2013;3.272
20/02/2013;3.279
21/02/2013;3.246
22/02/2013;3.291
25/02/2013;3.414
26/02/2013;3.427
27/02/2013;3.434
28/02/2013;3.486
01/03/2013;3.456
04/03/2013;3.529
05/03/2013;3.529
06/03/2013;3.47
07/03/2013;3.582
08/03/2013;3.629
11/03/2013;3.649
12/03/2013;3.645
13/03/2013;3.68
14/03/2013;3.812
15/03/2013;3.872
18/03/2013;3.882
19/03/2013;3.969
20/03/2013;3.96
21/03/2013;3.935
22/03/2013;3.927
25/03/2013;3.865
26/03/2013;3.976
27/03/2013;4.068
28/03/2013;4.024
01/04/2013;4.015
02/04/2013;3.969
03/04/2013;3.9
04/04/2013;3.947
05/04/2013;4.125
08/04/2013;4.082
09/04/2013;4.017
10/04/2013;4.085
11/04/2013;4.139
12/04/2013;4.222
15/04/2013;4.137
16/04/2013;4.16
17/04/2013;4.214
18/04/2013;4.401
19/04/2013;4.408
22/04/2013;4.267
23/04/2013;4.238
24/04/2013;4.166
25/04/2013;4.167
26/04/2013;4.152
29/04/2013;4.392
30/04/2013;4.343
01/05/2013;4.326
02/05/2013;4.025
03/05/2013;4.041
06/05/2013;4.011
07/05/2013;3.92
08/05/2013;3.978
09/05/2013;3.983
10/05/2013;3.91
13/05/2013;3.925
14/05/2013;4.024
15/05/2013;4.07
16/05/2013;3.932
17/05/2013;4.055
20/05/2013;4.09
21/05/2013;4.192
22/05/2013;4.186
23/05/2013;4.261
24/05/2013;4.237
28/05/2013;4.174
29/05/2013;4.148
30/05/2013;4.023
31/05/2013;3.984
03/06/2013;3.991
04/06/2013;3.998
05/06/2013;4.001
06/06/2013;3.827
07/06/2013;3.828
10/06/2013;3.8
11/06/2013;3.724
12/06/2013;3.777
13/06/2013;3.814
14/06/2013;3.733
17/06/2013;3.875
18/06/2013;3.905
19/06/2013;3.963
20/06/2013;3.877
21/06/2013;3.771
24/06/2013;3.739
25/06/2013;3.647
26/06/2013;3.707
27/06/2013;3.582
28/06/2013;3.565
01/07/2013;3.577
02/07/2013;3.654
03/07/2013;3.69
05/07/2013;3.617
08/07/2013;3.741
09/07/2013;3.657
10/07/2013;3.68
11/07/2013;3.613
12/07/2013;3.644
15/07/2013;3.674
16/07/2013;3.677
17/07/2013;3.629
18/07/2013;3.812
19/07/2013;3.789
22/07/2013;3.677
23/07/2013;3.743
24/07/2013;3.698
25/07/2013;3.644
26/07/2013;3.555
29/07/2013;3.459
30/07/2013;3.432
31/07/2013;3.446
01/08/2013;3.387
02/08/2013;3.347
05/08/2013;3.319
06/08/2013;3.318
07/08/2013;3.247
08/08/2013;3.297
09/08/2013;3.23
12/08/2013;3.31
13/08/2013;3.285
14/08/2013;3.342
15/08/2013;3.419
16/08/2013;3.368
19/08/2013;3.463
20/08/2013;3.444
21/08/2013;3.46
22/08/2013;3.545
23/08/2013;3.485
26/08/2013;3.513
27/08/2013;3.534
28/08/2013;3.567
29/08/2013;3.618
30/08/2013;3.581
03/09/2013;3.666
04/09/2013;3.683
05/09/2013;3.575
06/09/2013;3.53
09/09/2013;3.605
10/09/2013;3.584
11/09/2013;3.567
12/09/2013;3.638
13/09/2013;3.677
16/09/2013;3.738
17/09/2013;3.745
18/09/2013;3.713
19/09/2013;3.72
20/09/2013;3.687
23/09/2013;3.602
24/09/2013;3.492
25/09/2013;3.493
26/09/2013;3.498
27/09/2013;3.589
30/09/2013;3.56
01/10/2013;3.609
02/10/2013;3.542
03/10/2013;3.499
04/10/2013;3.506
07/10/2013;3.629
08/10/2013;3.716
09/10/2013;3.679
10/10/2013;3.723
11/10/2013;3.776
14/10/2013;3.82
15/10/2013;3.79
16/10/2013;3.769
17/10/2013;3.757
18/10/2013;3.764
21/10/2013;3.668
22/10/2013;3.581
23/10/2013;3.619
24/10/2013;3.629
25/10/2013;3.707
28/10/2013;3.569
29/10/2013;3.496
30/10/2013;3.62
31/10/2013;3.581
01/11/2013;3.513
04/11/2013;3.445
05/11/2013;3.466
06/11/2013;3.498
07/11/2013;3.519
08/11/2013;3.559
11/11/2013;3.574
12/11/2013;3.617
13/11/2013;3.566
14/11/2013;3.605
15/11/2013;3.66
18/11/2013;3.617
19/11/2013;3.556
20/11/2013;3.674
21/11/2013;3.702
22/11/2013;3.768
25/11/2013;3.789
26/11/2013;3.818
27/11/2013;3.895
29/11/2013;3.954
02/12/2013;3.988
03/12/2013;3.976
04/12/2013;3.96
05/12/2013;4.132
06/12/2013;4.114
09/12/2013;4.232
10/12/2013;4.237
11/12/2013;4.337
12/12/2013;4.409
13/12/2013;4.351
16/12/2013;4.279
17/12/2013;4.287
18/12/2013;4.251
19/12/2013;4.46
20/12/2013;4.418
23/12/2013;4.463
24/12/2013;4.416
26/12/2013;4.433
27/12/2013;4.407
30/12/2013;4.427
31/12/2013;4.23
02/01/2014;4.321
03/01/2014;4.304
06/01/2014;4.306
07/01/2014;4.299
08/01/2014;4.216
09/01/2014;4.005
10/01/2014;4.053
13/01/2014;4.274
14/01/2014;4.369
15/01/2014;4.325
16/01/2014;4.382
17/01/2014;4.326
21/01/2014;4.431
22/01/2014;4.689
23/01/2014;4.73
24/01/2014;5.182
27/01/2014;4.847
28/01/2014;5.033
29/01/2014;5.557
30/01/2014;5.011
31/01/2014;4.943
03/02/2014;4.905
04/02/2014;5.375
05/02/2014;5.03
06/02/2014;4.931
07/02/2014;4.775
10/02/2014;4.579
11/02/2014;4.824
12/02/2014;4.822
13/02/2014;5.223
14/02/2014;5.214
18/02/2014;5.551
19/02/2014;6.149
20/02/2014;6.064
21/02/2014;6.135
24/02/2014;5.445
25/02/2014;5.096
26/02/2014;4.855
27/02/2014;4.511
28/02/2014;4.609
03/03/2014;4.492
04/03/2014;4.667
05/03/2014;4.523
06/03/2014;4.662
07/03/2014;4.618
10/03/2014;4.651
11/03/2014;4.605
12/03/2014;4.49
13/03/2014;4.383
14/03/2014;4.425
17/03/2014;4.536
18/03/2014;4.456
19/03/2014;4.484
20/03/2014;4.369
21/03/2014;4.313
24/03/2014;4.276
25/03/2014;4.411
26/03/2014;4.402
27/03/2014;4.584
28/03/2014;4.485
31/03/2014;4.371
01/04/2014;4.276
02/04/2014;4.364
03/04/2014;4.47
04/04/2014;4.439
07/04/2014;4.476
08/04/2014;4.534
09/04/2014;4.586
10/04/2014;4.655
11/04/2014;4.62
14/04/2014;4.56
15/04/2014;4.567
16/04/2014;4.53
17/04/2014;4.741
21/04/2014;4.697
22/04/2014;4.739
23/04/2014;4.73
24/04/2014;4.705
25/04/2014;4.647
28/04/2014;4.795
29/04/2014;4.831
30/04/2014;4.815
01/05/2014;4.719
02/05/2014;4.674
05/05/2014;4.688
06/05/2014;4.799
07/05/2014;4.74
08/05/2014;4.572
09/05/2014;4.531
12/05/2014;4.434
13/05/2014;4.358
14/05/2014;4.367
15/05/2014;4.469
16/05/2014;4.413
19/05/2014;4.47
20/05/2014;4.552
21/05/2014;4.473
22/05/2014;4.359
23/05/2014;4.405
27/05/2014;4.505
28/05/2014;4.619
29/05/2014;4.559
30/05/2014;4.542
02/06/2014;4.612
03/06/2014;4.629
04/06/2014;4.64
05/06/2014;4.701
06/06/2014;4.71
09/06/2014;4.645
10/06/2014;4.53
11/06/2014;4.508
12/06/2014;4.762
13/06/2014;4.739
16/06/2014;4.707
17/06/2014;4.709
18/06/2014;4.659
19/06/2014;4.584
20/06/2014;4.531
23/06/2014;4.446
24/06/2014;4.535
25/06/2014;4.553
26/06/2014;4.4
27/06/2014;4.409
30/06/2014;4.461
01/07/2014;4.455
02/07/2014;4.357
03/07/2014;4.406
07/07/2014;4.225
08/07/2014;4.204
09/07/2014;4.17
10/07/2014;4.12
11/07/2014;4.146
14/07/2014;4.147
15/07/2014;4.097
16/07/2014;4.119
17/07/2014;3.954
18/07/2014;3.951
21/07/2014;3.849
22/07/2014;3.772
23/07/2014;3.762
24/07/2014;3.847
25/07/2014;3.781
28/07/2014;3.747
29/07/2014;3.808
30/07/2014;3.786
31/07/2014;3.841
01/08/2014;3.798
04/08/2014;3.834
05/08/2014;3.897
06/08/2014;3.933
07/08/2014;3.876
08/08/2014;3.962
11/08/2014;3.965
12/08/2014;3.974
13/08/2014;3.831
14/08/2014;3.906
15/08/2014;3.776
18/08/2014;3.792
19/08/2014;3.877
20/08/2014;3.823
21/08/2014;3.889
22/08/2014;3.84
25/08/2014;3.937
26/08/2014;3.911
27/08/2014;3.957
28/08/2014;4.044
29/08/2014;4.065
02/09/2014;3.89
03/09/2014;3.847
04/09/2014;3.819
05/09/2014;3.793
08/09/2014;3.876
09/09/2014;3.984
10/09/2014;3.954
11/09/2014;3.823
12/09/2014;3.857
15/09/2014;3.931
16/09/2014;3.995
17/09/2014;4.013
18/09/2014;3.91
19/09/2014;3.837
22/09/2014;3.85
23/09/2014;3.816
24/09/2014;3.911
25/09/2014;3.971
26/09/2014;3.984
29/09/2014;4.154
30/09/2014;4.121
01/10/2014;4.023
02/10/2014;3.932
03/10/2014;4.039
06/10/2014;3.898
07/10/2014;3.957
08/10/2014;3.855
09/10/2014;3.845
10/10/2014;3.859
13/10/2014;3.916
14/10/2014;3.816
15/10/2014;3.8
16/10/2014;3.796
17/10/2014;3.766
20/10/2014;3.67
21/10/2014;3.711
22/10/2014;3.659
23/10/2014;3.622
24/10/2014;3.623
27/10/2014;3.561
28/10/2014;3.649
29/10/2014;3.728
30/10/2014;3.827
31/10/2014;3.873
03/11/2014;4.046
04/11/2014;4.129
05/11/2014;4.194
06/11/2014;4.404
07/11/2014;4.412
10/11/2014;4.255
11/11/2014;4.247
12/11/2014;4.185
13/11/2014;3.977
14/11/2014;4.02
17/11/2014;4.341
18/11/2014;4.244
19/11/2014;4.371
20/11/2014;4.489
21/11/2014;4.266
24/11/2014;4.151
25/11/2014;4.282
26/11/2014;4.355
28/11/2014;4.088
01/12/2014;4.007
02/12/2014;3.874
03/12/2014;3.805
04/12/2014;3.649
05/12/2014;3.802
08/12/2014;3.595
09/12/2014;3.652
10/12/2014;3.706
11/12/2014;3.634
12/12/2014;3.795
15/12/2014;3.719
16/12/2014;3.619
17/12/2014;3.702
18/12/2014;3.642
19/12/2014;3.464
22/12/2014;3.144
23/12/2014;3.171
24/12/2014;3.03
26/12/2014;3.007
29/12/2014;3.189
30/12/2014;3.094
31/12/2014;2.889
02/01/2015;3.003
05/01/2015;2.882
06/01/2015;2.938
07/01/2015;2.871
08/01/2015;2.927
09/01/2015;2.946
12/01/2015;2.795
13/01/2015;2.943
14/01/2015;3.233
15/01/2015;3.158
16/01/2015;3.127
20/01/2015;2.831
21/01/2015;2.974
22/01/2015;2.835
23/01/2015;2.986
26/01/2015;2.881
27/01/2015;2.981
28/01/2015;2.866
29/01/2015;2.719
30/01/2015;2.691
02/02/2015;2.68
03/02/2015;2.754
04/02/2015;2.662
05/02/2015;2.6
06/02/2015;2.579
09/02/2015;2.597
10/02/2015;2.677
11/02/2015;2.797
12/02/2015;2.713
13/02/2015;2.804
17/02/2015;2.759
18/02/2015;2.831
19/02/2015;2.834
20/02/2015;2.951
23/02/2015;2.879
24/02/2015;2.902
25/02/2015;2.894
26/02/2015;2.697
27/02/2015;2.734
02/03/2015;2.698
03/03/2015;2.712
04/03/2015;2.769
05/03/2015;2.841
06/03/2015;2.839
09/03/2015;2.678
10/03/2015;2.732
11/03/2015;2.824
12/03/2015;2.734
13/03/2015;2.727
16/03/2015;2.716
17/03/2015;2.855
18/03/2015;2.92
19/03/2015;2.813
20/03/2015;2.786
23/03/2015;2.733
24/03/2015;2.786
25/03/2015;2.723
26/03/2015;2.672
27/03/2015;2.59
30/03/2015;2.644
31/03/2015;2.64
01/04/2015;2.605
02/04/2015;2.713
06/04/2015;2.65
07/04/2015;2.68
08/04/2015;2.619
09/04/2015;2.528
10/04/2015;2.511
13/04/2015;2.511
14/04/2015;2.53
15/04/2015;2.61
16/04/2015;2.684
17/04/2015;2.634
20/04/2015;2.536
21/04/2015;2.575
22/04/2015;2.606
23/04/2015;2.531
24/04/2015;2.531
27/04/2015;2.49
28/04/2015;2.517
29/04/2015;2.606
30/04/2015;2.751
01/05/2015;2.776
04/05/2015;2.821
05/05/2015;2.78
06/05/2015;2.776
07/05/2015;2.734
08/05/2015;2.88
11/05/2015;2.802
12/05/2015;2.897
13/05/2015;2.935
14/05/2015;3.008
15/05/2015;3.016
18/05/2015;3.01
19/05/2015;2.948
20/05/2015;2.915
21/05/2015;2.949
22/05/2015;2.887
26/05/2015;2.822
27/05/2015;2.815
28/05/2015;2.706
29/05/2015;2.642
01/06/2015;2.649
02/06/2015;2.698
03/06/2015;2.634
04/06/2015;2.626
05/06/2015;2.59
08/06/2015;2.705
09/06/2015;2.846
10/06/2015;2.891
11/06/2015;2.825
12/06/2015;2.75
15/06/2015;2.889
16/06/2015;2.894
17/06/2015;2.855
18/06/2015;2.777
19/06/2015;2.816
22/06/2015;2.733
23/06/2015;2.726
24/06/2015;2.759
25/06/2015;2.85
26/06/2015;2.773
29/06/2015;2.805
30/06/2015;2.832
01/07/2015;2.783
02/07/2015;2.822
06/07/2015;2.756
07/07/2015;2.716
08/07/2015;2.685
09/07/2015;2.726
10/07/2015;2.77
13/07/2015;2.864
14/07/2015;2.84
15/07/2015;2.918
16/07/2015;2.854
17/07/2015;2.87
20/07/2015;2.823
21/07/2015;2.882
22/07/2015;2.897
23/07/2015;2.816
24/07/2015;2.776
27/07/2015;2.789
28/07/2015;2.821
29/07/2015;2.886
30/07/2015;2.768
31/07/2015;2.716
03/08/2015;2.748
04/08/2015;2.812
05/08/2015;2.798
06/08/2015;2.813
07/08/2015;2.798
10/08/2015;2.842
11/08/2015;2.844
12/08/2015;2.931
13/08/2015;2.787
14/08/2015;2.801
17/08/2015;2.728
18/08/2015;2.704
19/08/2015;2.716
20/08/2015;2.755
21/08/2015;2.676
24/08/2015;2.65
25/08/2015;2.685
26/08/2015;2.693
27/08/2015;2.638
28/08/2015;2.715
31/08/2015;2.689
01/09/2015;2.702
02/09/2015;2.648
03/09/2015;2.725
04/09/2015;2.655
08/09/2015;2.71
09/09/2015;2.651
10/09/2015;2.683
11/09/2015;2.693
14/09/2015;2.758
15/09/2015;2.728
16/09/2015;2.66
17/09/2015;2.652
18/09/2015;2.605
21/09/2015;2.573
22/09/2015;2.577
23/09/2015;2.569
24/09/2015;2.591
25/09/2015;2.564
28/09/2015;2.563
29/09/2015;2.586
30/09/2015;2.524
01/10/2015;2.433
02/10/2015;2.451
05/10/2015;2.45
06/10/2015;2.47
07/10/2015;2.474
08/10/2015;2.498
09/10/2015;2.502
12/10/2015;2.535
13/10/2015;2.498
14/10/2015;2.518
15/10/2015;2.453
16/10/2015;2.43
19/10/2015;2.442
20/10/2015;2.476
21/10/2015;2.404
22/10/2015;2.386
23/10/2015;2.286
26/10/2015;2.062
27/10/2015;2.092
28/10/2015;2.033
29/10/2015;2.257
30/10/2015;2.321
02/11/2015;2.256
03/11/2015;2.253
04/11/2015;2.262
05/11/2015;2.364
06/11/2015;2.371
09/11/2015;2.3
10/11/2015;2.32
11/11/2015;2.263
12/11/2015;2.26
13/11/2015;2.361
16/11/2015;2.385
17/11/2015;2.371
18/11/2015;2.347
19/11/2015;2.276
20/11/2015;2.145
23/11/2015;2.21
24/11/2015;2.2
25/11/2015;2.206
27/11/2015;2.212
30/11/2015;2.235
01/12/2015;2.231
02/12/2015;2.165
03/12/2015;2.181
04/12/2015;2.186
07/12/2015;2.067
08/12/2015;2.07
09/12/2015;2.062
10/12/2015;2.015
11/12/2015;1.99
14/12/2015;1.894
15/12/2015;1.822
16/12/2015;1.79
17/12/2015;1.755
18/12/2015;1.767
21/12/2015;1.911
22/12/2015;1.888
23/12/2015;1.983
24/12/2015;2.029
28/12/2015;2.228
29/12/2015;2.372
30/12/2015;2.214
31/12/2015;2.337
04/01/2016;2.334
05/01/2016;2.325
06/01/2016;2.267
07/01/2016;2.382
08/01/2016;2.472
11/01/2016;2.396
12/01/2016;2.257
13/01/2016;2.269
14/01/2016;2.139
15/01/2016;2.1
19/01/2016;2.091
20/01/2016;2.118
21/01/2016;2.138
22/01/2016;2.139
25/01/2016;2.158
26/01/2016;2.18
27/01/2016;2.189
28/01/2016;2.182
29/01/2016;2.298
01/02/2016;2.152
02/02/2016;2.025
03/02/2016;2.038
04/02/2016;1.972
05/02/2016;2.063
08/02/2016;2.14
09/02/2016;2.098
10/02/2016;2.046
11/02/2016;1.994
12/02/2016;1.966
16/02/2016;1.903
17/02/2016;1.942
18/02/2016;1.852
19/02/2016;1.804
22/02/2016;1.821
23/02/2016;1.782
24/02/2016;1.778
25/02/2016;1.711
26/02/2016;1.791
29/02/2016;1.711
01/03/2016;1.742
02/03/2016;1.678
03/03/2016;1.639
04/03/2016;1.666
07/03/2016;1.69
08/03/2016;1.712
09/03/2016;1.752
10/03/2016;1.788
11/03/2016;1.822
14/03/2016;1.819
15/03/2016;1.851
16/03/2016;1.868
17/03/2016;1.936
18/03/2016;1.907
21/03/2016;1.828
22/03/2016;1.863
23/03/2016;1.794
24/03/2016;1.806
28/03/2016;1.848
29/03/2016;1.903
30/03/2016;1.996
31/03/2016;1.959
01/04/2016;1.956
04/04/2016;1.998
05/04/2016;1.954
06/04/2016;1.911
07/04/2016;2.018
08/04/2016;1.99
11/04/2016;1.912
12/04/2016;2.004
13/04/2016;2.036
14/04/2016;1.97
15/04/2016;1.902
18/04/2016;1.94
19/04/2016;2.088
20/04/2016;2.069
21/04/2016;2.068
22/04/2016;2.14
25/04/2016;2.063
26/04/2016;2.032
27/04/2016;1.995
28/04/2016;2.078
29/04/2016;2.178
02/05/2016;2.042
03/05/2016;2.086
04/05/2016;2.141
05/05/2016;2.076
06/05/2016;2.101
09/05/2016;2.098
10/05/2016;2.158
11/05/2016;2.173
12/05/2016;2.155
13/05/2016;2.096
16/05/2016;2.029
17/05/2016;2.048
18/05/2016;2.001
19/05/2016;2.039
20/05/2016;2.062
23/05/2016;2.055
24/05/2016;1.98
25/05/2016;1.992
26/05/2016;1.963
27/05/2016;2.169
31/05/2016;2.288
01/06/2016;2.381
02/06/2016;2.405
03/06/2016;2.398
06/06/2016;2.466
07/06/2016;2.474
08/06/2016;2.468
09/06/2016;2.617
10/06/2016;2.556
13/06/2016;2.585
14/06/2016;2.604
15/06/2016;2.595
16/06/2016;2.58
17/06/2016;2.623
20/06/2016;2.747
21/06/2016;2.768
22/06/2016;2.677
23/06/2016;2.698
24/06/2016;2.662
27/06/2016;2.716
28/06/2016;2.917
29/06/2016;2.863
30/06/2016;2.924
01/07/2016;2.987
05/07/2016;2.764
06/07/2016;2.786
07/07/2016;2.777
08/07/2016;2.801
11/07/2016;2.702
12/07/2016;2.734
13/07/2016;2.737
14/07/2016;2.727
15/07/2016;2.756
18/07/2016;2.722
19/07/2016;2.728
20/07/2016;2.658
21/07/2016;2.692
22/07/2016;2.777
25/07/2016;2.747
26/07/2016;2.712
27/07/2016;2.672
28/07/2016;2.873
29/07/2016;2.876
01/08/2016;2.771
02/08/2016;2.733
03/08/2016;2.839
04/08/2016;2.834
05/08/2016;2.772
08/08/2016;2.748
09/08/2016;2.615
10/08/2016;2.561
11/08/2016;2.551
12/08/2016;2.586
15/08/2016;2.59
16/08/2016;2.617
17/08/2016;2.619
18/08/2016;2.674
19/08/2016;2.584
22/08/2016;2.679
23/08/2016;2.761
24/08/2016;2.796
25/08/2016;2.846
26/08/2016;2.871
29/08/2016;2.853
30/08/2016;2.827
31/08/2016;2.887
01/09/2016;2.792
02/09/2016;2.792
06/09/2016;2.717
07/09/2016;2.676
08/09/2016;2.806
09/09/2016;2.797
12/09/2016;2.915
13/09/2016;2.909
14/09/2016;2.889
15/09/2016;2.927
16/09/2016;2.948
19/09/2016;2.934
20/09/2016;3.047
21/09/2016;3.057
22/09/2016;2.99
23/09/2016;2.955
26/09/2016;2.997
27/09/2016;2.996
28/09/2016;2.952
29/09/2016;2.959
30/09/2016;2.906
03/10/2016;2.923
04/10/2016;2.964
05/10/2016;3.041
06/10/2016;3.049
07/10/2016;3.193
10/10/2016;3.275
11/10/2016;3.237
12/10/2016;3.21
13/10/2016;3.341
14/10/2016;3.285
17/10/2016;3.244
18/10/2016;3.263
19/10/2016;3.17
20/10/2016;3.141
21/10/2016;2.993
24/10/2016;2.831
25/10/2016;2.774
26/10/2016;2.731
27/10/2016;2.764
28/10/2016;3.105
31/10/2016;3.026
01/11/2016;2.902
02/11/2016;2.792
03/11/2016;2.769
04/11/2016;2.767
07/11/2016;2.816
08/11/2016;2.633
09/11/2016;2.69
10/11/2016;2.632
11/11/2016;2.619
14/11/2016;2.749
15/11/2016;2.709
16/11/2016;2.764
17/11/2016;2.703
18/11/2016;2.843
21/11/2016;2.95
22/11/2016;2.982
23/11/2016;3.026
25/11/2016;3.085
28/11/2016;3.232
29/11/2016;3.315
30/11/2016;3.352
01/12/2016;3.505
02/12/2016;3.436
05/12/2016;3.654
06/12/2016;3.635
07/12/2016;3.603
08/12/2016;3.695
09/12/2016;3.746
12/12/2016;3.507
13/12/2016;3.474
14/12/2016;3.54
15/12/2016;3.434
16/12/2016;3.415
19/12/2016;3.392
20/12/2016;3.263
21/12/2016;3.542
22/12/2016;3.538
23/12/2016;3.662
27/12/2016;3.761
28/12/2016;3.93
29/12/2016;3.802
30/12/2016;3.724
03/01/2017;3.327
04/01/2017;3.267
05/01/2017;3.273
06/01/2017;3.285
09/01/2017;3.103
10/01/2017;3.278
11/01/2017;3.224
12/01/2017;3.386
13/01/2017;3.419
17/01/2017;3.412
18/01/2017;3.302
19/01/2017;3.368
20/01/2017;3.204
23/01/2017;3.243
24/01/2017;3.279
25/01/2017;3.332
26/01/2017;3.382
27/01/2017;3.391
30/01/2017;3.232
31/01/2017;3.117
01/02/2017;3.168
02/02/2017;3.187
03/02/2017;3.063
06/02/2017;3.05
07/02/2017;3.13
08/02/2017;3.126
09/02/2017;3.141
10/02/2017;3.034
13/02/2017;2.944
14/02/2017;2.905
15/02/2017;2.925
16/02/2017;2.854
17/02/2017;2.834
21/02/2017;2.564
22/02/2017;2.592
23/02/2017;2.617
24/02/2017;2.627
27/02/2017;2.693
28/02/2017;2.774
01/03/2017;2.799
02/03/2017;2.804
03/03/2017;2.827
06/03/2017;2.901
07/03/2017;2.824
08/03/2017;2.901
09/03/2017;2.974
10/03/2017;3.008
13/03/2017;3.043
14/03/2017;2.938
15/03/2017;2.981
16/03/2017;2.902
17/03/2017;2.948
20/03/2017;3.041
21/03/2017;3.093
22/03/2017;3.011
23/03/2017;3.051
24/03/2017;3.076
27/03/2017;3.052
28/03/2017;3.096
29/03/2017;3.175
30/03/2017;3.191
31/03/2017;3.19
03/04/2017;3.128
04/04/2017;3.293
05/04/2017;3.266
06/04/2017;3.331
07/04/2017;3.261
10/04/2017;3.238
11/04/2017;3.15
12/04/2017;3.187
13/04/2017;3.227
17/04/2017;3.163
18/04/2017;3.145
19/04/2017;3.185
20/04/2017;3.159
21/04/2017;3.101
24/04/2017;3.066
25/04/2017;3.043
26/04/2017;3.142
27/04/2017;3.239
28/04/2017;3.276
01/05/2017;3.215
02/05/2017;3.195
03/05/2017;3.228
04/05/2017;3.186
05/05/2017;3.266
08/05/2017;3.172
09/05/2017;3.227
10/05/2017;3.292
11/05/2017;3.376
12/05/2017;3.424
15/05/2017;3.349
16/05/2017;3.23
17/05/2017;3.192
18/05/2017;3.182
19/05/2017;3.256
22/05/2017;3.33
23/05/2017;3.219
24/05/2017;3.209
25/05/2017;3.184
26/05/2017;3.236
30/05/2017;3.145
31/05/2017;3.071
01/06/2017;3.008
02/06/2017;2.999
05/06/2017;2.982
06/06/2017;3.042
07/06/2017;3.02
08/06/2017;3.028
09/06/2017;3.039
12/06/2017;3.024
13/06/2017;2.966
14/06/2017;2.933
15/06/2017;3.056
16/06/2017;3.037
19/06/2017;2.894
20/06/2017;2.907
21/06/2017;2.893
22/06/2017;2.894
23/06/2017;2.929
26/06/2017;3.027
27/06/2017;3.037
28/06/2017;3.067
29/06/2017;3.042
30/06/2017;3.035
03/07/2017;2.951
05/07/2017;2.84
06/07/2017;2.888
07/07/2017;2.864
10/07/2017;2.929
11/07/2017;3.047
12/07/2017;2.985
13/07/2017;2.961
14/07/2017;2.98
17/07/2017;3.02
18/07/2017;3.088
19/07/2017;3.066
20/07/2017;3.043
21/07/2017;2.97
24/07/2017;2.899
25/07/2017;2.944
26/07/2017;2.924
27/07/2017;2.969
28/07/2017;2.941
31/07/2017;2.794
01/08/2017;2.819
02/08/2017;2.811
03/08/2017;2.8
04/08/2017;2.774
07/08/2017;2.801
08/08/2017;2.822
09/08/2017;2.883
10/08/2017;2.985
11/08/2017;2.983
14/08/2017;2.959
15/08/2017;2.935
16/08/2017;2.89
17/08/2017;2.929
18/08/2017;2.893
21/08/2017;2.962
22/08/2017;2.939
23/08/2017;2.928
24/08/2017;2.949
25/08/2017;2.892
28/08/2017;2.925
29/08/2017;2.961
30/08/2017;2.939
31/08/2017;3.04
01/09/2017;3.07
05/09/2017;2.972
06/09/2017;3
07/09/2017;2.981
08/09/2017;2.89
11/09/2017;2.95
12/09/2017;3.001
13/09/2017;3.058
14/09/2017;3.07
15/09/2017;3.024
18/09/2017;3.146
19/09/2017;3.122
20/09/2017;3.094
21/09/2017;2.946
22/09/2017;2.959
25/09/2017;2.919
26/09/2017;2.918
27/09/2017;2.974
28/09/2017;3.017
29/09/2017;3.007
02/10/2017;2.916
03/10/2017;2.895
04/10/2017;2.94
05/10/2017;2.923
06/10/2017;2.863
09/10/2017;2.833
10/10/2017;2.891
11/10/2017;2.889
12/10/2017;2.989
13/10/2017;3
16/10/2017;2.946
17/10/2017;2.962
18/10/2017;2.854
19/10/2017;2.873
20/10/2017;2.915
23/10/2017;2.991
24/10/2017;2.974
25/10/2017;2.919
26/10/2017;2.89
27/10/2017;2.752
30/10/2017;2.966
31/10/2017;2.896
01/11/2017;2.893
02/11/2017;2.935
03/11/2017;2.984
06/11/2017;3.134
07/11/2017;3.152
08/11/2017;3.175
09/11/2017;3.2
10/11/2017;3.213
13/11/2017;3.167
14/11/2017;3.102
15/11/2017;3.08
16/11/2017;3.053
17/11/2017;3.097
20/11/2017;3.047
21/11/2017;3.017
22/11/2017;2.968
24/11/2017;2.813
27/11/2017;2.928
28/11/2017;3.074
29/11/2017;3.179
30/11/2017;3.025
01/12/2017;3.061
04/12/2017;2.985
05/12/2017;2.914
06/12/2017;2.922
07/12/2017;2.763
08/12/2017;2.772
11/12/2017;2.828
12/12/2017;2.678
13/12/2017;2.715
14/12/2017;2.684
15/12/2017;2.612
18/12/2017;2.745
19/12/2017;2.692
20/12/2017;2.637
21/12/2017;2.598
22/12/2017;2.636
