11/12/2000;733.97
12/12/2000;728.91
13/12/2000;720.59
14/12/2000;710.67
15/12/2000;689.48
18/12/2000;694.35
19/12/2000;686.85
20/12/2000;661.5
21/12/2000;668.58
22/12/2000;684.23
26/12/2000;687
27/12/2000;691.18
28/12/2000;692.29
29/12/2000;686.45
02/01/2001;667.13
03/01/2001;703.97
04/01/2001;700.92
05/01/2001;681.71
08/01/2001;677.31
09/01/2001;679.45
10/01/2001;684.78
11/01/2001;693.4
12/01/2001;687.88
16/01/2001;693.05
17/01/2001;691.98
18/01/2001;704
19/01/2001;705.23
22/01/2001;703.17
23/01/2001;712.04
24/01/2001;714.33
25/01/2001;710.81
26/01/2001;709.06
29/01/2001;711.55
30/01/2001;718.46
31/01/2001;715.2
01/02/2001;719.7
02/02/2001;705.48
05/02/2001;709.66
06/02/2001;708.52
07/02/2001;700.77
08/02/2001;694.32
09/02/2001;682.35
12/02/2001;692.06
13/02/2001;684.75
14/02/2001;682.68
15/02/2001;688.5
16/02/2001;675.42
20/02/2001;661.36
21/02/2001;647.6
22/02/2001;647.29
23/02/2001;642.64
26/02/2001;655.8
27/02/2001;650.97
28/02/2001;640.71
01/03/2001;641.38
02/03/2001;633.89
05/03/2001;638.43
06/03/2001;645.45
07/03/2001;650.72
08/03/2001;651.46
09/03/2001;633.4
12/03/2001;601.51
13/03/2001;613.51
14/03/2001;596.1
15/03/2001;600.71
16/03/2001;587.99
19/03/2001;597.67
20/03/2001;581.93
21/03/2001;569.97
22/03/2001;567.66
23/03/2001;580.71
26/03/2001;588.45
27/03/2001;605.58
28/03/2001;588.31
29/03/2001;584.9
30/03/2001;591.63
02/04/2001;584.4
03/04/2001;562.38
04/04/2001;560.99
05/04/2001;588.52
06/04/2001;577.35
09/04/2001;581.47
10/04/2001;597.85
11/04/2001;598.45
12/04/2001;608.25
16/04/2001;605.99
17/04/2001;611.53
18/04/2001;639.33
19/04/2001;649.03
20/04/2001;643.66
23/04/2001;633.89
24/04/2001;625.74
25/04/2001;635.59
26/04/2001;640.29
27/04/2001;649.11
30/04/2001;645.47
01/05/2001;655.55
02/05/2001;657.33
03/05/2001;647.75
04/05/2001;658.74
07/05/2001;657.46
08/05/2001;656.39
09/05/2001;652.14
10/05/2001;651.42
11/05/2001;645.43
14/05/2001;647.47
15/05/2001;646.26
16/05/2001;664.6
17/05/2001;665.58
18/05/2001;668.38
21/05/2001;678.6
22/05/2001;676.06
23/05/2001;665.19
24/05/2001;668.3
25/05/2001;658.29
29/05/2001;652.9
30/05/2001;642.96
31/05/2001;646.23
01/06/2001;649.61
04/06/2001;654.48
05/06/2001;662.09
06/06/2001;655.07
07/06/2001;658.59
08/06/2001;651.92
11/06/2001;646.59
12/06/2001;647.55
13/06/2001;639.92
14/06/2001;629.42
15/06/2001;626.63
18/06/2001;624.47
19/06/2001;626.66
20/06/2001;634.05
21/06/2001;642.97
22/06/2001;636.15
25/06/2001;632.03
26/06/2001;629.54
27/06/2001;626.69
28/06/2001;635.58
29/06/2001;632.02
02/07/2001;639.96
03/07/2001;638.55
05/07/2001;628.56
06/07/2001;612.95
09/07/2001;618.29
10/07/2001;608.79
11/07/2001;607.01
12/07/2001;622.46
13/07/2001;626.85
16/07/2001;620.6
17/07/2001;626.91
18/07/2001;623.06
19/07/2001;627.08
20/07/2001;625.59
23/07/2001;614.41
24/07/2001;604.16
25/07/2001;613.95
26/07/2001;619.14
27/07/2001;620.16
30/07/2001;618.89
31/07/2001;622.16
01/08/2001;623.61
02/08/2001;626.27
03/08/2001;623.65
06/08/2001;615.21
07/08/2001;618.71
08/08/2001;607.53
09/08/2001;607.83
10/08/2001;611.41
13/08/2001;610.49
14/08/2001;607.02
15/08/2001;603.02
16/08/2001;605.03
17/08/2001;593.87
20/08/2001;599
21/08/2001;590.27
22/08/2001;594.68
23/08/2001;592.93
24/08/2001;606.71
27/08/2001;604.22
28/08/2001;594.13
29/08/2001;586.34
30/08/2001;574.38
31/08/2001;577.4
04/09/2001;578.04
05/09/2001;578.89
06/09/2001;565.51
07/09/2001;553.89
10/09/2001;558.58
17/09/2001;529.1
18/09/2001;526.8
19/09/2001;518.85
20/09/2001;501.02
21/09/2001;491.7
24/09/2001;513.03
25/09/2001;517.92
26/09/2001;516.29
27/09/2001;521.96
28/09/2001;533.1
01/10/2001;533.4
02/10/2001;539.57
03/10/2001;550.6
04/10/2001;548.45
05/10/2001;549.38
08/10/2001;544.88
09/10/2001;541.84
10/10/2001;554.76
11/10/2001;563.39
12/10/2001;560.78
15/10/2001;560.43
16/10/2001;564.14
17/10/2001;554.67
18/10/2001;551.01
19/10/2001;553.8
22/10/2001;562.52
23/10/2001;559.05
24/10/2001;558.69
25/10/2001;565.62
26/10/2001;567.98
29/10/2001;553.34
30/10/2001;545.06
31/10/2001;544.43
01/11/2001;558.24
02/11/2001;559.99
05/11/2001;566.68
06/11/2001;576.3
07/11/2001;573.64
08/11/2001;576.62
09/11/2001;577.99
12/11/2001;576.13
13/11/2001;587.04
14/11/2001;589.16
15/11/2001;590.44
16/11/2001;588.07
19/11/2001;595.07
20/11/2001;590.03
21/11/2001;586.36
23/11/2001;593.27
26/11/2001;596.24
27/11/2001;590.83
28/11/2001;578.92
29/11/2001;585.28
30/11/2001;584.8
03/12/2001;578.66
04/12/2001;585.63
05/12/2001;597.7
06/12/2001;596.77
07/12/2001;591.78
10/12/2001;581.24
11/12/2001;579.32
12/12/2001;580.37
13/12/2001;570.6
14/12/2001;572.38
17/12/2001;578.97
18/12/2001;583.38
19/12/2001;588.72
20/12/2001;584.3
21/12/2001;586.41
24/12/2001;585.19
26/12/2001;587.5
27/12/2001;590.87
28/12/2001;591.75
31/12/2001;584.28
02/01/2002;588.98
03/01/2002;595.13
04/01/2002;598.61
07/01/2002;594.41
08/01/2002;592.5
09/01/2002;589.62
10/01/2002;590.56
11/01/2002;584.2
14/01/2002;580.86
15/01/2002;584.85
16/01/2002;574.99
17/01/2002;581.63
18/01/2002;575.24
22/01/2002;570.63
23/01/2002;573.63
24/01/2002;575.09
25/01/2002;575.14
28/01/2002;574.91
29/01/2002;557.28
30/01/2002;564.38
31/01/2002;573.49
01/02/2002;569.35
04/02/2002;553.43
05/02/2002;552.38
06/02/2002;550.2
07/02/2002;548.69
08/02/2002;557.28
11/02/2002;565.08
12/02/2002;562.51
13/02/2002;567.79
14/02/2002;567.13
15/02/2002;559.65
19/02/2002;549.22
20/02/2002;557.59
21/02/2002;548.58
22/02/2002;554.04
25/02/2002;563.78
26/02/2002;562.67
27/02/2002;563.09
28/02/2002;562.41
01/03/2002;576.16
04/03/2002;586.52
05/03/2002;581.95
06/03/2002;590.21
07/03/2002;586.88
08/03/2002;589.84
11/03/2002;591.73
12/03/2002;591.09
13/03/2002;584.7
14/03/2002;584.33
15/03/2002;591.13
18/03/2002;589.63
19/03/2002;592.09
20/03/2002;582.17
21/03/2002;582.44
22/03/2002;580.09
25/03/2002;571.67
26/03/2002;575.17
27/03/2002;577.48
28/03/2002;577.87
01/04/2002;576.68
02/04/2002;571.48
03/04/2002;566.03
04/04/2002;566.72
05/04/2002;564.02
08/04/2002;563.95
09/04/2002;558.83
10/04/2002;565.35
11/04/2002;549.46
12/04/2002;553.74
15/04/2002;547.72
16/04/2002;561.29
17/04/2002;559.73
18/04/2002;559.36
19/04/2002;559.79
22/04/2002;550.04
23/04/2002;545.8
24/04/2002;541.86
25/04/2002;540.69
26/04/2002;532.38
29/04/2002;526.84
30/04/2002;532.4
01/05/2002;538.53
02/05/2002;537.53
03/05/2002;530.52
06/05/2002;519.48
07/05/2002;518.22
08/05/2002;540.62
09/05/2002;531.69
10/05/2002;523.23
13/05/2002;533.76
14/05/2002;545.6
15/05/2002;542.02
16/05/2002;547.88
17/05/2002;553.3
20/05/2002;545.28
21/05/2002;538.28
22/05/2002;541.92
23/05/2002;547.57
24/05/2002;539.92
28/05/2002;534.32
29/05/2002;530.04
30/05/2002;528.88
31/05/2002;529.2
03/06/2002;514.74
04/06/2002;516.03
05/06/2002;520.87
06/06/2002;509.55
07/06/2002;507.32
10/06/2002;509.03
11/06/2002;500.7
12/06/2002;507.02
13/06/2002;502.17
14/06/2002;501.76
17/06/2002;516.18
18/06/2002;516.73
19/06/2002;507.64
20/06/2002;500.02
21/06/2002;489.42
24/06/2002;493.05
25/06/2002;483.42
26/06/2002;482.57
27/06/2002;491.61
28/06/2002;490.12
01/07/2002;478.96
02/07/2002;470.11
03/07/2002;474.41
05/07/2002;492.66
08/07/2002;486.29
09/07/2002;475.24
10/07/2002;458.69
11/07/2002;462.92
12/07/2002;458.91
15/07/2002;457.17
16/07/2002;448.81
17/07/2002;453.68
18/07/2002;441.28
19/07/2002;423.1
22/07/2002;407.88
23/07/2002;396.75
24/07/2002;419.98
25/07/2002;417.31
26/07/2002;426.93
29/07/2002;450.87
30/07/2002;452.9
31/07/2002;458.87
01/08/2002;444.32
02/08/2002;434.05
05/08/2002;418.56
06/08/2002;431.17
07/08/2002;441.46
08/08/2002;457.16
09/08/2002;458.82
12/08/2002;456.15
13/08/2002;445.3
14/08/2002;464.44
15/08/2002;469.78
16/08/2002;468.44
19/08/2002;480.86
20/08/2002;474.03
21/08/2002;480.04
22/08/2002;485.95
23/08/2002;474.5
26/08/2002;477.59
27/08/2002;471.15
28/08/2002;462.53
29/08/2002;462
30/08/2002;460.8
03/09/2002;440.03
04/09/2002;447.98
05/09/2002;439.14
06/09/2002;446.67
09/09/2002;451.27
10/09/2002;455.89
11/09/2002;455.41
12/09/2002;443.23
13/09/2002;444.24
16/09/2002;446.65
17/09/2002;438.55
18/09/2002;435.99
19/09/2002;423.06
20/09/2002;423.9
23/09/2002;417.38
24/09/2002;410.87
25/09/2002;421.68
26/09/2002;428.51
27/09/2002;413.22
30/09/2002;407.25
01/10/2002;425.74
02/10/2002;415.93
03/10/2002;412.27
04/10/2002;403.22
07/10/2002;396.15
08/10/2002;402.88
09/10/2002;392.69
10/10/2002;405.91
11/10/2002;422.68
14/10/2002;425.54
15/10/2002;447.26
16/10/2002;436.19
17/10/2002;446.21
18/10/2002;449.02
21/10/2002;456.24
22/10/2002;452.59
23/10/2002;454.73
24/10/2002;447.88
25/10/2002;455.65
28/10/2002;452.09
29/10/2002;448.86
30/10/2002;452.6
31/10/2002;451.2
01/11/2002;458.16
04/11/2002;462.26
05/11/2002;467.93
06/11/2002;471.06
07/11/2002;460.55
08/11/2002;457.39
11/11/2002;447.63
12/11/2002;450.5
13/11/2002;450.61
14/11/2002;461.14
15/11/2002;463.72
18/11/2002;459.01
19/11/2002;457.69
20/11/2002;466.99
21/11/2002;477.86
22/11/2002;475.03
25/11/2002;476.96
26/11/2002;467.08
27/11/2002;480.36
29/11/2002;478.85
02/12/2002;477.19
03/12/2002;469.62
04/12/2002;468.03
05/12/2002;461.67
06/12/2002;464.42
09/12/2002;453.99
10/12/2002;460.49
11/12/2002;460.69
12/12/2002;458.56
13/12/2002;451.81
16/12/2002;463.26
17/12/2002;458.6
18/12/2002;452.78
19/12/2002;449.12
20/12/2002;455.46
23/12/2002;456.06
24/12/2002;453.27
26/12/2002;450.6
27/12/2002;443.04
30/12/2002;444.77
31/12/2002;444.75
02/01/2003;459.5
03/01/2003;459.2
06/01/2003;469.74
07/01/2003;467.84
08/01/2003;460.06
09/01/2003;469.92
10/01/2003;470.41
13/01/2003;470.83
14/01/2003;474.31
15/01/2003;466.88
16/01/2003;464.7
17/01/2003;457.36
21/01/2003;450.35
22/01/2003;445.67
23/01/2003;450.7
24/01/2003;436.14
27/01/2003;429.47
28/01/2003;434.65
29/01/2003;437.54
30/01/2003;426.71
31/01/2003;432.57
03/02/2003;435.7
04/02/2003;428.84
05/02/2003;426.01
06/02/2003;423.49
07/02/2003;418.79
10/02/2003;422.03
11/02/2003;418.58
12/02/2003;413.61
13/02/2003;414.04
14/02/2003;422.57
18/02/2003;431.48
19/02/2003;428.8
20/02/2003;424.29
21/02/2003;429.87
24/02/2003;421.47
25/02/2003;424.88
26/02/2003;418.72
27/02/2003;423.5
28/02/2003;425.36
03/03/2003;422.18
04/03/2003;415.36
05/03/2003;420.3
06/03/2003;416.49
07/03/2003;420.12
10/03/2003;409.64
11/03/2003;406.74
12/03/2003;408.92
13/03/2003;422.99
14/03/2003;424.07
17/03/2003;438.64
18/03/2003;440.38
19/03/2003;444.84
20/03/2003;445.79
21/03/2003;456.41
24/03/2003;439.67
25/03/2003;444.77
26/03/2003;442.07
27/03/2003;441.01
28/03/2003;437.94
31/03/2003;429.13
01/04/2003;435
02/04/2003;447.46
03/04/2003;445.1
04/04/2003;446.69
07/04/2003;447.25
08/04/2003;447.15
09/04/2003;440.53
10/04/2003;442.73
11/04/2003;440.97
14/04/2003;449.61
15/04/2003;452.08
16/04/2003;446.78
17/04/2003;453.71
21/04/2003;453.06
22/04/2003;463.08
23/04/2003;467.31
24/04/2003;462.95
25/04/2003;456.2
28/04/2003;464.78
29/04/2003;465.93
30/04/2003;465.53
01/05/2003;465.34
02/05/2003;471.87
05/05/2003;469.29
06/05/2003;472.71
07/05/2003;470.31
08/05/2003;465.34
09/05/2003;472.25
12/05/2003;477.96
13/05/2003;475.41
14/05/2003;473.98
15/05/2003;477.68
16/05/2003;475.72
19/05/2003;464.05
20/05/2003;463.58
21/05/2003;465.2
22/05/2003;469.38
23/05/2003;469.75
27/05/2003;478.99
28/05/2003;479.65
29/05/2003;477.42
30/05/2003;483.2
02/06/2003;485.36
03/06/2003;488.11
04/06/2003;495.03
05/06/2003;496.14
06/06/2003;495.67
09/06/2003;491.34
10/06/2003;496.09
11/06/2003;501.95
12/06/2003;502.84
13/06/2003;497.82
16/06/2003;509.33
17/06/2003;510.56
18/06/2003;509.65
19/06/2003;501.76
20/06/2003;502.39
23/06/2003;495.77
24/06/2003;496.49
25/06/2003;491.6
26/06/2003;497.06
27/06/2003;491.61
30/06/2003;490.39
01/07/2003;494.9
02/07/2003;500.74
03/07/2003;496.08
07/07/2003;505.5
08/07/2003;506.34
09/07/2003;503.63
10/07/2003;497.09
11/07/2003;502.48
14/07/2003;505.19
15/07/2003;504.07
16/07/2003;501.07
17/07/2003;494.8
18/07/2003;501.5
21/07/2003;492.8
22/07/2003;497.64
23/07/2003;497.79
24/07/2003;493.65
25/07/2003;502.94
28/07/2003;501.49
29/07/2003;497.85
30/07/2003;497.29
31/07/2003;499.27
01/08/2003;493.64
04/08/2003;495.5
05/08/2003;486.66
06/08/2003;488.13
07/08/2003;491.76
08/08/2003;493.8
11/08/2003;495.12
12/08/2003;499.74
13/08/2003;495.29
14/08/2003;498.22
15/08/2003;498.3
18/08/2003;502.79
19/08/2003;503.92
20/08/2003;501.89
21/08/2003;502.04
22/08/2003;497.42
25/08/2003;497.66
26/08/2003;499.28
27/08/2003;498.73
28/08/2003;501.24
29/08/2003;503.36
02/09/2003;510.86
03/09/2003;514.5
04/09/2003;516.18
05/09/2003;512.49
08/09/2003;518.02
09/09/2003;513.92
10/09/2003;508.77
11/09/2003;511.37
12/09/2003;512.3
15/09/2003;509.96
16/09/2003;517.36
17/09/2003;515.43
18/09/2003;522.6
19/09/2003;520.62
22/09/2003;513.31
23/09/2003;516.12
24/09/2003;505.46
25/09/2003;502.62
26/09/2003;499.61
29/09/2003;505.02
30/09/2003;498.56
01/10/2003;510.33
02/10/2003;511.2
03/10/2003;515.17
06/10/2003;517.04
07/10/2003;519.64
08/10/2003;516.54
09/10/2003;518.48
10/10/2003;518.05
13/10/2003;520.97
14/10/2003;523.3
15/10/2003;522.14
16/10/2003;523.51
17/10/2003;518.12
20/10/2003;521.43
21/10/2003;521.76
22/10/2003;513.4
23/10/2003;514.88
24/10/2003;511.25
27/10/2003;510.77
28/10/2003;518.64
29/10/2003;518.66
30/10/2003;517.53
31/10/2003;519.98
03/11/2003;524.01
04/11/2003;521.38
05/11/2003;520.25
06/11/2003;523.84
07/11/2003;520.7
10/11/2003;518.77
11/11/2003;518.66
12/11/2003;524.19
13/11/2003;522.99
14/11/2003;519.01
17/11/2003;516.23
18/11/2003;512.22
19/11/2003;516.82
20/11/2003;511.79
21/11/2003;511.77
24/11/2003;519.31
25/11/2003;519.54
26/11/2003;521.21
28/11/2003;520.74
01/12/2003;526.6
02/12/2003;524.71
03/12/2003;524.42
04/12/2003;527.56
05/12/2003;523.51
08/12/2003;527.67
09/12/2003;524.15
10/12/2003;525.33
11/12/2003;530.16
12/12/2003;531.78
15/12/2003;530.47
16/12/2003;534.75
17/12/2003;535.2
18/12/2003;540.49
19/12/2003;540.26
22/12/2003;542.28
23/12/2003;543.42
24/12/2003;542.01
26/12/2003;542.78
29/12/2003;549.23
30/12/2003;549.07
31/12/2003;550.78
02/01/2004;549.99
05/01/2004;557.31
06/01/2004;557.75
07/01/2004;559.31
08/01/2004;562.88
09/01/2004;556.55
12/01/2004;559.41
13/01/2004;555.75
14/01/2004;559.77
15/01/2004;560.42
16/01/2004;564.72
20/01/2004;563.75
21/01/2004;568.64
22/01/2004;566.21
23/01/2004;565.41
26/01/2004;573.44
27/01/2004;567.15
28/01/2004;559.49
29/01/2004;563.1
30/01/2004;560.31
02/02/2004;562.76
03/02/2004;563.36
04/02/2004;558.87
05/02/2004;559.61
06/02/2004;566.06
09/02/2004;563.72
10/02/2004;566.35
11/02/2004;572.39
12/02/2004;569.43
13/02/2004;565.92
17/02/2004;571.24
18/02/2004;568.33
19/02/2004;566.06
20/02/2004;564.87
23/02/2004;564.58
24/02/2004;563.69
25/02/2004;565.86
26/02/2004;565.49
27/02/2004;564.54
01/03/2004;569.43
02/03/2004;565.86
03/03/2004;566.51
04/03/2004;568.32
05/03/2004;568.45
08/03/2004;563.67
09/03/2004;560.9
10/03/2004;552.8
11/03/2004;544.16
12/03/2004;549.92
15/03/2004;542.26
16/03/2004;545.56
17/03/2004;551.48
18/03/2004;550.69
19/03/2004;543.68
22/03/2004;536.1
23/03/2004;535.15
24/03/2004;534.49
25/03/2004;544.31
26/03/2004;543.52
29/03/2004;550.46
30/03/2004;552.53
31/03/2004;551.13
01/04/2004;553.64
02/04/2004;558.1
05/04/2004;562.86
06/04/2004;561.58
07/04/2004;557.28
08/04/2004;556.12
12/04/2004;559.49
13/04/2004;552.24
14/04/2004;551.88
15/04/2004;552.47
16/04/2004;554.94
19/04/2004;555.78
20/04/2004;547.1
21/04/2004;549.2
22/04/2004;555.24
23/04/2004;556.71
26/04/2004;554.62
27/04/2004;555.62
28/04/2004;547.84
29/04/2004;544.54
30/04/2004;540.88
03/05/2004;545.85
04/05/2004;547.15
05/05/2004;547.19
06/05/2004;543.9
07/05/2004;537.35
10/05/2004;532.68
11/05/2004;536
12/05/2004;537.17
13/05/2004;536.23
14/05/2004;535.47
17/05/2004;530.4
18/05/2004;533.82
19/05/2004;532.28
20/05/2004;533.2
21/05/2004;534.33
24/05/2004;534.04
25/05/2004;542.39
26/05/2004;542.6
27/05/2004;546.32
28/05/2004;545.13
01/06/2004;545.11
02/06/2004;547.58
03/06/2004;543.92
04/06/2004;547.08
07/06/2004;555.69
08/06/2004;556.74
09/06/2004;552.3
10/06/2004;554.9
14/06/2004;550.06
15/06/2004;552.79
16/06/2004;553.43
17/06/2004;552.6
18/06/2004;554.81
21/06/2004;552.36
22/06/2004;553.47
23/06/2004;557.8
24/06/2004;555.71
25/06/2004;549.75
28/06/2004;550.48
29/06/2004;552.51
30/06/2004;553.87
01/07/2004;549.01
02/07/2004;547.17
06/07/2004;543.33
07/07/2004;544.25
08/07/2004;540.21
09/07/2004;542.63
12/07/2004;543.7
13/07/2004;544
14/07/2004;541.79
15/07/2004;537.88
16/07/2004;535.9
19/07/2004;536.29
20/07/2004;539.65
21/07/2004;533.02
22/07/2004;535.49
23/07/2004;530.38
26/07/2004;530.09
27/07/2004;535.53
28/07/2004;536.46
29/07/2004;537.28
30/07/2004;537.67
02/08/2004;540.41
03/08/2004;537.92
04/08/2004;538.49
05/08/2004;530.19
06/08/2004;521.83
09/08/2004;522.42
10/08/2004;528.77
11/08/2004;526.54
12/08/2004;519.56
13/08/2004;520.72
16/08/2004;527.3
17/08/2004;528.4
18/08/2004;534.84
19/08/2004;533.1
20/08/2004;536.04
23/08/2004;534.89
24/08/2004;534.98
25/08/2004;539.57
26/08/2004;539.46
27/08/2004;540.88
30/08/2004;536.55
31/08/2004;538.77
01/09/2004;538.6
02/09/2004;544.15
03/09/2004;541.06
07/09/2004;545
08/09/2004;543.12
09/09/2004;543.89
10/09/2004;546.25
13/09/2004;546.11
14/09/2004;546.93
15/09/2004;542.63
16/09/2004;543.35
17/09/2004;545.8
20/09/2004;541.93
21/09/2004;544.74
22/09/2004;536.84
23/09/2004;534.2
24/09/2004;534.37
27/09/2004;531.02
28/09/2004;534.19
29/09/2004;536.56
30/09/2004;534.86
01/10/2004;543.11
04/10/2004;544.74
05/10/2004;544.48
06/10/2004;547.89
07/10/2004;542.28
08/10/2004;538.47
11/10/2004;539.92
12/10/2004;539.22
13/10/2004;535.48
14/10/2004;529.58
15/10/2004;531.8
18/10/2004;535.18
19/10/2004;530.99
20/10/2004;530.72
21/10/2004;531.26
22/10/2004;525.16
25/10/2004;524
26/10/2004;531.69
27/10/2004;537.78
28/10/2004;539.48
29/10/2004;540.65
01/11/2004;540.5
02/11/2004;540.65
03/11/2004;546.73
04/11/2004;555.62
05/11/2004;557.9
08/11/2004;557.3
09/11/2004;556.9
10/11/2004;555.54
11/11/2004;560.18
12/11/2004;566.22
15/11/2004;566.09
16/11/2004;562.26
17/11/2004;565.72
18/11/2004;565.97
19/11/2004;559.69
22/11/2004;561.64
23/11/2004;561.29
24/11/2004;562.7
26/11/2004;562.65
29/11/2004;560.15
30/11/2004;557.47
01/12/2004;566.21
02/12/2004;566.45
03/12/2004;567.08
06/12/2004;566.59
07/12/2004;560.94
08/12/2004;563.81
09/12/2004;566.37
10/12/2004;565.5
13/12/2004;570.41
14/12/2004;572.42
15/12/2004;573.45
16/12/2004;573.46
17/12/2004;567.37
20/12/2004;567.8
21/12/2004;573.36
22/12/2004;575.34
23/12/2004;576.06
27/12/2004;573.86
28/12/2004;577.16
29/12/2004;576.53
30/12/2004;576.1
31/12/2004;575.29
03/01/2005;572.33
04/01/2005;566.77
05/01/2005;565.21
06/01/2005;567.54
07/01/2005;566.38
10/01/2005;568.27
11/01/2005;564.68
12/01/2005;567.31
13/01/2005;561.56
14/01/2005;564.44
18/01/2005;569.53
19/01/2005;563.89
20/01/2005;561.19
21/01/2005;557.32
24/01/2005;556.29
25/01/2005;559.87
26/01/2005;561.78
27/01/2005;562.36
28/01/2005;560.95
31/01/2005;564.88
01/02/2005;568.19
02/02/2005;570.28
03/02/2005;568.21
04/02/2005;575.09
07/02/2005;575.27
08/02/2005;576.34
09/02/2005;571.97
10/02/2005;574.63
11/02/2005;577.18
14/02/2005;577.18
15/02/2005;578.86
16/02/2005;578.24
17/02/2005;573.99
18/02/2005;575.42
22/02/2005;567.25
23/02/2005;570.43
24/02/2005;573.77
25/02/2005;578.57
28/02/2005;574.41
01/03/2005;577.8
02/03/2005;577.79
03/03/2005;577.93
04/03/2005;583.23
07/03/2005;584.43
08/03/2005;582.21
09/03/2005;576.73
10/03/2005;578.4
11/03/2005;573.55
14/03/2005;576.18
15/03/2005;571.8
16/03/2005;567.41
17/03/2005;568.03
18/03/2005;567.94
21/03/2005;564.35
22/03/2005;558.07
23/03/2005;558.87
24/03/2005;557.71
28/03/2005;559.65
29/03/2005;555.9
30/03/2005;562.89
31/03/2005;561.86
01/04/2005;557.49
04/04/2005;559.49
05/04/2005;562.11
06/04/2005;562.76
07/04/2005;566.29
08/04/2005;562.18
11/04/2005;562.12
12/04/2005;565.88
13/04/2005;560.32
14/04/2005;555.6
15/04/2005;547.25
18/04/2005;548.15
19/04/2005;550.97
20/04/2005;543.6
21/04/2005;554.67
22/04/2005;551.4
25/04/2005;555.33
26/04/2005;550.52
27/04/2005;552.86
28/04/2005;546.12
29/04/2005;552.74
02/05/2005;554.77
03/05/2005;554.41
04/05/2005;560.61
05/05/2005;559.03
06/05/2005;558.2
09/05/2005;561.32
10/05/2005;555.21
11/05/2005;556.82
12/05/2005;551.88
13/05/2005;550.16
16/05/2005;554.99
17/05/2005;558.14
18/05/2005;563.51
19/05/2005;566.31
20/05/2005;565.75
23/05/2005;567.53
24/05/2005;567.68
25/05/2005;566.12
26/05/2005;569.14
27/05/2005;568.95
31/05/2005;564.64
01/06/2005;569.45
02/06/2005;569.85
03/06/2005;565.3
06/06/2005;565.56
07/06/2005;565.97
08/06/2005;564.9
09/06/2005;566.99
10/06/2005;566.3
13/06/2005;567.13
14/06/2005;567.85
15/06/2005;569.15
16/06/2005;570.42
17/06/2005;572.34
20/06/2005;571.94
21/06/2005;571.03
22/06/2005;571
23/06/2005;564.53
24/06/2005;559.91
27/06/2005;559.46
28/06/2005;563.99
29/06/2005;563.8
30/06/2005;558.07
01/07/2005;558.88
05/07/2005;563.34
06/07/2005;558.58
07/07/2005;559.09
08/07/2005;566.47
11/07/2005;569.61
12/07/2005;570.73
13/07/2005;571.96
14/07/2005;574.96
15/07/2005;575.53
18/07/2005;571.01
19/07/2005;574.31
20/07/2005;576.47
21/07/2005;572.47
22/07/2005;574.42
25/07/2005;572.13
26/07/2005;572.62
27/07/2005;575.08
28/07/2005;577.51
29/07/2005;572.61
01/08/2005;573.02
02/08/2005;577.02
03/08/2005;577.43
04/08/2005;573.44
05/08/2005;570.32
08/08/2005;568.77
09/08/2005;573.15
10/08/2005;571.12
11/08/2005;575.3
12/08/2005;570.65
15/08/2005;572.04
16/08/2005;566.32
17/08/2005;567.28
18/08/2005;567.02
19/08/2005;566.67
22/08/2005;567.54
23/08/2005;565.41
24/08/2005;560.96
25/08/2005;561.89
26/08/2005;558.79
29/08/2005;562.23
30/08/2005;560.11
31/08/2005;564.44
01/09/2005;564.38
02/09/2005;563.17
06/09/2005;570.63
07/09/2005;572.15
08/09/2005;570.33
09/09/2005;574.13
12/09/2005;573.53
13/09/2005;569.51
14/09/2005;567.41
15/09/2005;568.29
16/09/2005;573.37
19/09/2005;570.1
20/09/2005;566.06
21/09/2005;560.78
22/09/2005;562.85
23/09/2005;562.28
26/09/2005;562.09
27/09/2005;561.61
28/09/2005;562.64
29/09/2005;566.79
30/09/2005;566.8
03/10/2005;564.96
04/10/2005;559.81
05/10/2005;552.55
06/10/2005;551.26
07/10/2005;552.92
10/10/2005;550
11/10/2005;549.31
12/10/2005;547.39
13/10/2005;547.42
14/10/2005;550.49
17/10/2005;551.56
18/10/2005;546.66
19/10/2005;554.06
20/10/2005;545.13
21/10/2005;544.5
24/10/2005;553.25
25/10/2005;552.71
26/10/2005;550.39
27/10/2005;545.27
28/10/2005;554.48
31/10/2005;556.74
01/11/2005;554.38
02/11/2005;559.12
03/11/2005;561.4
04/11/2005;561.97
07/11/2005;563.3
08/11/2005;561.6
09/11/2005;562.89
10/11/2005;567.18
11/11/2005;569.01
14/11/2005;568.81
15/11/2005;566.91
16/11/2005;566.93
17/11/2005;571.17
18/11/2005;574.69
21/11/2005;577.15
22/11/2005;579.83
23/11/2005;582.01
25/11/2005;583.24
28/11/2005;579.13
29/11/2005;578.84
30/11/2005;574.56
01/12/2005;580.22
02/12/2005;579.61
05/12/2005;578.54
06/12/2005;578.65
07/12/2005;575.85
08/12/2005;573.87
09/12/2005;574.63
12/12/2005;574.97
13/12/2005;578.23
14/12/2005;581.22
15/12/2005;580.85
16/12/2005;579.08
19/12/2005;577.14
20/12/2005;576.19
21/12/2005;577.01
22/12/2005;579.35
23/12/2005;579.41
27/12/2005;574.01
28/12/2005;574.22
29/12/2005;572.81
30/12/2005;570
03/01/2006;579.25
04/01/2006;580.69
05/01/2006;580.76
06/01/2006;585.02
09/01/2006;586.69
10/01/2006;586.1
11/01/2006;588.36
12/01/2006;584.25
13/01/2006;584.62
17/01/2006;581.8
18/01/2006;579.33
19/01/2006;582.51
20/01/2006;571.51
23/01/2006;572.54
24/01/2006;572.52
25/01/2006;572.56
26/01/2006;576.07
27/01/2006;580.8
30/01/2006;581.67
31/01/2006;578.77
01/02/2006;580.61
02/02/2006;575.15
03/02/2006;572.24
06/02/2006;572.55
07/02/2006;568.76
08/02/2006;574.99
09/02/2006;574.91
10/02/2006;576.65
13/02/2006;574.86
14/02/2006;580.26
15/02/2006;582.42
16/02/2006;585.79
17/02/2006;585.04
21/02/2006;582.91
22/02/2006;585.8
23/02/2006;583.19
24/02/2006;583.75
27/02/2006;586.15
28/02/2006;580.82
01/03/2006;585.25
02/03/2006;584
03/03/2006;583.92
06/03/2006;580.87
07/03/2006;580.67
08/03/2006;582.25
09/03/2006;579.62
10/03/2006;584.22
13/03/2006;584.85
14/03/2006;589.69
15/03/2006;591.74
16/03/2006;592.71
17/03/2006;593.49
20/03/2006;593.41
21/03/2006;590.9
22/03/2006;594.79
23/03/2006;592.5
24/03/2006;592.78
27/03/2006;592.15
28/03/2006;587.32
29/03/2006;590.91
30/03/2006;590.26
31/03/2006;587.75
03/04/2006;589.38
04/04/2006;592.88
05/04/2006;594.75
06/04/2006;592.91
07/04/2006;586.71
10/04/2006;587.68
11/04/2006;583.59
12/04/2006;583.97
13/04/2006;584.51
17/04/2006;582.46
18/04/2006;592.18
19/04/2006;592.34
20/04/2006;593.39
21/04/2006;593.13
24/04/2006;592.11
25/04/2006;590.25
26/04/2006;592.8
27/04/2006;596.19
28/04/2006;595.89
01/05/2006;593.46
02/05/2006;597.1
03/05/2006;594.32
04/05/2006;596.66
05/05/2006;603.04
08/05/2006;602.91
09/05/2006;603.82
10/05/2006;601.98
11/05/2006;594.72
12/05/2006;588.7
15/05/2006;591.12
16/05/2006;590.75
17/05/2006;580.53
18/05/2006;577.26
19/05/2006;578.88
22/05/2006;577.66
23/05/2006;575.7
24/05/2006;577.48
25/05/2006;583.16
26/05/2006;586.45
30/05/2006;577.21
31/05/2006;581.2
01/06/2006;587.25
02/06/2006;588.44
05/06/2006;578.55
06/06/2006;578.44
07/06/2006;574.99
08/06/2006;575.94
09/06/2006;572.75
12/06/2006;566.97
13/06/2006;560.7
14/06/2006;563.94
15/06/2006;574.17
16/06/2006;572.76
19/06/2006;568.53
20/06/2006;568.72
21/06/2006;573.71
22/06/2006;570.82
23/06/2006;569.47
26/06/2006;572.29
27/06/2006;567.83
28/06/2006;570.88
29/06/2006;582.2
30/06/2006;579.56
03/07/2006;584.74
05/07/2006;581.79
06/07/2006;584.16
07/07/2006;580.62
10/07/2006;581.6
11/07/2006;583.68
12/07/2006;576.96
13/07/2006;570.08
14/07/2006;567.32
17/07/2006;566.62
18/07/2006;568.35
19/07/2006;578.96
20/07/2006;574.97
21/07/2006;572.5
24/07/2006;581.66
25/07/2006;584.31
26/07/2006;584.5
27/07/2006;583.55
28/07/2006;590.2
31/07/2006;588.74
01/08/2006;586.32
02/08/2006;589.52
03/08/2006;589.55
04/08/2006;589.05
07/08/2006;587.82
08/08/2006;586.13
09/08/2006;584.48
10/08/2006;587.04
11/08/2006;585.6
14/08/2006;586.76
15/08/2006;593.49
16/08/2006;597.24
17/08/2006;598.11
18/08/2006;601.5
21/08/2006;599.93
22/08/2006;600.26
23/08/2006;598.44
24/08/2006;599.74
25/08/2006;599.41
28/08/2006;602.13
29/08/2006;603.11
30/08/2006;602.82
31/08/2006;602.03
01/09/2006;605.59
05/09/2006;606.06
06/09/2006;601.2
07/09/2006;598.5
08/09/2006;600.43
11/09/2006;600.76
12/09/2006;606.24
13/09/2006;608.13
14/09/2006;607.78
15/09/2006;609.01
18/09/2006;610.17
19/09/2006;609.5
20/09/2006;613.34
21/09/2006;610.24
22/09/2006;609.38
25/09/2006;614.56
26/09/2006;619.82
27/09/2006;620.35
28/09/2006;621.54
29/09/2006;620.03
02/10/2006;619.24
03/10/2006;621.44
04/10/2006;628.33
05/10/2006;628.59
06/10/2006;627.54
09/10/2006;627.43
10/10/2006;628.71
11/10/2006;627.11
12/10/2006;632.46
13/10/2006;633.61
16/10/2006;634.58
17/10/2006;632.79
18/10/2006;634.3
19/10/2006;634.27
20/10/2006;636.01
23/10/2006;639.93
24/10/2006;639.83
25/10/2006;642.54
26/10/2006;645.42
27/10/2006;640.57
30/10/2006;640.28
31/10/2006;640.57
01/11/2006;636.91
02/11/2006;636.74
03/11/2006;635.5
06/11/2006;642.72
07/11/2006;644.19
08/11/2006;645.36
09/11/2006;642.71
10/11/2006;643.32
13/11/2006;644.68
14/11/2006;648.54
15/11/2006;649.24
16/11/2006;651.06
17/11/2006;652.6
20/11/2006;652.02
21/11/2006;652.66
22/11/2006;653.52
24/11/2006;650.58
27/11/2006;642.47
28/11/2006;644.92
29/11/2006;650.12
30/11/2006;649.64
01/12/2006;648.33
04/12/2006;652.21
05/12/2006;654.06
06/12/2006;652.67
07/12/2006;650.52
08/12/2006;652.22
11/12/2006;654.19
12/12/2006;654.22
13/12/2006;655.45
14/12/2006;661.71
15/12/2006;663.11
18/12/2006;662.4
19/12/2006;663.81
20/12/2006;662.47
21/12/2006;660.01
22/12/2006;656.21
26/12/2006;659.58
27/12/2006;664.42
28/12/2006;663.64
29/12/2006;660.41
03/01/2007;660.29
04/01/2007;661
05/01/2007;657.5
08/01/2007;659.15
09/01/2007;657.89
10/01/2007;658.35
11/01/2007;661.64
12/01/2007;665.67
16/01/2007;666.03
17/01/2007;665.2
18/01/2007;664.04
19/01/2007;665.38
22/01/2007;662.41
23/01/2007;664.12
24/01/2007;669.94
25/01/2007;661.34
26/01/2007;660.35
29/01/2007;659.55
30/01/2007;662.79
31/01/2007;666.78
01/02/2007;668.89
02/02/2007;669.59
05/02/2007;669.21
06/02/2007;668.91
07/02/2007;668.46
08/02/2007;667.16
09/02/2007;663.18
12/02/2007;661.02
13/02/2007;665.82
14/02/2007;670.21
15/02/2007;669.73
16/02/2007;668.84
20/02/2007;670.05
21/02/2007;668.4
22/02/2007;667.22
23/02/2007;664.01
26/02/2007;663.38
27/02/2007;639.71
28/02/2007;643.74
01/03/2007;642.05
02/03/2007;635.28
05/03/2007;630.47
06/03/2007;639.96
07/03/2007;638.16
08/03/2007;642.28
09/03/2007;642.42
12/03/2007;644.19
13/03/2007;631.17
14/03/2007;635.15
15/03/2007;636.74
16/03/2007;633.94
19/03/2007;640.69
20/03/2007;644.71
21/03/2007;655.51
22/03/2007;656.07
23/03/2007;655.98
26/03/2007;656.92
27/03/2007;653.07
28/03/2007;647.87
29/03/2007;650.93
30/03/2007;649.89
02/04/2007;650.65
03/04/2007;656.66
04/04/2007;657.77
05/04/2007;659.73
09/04/2007;660.13
10/04/2007;662.08
11/04/2007;658.13
12/04/2007;662.38
13/04/2007;665.35
16/04/2007;672.01
17/04/2007;673.56
18/04/2007;674.1
19/04/2007;673.99
20/04/2007;680.82
23/04/2007;677.59
24/04/2007;677.16
25/04/2007;684.37
26/04/2007;683.66
27/04/2007;684.42
30/04/2007;680.65
01/05/2007;683.22
02/05/2007;686.42
03/05/2007;689.4
04/05/2007;690.95
07/05/2007;692.79
08/05/2007;692.05
09/05/2007;693.43
10/05/2007;683.73
11/05/2007;690.04
14/05/2007;689.31
15/05/2007;689.18
16/05/2007;695.95
17/05/2007;695.16
18/05/2007;699.8
21/05/2007;699.91
22/05/2007;699.12
23/05/2007;699.01
24/05/2007;693.47
25/05/2007;697.27
29/05/2007;697.7
30/05/2007;702.99
31/05/2007;702.43
01/06/2007;704.71
04/06/2007;705.57
05/06/2007;702.28
06/06/2007;696.57
07/06/2007;685.33
08/06/2007;693.11
11/06/2007;693.73
12/06/2007;686.16
13/06/2007;696.06
14/06/2007;699.82
15/06/2007;704.53
18/06/2007;704.18
19/06/2007;705.79
20/06/2007;696.78
21/06/2007;700.78
22/06/2007;690.77
25/06/2007;689.72
26/06/2007;687.78
27/06/2007;693.94
28/06/2007;693.86
29/06/2007;692.77
02/07/2007;699.49
03/07/2007;702.93
05/07/2007;702.82
06/07/2007;704.5
09/07/2007;705.58
10/07/2007;696.21
11/07/2007;700.6
12/07/2007;714.74
13/07/2007;717.17
16/07/2007;717.01
17/07/2007;717.22
18/07/2007;714.92
19/07/2007;718.11
20/07/2007;709.92
23/07/2007;714.76
24/07/2007;701.2
25/07/2007;705.94
26/07/2007;689.84
27/07/2007;679.14
30/07/2007;685.09
31/07/2007;675.75
01/08/2007;681.85
02/08/2007;684.51
03/08/2007;667.42
06/08/2007;683.66
07/08/2007;687.82
08/08/2007;698.14
09/08/2007;676.02
10/08/2007;675.62
13/08/2007;674.51
14/08/2007;663.96
15/08/2007;655.83
16/08/2007;658.3
17/08/2007;674.53
20/08/2007;674.12
21/08/2007;673.85
22/08/2007;681.28
23/08/2007;681.84
24/08/2007;689.47
27/08/2007;684.74
28/08/2007;668.99
29/08/2007;683.02
30/08/2007;680.46
31/08/2007;687.47
04/09/2007;694.23
05/09/2007;686.63
06/09/2007;688.91
07/09/2007;677.74
10/09/2007;678.04
11/09/2007;687.65
12/09/2007;688.42
13/09/2007;695
14/09/2007;694.38
17/09/2007;691.12
18/09/2007;710.08
19/09/2007;713.53
20/09/2007;709.81
21/09/2007;713.35
24/09/2007;710.14
25/09/2007;710.52
26/09/2007;714.06
27/09/2007;716.46
28/09/2007;714.49
01/10/2007;723.78
02/10/2007;723.53
03/10/2007;719.73
04/10/2007;720.59
05/10/2007;725.83
08/10/2007;724.1
09/10/2007;729.79
10/10/2007;728.03
11/10/2007;724.9
12/10/2007;727.77
15/10/2007;722.09
16/10/2007;717.81
17/10/2007;719.7
18/10/2007;718.31
19/10/2007;700.31
22/10/2007;702.63
23/10/2007;708.86
24/10/2007;707.86
25/10/2007;706.62
26/10/2007;717.18
29/10/2007;720.74
30/10/2007;716.52
31/10/2007;724.4
01/11/2007;705.46
02/11/2007;704.95
05/11/2007;701.71
06/11/2007;709.91
07/11/2007;688.73
08/11/2007;686.13
09/11/2007;675.68
12/11/2007;670.37
13/11/2007;690.77
14/11/2007;685.76
15/11/2007;676.59
16/11/2007;680.61
19/11/2007;669.17
20/11/2007;674.01
21/11/2007;662.89
23/11/2007;673.71
26/11/2007;657.79
27/11/2007;668.08
28/11/2007;686.42
29/11/2007;687.59
30/11/2007;692.03
03/12/2007;687
04/12/2007;682.18
05/12/2007;692.85
06/12/2007;702.62
07/12/2007;701.18
10/12/2007;706.34
11/12/2007;691.11
12/12/2007;694.94
13/12/2007;696.56
14/12/2007;687.38
17/12/2007;677.46
18/12/2007;681.05
19/12/2007;679.89
20/12/2007;682.72
21/12/2007;693.57
24/12/2007;698.84
26/12/2007;699.84
27/12/2007;690.14
28/12/2007;691.31
31/12/2007;685.65
02/01/2008;675.95
03/01/2008;676.12
04/01/2008;660.73
07/01/2008;662.94
08/01/2008;651.02
09/01/2008;661.08
10/01/2008;665.64
11/01/2008;656.03
14/01/2008;663.48
15/01/2008;647.35
16/01/2008;642.77
17/01/2008;625.13
18/01/2008;620.43
22/01/2008;612.82
23/01/2008;626.5
24/01/2008;632.68
25/01/2008;621.53
28/01/2008;631.74
29/01/2008;634.96
30/01/2008;632.36
31/01/2008;643.06
01/02/2008;646.3
04/02/2008;638.43
05/02/2008;618.66
06/02/2008;614.23
07/02/2008;618.18
08/02/2008;614.55
11/02/2008;617.69
12/02/2008;622.86
13/02/2008;631.51
14/02/2008;623.12
15/02/2008;623.85
19/02/2008;621.99
20/02/2008;625.92
21/02/2008;618.97
22/02/2008;623.21
25/02/2008;630.58
26/02/2008;634.78
27/02/2008;635.56
28/02/2008;630.06
29/02/2008;613.62
03/03/2008;613.24
04/03/2008;611.15
05/03/2008;613.73
06/03/2008;601.48
07/03/2008;596.79
10/03/2008;589.15
11/03/2008;610.95
12/03/2008;606.16
13/03/2008;608.19
14/03/2008;595.5
17/03/2008;593.48
18/03/2008;618.64
19/03/2008;604.19
20/03/2008;620.38
24/03/2008;628.39
25/03/2008;627.96
26/03/2008;621.99
27/03/2008;614.73
28/03/2008;610.31
31/03/2008;613.71
01/04/2008;635.47
02/04/2008;633.36
03/04/2008;633.52
04/04/2008;632.84
07/04/2008;634.17
08/04/2008;630.48
09/04/2008;625.85
10/04/2008;628.87
11/04/2008;614.59
14/04/2008;611.69
15/04/2008;614.95
16/04/2008;627.39
17/04/2008;628.4
18/04/2008;640.6
21/04/2008;640.14
22/04/2008;635.57
23/04/2008;637.75
24/04/2008;643.23
25/04/2008;644.85
28/04/2008;643.93
29/04/2008;643
30/04/2008;641
01/05/2008;652.01
02/05/2008;653.47
05/05/2008;650.39
06/05/2008;653.49
07/05/2008;641.79
08/05/2008;643.93
09/05/2008;639.2
12/05/2008;644.89
13/05/2008;643.31
14/05/2008;646.03
15/05/2008;652.38
16/05/2008;652.15
19/05/2008;653.1
20/05/2008;645.53
21/05/2008;635.32
22/05/2008;637.11
23/05/2008;628.79
27/05/2008;633.03
28/05/2008;634.38
29/05/2008;638.8
30/05/2008;639.15
02/06/2008;631.94
03/06/2008;627.42
04/06/2008;627
05/06/2008;639.15
06/06/2008;619.26
09/06/2008;619.36
10/06/2008;618.99
11/06/2008;608.66
12/06/2008;610.39
13/06/2008;618.86
16/06/2008;618.06
17/06/2008;613.86
18/06/2008;607.34
19/06/2008;608.81
20/06/2008;597.13
23/06/2008;597.28
24/06/2008;597.61
25/06/2008;601.45
26/06/2008;583.38
27/06/2008;579.62
30/06/2008;581.09
01/07/2008;583.95
02/07/2008;575.37
03/07/2008;578.13
07/07/2008;573.76
08/07/2008;582.75
09/07/2008;569.91
10/07/2008;573.81
11/07/2008;566.81
14/07/2008;561.84
15/07/2008;555.99
16/07/2008;571.29
17/07/2008;580.01
18/07/2008;580.57
21/07/2008;579.31
22/07/2008;588.69
23/07/2008;593.02
24/07/2008;579.09
25/07/2008;580.53
28/07/2008;568.35
29/07/2008;582.16
30/07/2008;592.8
31/07/2008;583.91
01/08/2008;582.09
04/08/2008;578.67
05/08/2008;596.26
06/08/2008;597.45
07/08/2008;586.52
08/08/2008;601.05
11/08/2008;604.47
12/08/2008;596.76
13/08/2008;593.47
14/08/2008;596.51
15/08/2008;598.88
18/08/2008;589.81
19/08/2008;583.96
20/08/2008;587.65
21/08/2008;588.89
22/08/2008;596.7
25/08/2008;584.92
26/08/2008;586.5
27/08/2008;590.55
28/08/2008;599.84
29/08/2008;590.83
02/09/2008;589.66
03/09/2008;589.28
04/09/2008;571.42
05/09/2008;573.49
08/09/2008;587.1
09/09/2008;568.98
10/09/2008;571.73
11/09/2008;578.88
12/09/2008;577.71
15/09/2008;549.44
16/09/2008;559.09
17/09/2008;532.03
18/09/2008;554.02
19/09/2008;577.91
22/09/2008;557.51
23/09/2008;549.13
24/09/2008;548.29
25/09/2008;560.9
26/09/2008;565.12
29/09/2008;515.52
30/09/2008;544.73
01/10/2008;545.6
02/10/2008;528.49
03/10/2008;521.38
06/10/2008;502.78
07/10/2008;473.61
08/10/2008;467.79
09/10/2008;432.19
10/10/2008;427.45
13/10/2008;475.51
14/10/2008;474.19
15/10/2008;434.44
16/10/2008;453
17/10/2008;448.99
20/10/2008;470.5
21/10/2008;456.77
22/10/2008;430.3
23/10/2008;439.08
24/10/2008;423.52
27/10/2008;411.9
28/10/2008;456.57
29/10/2008;449.32
30/10/2008;458.62
31/10/2008;464.19
03/11/2008;463.84
04/11/2008;481.64
05/11/2008;455.47
06/11/2008;433.21
07/11/2008;445.94
10/11/2008;441.26
11/11/2008;433.32
12/11/2008;411.15
13/11/2008;438.02
14/11/2008;421.34
17/11/2008;410.91
18/11/2008;416.63
19/11/2008;392.23
20/11/2008;367.1
21/11/2008;389.88
24/11/2008;413.54
25/11/2008;414.89
26/11/2008;428.46
28/11/2008;432.89
01/12/2008;395.85
02/12/2008;412.19
03/12/2008;423
04/12/2008;411.26
05/12/2008;424.48
08/12/2008;441.53
09/12/2008;430.24
10/12/2008;433.25
11/12/2008;422.32
12/12/2008;425.22
15/12/2008;420.53
16/12/2008;439.87
17/12/2008;433.81
18/12/2008;424.31
19/12/2008;424.18
22/12/2008;418.48
23/12/2008;414.51
24/12/2008;416.87
26/12/2008;418.71
29/12/2008;417.46
30/12/2008;426.47
31/12/2008;431.54
02/01/2009;444.52
05/01/2009;440.83
06/01/2009;442.72
07/01/2009;429.84
08/01/2009;430.38
09/01/2009;421.62
12/01/2009;413.47
13/01/2009;414.13
14/01/2009;400.9
15/01/2009;399.1
16/01/2009;400.96
20/01/2009;381.32
21/01/2009;397.63
22/01/2009;392.88
23/01/2009;394.44
26/01/2009;396.62
27/01/2009;400.2
28/01/2009;412.43
29/01/2009;399.51
30/01/2009;391.28
02/02/2009;391.36
03/02/2009;397.31
04/02/2009;393.01
05/02/2009;398.49
06/02/2009;409.43
09/02/2009;410.18
10/02/2009;390.26
11/02/2009;393.33
12/02/2009;393.53
13/02/2009;389.4
17/02/2009;372.74
18/02/2009;373.02
19/02/2009;368.95
20/02/2009;363.75
23/02/2009;351.92
24/02/2009;365.39
25/02/2009;362.23
26/02/2009;357.22
27/02/2009;348.21
02/03/2009;333.83
03/03/2009;331.57
04/03/2009;337.95
05/03/2009;324.25
06/03/2009;325.12
09/03/2009;322.13
10/03/2009;342.22
11/03/2009;342.89
12/03/2009;356.71
13/03/2009;359.58
16/03/2009;358.26
17/03/2009;369.34
18/03/2009;375.65
19/03/2009;370.02
20/03/2009;363.4
23/03/2009;388.73
24/03/2009;381.21
25/03/2009;385.05
26/03/2009;392.83
27/03/2009;385.48
30/03/2009;372.96
31/03/2009;377.35
01/04/2009;384.14
02/04/2009;393.13
03/04/2009;395.85
06/04/2009;393.55
07/04/2009;385.24
08/04/2009;388.55
09/04/2009;402.07
13/04/2009;402.95
14/04/2009;395.31
15/04/2009;399.8
16/04/2009;405.38
17/04/2009;406.33
20/04/2009;389.82
21/04/2009;397.11
22/04/2009;392.73
23/04/2009;396.75
24/04/2009;402.46
27/04/2009;399.78
28/04/2009;398.97
29/04/2009;406.89
30/04/2009;406
01/05/2009;408.48
04/05/2009;421.02
05/05/2009;419.52
06/05/2009;426.98
07/05/2009;422.54
08/05/2009;431.29
11/05/2009;423.11
12/05/2009;424
13/05/2009;414.96
14/05/2009;418.45
15/05/2009;414.23
18/05/2009;425.72
19/05/2009;424.24
20/05/2009;422.12
21/05/2009;415.63
22/05/2009;414.48
26/05/2009;424.26
27/05/2009;416.39
28/05/2009;422.6
29/05/2009;427.56
01/06/2009;436.31
02/06/2009;437.7
03/06/2009;433.4
04/06/2009;438.04
05/06/2009;437.17
08/06/2009;437.35
09/06/2009;437.89
10/06/2009;436.34
11/06/2009;439.25
12/06/2009;440.3
15/06/2009;430.82
16/06/2009;425.67
17/06/2009;425.09
18/06/2009;429.03
19/06/2009;430.43
22/06/2009;418.32
23/06/2009;419.4
24/06/2009;421.04
25/06/2009;429.51
26/06/2009;428.87
29/06/2009;433.27
30/06/2009;429.66
01/07/2009;431.42
02/07/2009;420.1
06/07/2009;421.52
07/07/2009;413.68
08/07/2009;413.52
09/07/2009;414.15
10/07/2009;412.29
13/07/2009;422.87
14/07/2009;424.59
15/07/2009;437.29
16/07/2009;440.78
17/07/2009;441.14
20/07/2009;444.88
21/07/2009;447.14
22/07/2009;446.28
23/07/2009;455.61
24/07/2009;456.41
27/07/2009;457.34
28/07/2009;456.38
29/07/2009;455.18
30/07/2009;460.06
31/07/2009;460.26
03/08/2009;466.27
04/08/2009;467.31
05/08/2009;466.21
06/08/2009;463.47
07/08/2009;468.07
10/08/2009;467.21
11/08/2009;461.3
12/08/2009;466.17
13/08/2009;469.18
14/08/2009;466.22
17/08/2009;455.5
18/08/2009;459.62
19/08/2009;462.98
20/08/2009;467.94
21/08/2009;476.11
24/08/2009;476.64
25/08/2009;477.49
26/08/2009;477.95
27/08/2009;479.28
28/08/2009;477.75
31/08/2009;474.73
01/09/2009;464.48
02/09/2009;462.83
03/09/2009;466.12
04/09/2009;472.17
08/09/2009;476.18
09/09/2009;478.95
10/09/2009;483.27
11/09/2009;482.3
14/09/2009;484.52
15/09/2009;485.13
16/09/2009;491.86
17/09/2009;491.16
18/09/2009;492.7
21/09/2009;491.34
22/09/2009;494.35
23/09/2009;490.36
24/09/2009;486.99
25/09/2009;484.11
28/09/2009;491.69
29/09/2009;490.25
30/09/2009;488.35
01/10/2009;476.71
02/10/2009;475.48
05/10/2009;481.75
06/10/2009;488.23
07/10/2009;489.8
08/10/2009;492.63
09/10/2009;495.15
12/10/2009;497.65
13/10/2009;496.43
14/10/2009;504.88
15/10/2009;507.07
16/10/2009;502.89
19/10/2009;506.75
20/10/2009;504.52
21/10/2009;500.24
22/10/2009;504.84
23/10/2009;500
26/10/2009;494.21
27/10/2009;494.16
28/10/2009;486.5
29/10/2009;496.05
30/10/2009;482.31
02/11/2009;485.15
03/11/2009;484.9
04/11/2009;485.83
05/11/2009;494.63
06/11/2009;496.19
09/11/2009;506.71
10/11/2009;507.27
11/11/2009;509.92
12/11/2009;505.45
13/11/2009;508.08
16/11/2009;515.01
17/11/2009;516.09
18/11/2009;516.54
19/11/2009;510.35
20/11/2009;508.79
23/11/2009;516
24/11/2009;515.8
25/11/2009;517.14
27/11/2009;508.98
30/11/2009;510.74
01/12/2009;516.38
02/12/2009;515.63
03/12/2009;511.98
04/12/2009;513.89
07/12/2009;512.45
08/12/2009;507.03
09/12/2009;509.33
10/12/2009;511.88
11/12/2009;513.66
14/12/2009;515.35
15/12/2009;512.13
16/12/2009;511.97
17/12/2009;505.71
18/12/2009;508.73
21/12/2009;513.94
22/12/2009;515.15
23/12/2009;515.44
24/12/2009;518.16
28/12/2009;519.13
29/12/2009;518.75
30/12/2009;518.91
31/12/2009;514.09
04/01/2010;522.73
05/01/2010;524.6
06/01/2010;524.31
07/01/2010;526.34
08/01/2010;527.76
11/01/2010;528.61
12/01/2010;524.29
13/01/2010;527.93
14/01/2010;529.6
15/01/2010;524.11
19/01/2010;530.21
20/01/2010;524.73
21/01/2010;514.13
22/01/2010;502.35
25/01/2010;504.54
26/01/2010;502.64
27/01/2010;505.54
28/01/2010;499.67
29/01/2010;495.09
01/02/2010;501.33
02/02/2010;507.57
03/02/2010;505.19
04/02/2010;490.07
05/02/2010;491.34
08/02/2010;486.85
09/02/2010;493.04
10/02/2010;492.29
11/02/2010;496.58
12/02/2010;494.9
16/02/2010;503.35
17/02/2010;505.27
18/02/2010;508.45
19/02/2010;508.57
22/02/2010;508.28
23/02/2010;502.49
24/02/2010;507.53
25/02/2010;505.3
26/02/2010;506.06
01/03/2010;510.33
02/03/2010;511.27
03/03/2010;511.77
04/03/2010;514.1
05/03/2010;520.45
08/03/2010;520.43
09/03/2010;521.42
10/03/2010;523.47
11/03/2010;525.75
12/03/2010;525.52
15/03/2010;526.39
16/03/2010;529.97
17/03/2010;532.51
18/03/2010;533.03
19/03/2010;530.53
22/03/2010;532.76
23/03/2010;536.97
24/03/2010;534.44
25/03/2010;534.47
26/03/2010;534.81
29/03/2010;537.09
30/03/2010;536.81
31/03/2010;534.91
01/04/2010;538.4
05/04/2010;541.59
06/04/2010;542.48
07/04/2010;539.59
08/04/2010;542.02
09/04/2010;545.46
12/04/2010;546.7
13/04/2010;546.88
14/04/2010;553.02
15/04/2010;553.87
16/04/2010;544.68
19/04/2010;547.99
20/04/2010;551.08
21/04/2010;550.05
22/04/2010;549.36
23/04/2010;552.66
26/04/2010;550.18
27/04/2010;538.13
28/04/2010;542.05
29/04/2010;548.76
30/04/2010;540.28
03/05/2010;547.05
04/05/2010;534.79
05/05/2010;531.47
06/05/2010;513.8
07/05/2010;506.75
10/05/2010;527.41
11/05/2010;525.55
12/05/2010;531.75
13/05/2010;525.32
14/05/2010;516.19
17/05/2010;516.33
18/05/2010;509.19
19/05/2010;507.23
20/05/2010;487.93
21/05/2010;494.31
24/05/2010;488.11
25/05/2010;487.97
26/05/2010;484.12
27/05/2010;499.08
28/05/2010;493.06
01/06/2010;486.24
02/06/2010;498.04
03/06/2010;499.16
04/06/2010;483.42
07/06/2010;476.87
08/06/2010;482.3
09/06/2010;478.61
10/06/2010;491.42
11/06/2010;493.02
14/06/2010;491.45
15/06/2010;502.59
16/06/2010;502.6
17/06/2010;503.54
18/06/2010;504.7
21/06/2010;502.86
22/06/2010;496.19
23/06/2010;494.4
24/06/2010;486.67
25/06/2010;486.62
28/06/2010;486.18
29/06/2010;472.39
30/06/2010;467.65
01/07/2010;465.75
02/07/2010;463.84
06/07/2010;467.12
07/07/2010;481
08/07/2010;485.64
09/07/2010;488.78
12/07/2010;490.08
13/07/2010;497
14/07/2010;497.47
15/07/2010;498.12
16/07/2010;484.21
19/07/2010;486.76
20/07/2010;491.63
21/07/2010;485.96
22/07/2010;496.67
23/07/2010;499.83
26/07/2010;504.91
27/07/2010;505.89
28/07/2010;502.97
29/07/2010;501.02
30/07/2010;500.56
02/08/2010;511.63
03/08/2010;509.85
04/08/2010;512.02
05/08/2010;511.24
06/08/2010;509.46
09/08/2010;511.84
10/08/2010;509
11/08/2010;495.48
12/08/2010;492.57
13/08/2010;490.59
16/08/2010;490.73
17/08/2010;495.68
18/08/2010;496.45
19/08/2010;488.24
20/08/2010;485.86
23/08/2010;484.36
24/08/2010;477.44
25/08/2010;478.67
26/08/2010;474.77
27/08/2010;481.95
30/08/2010;475.35
31/08/2010;475.73
01/09/2010;489.04
02/09/2010;492.5
03/09/2010;498.96
07/09/2010;493.68
08/09/2010;496.78
09/09/2010;499.8
10/09/2010;502.26
13/09/2010;507.57
14/09/2010;506.66
15/09/2010;508.56
16/09/2010;508.93
17/09/2010;509.04
20/09/2010;516.36
21/09/2010;515.53
22/09/2010;513.83
23/09/2010;509.46
24/09/2010;519.34
27/09/2010;516.49
28/09/2010;518.01
29/09/2010;516.31
30/09/2010;514.66
01/10/2010;517.22
04/10/2010;513.31
05/10/2010;523.66
06/10/2010;524.47
07/10/2010;523.39
08/10/2010;526.27
11/10/2010;526.22
12/10/2010;528.54
13/10/2010;531.86
14/10/2010;530.02
15/10/2010;530.78
18/10/2010;535.23
19/10/2010;526.98
20/10/2010;532.44
21/10/2010;533.47
22/10/2010;534.19
25/10/2010;534.88
26/10/2010;535.37
27/10/2010;533.49
28/10/2010;534.27
29/10/2010;533.08
01/11/2010;533.85
02/11/2010;537.54
03/11/2010;540.21
04/11/2010;550.78
05/11/2010;552.7
08/11/2010;551.66
09/11/2010;547.76
10/11/2010;549.72
11/11/2010;546.44
12/11/2010;540.22
15/11/2010;539.62
16/11/2010;531.42
17/11/2010;530.81
18/11/2010;539.04
19/11/2010;539.99
22/11/2010;538.17
23/11/2010;530.65
24/11/2010;537.8
26/11/2010;533.59
29/11/2010;533.43
30/11/2010;529.73
01/12/2010;541.2
02/12/2010;547.52
03/12/2010;548.82
06/12/2010;548.31
07/12/2010;548.78
08/12/2010;551.56
09/12/2010;553.94
10/12/2010;557.27
13/12/2010;557.81
14/12/2010;558.64
15/12/2010;556.23
16/12/2010;559.4
17/12/2010;559.49
20/12/2010;560.54
21/12/2010;563.69
22/12/2010;565.96
23/12/2010;565.43
27/12/2010;565.65
28/12/2010;566.5
29/12/2010;566.78
30/12/2010;565.62
31/12/2010;565.9
03/01/2011;572.23
04/01/2011;573.23
05/01/2011;576
06/01/2011;574.73
07/01/2011;573.38
10/01/2011;572.1
11/01/2011;573.84
12/01/2011;579.17
13/01/2011;577.74
14/01/2011;582.32
18/01/2011;582.34
19/01/2011;577.47
20/01/2011;577.47
21/01/2011;579.55
24/01/2011;582.96
25/01/2011;583.3
26/01/2011;584.88
27/01/2011;585.72
28/01/2011;575.64
31/01/2011;579.23
01/02/2011;589.54
02/02/2011;587.78
03/02/2011;589.1
04/02/2011;589.69
07/02/2011;593.68
08/02/2011;596.27
09/02/2011;594.86
10/02/2011;593.67
11/02/2011;596.6
14/02/2011;598.26
15/02/2011;596.46
16/02/2011;599.82
17/02/2011;601.32
18/02/2011;602.49
22/02/2011;591.37
23/02/2011;588.56
24/02/2011;587.29
25/02/2011;592.25
28/02/2011;595.96
01/03/2011;587.2
02/03/2011;587.65
03/03/2011;597.41
04/03/2011;592.54
07/03/2011;588.1
08/03/2011;593.37
09/03/2011;592.8
10/03/2011;581.73
11/03/2011;585.34
14/03/2011;581.93
15/03/2011;575.2
16/03/2011;562.51
17/03/2011;570.72
18/03/2011;572.93
21/03/2011;581.63
22/03/2011;579.68
23/03/2011;581.5
24/03/2011;586.37
25/03/2011;587.89
28/03/2011;587.05
29/03/2011;590.82
30/03/2011;594.32
31/03/2011;592.72
01/04/2011;595.02
04/04/2011;595.33
05/04/2011;595.08
06/04/2011;596.79
07/04/2011;596.2
08/04/2011;594.43
11/04/2011;592.9
12/04/2011;588.32
13/04/2011;587.7
14/04/2011;587.32
15/04/2011;588.56
18/04/2011;582.5
19/04/2011;585.89
20/04/2011;593.02
21/04/2011;595.8
25/04/2011;595.19
26/04/2011;600.62
27/04/2011;604.67
28/04/2011;606.66
29/04/2011;608.33
02/05/2011;607.06
03/05/2011;606.28
04/05/2011;602.2
05/05/2011;595.38
06/05/2011;597.32
09/05/2011;599.19
10/05/2011;603.24
11/05/2011;596.49
12/05/2011;598.83
13/05/2011;594.2
16/05/2011;590.26
17/05/2011;590.51
18/05/2011;595.02
19/05/2011;596.17
20/05/2011;591.35
23/05/2011;584.82
24/05/2011;584.76
25/05/2011;586.41
26/05/2011;587.93
27/05/2011;590.43
31/05/2011;597.32
01/06/2011;584.26
02/06/2011;583.23
03/06/2011;578.5
06/06/2011;572.8
07/06/2011;571.05
08/06/2011;569.89
09/06/2011;574
10/06/2011;566.53
13/06/2011;567.74
14/06/2011;573.81
15/06/2011;564.13
16/06/2011;565.64
17/06/2011;567.04
20/06/2011;569.59
21/06/2011;576.34
22/06/2011;572.46
23/06/2011;570.73
24/06/2011;563.62
27/06/2011;569.2
28/06/2011;576.11
29/06/2011;581.05
30/06/2011;587.31
01/07/2011;595.25
05/07/2011;594.86
06/07/2011;595.56
07/07/2011;601.81
08/07/2011;598.03
11/07/2011;588.15
12/07/2011;585.3
13/07/2011;587.57
14/07/2011;584.74
15/07/2011;587.72
18/07/2011;584.06
19/07/2011;593.42
20/07/2011;593.64
21/07/2011;601.89
22/07/2011;602.51
25/07/2011;599.41
26/07/2011;596.88
27/07/2011;586.18
28/07/2011;584.27
29/07/2011;579.72
01/08/2011;578.65
02/08/2011;565.03
03/08/2011;567.57
04/08/2011;541.84
05/08/2011;542.48
08/08/2011;508.63
09/08/2011;531.1
10/08/2011;506.61
11/08/2011;528.67
12/08/2011;531.37
15/08/2011;542.82
16/08/2011;538.03
17/08/2011;539.25
18/08/2011;517.11
19/08/2011;509.01
22/08/2011;508.67
23/08/2011;525.48
24/08/2011;532.04
25/08/2011;524.82
26/08/2011;531.51
29/08/2011;545.11
30/08/2011;545.77
31/08/2011;548.01
01/09/2011;541.98
02/09/2011;528.88
06/09/2011;524.83
07/09/2011;538.67
08/09/2011;533.35
09/09/2011;519.54
12/09/2011;523.2
13/09/2011;527.02
14/09/2011;533.76
15/09/2011;543.13
16/09/2011;546.43
19/09/2011;541.44
20/09/2011;540.81
21/09/2011;526.34
22/09/2011;509.56
23/09/2011;512.53
26/09/2011;524.74
27/09/2011;529.82
28/09/2011;520.51
29/09/2011;525.69
30/09/2011;513.37
03/10/2011;500.09
04/10/2011;509.88
05/10/2011;518.27
06/10/2011;526.73
07/10/2011;523.36
10/10/2011;540.88
11/10/2011;541.31
12/10/2011;546.63
13/10/2011;544.92
14/10/2011;554.6
17/10/2011;544.1
18/10/2011;554.59
19/10/2011;547.38
20/10/2011;549.83
21/10/2011;558.47
24/10/2011;564.24
25/10/2011;553.95
26/10/2011;559.44
27/10/2011;577.3
28/10/2011;577.38
31/10/2011;563.37
01/11/2011;547.9
02/11/2011;556.05
03/11/2011;566.31
04/11/2011;561.97
07/11/2011;566.21
08/11/2011;573.03
09/11/2011;553.05
10/11/2011;557.69
11/11/2011;567.79
14/11/2011;562.72
15/11/2011;565.3
16/11/2011;556.18
17/11/2011;548.07
18/11/2011;547.8
21/11/2011;537.24
22/11/2011;535.36
23/11/2011;524.03
25/11/2011;522.27
28/11/2011;537.21
29/11/2011;538.95
30/11/2011;561.96
01/12/2011;561.13
02/12/2011;561.85
05/12/2011;567.4
06/12/2011;568.43
07/12/2011;570.31
08/12/2011;559.17
09/12/2011;568.17
12/12/2011;560.01
13/12/2011;556.38
14/12/2011;550.35
15/12/2011;551.87
16/12/2011;553.61
19/12/2011;547.54
20/12/2011;563.13
21/12/2011;564.09
22/12/2011;568.53
23/12/2011;574
27/12/2011;573.51
28/12/2011;566.96
29/12/2011;573.15
30/12/2011;570.79
03/01/2012;580.56
04/01/2012;581.29
05/01/2012;582.36
06/01/2012;580.53
09/01/2012;581.88
10/01/2012;585.89
11/01/2012;586.02
12/01/2012;587
13/01/2012;584.28
17/01/2012;586.26
18/01/2012;592.52
19/01/2012;594.93
20/01/2012;595.95
23/01/2012;595.89
24/01/2012;594.44
25/01/2012;599.58
26/01/2012;596.62
27/01/2012;595.37
30/01/2012;594.51
31/01/2012;593.83
01/02/2012;598.02
02/02/2012;598.54
03/02/2012;606.89
06/02/2012;607.83
07/02/2012;608.93
08/02/2012;610.38
09/02/2012;611.1
10/02/2012;607.12
13/02/2012;611.54
14/02/2012;610.82
15/02/2012;606.73
16/02/2012;613.24
17/02/2012;615.06
21/02/2012;616.75
22/02/2012;614.53
23/02/2012;616.69
24/02/2012;617.67
27/02/2012;618.86
28/02/2012;621.92
29/02/2012;619.45
01/03/2012;623.16
02/03/2012;621.72
05/03/2012;619.51
06/03/2012;610.56
07/03/2012;614.43
08/03/2012;619.95
09/03/2012;621.3
12/03/2012;622.22
13/03/2012;633.89
14/03/2012;633.86
15/03/2012;637.31
16/03/2012;637.85
19/03/2012;641.11
20/03/2012;639.89
21/03/2012;637.9
22/03/2012;633.77
23/03/2012;635.57
26/03/2012;644.38
27/03/2012;642.41
28/03/2012;639.98
29/03/2012;638.47
30/03/2012;640.68
02/04/2012;645.29
03/04/2012;642.65
04/04/2012;636.19
05/04/2012;635.84
09/04/2012;629.27
10/04/2012;619.14
11/04/2012;623.16
12/04/2012;631.19
13/04/2012;622.64
16/04/2012;622.27
17/04/2012;632.41
18/04/2012;629.83
19/04/2012;625.29
20/04/2012;626.1
23/04/2012;621.42
24/04/2012;624.15
25/04/2012;632.86
26/04/2012;636.79
27/04/2012;637.99
30/04/2012;635.45
01/05/2012;638.84
02/05/2012;637.27
03/05/2012;632.97
04/05/2012;622.73
07/05/2012;623.36
08/05/2012;620.94
09/05/2012;616.13
10/05/2012;618.05
11/05/2012;615.34
14/05/2012;608.6
15/05/2012;605.32
16/05/2012;603.5
17/05/2012;595.89
18/05/2012;591.61
21/05/2012;599.84
22/05/2012;600
23/05/2012;600.55
24/05/2012;601.4
25/05/2012;599.18
29/05/2012;605.65
30/05/2012;598.17
31/05/2012;597.29
01/06/2012;583.83
04/06/2012;584.27
05/06/2012;586.4
06/06/2012;600.13
07/06/2012;600.6
08/06/2012;605.62
11/06/2012;598.73
12/06/2012;605.72
13/06/2012;602.44
14/06/2012;609
15/06/2012;614.84
18/06/2012;615.29
19/06/2012;620.91
20/06/2012;620.24
21/06/2012;607.42
22/06/2012;611.73
25/06/2012;602.09
26/06/2012;605.08
27/06/2012;610.8
28/06/2012;609.05
29/06/2012;623.82
02/07/2012;625.38
03/07/2012;628.63
05/07/2012;625.55
06/07/2012;620.2
09/07/2012;620.19
10/07/2012;615.76
11/07/2012;615.77
12/07/2012;612.65
13/07/2012;622.83
16/07/2012;621.83
17/07/2012;626.39
18/07/2012;630.26
19/07/2012;632.01
20/07/2012;626.57
23/07/2012;621.74
24/07/2012;616.67
25/07/2012;615.92
26/07/2012;625.92
27/07/2012;637.17
30/07/2012;637.36
31/07/2012;635.74
01/08/2012;634.17
02/08/2012;629.43
03/08/2012;640.64
06/08/2012;642.1
07/08/2012;644.25
08/08/2012;644.61
09/08/2012;644.66
10/08/2012;646.22
13/08/2012;645.58
14/08/2012;645.96
15/08/2012;646.13
16/08/2012;650.58
17/08/2012;651.58
20/08/2012;652.23
21/08/2012;649.56
22/08/2012;649.9
23/08/2012;644.71
24/08/2012;649.04
27/08/2012;649
28/08/2012;648.51
29/08/2012;648.64
30/08/2012;643.25
31/08/2012;646.41
04/09/2012;645.55
05/09/2012;645.29
06/09/2012;658.35
07/09/2012;660.41
10/09/2012;656.12
11/09/2012;658.02
12/09/2012;659.33
13/09/2012;670.93
14/09/2012;672.82
17/09/2012;671.87
18/09/2012;671.87
19/09/2012;672.38
20/09/2012;672.65
21/09/2012;672.27
24/09/2012;670.94
25/09/2012;664.56
26/09/2012;660.9
27/09/2012;667.3
28/09/2012;663.8
01/10/2012;665.86
02/10/2012;666.04
03/10/2012;668.69
04/10/2012;673.19
05/10/2012;672.57
08/10/2012;669.82
09/10/2012;663.38
10/10/2012;659.24
11/10/2012;658.28
12/10/2012;656.89
15/10/2012;662.23
16/10/2012;668.7
17/10/2012;671.17
18/10/2012;668.47
19/10/2012;657.11
22/10/2012;657.67
23/10/2012;646.92
24/10/2012;645.76
25/10/2012;647.29
26/10/2012;646.78
31/10/2012;646.52
01/11/2012;653.1
02/11/2012;646.88
05/11/2012;648.1
06/11/2012;653.24
07/11/2012;636.27
08/11/2012;628.56
09/11/2012;630.03
12/11/2012;630.2
13/11/2012;627.02
14/11/2012;618.14
15/11/2012;616.63
16/11/2012;619.03
19/11/2012;632.47
20/11/2012;632.69
21/11/2012;634.42
23/11/2012;643.05
26/11/2012;642.33
27/11/2012;638.46
28/11/2012;643.67
29/11/2012;646.4
30/11/2012;646.39
03/12/2012;643.37
04/12/2012;641.91
05/12/2012;642.09
06/12/2012;644.39
07/12/2012;645.82
10/12/2012;645.66
11/12/2012;650.29
12/12/2012;650.51
13/12/2012;646.27
14/12/2012;642.42
17/12/2012;650.12
18/12/2012;657.48
19/12/2012;652.01
20/12/2012;655.36
21/12/2012;648.96
24/12/2012;646.99
26/12/2012;644.54
27/12/2012;643.58
28/12/2012;636.17
31/12/2012;646.61
02/01/2013;663.87
03/01/2013;662.33
04/01/2013;664.69
07/01/2013;663.09
08/01/2013;661.14
09/01/2013;662.24
10/01/2013;667.59
11/01/2013;667.88
14/01/2013;666.35
15/01/2013;666.04
16/01/2013;666.92
17/01/2013;669.33
18/01/2013;671.37
22/01/2013;673.58
23/01/2013;675.77
24/01/2013;673.97
25/01/2013;677.15
28/01/2013;676.19
29/01/2013;679.84
30/01/2013;677.1
31/01/2013;674.89
01/02/2013;681.74
04/02/2013;673.77
05/02/2013;681.16
06/02/2013;681.03
07/02/2013;679.68
08/02/2013;683.04
11/02/2013;682.75
12/02/2013;683.6
13/02/2013;684.02
14/02/2013;684.94
15/02/2013;683.97
19/02/2013;689.26
20/02/2013;681.95
21/02/2013;678.36
22/02/2013;683.62
25/02/2013;671.75
26/02/2013;675.9
27/02/2013;683.66
28/02/2013;682.53
01/03/2013;683.65
04/03/2013;686.52
05/03/2013;693.27
06/03/2013;694.15
07/03/2013;695.82
08/03/2013;698.27
11/03/2013;700.76
12/03/2013;698.31
13/03/2013;698.62
14/03/2013;702.72
15/03/2013;701.75
18/03/2013;698
19/03/2013;696.91
20/03/2013;700.56
21/03/2013;694.81
22/03/2013;700.57
25/03/2013;698.29
26/03/2013;703.74
27/03/2013;702.9
28/03/2013;704.57
01/04/2013;702.17
02/04/2013;707.05
03/04/2013;700.55
04/04/2013;702.97
05/04/2013;699.49
08/04/2013;703.1
09/04/2013;705.99
10/04/2013;714.74
11/04/2013;716.94
12/04/2013;715.38
15/04/2013;700.65
16/04/2013;710.1
17/04/2013;700.19
18/04/2013;695.1
19/04/2013;700.82
22/04/2013;704.45
23/04/2013;711.89
24/04/2013;710.37
25/04/2013;712.37
26/04/2013;712.4
29/04/2013;717.37
30/04/2013;718.98
01/05/2013;712.79
02/05/2013;719.21
03/05/2013;725.65
06/05/2013;727.15
07/05/2013;730.13
08/05/2013;733.33
09/05/2013;730.42
10/05/2013;732.85
13/05/2013;733.33
14/05/2013;739.74
15/05/2013;743.52
16/05/2013;740.8
17/05/2013;747.72
20/05/2013;747.3
21/05/2013;748.89
22/05/2013;744.21
23/05/2013;741.94
24/05/2013;742.42
28/05/2013;747.09
29/05/2013;742.28
30/05/2013;744.6
31/05/2013;733.63
03/06/2013;739.74
04/06/2013;736.19
05/06/2013;726.4
06/06/2013;731.48
07/06/2013;740.6
10/06/2013;740.85
11/06/2013;733.37
12/06/2013;727.71
13/06/2013;737.25
14/06/2013;732.1
17/06/2013;737.6
18/06/2013;743.12
19/06/2013;733.49
20/06/2013;715.69
21/06/2013;717.58
24/06/2013;708.77
25/06/2013;714.45
26/06/2013;721.04
27/06/2013;724.52
28/06/2013;720.62
01/07/2013;724.36
02/07/2013;724.57
03/07/2013;725.42
05/07/2013;732.91
08/07/2013;737.01
09/07/2013;742.13
10/07/2013;741.57
11/07/2013;751.15
12/07/2013;752.94
15/07/2013;754.01
16/07/2013;752.07
17/07/2013;754.08
18/07/2013;757
19/07/2013;757.51
22/07/2013;759.38
23/07/2013;758.65
24/07/2013;757.42
25/07/2013;758
26/07/2013;759.16
29/07/2013;756.6
30/07/2013;756.31
31/07/2013;755.23
01/08/2013;763.74
02/08/2013;765.7
05/08/2013;764.3
06/08/2013;760.05
07/08/2013;757.84
08/08/2013;760.14
09/08/2013;756.27
12/08/2013;756.08
13/08/2013;758.62
14/08/2013;754.94
15/08/2013;744.57
16/08/2013;742.38
19/08/2013;738.7
20/08/2013;739.59
21/08/2013;735.43
22/08/2013;740.67
23/08/2013;744.04
26/08/2013;740.93
27/08/2013;729.71
28/08/2013;732.02
29/08/2013;732.96
30/08/2013;730.92
03/09/2013;733.31
04/09/2013;738.87
05/09/2013;739.81
06/09/2013;739.53
09/09/2013;746.51
10/09/2013;752.12
11/09/2013;754.13
12/09/2013;752.19
13/09/2013;754.07
16/09/2013;757.64
17/09/2013;760.88
18/09/2013;769.98
19/09/2013;768.72
20/09/2013;763.23
23/09/2013;760.06
24/09/2013;756.88
25/09/2013;754.33
26/09/2013;756.66
27/09/2013;753.51
30/09/2013;748.12
01/10/2013;753.8
02/10/2013;753.13
03/10/2013;746.57
04/10/2013;750.81
07/10/2013;744.82
08/10/2013;736.27
09/10/2013;737.29
10/10/2013;753.02
11/10/2013;757.73
14/10/2013;761.24
15/10/2013;756.37
16/10/2013;766.6
17/10/2013;770.46
18/10/2013;776.21
21/10/2013;776.33
22/10/2013;780.32
23/10/2013;777.08
24/10/2013;779.95
25/10/2013;783.33
28/10/2013;785.27
29/10/2013;789.61
30/10/2013;786.86
31/10/2013;783.39
01/11/2013;785.61
04/11/2013;787.62
05/11/2013;785.69
06/11/2013;790.27
07/11/2013;780.7
08/11/2013;791.03
11/11/2013;791.27
12/11/2013;789.45
13/11/2013;795.6
14/11/2013;798.69
15/11/2013;802.1
18/11/2013;800.15
19/11/2013;799.34
20/11/2013;796.08
21/11/2013;801.82
22/11/2013;804.95
25/11/2013;804.22
26/11/2013;804.12
27/11/2013;806.22
29/11/2013;806.36
02/12/2013;803.62
03/12/2013;801.67
04/12/2013;801.07
05/12/2013;797.16
06/12/2013;805.75
09/12/2013;807.36
10/12/2013;804.15
11/12/2013;796.28
12/12/2013;792.32
13/12/2013;791.56
16/12/2013;796.53
17/12/2013;793.42
18/12/2013;807.11
19/12/2013;806.94
20/12/2013;809.74
23/12/2013;814.52
24/12/2013;816.79
26/12/2013;821.43
27/12/2013;821.25
30/12/2013;820.41
31/12/2013;823.81
02/01/2014;817.05
03/01/2014;816.47
06/01/2014;815.08
07/01/2014;819.63
08/01/2014;818.11
09/01/2014;817.49
10/01/2014;817.95
13/01/2014;808.93
14/01/2014;816.78
15/01/2014;822.5
16/01/2014;821.3
17/01/2014;817.33
21/01/2014;818.82
22/01/2014;818.46
23/01/2014;812.13
24/01/2014;796.28
27/01/2014;792.51
28/01/2014;795.5
29/01/2014;786.9
30/01/2014;795.19
31/01/2014;789.7
03/02/2014;772.29
04/02/2014;777.41
05/02/2014;776.02
06/02/2014;785.21
07/02/2014;795.29
10/02/2014;796.32
11/02/2014;805.74
12/02/2014;804.82
13/02/2014;808.39
14/02/2014;812.57
18/02/2014;811.78
19/02/2014;805.88
20/02/2014;809.88
21/02/2014;807.33
24/02/2014;812.34
25/02/2014;810.8
26/02/2014;811.01
27/02/2014;815.66
28/02/2014;818.24
03/03/2014;811.75
04/03/2014;824.14
05/03/2014;824.63
06/03/2014;826.14
07/03/2014;826.7
10/03/2014;827.1
11/03/2014;822.81
12/03/2014;822.88
13/03/2014;813.41
14/03/2014;809.95
17/03/2014;818.33
18/03/2014;824.66
19/03/2014;820
20/03/2014;825.53
21/03/2014;823.69
24/03/2014;821.35
25/03/2014;826.14
26/03/2014;820.74
27/03/2014;819.43
28/03/2014;822.4
31/03/2014;828.23
01/04/2014;833.14
02/04/2014;835.08
03/04/2014;834.57
04/04/2014;824.58
07/04/2014;817.3
08/04/2014;819.73
09/04/2014;828.58
10/04/2014;811.81
11/04/2014;804.9
14/04/2014;811.4
15/04/2014;816.85
16/04/2014;824.65
17/04/2014;825.68
21/04/2014;829.15
22/04/2014;831.79
23/04/2014;829.56
24/04/2014;831.6
25/04/2014;825.56
28/04/2014;830.26
29/04/2014;834.32
30/04/2014;836.08
01/05/2014;835.41
02/05/2014;833.86
05/05/2014;835.15
06/05/2014;827.06
07/05/2014;832
08/05/2014;831.59
09/05/2014;832.96
12/05/2014;839.97
13/05/2014;841.06
14/05/2014;837.33
15/05/2014;829.38
16/05/2014;832.32
19/05/2014;835.65
20/05/2014;830.88
21/05/2014;838.01
22/05/2014;839.41
23/05/2014;842.59
27/05/2014;847.38
28/05/2014;846.35
29/05/2014;850.89
30/05/2014;852.69
02/06/2014;852.38
03/06/2014;851.86
04/06/2014;853.11
05/06/2014;858.86
06/06/2014;862.32
09/06/2014;863.63
10/06/2014;864.67
11/06/2014;861.29
12/06/2014;854.47
13/06/2014;857.19
16/06/2014;857.18
17/06/2014;858.11
18/06/2014;864.62
19/06/2014;865.39
20/06/2014;866.15
23/06/2014;866.69
24/06/2014;860.9
25/06/2014;865.96
26/06/2014;864.88
27/06/2014;866.54
30/06/2014;865.47
01/07/2014;871.41
02/07/2014;873.29
03/07/2014;878.14
07/07/2014;875.87
08/07/2014;869.43
09/07/2014;873.62
10/07/2014;870.31
11/07/2014;871.9
14/07/2014;876.99
15/07/2014;875.76
16/07/2014;880.45
17/07/2014;870.69
18/07/2014;879.49
21/07/2014;877.76
22/07/2014;882.39
23/07/2014;884.49
24/07/2014;884.51
25/07/2014;879.88
28/07/2014;880.2
29/07/2014;876.58
30/07/2014;876.78
31/07/2014;858.84
01/08/2014;855.45
04/08/2014;861.98
05/08/2014;853.28
06/08/2014;853.54
07/08/2014;849.1
08/08/2014;857.89
11/08/2014;860.2
12/08/2014;859.3
13/08/2014;865.42
14/08/2014;868.74
15/08/2014;868.27
18/08/2014;875.67
19/08/2014;879.72
20/08/2014;881.29
21/08/2014;884.81
22/08/2014;882.79
25/08/2014;887.17
26/08/2014;888.41
27/08/2014;888.72
28/08/2014;886.61
29/08/2014;889.08
02/09/2014;888.48
03/09/2014;887.5
04/09/2014;886.18
05/09/2014;890.48
08/09/2014;887.73
09/09/2014;882.34
10/09/2014;886.71
11/09/2014;887.29
12/09/2014;883.07
15/09/2014;883.41
16/09/2014;889.95
17/09/2014;891.67
18/09/2014;896.48
19/09/2014;897.09
22/09/2014;891.09
23/09/2014;886.3
24/09/2014;892.73
25/09/2014;877.46
26/09/2014;885.25
29/09/2014;882.37
30/09/2014;881.25
01/10/2014;869.36
02/10/2014;869.07
03/10/2014;878.77
06/10/2014;878.09
07/10/2014;864.72
08/10/2014;879.89
09/10/2014;862.58
10/10/2014;853.36
13/10/2014;840.53
14/10/2014;840.04
15/10/2014;831.64
16/10/2014;829.72
17/10/2014;840.94
20/10/2014;847.67
21/10/2014;862.76
22/10/2014;857.28
23/10/2014;867.6
24/10/2014;873.33
27/10/2014;872.24
28/10/2014;882.13
29/10/2014;881.17
30/10/2014;886.06
31/10/2014;895.79
03/11/2014;895.17
04/11/2014;893.69
05/11/2014;897.99
06/11/2014;900.95
07/11/2014;901.57
10/11/2014;904.35
11/11/2014;905.17
12/11/2014;904.75
13/11/2014;906.4
14/11/2014;906.83
17/11/2014;906.58
18/11/2014;910.04
19/11/2014;908.8
20/11/2014;910.46
21/11/2014;914.78
24/11/2014;916.73
25/11/2014;915.24
26/11/2014;918.38
28/11/2014;916.24
01/12/2014;910.74
02/12/2014;916.58
03/12/2014;918.62
04/12/2014;917.75
05/12/2014;919.66
08/12/2014;912.98
09/12/2014;911.77
10/12/2014;897.62
11/12/2014;901.19
12/12/2014;885.88
15/12/2014;879.66
16/12/2014;871.68
17/12/2014;888.67
18/12/2014;911.51
19/12/2014;915.23
22/12/2014;918.57
23/12/2014;919.96
24/12/2014;919.37
26/12/2014;922.48
29/12/2014;922.19
30/12/2014;918.12
31/12/2014;908.38
02/01/2015;907.5
05/01/2015;891.04
06/01/2015;883.96
07/01/2015;893.6
08/01/2015;909.87
09/01/2015;902.13
12/01/2015;895.24
13/01/2015;892.93
14/01/2015;887.36
15/01/2015;878.33
16/01/2015;889.8
20/01/2015;891.61
21/01/2015;894.5
22/01/2015;908.88
23/01/2015;903.14
26/01/2015;904.51
27/01/2015;888.99
28/01/2015;877.46
29/01/2015;886.36
30/01/2015;875.8
02/02/2015;888.31
03/02/2015;900.92
04/02/2015;897.12
05/02/2015;906.02
06/02/2015;904.06
09/02/2015;900.71
10/02/2015;909.73
11/02/2015;910.98
12/02/2015;919.69
13/02/2015;923.43
17/02/2015;924.98
18/02/2015;923.17
19/02/2015;921.34
20/02/2015;926.63
23/02/2015;926.53
24/02/2015;930.21
25/02/2015;929.43
26/02/2015;928.74
27/02/2015;925.47
02/03/2015;931.75
03/03/2015;927.68
04/03/2015;924.14
05/03/2015;924.22
06/03/2015;912
09/03/2015;915.87
10/03/2015;899.27
11/03/2015;896.43
12/03/2015;907
13/03/2015;901.49
16/03/2015;912.95
17/03/2015;909.58
18/03/2015;919.94
19/03/2015;914.82
20/03/2015;922.49
23/03/2015;921.37
24/03/2015;915.73
25/03/2015;901.51
26/03/2015;899.43
27/03/2015;900.19
30/03/2015;911.15
31/03/2015;901.99
01/04/2015;898.17
02/04/2015;901.1
06/04/2015;907.01
07/04/2015;906.26
08/04/2015;907.58
09/04/2015;912.62
10/04/2015;918.67
13/04/2015;914.72
14/04/2015;916.22
15/04/2015;921.39
16/04/2015;920.73
17/04/2015;909.87
20/04/2015;919.14
21/04/2015;917.05
22/04/2015;922.85
23/04/2015;924.58
24/04/2015;928.53
27/04/2015;925.6
28/04/2015;928.86
29/04/2015;926.18
30/04/2015;916.29
01/05/2015;926.09
04/05/2015;928.88
05/05/2015;918.54
06/05/2015;913.65
07/05/2015;917.17
08/05/2015;930.69
11/05/2015;925.3
12/05/2015;922.43
13/05/2015;922.41
14/05/2015;932.89
15/05/2015;933.12
18/05/2015;935.2
19/05/2015;935.37
20/05/2015;934.43
21/05/2015;936.8
22/05/2015;934.08
26/05/2015;924.55
27/05/2015;933.38
28/05/2015;932.52
29/05/2015;926.11
01/06/2015;928.16
02/06/2015;927.17
03/06/2015;930.12
04/06/2015;922.16
05/06/2015;919.9
08/06/2015;914.39
09/06/2015;915.23
10/06/2015;926.9
11/06/2015;928.47
12/06/2015;921.48
15/06/2015;916.85
16/06/2015;922.23
17/06/2015;923.95
18/06/2015;933.16
19/06/2015;927.63
22/06/2015;933.43
23/06/2015;934.97
24/06/2015;928.22
25/06/2015;925.19
26/06/2015;925
29/06/2015;906.17
30/06/2015;908.26
01/07/2015;914.15
02/07/2015;913.77
06/07/2015;910.78
07/07/2015;915.56
08/07/2015;900.8
09/07/2015;902.71
10/07/2015;914.3
13/07/2015;925.26
14/07/2015;929.94
15/07/2015;930.78
16/07/2015;938.97
17/07/2015;943.27
20/07/2015;945.61
21/07/2015;941.1
22/07/2015;937.16
23/07/2015;931.26
24/07/2015;921.21
27/07/2015;916.65
28/07/2015;928.01
29/07/2015;934.78
30/07/2015;934.67
31/07/2015;931.13
03/08/2015;928.59
04/08/2015;925.22
05/08/2015;927.25
06/08/2015;919.47
07/08/2015;916.32
10/08/2015;927.47
11/08/2015;917.65
12/08/2015;918.97
13/08/2015;917.37
14/08/2015;920.75
17/08/2015;924.98
18/08/2015;922.24
19/08/2015;914.48
20/08/2015;895.2
21/08/2015;864.77
24/08/2015;830.79
25/08/2015;819.58
26/08/2015;854.69
27/08/2015;875.38
28/08/2015;875.58
31/08/2015;868.22
01/09/2015;841.77
02/09/2015;858.7
03/09/2015;858.37
04/09/2015;844.77
08/09/2015;866.03
09/09/2015;853.41
10/09/2015;859.15
11/09/2015;863.01
14/09/2015;859.75
15/09/2015;871.53
16/09/2015;878.47
17/09/2015;875.52
18/09/2015;861.37
21/09/2015;865.77
22/09/2015;856.24
23/09/2015;854.81
24/09/2015;852.34
25/09/2015;851.9
28/09/2015;831.65
29/09/2015;832.55
30/09/2015;848.26
01/10/2015;850.35
02/10/2015;862.27
05/10/2015;877.75
06/10/2015;876.03
07/10/2015;882.95
08/10/2015;889.78
09/10/2015;890.85
12/10/2015;891.91
13/10/2015;886.88
14/10/2015;882.25
15/10/2015;896.52
16/10/2015;901.24
19/10/2015;901.87
20/10/2015;899.63
21/10/2015;895.57
22/10/2015;911.67
23/10/2015;925.72
26/10/2015;924.24
27/10/2015;922.59
28/10/2015;933.57
29/10/2015;933.09
30/10/2015;926.74
02/11/2015;937.7
03/11/2015;941.18
04/11/2015;938
05/11/2015;936.54
06/11/2015;937.57
09/11/2015;928.25
10/11/2015;929.09
11/11/2015;926.96
12/11/2015;914.3
13/11/2015;903.04
16/11/2015;916.5
17/11/2015;915.45
18/11/2015;930.9
19/11/2015;929.98
20/11/2015;932.99
23/11/2015;931.04
24/11/2015;931.93
25/11/2015;931.35
27/11/2015;931.53
30/11/2015;926.44
01/12/2015;936.69
02/12/2015;927.02
03/12/2015;914.07
04/12/2015;933.77
07/12/2015;927.76
08/12/2015;921.18
09/12/2015;914.38
10/12/2015;916.84
11/12/2015;898.49
14/12/2015;904.43
15/12/2015;914.09
16/12/2015;927.77
17/12/2015;913.77
18/12/2015;896.05
21/12/2015;902.97
22/12/2015;910.44
23/12/2015;920.75
24/12/2015;918.84
28/12/2015;917.15
29/12/2015;927.4
30/12/2015;920.77
31/12/2015;911.43
04/01/2016;896.54
05/01/2016;897.66
06/01/2016;886.78
07/01/2016;864.48
08/01/2016;855.58
11/01/2016;858.07
12/01/2016;865.21
13/01/2016;844.08
14/01/2016;859.77
15/01/2016;839.89
19/01/2016;840.52
20/01/2016;829.78
21/01/2016;834.34
22/01/2016;851.34
25/01/2016;838.72
26/01/2016;850.03
27/01/2016;839.84
28/01/2016;847.84
29/01/2016;868.34
01/02/2016;866.62
02/02/2016;851.09
03/02/2016;854.6
04/02/2016;854.91
05/02/2016;839.77
08/02/2016;832.17
09/02/2016;830.97
10/02/2016;829.61
11/02/2016;820.61
12/02/2016;835.89
16/02/2016;848.39
17/02/2016;861.75
18/02/2016;857.16
19/02/2016;857.25
22/02/2016;868.77
23/02/2016;857.1
24/02/2016;860.15
25/02/2016;869.61
26/02/2016;866.94
29/02/2016;859.44
01/03/2016;881.01
02/03/2016;884.18
03/03/2016;885.73
04/03/2016;887.86
07/03/2016;887.58
08/03/2016;879.75
09/03/2016;883.89
10/03/2016;883.47
11/03/2016;896.55
14/03/2016;895.41
15/03/2016;895.49
16/03/2016;899.09
17/03/2016;904.69
18/03/2016;907.88
21/03/2016;909.72
22/03/2016;908.9
23/03/2016;903.95
24/03/2016;904.06
28/03/2016;903.87
29/03/2016;911.22
30/03/2016;915.75
31/03/2016;912.93
01/04/2016;919.33
04/04/2016;917.12
05/04/2016;908.59
06/04/2016;918.21
07/04/2016;907.23
08/04/2016;909.03
11/04/2016;906.57
12/04/2016;915.5
13/04/2016;924.29
14/04/2016;925.6
15/04/2016;923.97
18/04/2016;930.14
19/04/2016;933.66
20/04/2016;934.55
21/04/2016;931.04
22/04/2016;928.35
25/04/2016;927.48
26/04/2016;926.96
27/04/2016;926.62
28/04/2016;918.85
29/04/2016;915.02
02/05/2016;922.35
03/05/2016;915
04/05/2016;909.44
05/05/2016;908.8
06/05/2016;912.1
09/05/2016;912.54
10/05/2016;924.4
11/05/2016;915.62
12/05/2016;915.96
13/05/2016;907.81
16/05/2016;916.3
17/05/2016;906.82
18/05/2016;907.76
19/05/2016;904.24
20/05/2016;909.15
23/05/2016;906.99
24/05/2016;919.19
25/05/2016;926.3
26/05/2016;926.16
27/05/2016;929.49
31/05/2016;927.65
01/06/2016;928.1
02/06/2016;929.94
03/06/2016;927.46
06/06/2016;931.9
07/06/2016;932.23
08/06/2016;935.27
09/06/2016;933.58
10/06/2016;926.75
13/06/2016;919.45
14/06/2016;918.46
15/06/2016;915.73
16/06/2016;919.54
17/06/2016;914.95
20/06/2016;919.27
21/06/2016;922.05
22/06/2016;920.82
23/06/2016;932.58
24/06/2016;900.51
27/06/2016;887.38
28/06/2016;902.36
29/06/2016;916.82
30/06/2016;928.13
01/07/2016;929.68
05/07/2016;924.71
06/07/2016;929.84
07/07/2016;929.34
08/07/2016;942.25
11/07/2016;945.64
12/07/2016;950.99
13/07/2016;951.02
14/07/2016;956.63
15/07/2016;955.92
18/07/2016;958.71
19/07/2016;958.42
20/07/2016;962.44
21/07/2016;959.08
22/07/2016;962.29
25/07/2016;959.17
26/07/2016;957.09
27/07/2016;958.59
28/07/2016;959.6
29/07/2016;961.75
01/08/2016;961.79
02/08/2016;957.12
03/08/2016;958.83
04/08/2016;958.94
05/08/2016;966.92
08/08/2016;965.98
09/08/2016;966.93
10/08/2016;963.78
11/08/2016;967.66
12/08/2016;966.51
15/08/2016;968.82
16/08/2016;964.56
17/08/2016;966.49
18/08/2016;967.08
19/08/2016;964.8
22/08/2016;964.15
23/08/2016;965.39
24/08/2016;961.46
25/08/2016;959.81
26/08/2016;959.06
29/08/2016;963.55
30/08/2016;961.78
31/08/2016;960.08
01/09/2016;960.24
02/09/2016;963.67
06/09/2016;966.84
07/09/2016;966.12
08/09/2016;964.34
09/09/2016;942.62
12/09/2016;956.2
13/09/2016;943.33
14/09/2016;943.29
15/09/2016;952.6
16/09/2016;948.8
19/09/2016;947.35
20/09/2016;948.77
21/09/2016;957.25
22/09/2016;963.2
23/09/2016;957.95
26/09/2016;948.76
27/09/2016;955.65
28/09/2016;960.06
29/09/2016;950.92
30/09/2016;958.68
03/10/2016;956.16
04/10/2016;952.48
05/10/2016;956.56
06/10/2016;956.83
07/10/2016;955.09
10/10/2016;959.02
11/10/2016;949.04
12/10/2016;949.62
13/10/2016;946.42
14/10/2016;946.89
17/10/2016;944.3
18/10/2016;949.1
19/10/2016;950.01
20/10/2016;949.12
21/10/2016;949.66
24/10/2016;954.7
25/10/2016;952.8
26/10/2016;951.21
27/10/2016;949.99
28/10/2016;945.32
31/10/2016;943.87
01/11/2016;938.36
02/11/2016;931.69
03/11/2016;926.63
04/11/2016;923.84
07/11/2016;944.35
08/11/2016;947.52
09/11/2016;959.46
10/11/2016;960.4
11/11/2016;958.68
14/11/2016;955.34
15/11/2016;962.28
16/11/2016;961.39
17/11/2016;965.62
18/11/2016;963.13
21/11/2016;970.18
22/11/2016;971.38
23/11/2016;971.09
25/11/2016;975.25
28/11/2016;970.73
29/11/2016;971.99
30/11/2016;968.84
01/12/2016;966.61
02/12/2016;966.28
05/12/2016;971.19
06/12/2016;974.27
07/12/2016;986.6
08/12/2016;988.08
09/12/2016;996.02
12/12/2016;996.57
13/12/2016;1004.39
14/12/2016;997.75
15/12/2016;1001.8
16/12/2016;999.89
19/12/2016;1002.33
20/12/2016;1005.98
21/12/2016;1003.3
22/12/2016;1001.91
23/12/2016;1002.52
27/12/2016;1003.97
28/12/2016;997.11
29/12/2016;996.29
30/12/2016;991.43
03/01/2017;1000.6
04/01/2017;1003.87
05/01/2017;1004.14
06/01/2017;1008.15
09/01/2017;1005.65
10/01/2017;1004.49
11/01/2017;1006.93
12/01/2017;1004.98
13/01/2017;1006.59
17/01/2017;1003.17
18/01/2017;1003.85
19/01/2017;1000.11
20/01/2017;1003.04
23/01/2017;1000.5
24/01/2017;1004.99
25/01/2017;1013.24
26/01/2017;1013.12
27/01/2017;1012.93
30/01/2017;1006.94
31/01/2017;1004.46
01/02/2017;1006.33
02/02/2017;1006.15
03/02/2017;1013.69
06/02/2017;1012.1
07/02/2017;1012.9
08/02/2017;1012.46
09/02/2017;1017.54
10/02/2017;1020.67
13/02/2017;1026.74
14/02/2017;1032.13
15/02/2017;1037.59
16/02/2017;1037.56
17/02/2017;1039.23
21/02/2017;1045.23
22/02/2017;1045.14
23/02/2017;1047.1
24/02/2017;1047.81
27/02/2017;1048.34
28/02/2017;1046.55
01/03/2017;1061.21
02/03/2017;1056.12
03/03/2017;1056.84
06/03/2017;1054.01
07/03/2017;1051.92
08/03/2017;1050.22
09/03/2017;1052.01
10/03/2017;1055.02
13/03/2017;1054.22
14/03/2017;1051.43
15/03/2017;1058.61
16/03/2017;1057.82
17/03/2017;1055.34
20/03/2017;1053.44
21/03/2017;1041.26
22/03/2017;1042.23
23/03/2017;1040.47
24/03/2017;1039.08
27/03/2017;1038.09
28/03/2017;1045.34
29/03/2017;1045.69
30/03/2017;1049.18
31/03/2017;1046.06
03/04/2017;1045.53
04/04/2017;1047.21
05/04/2017;1043.71
06/04/2017;1043.66
07/04/2017;1042.68
10/04/2017;1042.72
11/04/2017;1040.38
12/04/2017;1037.83
13/04/2017;1030.4
17/04/2017;1039.14
18/04/2017;1036.52
19/04/2017;1033.34
20/04/2017;1040.46
21/04/2017;1037.07
24/04/2017;1048.53
25/04/2017;1055.4
26/04/2017;1054.4
27/04/2017;1055.27
28/04/2017;1054.86
01/05/2017;1057.31
02/05/2017;1058.27
03/05/2017;1058.31
04/05/2017;1058.42
05/05/2017;1061.26
08/05/2017;1062.69
09/05/2017;1060.62
10/05/2017;1059.1
11/05/2017;1057.24
12/05/2017;1056.81
15/05/2017;1060.92
16/05/2017;1060.79
17/05/2017;1040.68
18/05/2017;1044.44
19/05/2017;1050.79
22/05/2017;1055.52
23/05/2017;1058.53
24/05/2017;1060.76
25/05/2017;1064.93
26/05/2017;1065.35
30/05/2017;1064.26
31/05/2017;1062.91
01/06/2017;1069.74
02/06/2017;1074.36
05/06/2017;1074
06/06/2017;1071.62
07/06/2017;1073.47
08/06/2017;1073.04
09/06/2017;1071.9
12/06/2017;1070.71
13/06/2017;1074.64
14/06/2017;1074
15/06/2017;1071.66
16/06/2017;1071.85
19/06/2017;1081.24
20/06/2017;1074.69
21/06/2017;1074.44
22/06/2017;1073.88
23/06/2017;1075.43
26/06/2017;1075.26
27/06/2017;1066.36
28/06/2017;1075.74
29/06/2017;1066.68
30/06/2017;1067.71
03/07/2017;1070.5
05/07/2017;1072.77
06/07/2017;1062.75
07/07/2017;1068.65
10/07/2017;1069.62
11/07/2017;1068.81
12/07/2017;1075.97
13/07/2017;1078.41
14/07/2017;1083.13
17/07/2017;1082.45
18/07/2017;1083.95
19/07/2017;1089.21
20/07/2017;1089.26
21/07/2017;1087.74
24/07/2017;1086.82
25/07/2017;1090.07
26/07/2017;1091.47
27/07/2017;1092.25
28/07/2017;1089.53
31/07/2017;1088.94
01/08/2017;1092.41
02/08/2017;1094.92
03/08/2017;1092.9
04/08/2017;1095.42
07/08/2017;1097.21
08/08/2017;1095.22
09/08/2017;1095.14
10/08/2017;1079.89
11/08/2017;1081.8
14/08/2017;1092.05
15/08/2017;1091.76
16/08/2017;1092.58
17/08/2017;1076.11
18/08/2017;1073.52
21/08/2017;1074.72
22/08/2017;1085.24
23/08/2017;1081.27
24/08/2017;1078.68
25/08/2017;1080.02
28/08/2017;1081.17
29/08/2017;1083.41
30/08/2017;1087.93
31/08/2017;1093.78
01/09/2017;1095.25
05/09/2017;1086.74
06/09/2017;1090.44
07/09/2017;1090.41
08/09/2017;1086.98
11/09/2017;1098.54
12/09/2017;1103.03
13/09/2017;1104.88
14/09/2017;1103.66
15/09/2017;1105.11
18/09/2017;1106.26
19/09/2017;1109.26
20/09/2017;1110.16
21/09/2017;1106.39
22/09/2017;1106.61
25/09/2017;1103.6
26/09/2017;1103.21
27/09/2017;1107.37
28/09/2017;1108.71
29/09/2017;1112.19
02/10/2017;1116.74
03/10/2017;1119.35
04/10/2017;1119.21
05/10/2017;1126.5
06/10/2017;1125.03
09/10/2017;1123.61
10/10/2017;1126.49
11/10/2017;1128.89
12/10/2017;1125.04
13/10/2017;1126.16
16/10/2017;1129.29
17/10/2017;1130.97
18/10/2017;1131.78
19/10/2017;1130.71
20/10/2017;1135.26
23/10/2017;1130.15
24/10/2017;1131.82
25/10/2017;1127.44
26/10/2017;1127.48
27/10/2017;1140.09
30/10/2017;1136.75
31/10/2017;1136.83
01/11/2017;1140.13
02/11/2017;1139.47
03/11/2017;1143.41
06/11/2017;1143.77
07/11/2017;1144.14
08/11/2017;1145.43
09/11/2017;1142.07
10/11/2017;1140.39
13/11/2017;1140.82
14/11/2017;1136.74
15/11/2017;1130.74
16/11/2017;1139.91
17/11/2017;1135.35
20/11/2017;1136.2
21/11/2017;1144.85
22/11/2017;1144.5
24/11/2017;1146.98
27/11/2017;1147.11
28/11/2017;1158.57
29/11/2017;1158.25
30/11/2017;1167.79
01/12/2017;1166.19
04/12/2017;1165.99
05/12/2017;1162.64
06/12/2017;1162.51
07/12/2017;1164.6
08/12/2017;1170.82
11/12/2017;1176.45
12/12/2017;1180.47
13/12/2017;1180.24
14/12/2017;1176.55
15/12/2017;1186.68
18/12/2017;1192.22
19/12/2017;1188.29
20/12/2017;1186.57
21/12/2017;1190.39
22/12/2017;1189.02
26/12/2017;1186.62
27/12/2017;1187.7
28/12/2017;1189.29
29/12/2017;1183.15
02/01/2018;1193.55
03/01/2018;1200.74
04/01/2018;1206.26
05/01/2018;1215.56
08/01/2018;1216.1
09/01/2018;1218.12
10/01/2018;1216.27
