23/11/2000;35.695
24/11/2000;35.925
27/11/2000;35.995
28/11/2000;35.94
29/11/2000;35.695
30/11/2000;34.45
01/12/2000;33.725
04/12/2000;33.655
05/12/2000;33.89
06/12/2000;31.915
07/12/2000;32.175
08/12/2000;31.68
11/12/2000;31.45
12/12/2000;31.785
13/12/2000;32.34
14/12/2000;31.87
15/12/2000;31.58
18/12/2000;31.465
19/12/2000;32.89
20/12/2000;32.04
21/12/2000;32.12
22/12/2000;31.855
26/12/2000;#N/A N/A
27/12/2000;32.895
28/12/2000;33.185
29/12/2000;32.63
02/01/2001;32.715
03/01/2001;32.975
04/01/2001;32.525
05/01/2001;32.35
08/01/2001;32.265
09/01/2001;31.645
10/01/2001;31
11/01/2001;31.725
12/01/2001;31.855
15/01/2001;32.795
16/01/2001;32.125
17/01/2001;32.125
18/01/2001;31.505
19/01/2001;31.31
22/01/2001;31.525
23/01/2001;30.75
24/01/2001;31.475
25/01/2001;32.175
26/01/2001;32.125
29/01/2001;32.42
30/01/2001;31.87
31/01/2001;32.295
01/02/2001;31.85
02/02/2001;32.305
05/02/2001;32.925
06/02/2001;33.035
07/02/2001;32.825
08/02/2001;33.27
09/02/2001;34.175
12/02/2001;33.785
13/02/2001;33.36
14/02/2001;33.5
15/02/2001;33.025
16/02/2001;33.23
19/02/2001;33.185
20/02/2001;33.095
21/02/2001;32.7
22/02/2001;32.45
23/02/2001;32.24
26/02/2001;32.345
27/02/2001;32.685
28/02/2001;32.23
01/03/2001;31.5
02/03/2001;31.705
05/03/2001;32
06/03/2001;32.265
07/03/2001;32.475
08/03/2001;32.26
09/03/2001;32.335
12/03/2001;31.9
13/03/2001;31.28
14/03/2001;31.45
15/03/2001;32.085
16/03/2001;31.875
19/03/2001;31.575
20/03/2001;31.825
21/03/2001;31.675
22/03/2001;31.25
23/03/2001;30.58
26/03/2001;31.25
27/03/2001;31.695
28/03/2001;31.275
29/03/2001;31.445
30/03/2001;31.495
02/04/2001;31.39
03/04/2001;30.57
04/04/2001;30.145
05/04/2001;30.525
06/04/2001;30.695
09/04/2001;31.505
10/04/2001;32.46
11/04/2001;32.145
12/04/2001;32.275
16/04/2001;#N/A N/A
17/04/2001;32.605
18/04/2001;32.85
19/04/2001;31.75
20/04/2001;31.88
23/04/2001;31.95
24/04/2001;32.675
25/04/2001;32.865
26/04/2001;33.37
27/04/2001;33.7
30/04/2001;#N/A N/A
01/05/2001;33.565
02/05/2001;33.125
03/05/2001;32.225
04/05/2001;32.315
07/05/2001;32.9
08/05/2001;33.1
09/05/2001;33.5
10/05/2001;33.85
11/05/2001;33.485
14/05/2001;33.575
15/05/2001;34.145
16/05/2001;34.15
17/05/2001;34.625
18/05/2001;35.125
21/05/2001;35.375
22/05/2001;35.355
23/05/2001;35.15
24/05/2001;35.325
25/05/2001;35.33
28/05/2001;35.475
29/05/2001;35.71
30/05/2001;35.775
31/05/2001;35.835
01/06/2001;36.175
04/06/2001;#N/A N/A
05/06/2001;36.51
06/06/2001;36.05
07/06/2001;36.05
08/06/2001;35.91
11/06/2001;36.11
12/06/2001;36
13/06/2001;36.15
14/06/2001;35.76
15/06/2001;35.875
18/06/2001;35.45
19/06/2001;35.33
20/06/2001;35.475
21/06/2001;35.1
22/06/2001;34.935
25/06/2001;35.175
26/06/2001;34.85
27/06/2001;34.38
28/06/2001;33.455
29/06/2001;33.99
02/07/2001;34.405
03/07/2001;33.6
04/07/2001;33.415
05/07/2001;34.06
06/07/2001;33.595
09/07/2001;33.475
10/07/2001;32.94
11/07/2001;32.6
12/07/2001;32.865
13/07/2001;33.245
16/07/2001;32.74
17/07/2001;32.76
18/07/2001;31.515
19/07/2001;31.635
20/07/2001;31.845
23/07/2001;32.105
24/07/2001;31.8
25/07/2001;31.53
26/07/2001;32.505
27/07/2001;32.93
30/07/2001;33.145
31/07/2001;33.325
01/08/2001;33.42
02/08/2001;32.175
03/08/2001;31.225
06/08/2001;31.785
07/08/2001;31.7
08/08/2001;31.4
09/08/2001;30.775
10/08/2001;30.4
13/08/2001;30.86
14/08/2001;31.15
15/08/2001;30.955
16/08/2001;31.34
17/08/2001;30.935
20/08/2001;30.775
21/08/2001;30.895
22/08/2001;31.205
23/08/2001;31.55
24/08/2001;32.01
27/08/2001;32.115
28/08/2001;31.555
29/08/2001;31.825
30/08/2001;31.43
31/08/2001;31.215
03/09/2001;31.005
04/09/2001;31.39
05/09/2001;31.445
06/09/2001;31.05
07/09/2001;30.14
10/09/2001;29.78
11/09/2001;30.1
12/09/2001;28.95
13/09/2001;28.575
14/09/2001;27.3
17/09/2001;28.15
18/09/2001;27.82
19/09/2001;26.175
20/09/2001;24.39
21/09/2001;22.89
24/09/2001;24.94
25/09/2001;25.075
26/09/2001;25.37
27/09/2001;26.225
28/09/2001;27.61
01/10/2001;26.525
02/10/2001;27.45
03/10/2001;27.175
04/10/2001;28.6
05/10/2001;27.905
08/10/2001;27.86
09/10/2001;27.86
10/10/2001;29.235
11/10/2001;29.42
12/10/2001;29.6
15/10/2001;28.95
16/10/2001;29
17/10/2001;29.925
18/10/2001;28.7
19/10/2001;27.745
22/10/2001;28.265
23/10/2001;29.185
24/10/2001;28.67
25/10/2001;28.2
26/10/2001;29.245
29/10/2001;28.9
30/10/2001;28.025
31/10/2001;28.25
01/11/2001;28.6
02/11/2001;28.25
05/11/2001;28.575
06/11/2001;27.875
07/11/2001;27.9
08/11/2001;28.5
09/11/2001;28.95
12/11/2001;28.35
13/11/2001;29.5
14/11/2001;27.95
15/11/2001;25.975
16/11/2001;26.825
19/11/2001;27.125
20/11/2001;28.2
21/11/2001;28
22/11/2001;28.4
23/11/2001;28.325
26/11/2001;27.55
27/11/2001;27.525
28/11/2001;27.15
29/11/2001;27.375
30/11/2001;27
03/12/2001;27.35
04/12/2001;27.6
05/12/2001;28.15
06/12/2001;27.75
07/12/2001;27.125
10/12/2001;26.925
11/12/2001;27.225
12/12/2001;26.7
13/12/2001;26.15
14/12/2001;26
17/12/2001;26.8
18/12/2001;26.525
19/12/2001;26.25
20/12/2001;26.15
21/12/2001;27.275
24/12/2001;27.575
27/12/2001;28.025
28/12/2001;28.45
02/01/2002;27.2
03/01/2002;27.45
04/01/2002;27.4
07/01/2002;27.225
08/01/2002;27.075
09/01/2002;27.3
10/01/2002;27.175
11/01/2002;27.425
14/01/2002;26.65
15/01/2002;27.075
16/01/2002;26.7
17/01/2002;26.75
18/01/2002;26.65
21/01/2002;26.675
22/01/2002;26.7
23/01/2002;27.425
24/01/2002;27.975
25/01/2002;28.5
28/01/2002;28.8
29/01/2002;28.35
30/01/2002;28.2
31/01/2002;28.7
01/02/2002;29.15
04/02/2002;29.05
05/02/2002;28.45
06/02/2002;28.65
07/02/2002;28.425
08/02/2002;28.025
11/02/2002;28
12/02/2002;28.325
13/02/2002;28.25
14/02/2002;28.55
15/02/2002;28.65
18/02/2002;28.65
19/02/2002;28.275
20/02/2002;28
21/02/2002;28.7
22/02/2002;28.725
25/02/2002;29.175
26/02/2002;29.35
27/02/2002;29.85
28/02/2002;29.825
01/03/2002;29.85
04/03/2002;30.3
05/03/2002;30.05
06/03/2002;30.125
07/03/2002;30.65
08/03/2002;30.6
11/03/2002;31.05
12/03/2002;31.35
13/03/2002;31.15
14/03/2002;30.85
15/03/2002;31.125
18/03/2002;31.025
19/03/2002;31.25
20/03/2002;31.175
21/03/2002;30.5
22/03/2002;30.85
25/03/2002;30.275
26/03/2002;30.45
27/03/2002;30.9
28/03/2002;31.375
02/04/2002;31.45
03/04/2002;31.225
04/04/2002;30.55
05/04/2002;30.325
08/04/2002;30.175
09/04/2002;30.075
10/04/2002;30.225
11/04/2002;29.825
12/04/2002;29.375
15/04/2002;29.8
16/04/2002;30.45
17/04/2002;30.35
18/04/2002;30.65
19/04/2002;30.575
22/04/2002;30.55
23/04/2002;30
24/04/2002;29.4
25/04/2002;29.275
26/04/2002;29
29/04/2002;28.7
30/04/2002;29.4
02/05/2002;29.575
03/05/2002;30.15
06/05/2002;29.4
07/05/2002;29.35
08/05/2002;29.775
09/05/2002;29.875
10/05/2002;29.9
13/05/2002;30.075
14/05/2002;30.7
15/05/2002;30.775
16/05/2002;30.825
17/05/2002;29.95
20/05/2002;29.75
21/05/2002;29.875
22/05/2002;29.625
23/05/2002;30.05
24/05/2002;30.375
27/05/2002;30.25
28/05/2002;29.675
29/05/2002;29.475
30/05/2002;28.95
31/05/2002;29.95
03/06/2002;29.425
04/06/2002;28.525
05/06/2002;28.675
06/06/2002;28.9
07/06/2002;28.525
10/06/2002;28.025
11/06/2002;28.5
12/06/2002;27.75
13/06/2002;27.725
14/06/2002;26.825
17/06/2002;27.925
18/06/2002;28.025
19/06/2002;27.7
20/06/2002;27.225
21/06/2002;26.85
24/06/2002;26.325
25/06/2002;27.45
26/06/2002;26.75
27/06/2002;26.95
28/06/2002;28.2
01/07/2002;28.325
02/07/2002;27.7
03/07/2002;27.375
04/07/2002;28.375
05/07/2002;29.2
08/07/2002;28.925
09/07/2002;28.625
10/07/2002;26.225
11/07/2002;25.325
12/07/2002;24.9
15/07/2002;22.79
16/07/2002;22.35
17/07/2002;23.175
18/07/2002;23.245
19/07/2002;22.75
22/07/2002;20.52
23/07/2002;21.05
24/07/2002;20.81
25/07/2002;21.445
26/07/2002;21.575
29/07/2002;22.625
30/07/2002;22.5
31/07/2002;23.3
01/08/2002;21.75
02/08/2002;21.525
05/08/2002;21.375
06/08/2002;22.39
07/08/2002;22.425
08/08/2002;23.315
09/08/2002;23.7
12/08/2002;22.775
13/08/2002;23.05
14/08/2002;22.35
15/08/2002;23.25
16/08/2002;23.32
19/08/2002;23.45
20/08/2002;23.125
21/08/2002;23.125
22/08/2002;24.09
23/08/2002;23.85
26/08/2002;23.355
27/08/2002;24.075
28/08/2002;23.055
29/08/2002;22.545
30/08/2002;23
02/09/2002;22.75
03/09/2002;21.43
04/09/2002;21.35
05/09/2002;21.225
06/09/2002;22.15
09/09/2002;21.8
10/09/2002;22.475
11/09/2002;23.1
12/09/2002;22.115
13/09/2002;21.725
16/09/2002;22.075
17/09/2002;21.675
18/09/2002;20.885
19/09/2002;20.625
20/09/2002;20.47
23/09/2002;20.43
24/09/2002;20.02
25/09/2002;20
26/09/2002;21.4
27/09/2002;21.625
30/09/2002;20.425
01/10/2002;21.32
02/10/2002;22.125
03/10/2002;21.625
04/10/2002;21.295
07/10/2002;21.125
08/10/2002;20.635
09/10/2002;20.47
10/10/2002;20.995
11/10/2002;21.625
14/10/2002;21.325
15/10/2002;22.345
16/10/2002;22.095
17/10/2002;22.745
18/10/2002;22.85
21/10/2002;22.725
22/10/2002;21.915
23/10/2002;21.41
24/10/2002;21.895
25/10/2002;21.6
28/10/2002;21.525
29/10/2002;20.2
30/10/2002;21.1
31/10/2002;21.84
01/11/2002;21.65
04/11/2002;21.995
05/11/2002;21.995
06/11/2002;21.9
07/11/2002;21.325
08/11/2002;21.425
11/11/2002;21.525
12/11/2002;21.6
13/11/2002;21.39
14/11/2002;21.525
15/11/2002;21.84
18/11/2002;21.975
19/11/2002;22.08
20/11/2002;21.725
21/11/2002;22.195
22/11/2002;21.89
25/11/2002;21.715
26/11/2002;21.485
27/11/2002;22.05
28/11/2002;22.165
29/11/2002;22.02
02/12/2002;21.775
03/12/2002;21.695
04/12/2002;21.24
05/12/2002;21.15
06/12/2002;21.175
09/12/2002;21.05
10/12/2002;20.9
11/12/2002;21.125
12/12/2002;20.93
13/12/2002;20.75
16/12/2002;21.36
17/12/2002;21.08
18/12/2002;20.695
19/12/2002;20.83
20/12/2002;21.01
23/12/2002;21.535
24/12/2002;21.9
27/12/2002;20.955
30/12/2002;21.135
31/12/2002;20.975
02/01/2003;21.735
03/01/2003;21.415
06/01/2003;21.995
07/01/2003;21.825
08/01/2003;21.48
09/01/2003;21.6
10/01/2003;21.5
13/01/2003;21.315
14/01/2003;21.1
15/01/2003;20.915
16/01/2003;20.945
17/01/2003;20.58
20/01/2003;19.935
21/01/2003;19.575
22/01/2003;19.125
23/01/2003;19.035
24/01/2003;18.825
27/01/2003;18.145
28/01/2003;18.3
29/01/2003;18.875
30/01/2003;19.22
31/01/2003;19.285
03/02/2003;19.48
04/02/2003;19.01
05/02/2003;19.32
06/02/2003;18.515
07/02/2003;18.225
10/02/2003;18.425
11/02/2003;18.63
12/02/2003;18.095
13/02/2003;17.82
14/02/2003;18.17
17/02/2003;18.42
18/02/2003;18.715
19/02/2003;18.355
20/02/2003;18.23
21/02/2003;18.49
24/02/2003;18.6
25/02/2003;18.215
26/02/2003;17.95
27/02/2003;18.105
28/02/2003;18.375
03/03/2003;18.675
04/03/2003;18.55
05/03/2003;18.35
06/03/2003;18.275
07/03/2003;17.78
10/03/2003;17.65
11/03/2003;17.68
12/03/2003;16.745
13/03/2003;17.72
14/03/2003;18.24
17/03/2003;19
18/03/2003;18.87
19/03/2003;19.24
20/03/2003;18.955
21/03/2003;19.425
24/03/2003;18.805
25/03/2003;19.4
26/03/2003;19.615
27/03/2003;19.09
28/03/2003;19.435
31/03/2003;18.655
01/04/2003;19.175
02/04/2003;19.44
03/04/2003;19.56
04/04/2003;19.65
07/04/2003;20.145
08/04/2003;19.8
09/04/2003;19.85
10/04/2003;19.375
11/04/2003;19.56
14/04/2003;19.655
15/04/2003;19.87
16/04/2003;19.7
17/04/2003;19.825
22/04/2003;19.71
23/04/2003;19.835
24/04/2003;18.925
25/04/2003;18.45
28/04/2003;18.895
29/04/2003;18.58
30/04/2003;18.325
02/05/2003;18.8
05/05/2003;18.96
06/05/2003;19.275
07/05/2003;19.21
08/05/2003;18.91
09/05/2003;19.15
12/05/2003;19.25
13/05/2003;19.35
14/05/2003;19.4
15/05/2003;19.535
16/05/2003;19.605
19/05/2003;19.05
20/05/2003;19.21
21/05/2003;18.945
22/05/2003;19.255
23/05/2003;19.17
26/05/2003;19.125
27/05/2003;19.185
28/05/2003;19.5
29/05/2003;19.33
30/05/2003;19.22
02/06/2003;19.525
03/06/2003;19.555
04/06/2003;19.965
05/06/2003;19.69
06/06/2003;20.05
09/06/2003;19.865
10/06/2003;20.125
11/06/2003;20.58
12/06/2003;20.985
13/06/2003;20.52
16/06/2003;20.87
17/06/2003;20.795
18/06/2003;20.93
19/06/2003;20.615
20/06/2003;20.925
23/06/2003;20.625
24/06/2003;20.625
25/06/2003;20.68
26/06/2003;20.6
27/06/2003;20.555
30/06/2003;20.21
01/07/2003;19.93
02/07/2003;20.195
03/07/2003;20.08
04/07/2003;20.05
07/07/2003;20.525
08/07/2003;20.445
09/07/2003;20.13
10/07/2003;19.835
11/07/2003;20.105
14/07/2003;20.28
15/07/2003;19.88
16/07/2003;19.88
17/07/2003;20.12
18/07/2003;20.17
21/07/2003;20
22/07/2003;20.25
23/07/2003;20.15
24/07/2003;20.145
25/07/2003;19.325
28/07/2003;19.475
29/07/2003;19.08
30/07/2003;19.025
31/07/2003;19.5
01/08/2003;19.05
04/08/2003;19.01
05/08/2003;19.15
06/08/2003;19.09
07/08/2003;19.45
08/08/2003;19.75
11/08/2003;20.24
12/08/2003;20.225
13/08/2003;20.135
14/08/2003;20.525
15/08/2003;20.475
18/08/2003;20.645
19/08/2003;20.515
20/08/2003;20.355
21/08/2003;20.63
22/08/2003;20.73
25/08/2003;20.585
26/08/2003;20.36
27/08/2003;20.475
28/08/2003;20.6
29/08/2003;20.325
01/09/2003;20.575
02/09/2003;20.7
03/09/2003;20.95
04/09/2003;20.925
05/09/2003;20.755
08/09/2003;20.915
09/09/2003;20.6
10/09/2003;20.395
11/09/2003;20.43
12/09/2003;20.17
15/09/2003;20.06
16/09/2003;20.225
17/09/2003;20.135
18/09/2003;19.88
19/09/2003;19.8
22/09/2003;19.555
23/09/2003;19.43
24/09/2003;19.625
25/09/2003;19.8
26/09/2003;19.34
29/09/2003;19.21
30/09/2003;18.855
01/10/2003;19.14
02/10/2003;19.045
03/10/2003;19.545
06/10/2003;19.44
07/10/2003;19.3
08/10/2003;19.165
09/10/2003;19.47
10/10/2003;19.545
13/10/2003;19.95
14/10/2003;19.865
15/10/2003;20.035
16/10/2003;20.005
17/10/2003;20.005
20/10/2003;19.92
21/10/2003;19.9
22/10/2003;19.63
23/10/2003;19.125
24/10/2003;18.955
27/10/2003;18.95
28/10/2003;18.985
29/10/2003;18.94
30/10/2003;18.875
31/10/2003;19.085
03/11/2003;19.465
04/11/2003;19.475
05/11/2003;19.315
06/11/2003;19.435
07/11/2003;19.535
10/11/2003;19.39
11/11/2003;19.28
12/11/2003;19.08
13/11/2003;19.105
14/11/2003;19.185
17/11/2003;18.85
18/11/2003;18.7
19/11/2003;18.705
20/11/2003;18.75
21/11/2003;18.685
24/11/2003;19.03
25/11/2003;18.925
26/11/2003;18.865
27/11/2003;18.895
28/11/2003;18.74
01/12/2003;19.055
02/12/2003;19.07
03/12/2003;19.135
04/12/2003;19.14
05/12/2003;19.18
08/12/2003;19.055
09/12/2003;19.505
10/12/2003;19.515
11/12/2003;19.665
12/12/2003;19.64
15/12/2003;19.61
16/12/2003;19.715
17/12/2003;20
18/12/2003;20.35
19/12/2003;20.575
22/12/2003;20.5
23/12/2003;20.395
24/12/2003;20.45
29/12/2003;20.625
30/12/2003;20.75
31/12/2003;20.9
02/01/2004;21
05/01/2004;21
06/01/2004;21.08
07/01/2004;20.73
08/01/2004;20.715
09/01/2004;19.13
12/01/2004;19.07
13/01/2004;19.085
14/01/2004;18.93
15/01/2004;18.91
16/01/2004;18.905
19/01/2004;19.05
20/01/2004;18.95
21/01/2004;19.135
22/01/2004;18.98
23/01/2004;18.93
26/01/2004;18.97
27/01/2004;19.045
28/01/2004;19.205
29/01/2004;19.25
30/01/2004;18.995
02/02/2004;19.045
03/02/2004;19.025
04/02/2004;19
05/02/2004;18.75
06/02/2004;18.38
09/02/2004;18.575
10/02/2004;18.67
11/02/2004;18.71
12/02/2004;18.775
13/02/2004;18.665
16/02/2004;18.77
17/02/2004;18.87
18/02/2004;18.82
19/02/2004;19.045
20/02/2004;19.18
23/02/2004;19.385
24/02/2004;19.2
25/02/2004;19.42
26/02/2004;19.77
27/02/2004;19.85
01/03/2004;20.2
02/03/2004;20.38
03/03/2004;20.68
04/03/2004;20.555
05/03/2004;20.17
08/03/2004;20.395
09/03/2004;20.175
10/03/2004;20.45
11/03/2004;19.825
12/03/2004;19.875
15/03/2004;19.62
16/03/2004;19.55
17/03/2004;19.775
18/03/2004;19.115
19/03/2004;19.155
22/03/2004;18.885
23/03/2004;18.795
24/03/2004;18.915
25/03/2004;18.96
26/03/2004;19.15
29/03/2004;19.34
30/03/2004;19.45
31/03/2004;19.325
01/04/2004;19.405
02/04/2004;19.74
05/04/2004;19.96
06/04/2004;20.075
07/04/2004;20.04
08/04/2004;20.06
13/04/2004;20.45
14/04/2004;20.34
15/04/2004;20.675
16/04/2004;20.825
19/04/2004;20.795
20/04/2004;20.85
21/04/2004;20.735
22/04/2004;20.79
23/04/2004;20.83
26/04/2004;20.355
27/04/2004;20.36
28/04/2004;20.175
29/04/2004;20.32
30/04/2004;20.285
03/05/2004;20.475
04/05/2004;20.645
05/05/2004;20.84
06/05/2004;20.775
07/05/2004;20.85
10/05/2004;20.37
11/05/2004;20.6
12/05/2004;20.515
13/05/2004;20.615
14/05/2004;20.61
17/05/2004;20.26
18/05/2004;20.17
19/05/2004;20.375
20/05/2004;20.26
21/05/2004;20.255
24/05/2004;20.4
25/05/2004;20.51
26/05/2004;20.705
27/05/2004;20.6
28/05/2004;20.5
31/05/2004;20.625
01/06/2004;20.505
02/06/2004;20.665
03/06/2004;20.69
04/06/2004;20.605
07/06/2004;20.71
08/06/2004;20.77
09/06/2004;20.685
10/06/2004;20.9
11/06/2004;20.97
14/06/2004;20.77
15/06/2004;20.825
16/06/2004;21.36
17/06/2004;21.55
18/06/2004;21.835
21/06/2004;21.74
22/06/2004;21.38
23/06/2004;21.415
24/06/2004;21.65
25/06/2004;21.65
28/06/2004;21.605
29/06/2004;21.435
30/06/2004;21.09
01/07/2004;21.145
02/07/2004;20.965
05/07/2004;20.965
06/07/2004;20.975
07/07/2004;21.015
08/07/2004;21.075
09/07/2004;21.265
12/07/2004;21.1
13/07/2004;21.025
14/07/2004;21.055
15/07/2004;21.09
16/07/2004;21.16
19/07/2004;21.02
20/07/2004;21.045
21/07/2004;21.065
22/07/2004;20.71
23/07/2004;20.77
26/07/2004;20.465
27/07/2004;20.63
28/07/2004;20.705
29/07/2004;21.165
30/07/2004;20.835
02/08/2004;20.685
03/08/2004;21.045
04/08/2004;20.96
05/08/2004;20.735
06/08/2004;20.095
09/08/2004;20.145
10/08/2004;20.33
11/08/2004;20.145
12/08/2004;20.28
13/08/2004;20.085
16/08/2004;20.45
17/08/2004;20.305
18/08/2004;20.365
19/08/2004;20.365
20/08/2004;20.475
23/08/2004;20.745
24/08/2004;20.54
25/08/2004;20.56
26/08/2004;20.705
27/08/2004;20.94
30/08/2004;20.86
31/08/2004;20.73
01/09/2004;20.885
02/09/2004;21.105
03/09/2004;21.29
06/09/2004;21.35
07/09/2004;21.305
08/09/2004;21.235
09/09/2004;21.175
10/09/2004;21.155
13/09/2004;21.23
14/09/2004;21.1
15/09/2004;21.2
16/09/2004;21.155
17/09/2004;21.335
20/09/2004;21.405
21/09/2004;21.655
22/09/2004;21.135
23/09/2004;20.78
24/09/2004;20.725
27/09/2004;20.775
28/09/2004;20.825
29/09/2004;20.725
30/09/2004;20.735
01/10/2004;21.135
04/10/2004;21.085
05/10/2004;21.205
06/10/2004;21.335
07/10/2004;21.4
08/10/2004;21.34
11/10/2004;21.45
12/10/2004;21.295
13/10/2004;21.145
14/10/2004;21.245
15/10/2004;21.19
18/10/2004;21.175
19/10/2004;21.16
20/10/2004;21.015
21/10/2004;21.17
22/10/2004;21.185
25/10/2004;20.755
26/10/2004;20.715
27/10/2004;21.145
28/10/2004;21.405
29/10/2004;21.295
01/11/2004;21.23
02/11/2004;21.25
03/11/2004;21.325
04/11/2004;21.32
05/11/2004;21.4
08/11/2004;21.39
09/11/2004;21.425
10/11/2004;21.495
11/11/2004;21.62
12/11/2004;21.59
15/11/2004;21.45
16/11/2004;21.39
17/11/2004;21.5
18/11/2004;21.41
19/11/2004;21.5
22/11/2004;21.38
23/11/2004;21.385
24/11/2004;21.285
25/11/2004;21.7
26/11/2004;21.75
29/11/2004;21.62
30/11/2004;21.55
01/12/2004;21.675
02/12/2004;21.405
03/12/2004;21.405
06/12/2004;21.26
07/12/2004;21.24
08/12/2004;21.195
09/12/2004;21.14
10/12/2004;21.19
13/12/2004;21.28
14/12/2004;21.265
15/12/2004;21.16
16/12/2004;21.085
17/12/2004;20.9
20/12/2004;20.935
21/12/2004;20.965
22/12/2004;20.975
23/12/2004;21.105
24/12/2004;21.09
27/12/2004;21.02
28/12/2004;21.105
29/12/2004;21.005
30/12/2004;21.06
31/12/2004;21.175
03/01/2005;21.13
04/01/2005;21.075
05/01/2005;20.99
06/01/2005;21.18
07/01/2005;21.295
10/01/2005;21.3
11/01/2005;21.25
12/01/2005;21.05
13/01/2005;21.31
14/01/2005;21.315
17/01/2005;21.34
18/01/2005;21.385
19/01/2005;21.47
20/01/2005;21.515
21/01/2005;21.87
24/01/2005;22.055
25/01/2005;22.085
26/01/2005;22.22
27/01/2005;22.23
28/01/2005;22.155
31/01/2005;22.275
01/02/2005;22.925
02/02/2005;23.1
03/02/2005;22.785
04/02/2005;22.905
07/02/2005;22.97
08/02/2005;22.99
09/02/2005;22.74
10/02/2005;22.74
11/02/2005;22.875
14/02/2005;22.77
15/02/2005;23.05
16/02/2005;23.22
17/02/2005;23.435
18/02/2005;23.61
21/02/2005;24
22/02/2005;23.71
23/02/2005;23.33
24/02/2005;23.3
25/02/2005;23.745
28/02/2005;23.8
01/03/2005;23.94
02/03/2005;24.035
03/03/2005;24.26
04/03/2005;24.52
07/03/2005;24.325
08/03/2005;24.245
09/03/2005;23.955
10/03/2005;23.45
11/03/2005;23.535
14/03/2005;23.51
15/03/2005;23.67
16/03/2005;23.315
17/03/2005;23.145
18/03/2005;23.43
21/03/2005;23.365
22/03/2005;23.45
23/03/2005;23.11
24/03/2005;23.1
29/03/2005;23.215
30/03/2005;23.12
31/03/2005;23.06
01/04/2005;23.06
04/04/2005;23.35
05/04/2005;23.615
06/04/2005;23.54
07/04/2005;24
08/04/2005;23.825
11/04/2005;23.635
12/04/2005;23.6
13/04/2005;23.54
14/04/2005;23.46
15/04/2005;23.145
18/04/2005;22.725
19/04/2005;23.005
20/04/2005;22.725
21/04/2005;22.575
22/04/2005;22.925
25/04/2005;23.16
26/04/2005;23.165
27/04/2005;22.75
28/04/2005;22.67
29/04/2005;22.615
02/05/2005;22.74
03/05/2005;22.72
04/05/2005;22.68
05/05/2005;23.035
06/05/2005;23.265
09/05/2005;23.04
10/05/2005;22.99
11/05/2005;22.78
12/05/2005;22.8
13/05/2005;22.575
16/05/2005;22.37
17/05/2005;22.445
18/05/2005;22.875
19/05/2005;23.18
20/05/2005;23.225
23/05/2005;23.35
24/05/2005;23.48
25/05/2005;23.525
26/05/2005;23.77
27/05/2005;23.715
30/05/2005;23.855
31/05/2005;23.65
01/06/2005;24.215
02/06/2005;24.32
03/06/2005;24.175
06/06/2005;24.075
07/06/2005;24.315
08/06/2005;24.195
09/06/2005;24.21
10/06/2005;24.56
13/06/2005;24.925
14/06/2005;25.2
15/06/2005;25.125
16/06/2005;25.5
17/06/2005;25.775
20/06/2005;26.05
21/06/2005;25.975
22/06/2005;25.925
23/06/2005;26.225
24/06/2005;26.3
27/06/2005;26.5
28/06/2005;27.425
29/06/2005;27
30/06/2005;27
01/07/2005;27.475
04/07/2005;28.05
05/07/2005;27.975
06/07/2005;28.2
07/07/2005;27.45
08/07/2005;27.675
11/07/2005;27
12/07/2005;26.7
13/07/2005;26.875
14/07/2005;26.975
15/07/2005;26.725
18/07/2005;26.4
19/07/2005;25.7
20/07/2005;25.4
21/07/2005;25.29
22/07/2005;25.15
25/07/2005;25.4
26/07/2005;25.3
27/07/2005;25.06
28/07/2005;24.75
29/07/2005;25.36
01/08/2005;25.75
02/08/2005;26.01
03/08/2005;25.97
04/08/2005;25.75
05/08/2005;25.73
08/08/2005;25.96
09/08/2005;26.45
10/08/2005;27.02
11/08/2005;27.19
12/08/2005;27.08
15/08/2005;27.11
16/08/2005;26.8
17/08/2005;26.68
18/08/2005;26.22
19/08/2005;26.41
22/08/2005;26.38
23/08/2005;26.19
24/08/2005;25.97
25/08/2005;25.88
26/08/2005;25.88
29/08/2005;25.74
30/08/2005;25.99
31/08/2005;26.44
01/09/2005;26.75
02/09/2005;26.58
05/09/2005;26.67
06/09/2005;26.6
07/09/2005;26.26
08/09/2005;25.97
09/09/2005;26.1
12/09/2005;26.14
13/09/2005;25.94
14/09/2005;26.03
15/09/2005;26.54
16/09/2005;26.87
19/09/2005;27.32
20/09/2005;27.26
21/09/2005;27.21
22/09/2005;27.28
23/09/2005;27
26/09/2005;27
27/09/2005;27.03
28/09/2005;27.24
29/09/2005;27.38
30/09/2005;27.47
03/10/2005;27.66
04/10/2005;27.08
05/10/2005;26.66
06/10/2005;26.06
07/10/2005;26
10/10/2005;25.91
11/10/2005;25.96
12/10/2005;25.67
13/10/2005;25.42
14/10/2005;25.24
17/10/2005;25.35
18/10/2005;25.31
19/10/2005;24.7
20/10/2005;24.65
21/10/2005;24.32
24/10/2005;24.68
25/10/2005;24.63
26/10/2005;24.95
27/10/2005;25.06
28/10/2005;25.24
31/10/2005;25.73
01/11/2005;25.66
02/11/2005;25.55
03/11/2005;25.93
04/11/2005;26.05
07/11/2005;25.85
08/11/2005;25.95
09/11/2005;25.98
10/11/2005;25.73
11/11/2005;25.6
14/11/2005;25.77
15/11/2005;26.03
16/11/2005;25.93
17/11/2005;26.21
18/11/2005;26.5
21/11/2005;26.74
22/11/2005;26.96
23/11/2005;26.95
24/11/2005;26.82
25/11/2005;26.8
28/11/2005;26.37
29/11/2005;26.49
30/11/2005;26.12
01/12/2005;26.53
02/12/2005;26.84
05/12/2005;26.93
06/12/2005;26.92
07/12/2005;26.68
08/12/2005;27.1
09/12/2005;26.82
12/12/2005;26.55
13/12/2005;26.75
14/12/2005;26.41
15/12/2005;26.13
16/12/2005;26.16
19/12/2005;25.83
20/12/2005;25.85
21/12/2005;26.09
22/12/2005;26.06
23/12/2005;26
27/12/2005;25.86
28/12/2005;25.79
29/12/2005;25.82
30/12/2005;25.78
02/01/2006;25.94
03/01/2006;26.48
04/01/2006;26.69
05/01/2006;26.52
06/01/2006;26.87
09/01/2006;26.89
10/01/2006;26.84
11/01/2006;26.84
12/01/2006;27.09
13/01/2006;26.82
16/01/2006;27.03
17/01/2006;26.97
18/01/2006;26.9
19/01/2006;26.65
20/01/2006;26.79
23/01/2006;26.74
24/01/2006;26.62
25/01/2006;26.69
26/01/2006;26.8
27/01/2006;27.44
30/01/2006;27.91
31/01/2006;28.02
01/02/2006;28.13
02/02/2006;27.39
03/02/2006;27.12
06/02/2006;27.13
07/02/2006;26.73
08/02/2006;26.24
09/02/2006;26.39
10/02/2006;26.2
13/02/2006;26.4
14/02/2006;26.05
15/02/2006;26.3
16/02/2006;26.1
17/02/2006;26.22
20/02/2006;26.34
21/02/2006;26.28
22/02/2006;25.9
23/02/2006;25.71
24/02/2006;25.7
27/02/2006;25.75
28/02/2006;25.33
01/03/2006;26
02/03/2006;25.64
03/03/2006;25.78
06/03/2006;25.62
07/03/2006;25.59
08/03/2006;25.63
09/03/2006;25.6
10/03/2006;25.8
13/03/2006;25.83
14/03/2006;25.77
15/03/2006;25.8
16/03/2006;25.72
17/03/2006;25.49
20/03/2006;25.28
21/03/2006;25.18
22/03/2006;25.24
23/03/2006;25.22
24/03/2006;25.61
27/03/2006;25.61
28/03/2006;25.68
29/03/2006;25.89
30/03/2006;26.12
31/03/2006;25.82
03/04/2006;26.11
04/04/2006;25.91
05/04/2006;26.15
06/04/2006;26.34
07/04/2006;26.51
10/04/2006;27.05
11/04/2006;27.27
12/04/2006;27.12
13/04/2006;27.17
18/04/2006;27.58
19/04/2006;27.59
20/04/2006;27.37
21/04/2006;28.08
24/04/2006;28.26
25/04/2006;28.07
26/04/2006;28.11
27/04/2006;27.54
28/04/2006;27.18
02/05/2006;27.59
03/05/2006;27.19
04/05/2006;27.23
05/05/2006;27.32
08/05/2006;27.03
09/05/2006;27.2
10/05/2006;26.76
11/05/2006;27.01
12/05/2006;26.39
15/05/2006;26.08
16/05/2006;26.17
17/05/2006;25.49
18/05/2006;25.5
19/05/2006;25.48
22/05/2006;25.09
23/05/2006;25.67
24/05/2006;25.36
25/05/2006;25.87
26/05/2006;26.08
29/05/2006;25.99
30/05/2006;25.59
31/05/2006;25.69
01/06/2006;25.69
02/06/2006;25.54
05/06/2006;25.68
06/06/2006;25.27
07/06/2006;25.33
08/06/2006;24.59
09/06/2006;25.07
12/06/2006;25.04
13/06/2006;24.68
14/06/2006;24.48
15/06/2006;25.02
16/06/2006;24.98
19/06/2006;24.87
20/06/2006;25.08
21/06/2006;25
22/06/2006;25.15
23/06/2006;25.45
26/06/2006;25.18
27/06/2006;25.23
28/06/2006;25.61
29/06/2006;26.05
30/06/2006;26.3
03/07/2006;26.5
04/07/2006;26.49
05/07/2006;26.37
06/07/2006;26.44
07/07/2006;26.62
10/07/2006;26.79
11/07/2006;26.78
12/07/2006;26.78
13/07/2006;26.65
14/07/2006;26.61
17/07/2006;26.62
18/07/2006;26.52
19/07/2006;26.66
20/07/2006;26.54
21/07/2006;26.5
24/07/2006;26.87
25/07/2006;26.93
26/07/2006;27.36
27/07/2006;28.03
28/07/2006;28.01
31/07/2006;27.67
01/08/2006;27.67
02/08/2006;27.82
03/08/2006;27.5
04/08/2006;27.67
07/08/2006;27.74
08/08/2006;27.64
09/08/2006;27.92
10/08/2006;27.55
11/08/2006;27.56
14/08/2006;27.57
15/08/2006;27.66
16/08/2006;27.59
17/08/2006;27.3
18/08/2006;27.66
21/08/2006;27.96
22/08/2006;27.88
23/08/2006;27.73
24/08/2006;27.72
25/08/2006;27.73
28/08/2006;27.6
29/08/2006;27.31
30/08/2006;27.34
31/08/2006;26.99
01/09/2006;27.05
04/09/2006;27.08
05/09/2006;27.06
06/09/2006;26.8
07/09/2006;26.46
08/09/2006;26.46
11/09/2006;25.96
12/09/2006;25.99
13/09/2006;25.93
14/09/2006;25.83
15/09/2006;25.66
18/09/2006;25.76
19/09/2006;25.63
20/09/2006;25.64
21/09/2006;25.8
22/09/2006;25.49
25/09/2006;25.29
26/09/2006;25.58
27/09/2006;25.76
28/09/2006;26.03
29/09/2006;25.97
02/10/2006;25.97
03/10/2006;25.64
04/10/2006;25.46
05/10/2006;25.6
06/10/2006;25.62
09/10/2006;25.68
10/10/2006;25.89
11/10/2006;25.89
12/10/2006;26
13/10/2006;26.19
16/10/2006;26.51
17/10/2006;26.64
18/10/2006;26.55
19/10/2006;26.46
20/10/2006;26.42
23/10/2006;26.34
24/10/2006;26.5
25/10/2006;26.72
26/10/2006;27.31
27/10/2006;27.2
30/10/2006;27.23
31/10/2006;27.15
01/11/2006;26.91
02/11/2006;26.82
03/11/2006;27.19
06/11/2006;27.42
07/11/2006;27.56
08/11/2006;27.71
09/11/2006;27.76
10/11/2006;27.86
13/11/2006;27.67
14/11/2006;27.67
15/11/2006;27.7
16/11/2006;27.7
17/11/2006;27.31
20/11/2006;27.2
21/11/2006;27.2
22/11/2006;27.06
23/11/2006;26.91
24/11/2006;26.85
27/11/2006;26.71
28/11/2006;26.79
29/11/2006;26.89
30/11/2006;26.66
01/12/2006;26.59
04/12/2006;26.4
05/12/2006;26.82
06/12/2006;26.82
07/12/2006;26.75
08/12/2006;26.84
11/12/2006;26.75
12/12/2006;26.61
13/12/2006;26.84
14/12/2006;27
15/12/2006;27.18
18/12/2006;26.98
19/12/2006;27.01
20/12/2006;26.77
21/12/2006;26.77
22/12/2006;26.43
27/12/2006;26.9
28/12/2006;26.79
29/12/2006;26.72
02/01/2007;26.91
03/01/2007;26.76
04/01/2007;26.41
05/01/2007;25.76
08/01/2007;25.61
09/01/2007;25.51
10/01/2007;25.54
11/01/2007;26
12/01/2007;26.04
15/01/2007;26.37
16/01/2007;26.15
17/01/2007;26.25
18/01/2007;26.25
19/01/2007;26.42
22/01/2007;26.31
23/01/2007;26.38
24/01/2007;26.54
25/01/2007;26.34
26/01/2007;26.29
29/01/2007;26.19
30/01/2007;26.26
31/01/2007;25.97
01/02/2007;26.5
02/02/2007;26.12
05/02/2007;26.33
06/02/2007;26.23
07/02/2007;26
08/02/2007;25.77
09/02/2007;25.69
12/02/2007;25.52
13/02/2007;25.55
14/02/2007;25.54
15/02/2007;25.51
16/02/2007;25.35
19/02/2007;25.35
20/02/2007;25.05
21/02/2007;25.03
22/02/2007;25.16
23/02/2007;25.44
26/02/2007;25.56
27/02/2007;25.36
28/02/2007;24.61
01/03/2007;25.06
02/03/2007;24.45
05/03/2007;24.18
06/03/2007;24.46
07/03/2007;24.58
08/03/2007;24.77
09/03/2007;24.87
12/03/2007;24.59
13/03/2007;24.43
14/03/2007;24.02
15/03/2007;24.18
16/03/2007;23.88
19/03/2007;24.12
20/03/2007;24.09
21/03/2007;24.2
22/03/2007;24.51
23/03/2007;24.83
26/03/2007;24.86
27/03/2007;24.89
28/03/2007;25.04
29/03/2007;25.25
30/03/2007;24.9
02/04/2007;24.94
03/04/2007;24.92
04/04/2007;24.82
05/04/2007;24.89
10/04/2007;24.8
11/04/2007;24.97
12/04/2007;24.96
13/04/2007;25.47
16/04/2007;25.62
17/04/2007;25.78
18/04/2007;25.7
19/04/2007;25.6
20/04/2007;25.7
23/04/2007;25.85
24/04/2007;25.62
25/04/2007;25.79
26/04/2007;25.79
27/04/2007;25.53
30/04/2007;25.63
02/05/2007;25.9
03/05/2007;26.39
04/05/2007;26.68
07/05/2007;26.48
08/05/2007;26.41
09/05/2007;26.09
10/05/2007;25.78
11/05/2007;25.88
14/05/2007;26.01
15/05/2007;25.95
16/05/2007;25.97
17/05/2007;26.81
18/05/2007;27.41
21/05/2007;27.9
22/05/2007;27.84
23/05/2007;28
24/05/2007;27.88
25/05/2007;27.74
28/05/2007;27.72
29/05/2007;27.59
30/05/2007;27.33
31/05/2007;27.67
01/06/2007;28.01
04/06/2007;28.28
05/06/2007;28.43
06/06/2007;28.32
07/06/2007;28.45
08/06/2007;28.68
11/06/2007;28.52
12/06/2007;28.23
13/06/2007;28.33
14/06/2007;28.99
15/06/2007;29.6
18/06/2007;29.64
19/06/2007;29.56
20/06/2007;29.51
21/06/2007;29.73
22/06/2007;29.48
25/06/2007;29.52
26/06/2007;29.25
27/06/2007;29.09
28/06/2007;29.81
29/06/2007;30.19
02/07/2007;30.6
03/07/2007;30.79
04/07/2007;30.72
05/07/2007;30.44
06/07/2007;31.26
09/07/2007;31.18
10/07/2007;30.85
11/07/2007;30.52
12/07/2007;30.89
13/07/2007;30.57
16/07/2007;30.16
17/07/2007;30.42
18/07/2007;30.05
19/07/2007;30.21
20/07/2007;29.73
23/07/2007;30.14
24/07/2007;29.42
25/07/2007;29.47
26/07/2007;28.95
27/07/2007;28.33
30/07/2007;28.28
31/07/2007;28.65
01/08/2007;28.33
02/08/2007;27.96
03/08/2007;27.45
06/08/2007;27.2
07/08/2007;27.66
08/08/2007;28.12
09/08/2007;27.55
10/08/2007;26.7
13/08/2007;27.38
14/08/2007;27.1
15/08/2007;27.38
16/08/2007;26.24
17/08/2007;27.02
20/08/2007;27.2
21/08/2007;27.24
22/08/2007;27.39
23/08/2007;27.5
24/08/2007;27.73
27/08/2007;27.48
28/08/2007;27.1
29/08/2007;27.38
30/08/2007;27.98
31/08/2007;28.46
03/09/2007;28.47
04/09/2007;29.22
05/09/2007;28.94
06/09/2007;29.39
07/09/2007;28.89
10/09/2007;28.79
11/09/2007;29.05
12/09/2007;29.28
13/09/2007;29.74
14/09/2007;29.44
17/09/2007;29.12
18/09/2007;29.34
19/09/2007;29.86
20/09/2007;29.93
21/09/2007;29.85
24/09/2007;29.85
25/09/2007;29.2
26/09/2007;29.14
27/09/2007;29.16
28/09/2007;28.96
01/10/2007;29.05
02/10/2007;28.59
03/10/2007;28.19
04/10/2007;28.12
05/10/2007;28.24
08/10/2007;28.18
09/10/2007;28.66
10/10/2007;28.64
11/10/2007;29.09
12/10/2007;29.35
15/10/2007;29.53
16/10/2007;29.9
17/10/2007;29.88
18/10/2007;29.79
19/10/2007;29.54
22/10/2007;29.13
23/10/2007;29.21
24/10/2007;29.64
25/10/2007;29.59
26/10/2007;30.37
29/10/2007;30.55
30/10/2007;30.19
31/10/2007;30.22
01/11/2007;29.71
02/11/2007;29.44
05/11/2007;29.2
06/11/2007;28.98
07/11/2007;29.29
08/11/2007;28.93
09/11/2007;28.45
12/11/2007;28.05
13/11/2007;27.55
14/11/2007;27.62
15/11/2007;27.35
16/11/2007;27.26
19/11/2007;27.21
20/11/2007;27.71
21/11/2007;28.03
22/11/2007;28.11
23/11/2007;27.65
26/11/2007;27.43
27/11/2007;27.2
28/11/2007;27.43
29/11/2007;27.34
30/11/2007;27.57
03/12/2007;27.36
04/12/2007;27.3
05/12/2007;27.96
06/12/2007;27.97
07/12/2007;27.91
10/12/2007;27.72
11/12/2007;27.76
12/12/2007;28.17
13/12/2007;27.91
14/12/2007;28.25
17/12/2007;28
18/12/2007;27.9
19/12/2007;28.29
20/12/2007;28.67
21/12/2007;28.9
24/12/2007;28.83
27/12/2007;29.04
28/12/2007;28.81
31/12/2007;28.75
02/01/2008;28.58
03/01/2008;29.15
04/01/2008;28.71
07/01/2008;29.35
08/01/2008;28.67
09/01/2008;28.73
10/01/2008;28.2
11/01/2008;27.75
14/01/2008;27.69
15/01/2008;27.09
16/01/2008;26.62
17/01/2008;26.2
18/01/2008;25.75
21/01/2008;24.54
22/01/2008;24.6
23/01/2008;23.3
24/01/2008;24.62
25/01/2008;24.75
28/01/2008;24.47
29/01/2008;24.35
30/01/2008;24.08
31/01/2008;24.05
01/02/2008;23.97
04/02/2008;24.15
05/02/2008;23.7
06/02/2008;23.69
07/02/2008;23.09
08/02/2008;23.14
11/02/2008;23.1
12/02/2008;24.13
13/02/2008;24.25
14/02/2008;24.22
15/02/2008;23.61
18/02/2008;24.1
19/02/2008;24.24
20/02/2008;23.85
21/02/2008;24.02
22/02/2008;24.23
25/02/2008;24.51
26/02/2008;24.5
27/02/2008;24.38
28/02/2008;23.96
29/02/2008;23.71
03/03/2008;23.1
04/03/2008;22.67
05/03/2008;23.12
06/03/2008;22.73
07/03/2008;22.43
10/03/2008;22.48
11/03/2008;22.56
12/03/2008;22.78
13/03/2008;22.5
14/03/2008;22.37
17/03/2008;21.44
18/03/2008;21.97
19/03/2008;21.64
20/03/2008;21.11
25/03/2008;21.58
26/03/2008;21.67
27/03/2008;21.71
28/03/2008;21.61
31/03/2008;21.86
01/04/2008;22.21
02/04/2008;22.27
03/04/2008;22.65
04/04/2008;22.85
07/04/2008;23.055
08/04/2008;23.045
09/04/2008;23.215
10/04/2008;23.315
11/04/2008;23.075
14/04/2008;22.99
15/04/2008;23.2
16/04/2008;23.775
17/04/2008;23.685
18/04/2008;24.11
21/04/2008;24.135
22/04/2008;23.99
23/04/2008;24.625
24/04/2008;24.37
25/04/2008;24.63
28/04/2008;24.73
29/04/2008;25.83
30/04/2008;25.82
02/05/2008;25.905
05/05/2008;25.96
06/05/2008;25.98
07/05/2008;26.31
08/05/2008;26.085
09/05/2008;25.805
12/05/2008;26.05
13/05/2008;25.74
14/05/2008;25.85
15/05/2008;25.945
16/05/2008;26.6
19/05/2008;27.455
20/05/2008;27.07
21/05/2008;28
22/05/2008;27.705
23/05/2008;27.205
26/05/2008;27.22
27/05/2008;27.05
28/05/2008;27.38
29/05/2008;27.84
30/05/2008;27.445
02/06/2008;26.96
03/06/2008;27.04
04/06/2008;26.18
05/06/2008;26.31
06/06/2008;26.33
09/06/2008;26.9
10/06/2008;26.525
11/06/2008;26.54
12/06/2008;26.155
13/06/2008;26.03
16/06/2008;26.21
17/06/2008;26.26
18/06/2008;25.55
19/06/2008;25.41
20/06/2008;24.76
23/06/2008;25.175
24/06/2008;25.33
25/06/2008;25.16
26/06/2008;25.185
27/06/2008;25.575
30/06/2008;26.135
01/07/2008;25.49
02/07/2008;25.065
03/07/2008;25.11
04/07/2008;24.875
07/07/2008;25.64
08/07/2008;25.135
09/07/2008;24.97
10/07/2008;24.3
11/07/2008;24.34
14/07/2008;24.03
15/07/2008;23.46
16/07/2008;22.8
17/07/2008;23.02
18/07/2008;22.965
21/07/2008;23.07
22/07/2008;23.415
23/07/2008;23.55
24/07/2008;22.995
25/07/2008;23.18
28/07/2008;23.24
29/07/2008;23.015
30/07/2008;23.36
31/07/2008;22.89
01/08/2008;22.56
04/08/2008;22.36
05/08/2008;22.32
06/08/2008;22.49
07/08/2008;22.6
08/08/2008;22.38
11/08/2008;22.8
12/08/2008;23.11
13/08/2008;22.72
14/08/2008;23.15
15/08/2008;22.875
18/08/2008;23.13
19/08/2008;22.68
20/08/2008;23.06
21/08/2008;23.37
22/08/2008;23.69
25/08/2008;23.265
26/08/2008;23.425
27/08/2008;23.79
28/08/2008;23.785
29/08/2008;23.825
01/09/2008;23.24
02/09/2008;22.955
03/09/2008;22.71
04/09/2008;22.08
05/09/2008;21.53
08/09/2008;21.945
09/09/2008;21.67
10/09/2008;21.665
11/09/2008;21.77
12/09/2008;22.2
15/09/2008;21.29
16/09/2008;20.155
17/09/2008;20.3
18/09/2008;20.27
19/09/2008;21.54
22/09/2008;21.66
23/09/2008;21.63
24/09/2008;21.55
25/09/2008;21.865
26/09/2008;21.52
29/09/2008;20.44
30/09/2008;20.575
01/10/2008;20.61
02/10/2008;20.245
03/10/2008;20.95
06/10/2008;19.24
07/10/2008;19.95
08/10/2008;18.8
09/10/2008;18.2
10/10/2008;16.565
13/10/2008;18.17
14/10/2008;19.16
15/10/2008;17.85
16/10/2008;16.715
17/10/2008;18
20/10/2008;19.815
21/10/2008;19.82
22/10/2008;18.6
23/10/2008;19.5
24/10/2008;18.3
27/10/2008;18.15
28/10/2008;19.15
29/10/2008;21.6
30/10/2008;20.5
31/10/2008;21.62
03/11/2008;21.69
04/11/2008;23.15
05/11/2008;21.91
06/11/2008;20.315
07/11/2008;20.8
10/11/2008;20.83
11/11/2008;19.875
12/11/2008;19.09
13/11/2008;19.1
14/11/2008;19.595
17/11/2008;19.305
18/11/2008;20.1
19/11/2008;19.04
20/11/2008;17.765
21/11/2008;17.32
24/11/2008;19.745
25/11/2008;20.13
26/11/2008;19.885
27/11/2008;20.85
28/11/2008;20.895
01/12/2008;19.32
02/12/2008;19.855
03/12/2008;19.485
04/12/2008;19.05
05/12/2008;17.94
08/12/2008;19.4
09/12/2008;19.955
10/12/2008;19.99
11/12/2008;20.295
12/12/2008;19.465
15/12/2008;19.42
16/12/2008;19.7
17/12/2008;19.3
18/12/2008;19.11
19/12/2008;19.03
22/12/2008;18.78
23/12/2008;18.485
24/12/2008;18.345
29/12/2008;18.15
30/12/2008;18.535
31/12/2008;18.75
02/01/2009;19.685
05/01/2009;20.075
06/01/2009;20.565
07/01/2009;20.065
08/01/2009;20.285
09/01/2009;20.21
12/01/2009;19.75
13/01/2009;19.88
14/01/2009;18.945
15/01/2009;18.58
16/01/2009;19
19/01/2009;18.885
20/01/2009;18.645
21/01/2009;17.905
22/01/2009;17.88
23/01/2009;18.215
26/01/2009;18.98
27/01/2009;19.09
28/01/2009;19.16
29/01/2009;19.72
30/01/2009;19.395
02/02/2009;19.24
03/02/2009;19.365
04/02/2009;19.5
05/02/2009;19.58
06/02/2009;19.96
09/02/2009;19.995
10/02/2009;19.275
11/02/2009;19.45
12/02/2009;19.39
13/02/2009;19.77
16/02/2009;19.56
17/02/2009;19.24
18/02/2009;19.32
19/02/2009;19.16
20/02/2009;18.64
23/02/2009;18.395
24/02/2009;18.03
25/02/2009;17.94
26/02/2009;17.82
27/02/2009;17.39
02/03/2009;16.15
03/03/2009;15.38
04/03/2009;16.4
05/03/2009;15.935
06/03/2009;16.44
09/03/2009;16.495
10/03/2009;17.1
11/03/2009;17.06
12/03/2009;17.24
13/03/2009;17.52
16/03/2009;17.78
17/03/2009;17.465
18/03/2009;16.76
19/03/2009;16.77
20/03/2009;16.73
23/03/2009;17.33
24/03/2009;17.21
25/03/2009;17.49
26/03/2009;17.285
27/03/2009;17.3
30/03/2009;16.7
31/03/2009;16.93
01/04/2009;16.69
02/04/2009;17.435
03/04/2009;17.08
06/04/2009;16.755
07/04/2009;16.535
08/04/2009;16.3
09/04/2009;16.235
14/04/2009;16.16
15/04/2009;16.135
16/04/2009;16.4
17/04/2009;16.4
20/04/2009;16.24
21/04/2009;16.4
22/04/2009;16.385
23/04/2009;16.67
24/04/2009;17.32
27/04/2009;17.38
28/04/2009;17.245
29/04/2009;17.41
30/04/2009;17.57
04/05/2009;17.99
05/05/2009;17.965
06/05/2009;17.875
07/05/2009;17.79
08/05/2009;18.18
11/05/2009;17.69
12/05/2009;18.05
13/05/2009;18.24
14/05/2009;18.01
15/05/2009;18.03
18/05/2009;18.535
19/05/2009;18.625
20/05/2009;18.895
21/05/2009;18.535
22/05/2009;18.53
25/05/2009;18.5
26/05/2009;18.795
27/05/2009;18.76
28/05/2009;18.76
29/05/2009;19
01/06/2009;19.53
02/06/2009;19.545
03/06/2009;19.24
04/06/2009;19.255
05/06/2009;19.46
08/06/2009;19.41
09/06/2009;19.4
10/06/2009;19.725
11/06/2009;19.65
12/06/2009;19.4
15/06/2009;18.695
16/06/2009;18.7
17/06/2009;18.41
18/06/2009;18.29
19/06/2009;18.735
22/06/2009;17.92
23/06/2009;17.785
24/06/2009;17.925
25/06/2009;17.725
26/06/2009;17.695
29/06/2009;18.105
30/06/2009;17.8
01/07/2009;18.155
02/07/2009;17.53
03/07/2009;17.545
06/07/2009;17.05
07/07/2009;16.86
08/07/2009;16.735
09/07/2009;16.915
10/07/2009;16.74
13/07/2009;16.96
14/07/2009;17.12
15/07/2009;17.595
16/07/2009;17.725
17/07/2009;17.785
20/07/2009;18.06
21/07/2009;18.135
22/07/2009;18.015
23/07/2009;18.3
24/07/2009;18.325
27/07/2009;18.565
28/07/2009;18.36
29/07/2009;18.54
30/07/2009;18.73
31/07/2009;18.44
03/08/2009;18.575
04/08/2009;18.69
05/08/2009;18.09
06/08/2009;18.1
07/08/2009;18.345
10/08/2009;18.21
11/08/2009;18.36
12/08/2009;18.58
13/08/2009;18.485
14/08/2009;18.45
17/08/2009;18.3
18/08/2009;18.425
19/08/2009;18.46
20/08/2009;18.73
21/08/2009;19.2
24/08/2009;19.26
25/08/2009;19.45
26/08/2009;19.36
27/08/2009;19.275
28/08/2009;19.46
31/08/2009;19.355
01/09/2009;19.155
02/09/2009;19.48
03/09/2009;19.33
04/09/2009;19.385
07/09/2009;19.5
08/09/2009;19.7
09/09/2009;20.01
10/09/2009;20.02
11/09/2009;19.95
14/09/2009;19.77
15/09/2009;19.76
16/09/2009;19.79
17/09/2009;20.035
18/09/2009;19.825
21/09/2009;19.96
22/09/2009;20.09
23/09/2009;19.915
24/09/2009;19.67
25/09/2009;19.55
28/09/2009;19.86
29/09/2009;19.8
30/09/2009;19.55
01/10/2009;19.355
02/10/2009;19.1
05/10/2009;19.02
06/10/2009;19.475
07/10/2009;19.33
08/10/2009;19.33
09/10/2009;19.41
12/10/2009;19.665
13/10/2009;19.58
14/10/2009;20.055
15/10/2009;20.135
16/10/2009;20.485
19/10/2009;20.915
20/10/2009;20.89
21/10/2009;21.135
22/10/2009;20.87
23/10/2009;20.795
26/10/2009;20.855
27/10/2009;21.39
28/10/2009;21.19
29/10/2009;20.78
30/10/2009;20.21
02/11/2009;20.1
03/11/2009;20.195
04/11/2009;20.12
05/11/2009;20.315
06/11/2009;20.235
09/11/2009;20.655
10/11/2009;20.72
11/11/2009;20.805
12/11/2009;20.75
13/11/2009;20.81
16/11/2009;21.095
17/11/2009;21.11
18/11/2009;21
19/11/2009;20.655
20/11/2009;20.305
23/11/2009;20.745
24/11/2009;20.64
25/11/2009;20.66
26/11/2009;20.075
27/11/2009;20.225
30/11/2009;19.79
01/12/2009;20.21
02/12/2009;20.3
03/12/2009;20.245
04/12/2009;20.64
07/12/2009;20.575
08/12/2009;20.33
09/12/2009;20.215
10/12/2009;20.195
11/12/2009;20.27
14/12/2009;20.43
15/12/2009;20.385
16/12/2009;20.51
17/12/2009;20.325
18/12/2009;20.24
21/12/2009;20.65
22/12/2009;20.985
23/12/2009;21.14
24/12/2009;21.18
28/12/2009;21.2
29/12/2009;21.21
30/12/2009;21.13
31/12/2009;21.1
04/01/2010;21.58
05/01/2010;21.725
06/01/2010;21.57
07/01/2010;21.505
08/01/2010;21.38
11/01/2010;21.45
12/01/2010;21.17
13/01/2010;21.02
14/01/2010;21.005
15/01/2010;20.95
18/01/2010;21.085
19/01/2010;21.385
20/01/2010;21.29
21/01/2010;21.025
22/01/2010;20.67
25/01/2010;20.57
26/01/2010;20.695
27/01/2010;20.465
28/01/2010;20.095
29/01/2010;20.195
01/02/2010;20.265
02/02/2010;20.445
03/02/2010;20.395
04/02/2010;19.945
05/02/2010;19.775
08/02/2010;20.005
09/02/2010;19.95
10/02/2010;19.64
11/02/2010;20.085
12/02/2010;19.9
15/02/2010;19.945
16/02/2010;20.18
17/02/2010;20.295
18/02/2010;20.44
19/02/2010;20.49
22/02/2010;20.4
23/02/2010;20.245
24/02/2010;20.35
25/02/2010;19.92
26/02/2010;20.015
01/03/2010;20.435
02/03/2010;20.56
03/03/2010;20.66
04/03/2010;20.69
05/03/2010;20.885
08/03/2010;20.915
09/03/2010;21.005
10/03/2010;21.19
11/03/2010;21.205
12/03/2010;21.23
15/03/2010;21.07
16/03/2010;21.43
17/03/2010;21.87
18/03/2010;21.89
19/03/2010;21.585
22/03/2010;21.53
23/03/2010;21.62
24/03/2010;21.65
25/03/2010;21.545
26/03/2010;21.405
29/03/2010;21.325
30/03/2010;21.42
31/03/2010;21.415
01/04/2010;21.75
06/04/2010;22.175
07/04/2010;22.08
08/04/2010;22.045
09/04/2010;22.43
12/04/2010;22.37
13/04/2010;22.285
14/04/2010;22.605
15/04/2010;22.75
16/04/2010;22.505
19/04/2010;22.54
20/04/2010;22.935
21/04/2010;22.97
22/04/2010;22.825
23/04/2010;22.905
26/04/2010;23.06
27/04/2010;23.175
28/04/2010;23.555
29/04/2010;23.45
30/04/2010;23.57
03/05/2010;23.495
04/05/2010;22.885
05/05/2010;22.42
06/05/2010;22.02
07/05/2010;21.26
10/05/2010;22.035
11/05/2010;22.145
12/05/2010;22.075
13/05/2010;22.105
14/05/2010;21.75
17/05/2010;21.72
18/05/2010;21.885
19/05/2010;21.365
20/05/2010;21.335
21/05/2010;20.87
24/05/2010;20.78
25/05/2010;20.705
26/05/2010;20.8
27/05/2010;21.35
28/05/2010;21.345
31/05/2010;21.19
01/06/2010;21.63
02/06/2010;21.705
03/06/2010;22.045
04/06/2010;21.86
07/06/2010;21.71
08/06/2010;21.44
09/06/2010;21.43
10/06/2010;21.38
11/06/2010;21.57
14/06/2010;21.595
15/06/2010;21.635
16/06/2010;21.99
17/06/2010;22.015
18/06/2010;21.965
21/06/2010;22.245
22/06/2010;22.27
23/06/2010;22.02
24/06/2010;21.59
25/06/2010;21.35
28/06/2010;21.64
29/06/2010;21.11
30/06/2010;20.75
01/07/2010;19.75
02/07/2010;19.905
05/07/2010;19.76
06/07/2010;20.07
07/07/2010;20.205
08/07/2010;20.81
09/07/2010;21.055
12/07/2010;21.205
13/07/2010;21.59
14/07/2010;21.825
15/07/2010;21.505
16/07/2010;21.275
19/07/2010;21.115
20/07/2010;21.03
21/07/2010;21.2
22/07/2010;21.64
23/07/2010;21.85
26/07/2010;21.755
27/07/2010;21.79
28/07/2010;21.46
29/07/2010;21.335
30/07/2010;21.13
02/08/2010;21.945
03/08/2010;22.115
04/08/2010;21.95
05/08/2010;21.78
06/08/2010;21.59
09/08/2010;21.955
10/08/2010;21.885
11/08/2010;21.645
12/08/2010;21.61
13/08/2010;21.7
16/08/2010;21.62
17/08/2010;21.805
18/08/2010;21.69
19/08/2010;21.165
20/08/2010;21.08
23/08/2010;21.29
24/08/2010;20.975
25/08/2010;20.84
26/08/2010;20.94
27/08/2010;21.15
30/08/2010;21.03
31/08/2010;20.975
01/09/2010;21.46
02/09/2010;21.455
03/09/2010;21.76
06/09/2010;21.86
07/09/2010;21.735
08/09/2010;22.1
09/09/2010;22.165
10/09/2010;22.265
13/09/2010;22.34
14/09/2010;22.3
15/09/2010;22.35
16/09/2010;22.445
17/09/2010;22.35
20/09/2010;22.67
21/09/2010;22.49
22/09/2010;22.075
23/09/2010;22.315
24/09/2010;22.39
27/09/2010;22.46
28/09/2010;22.305
29/09/2010;22.165
30/09/2010;22.19
01/10/2010;22.355
04/10/2010;22.17
05/10/2010;22.335
06/10/2010;22.55
07/10/2010;22.54
08/10/2010;22.485
11/10/2010;22.6
12/10/2010;22.375
13/10/2010;22.695
14/10/2010;22.595
15/10/2010;22.645
18/10/2010;22.825
19/10/2010;22.61
20/10/2010;22.565
21/10/2010;22.495
22/10/2010;22.55
25/10/2010;22.58
26/10/2010;22.81
27/10/2010;22.66
28/10/2010;22.77
29/10/2010;23.305
01/11/2010;23.615
02/11/2010;24.015
03/11/2010;23.645
04/11/2010;23.88
05/11/2010;24.03
08/11/2010;23.895
09/11/2010;23.885
10/11/2010;23.855
11/11/2010;24.13
12/11/2010;24.065
15/11/2010;24.19
16/11/2010;23.565
17/11/2010;23.785
18/11/2010;24.03
19/11/2010;23.745
22/11/2010;23.48
23/11/2010;23.185
24/11/2010;23.48
25/11/2010;23.495
26/11/2010;23.48
29/11/2010;23.135
30/11/2010;23.195
01/12/2010;23.68
02/12/2010;23.805
03/12/2010;23.745
06/12/2010;23.915
07/12/2010;24.2
08/12/2010;24.27
09/12/2010;24.24
10/12/2010;24.465
13/12/2010;24.44
14/12/2010;24.59
15/12/2010;24.41
16/12/2010;24.41
17/12/2010;24.38
20/12/2010;24.455
21/12/2010;24.77
22/12/2010;24.89
23/12/2010;24.975
24/12/2010;24.98
27/12/2010;25.015
28/12/2010;25.185
29/12/2010;25.235
30/12/2010;24.99
31/12/2010;24.73
03/01/2011;25.205
04/01/2011;25.3
05/01/2011;25.285
06/01/2011;25.16
07/01/2011;25.325
10/01/2011;25.665
11/01/2011;25.7
12/01/2011;25.715
13/01/2011;25.32
14/01/2011;25.225
17/01/2011;25.185
18/01/2011;25.495
19/01/2011;25.33
20/01/2011;25.015
21/01/2011;25.265
24/01/2011;25.385
25/01/2011;25.165
26/01/2011;25.385
27/01/2011;25.725
28/01/2011;25.64
31/01/2011;25.775
01/02/2011;26.485
02/02/2011;26.595
03/02/2011;26
04/02/2011;25.525
07/02/2011;25.82
08/02/2011;25.69
09/02/2011;25.22
10/02/2011;25.375
11/02/2011;25.18
14/02/2011;25.12
15/02/2011;25.375
16/02/2011;25.485
17/02/2011;25.855
18/02/2011;26.005
21/02/2011;25.85
22/02/2011;25.88
23/02/2011;25.725
24/02/2011;25.82
25/02/2011;25.885
28/02/2011;26.065
01/03/2011;25.9
02/03/2011;25.655
03/03/2011;25.875
04/03/2011;25.9
07/03/2011;25.785
08/03/2011;25.56
09/03/2011;25.22
10/03/2011;24.94
11/03/2011;24.68
14/03/2011;24.55
15/03/2011;24.22
16/03/2011;24
17/03/2011;24.57
18/03/2011;24.6
21/03/2011;24.935
22/03/2011;25.175
23/03/2011;25.34
24/03/2011;25.435
25/03/2011;25.725
28/03/2011;25.455
29/03/2011;25.545
30/03/2011;25.585
31/03/2011;25.645
01/04/2011;25.91
04/04/2011;25.955
05/04/2011;25.915
06/04/2011;25.925
07/04/2011;25.8
08/04/2011;26.06
11/04/2011;25.975
12/04/2011;25.09
13/04/2011;25.28
14/04/2011;25.185
15/04/2011;25.27
18/04/2011;24.91
19/04/2011;24.905
20/04/2011;25.55
21/04/2011;25.73
26/04/2011;25.775
27/04/2011;26.045
28/04/2011;26.12
29/04/2011;26.08
02/05/2011;26.085
03/05/2011;25.84
04/05/2011;25.32
05/05/2011;25.15
06/05/2011;25.175
09/05/2011;25.105
10/05/2011;25.57
11/05/2011;25.335
12/05/2011;24.85
13/05/2011;24.57
16/05/2011;24.45
17/05/2011;24.2
18/05/2011;24.48
19/05/2011;24.575
20/05/2011;24.54
23/05/2011;24.08
24/05/2011;24.29
25/05/2011;24.4
26/05/2011;24.66
27/05/2011;24.595
30/05/2011;24.665
31/05/2011;24.77
01/06/2011;24.525
02/06/2011;24.055
03/06/2011;23.98
06/06/2011;23.935
07/06/2011;23.82
08/06/2011;23.86
09/06/2011;24.23
10/06/2011;24.005
13/06/2011;24.095
14/06/2011;24.255
15/06/2011;24.17
16/06/2011;23.965
17/06/2011;23.97
20/06/2011;23.92
21/06/2011;24.305
22/06/2011;24.195
23/06/2011;23.845
24/06/2011;23.78
27/06/2011;23.82
28/06/2011;23.915
29/06/2011;24.19
30/06/2011;24.48
01/07/2011;24.59
04/07/2011;24.86
05/07/2011;24.95
06/07/2011;25.1
07/07/2011;25.45
08/07/2011;25.415
11/07/2011;25.465
12/07/2011;25.205
13/07/2011;25.35
14/07/2011;25.185
15/07/2011;25.495
18/07/2011;25.295
19/07/2011;25.36
20/07/2011;25.36
21/07/2011;25.72
22/07/2011;25.815
25/07/2011;25.9
26/07/2011;25.985
27/07/2011;25.785
28/07/2011;25.9
29/07/2011;25.6
01/08/2011;25.43
02/08/2011;25.395
03/08/2011;24.24
04/08/2011;23.13
05/08/2011;22.25
08/08/2011;21.77
09/08/2011;22.095
10/08/2011;21.665
11/08/2011;22.155
12/08/2011;22.925
15/08/2011;22.855
16/08/2011;22.845
17/08/2011;22.855
18/08/2011;22.205
19/08/2011;21.595
22/08/2011;21.94
23/08/2011;22.325
24/08/2011;22.42
25/08/2011;22.02
26/08/2011;22.09
29/08/2011;22.305
30/08/2011;22.63
31/08/2011;23.28
01/09/2011;23.515
02/09/2011;23.205
05/09/2011;22.335
06/09/2011;22.495
07/09/2011;23.26
08/09/2011;23.59
09/09/2011;23.45
12/09/2011;23.105
13/09/2011;23.25
14/09/2011;23.38
15/09/2011;23.965
16/09/2011;24.02
19/09/2011;23.62
20/09/2011;24.24
21/09/2011;23.53
22/09/2011;22.79
23/09/2011;22.755
26/09/2011;22.52
27/09/2011;23.405
28/09/2011;22.965
29/09/2011;23.09
30/09/2011;23.175
03/10/2011;22.89
04/10/2011;22.365
05/10/2011;23.2
06/10/2011;23.535
07/10/2011;23.95
10/10/2011;24.29
11/10/2011;24.235
12/10/2011;24.33
13/10/2011;24.5
14/10/2011;24.87
17/10/2011;25.095
18/10/2011;25.01
19/10/2011;25.455
20/10/2011;25.405
21/10/2011;25.845
24/10/2011;25.685
25/10/2011;25.625
26/10/2011;25.905
27/10/2011;25.86
28/10/2011;25.6
31/10/2011;25.63
01/11/2011;25.39
02/11/2011;25.155
03/11/2011;25.35
04/11/2011;25.265
07/11/2011;25.36
08/11/2011;25.7
09/11/2011;25.475
10/11/2011;25.465
11/11/2011;25.74
14/11/2011;25.92
15/11/2011;25.87
16/11/2011;26.06
17/11/2011;25.97
18/11/2011;25.725
21/11/2011;24.965
22/11/2011;24.67
23/11/2011;24.54
24/11/2011;24.1
25/11/2011;24.595
28/11/2011;24.87
29/11/2011;25.07
30/11/2011;25.88
01/12/2011;25.71
02/12/2011;26.08
05/12/2011;26.315
06/12/2011;26.43
07/12/2011;26.615
08/12/2011;26.455
09/12/2011;26.82
12/12/2011;26.73
13/12/2011;27.42
14/12/2011;26.905
15/12/2011;26.975
16/12/2011;27.095
19/12/2011;26.92
20/12/2011;27.24
21/12/2011;27.465
22/12/2011;27.8
23/12/2011;27.91
27/12/2011;28.04
28/12/2011;27.9
29/12/2011;28.3
30/12/2011;28.15
02/01/2012;28.27
03/01/2012;28.505
04/01/2012;28.6
05/01/2012;28.435
06/01/2012;28.92
09/01/2012;28.89
10/01/2012;29.105
11/01/2012;28.08
12/01/2012;27.245
13/01/2012;27.165
16/01/2012;27.29
17/01/2012;27.455
18/01/2012;27.315
19/01/2012;27.35
20/01/2012;27.055
23/01/2012;27.605
24/01/2012;27.715
25/01/2012;27.345
26/01/2012;27.305
27/01/2012;26.815
30/01/2012;26.685
31/01/2012;27.08
01/02/2012;27.28
02/02/2012;27.295
03/02/2012;27.275
06/02/2012;27.29
07/02/2012;27.38
08/02/2012;27.36
09/02/2012;27.355
10/02/2012;27.355
13/02/2012;27.48
14/02/2012;27.835
15/02/2012;27.655
16/02/2012;27.745
17/02/2012;27.65
20/02/2012;27.42
21/02/2012;27.53
22/02/2012;27.43
23/02/2012;27.555
24/02/2012;27.41
27/02/2012;27.45
28/02/2012;27.455
29/02/2012;27.395
01/03/2012;27.515
02/03/2012;27.54
05/03/2012;27.32
06/03/2012;27.03
07/03/2012;26.995
08/03/2012;27.275
09/03/2012;27.315
12/03/2012;27.085
13/03/2012;27.41
14/03/2012;27.525
15/03/2012;27.24
16/03/2012;27.175
19/03/2012;27.125
20/03/2012;26.885
21/03/2012;26.9
22/03/2012;26.705
23/03/2012;26.58
26/03/2012;26.995
27/03/2012;26.69
28/03/2012;26.5
29/03/2012;26.21
30/03/2012;26.25
02/04/2012;26.72
03/04/2012;26.435
04/04/2012;26.215
05/04/2012;26.365
10/04/2012;25.795
11/04/2012;26.015
12/04/2012;25.735
13/04/2012;25.68
16/04/2012;25.825
17/04/2012;26.3
18/04/2012;26.355
19/04/2012;26.01
20/04/2012;26.07
23/04/2012;25.895
24/04/2012;26.06
25/04/2012;26.025
26/04/2012;26.865
27/04/2012;26.805
30/04/2012;26.87
02/05/2012;26.78
03/05/2012;26.91
04/05/2012;26.37
07/05/2012;26.535
08/05/2012;25.905
09/05/2012;25.49
10/05/2012;25.585
11/05/2012;25.705
14/05/2012;25.28
15/05/2012;25.115
16/05/2012;25.095
17/05/2012;24.745
18/05/2012;24.65
21/05/2012;24.57
22/05/2012;25
23/05/2012;24.64
24/05/2012;25.115
25/05/2012;25.18
28/05/2012;25.15
29/05/2012;25.19
30/05/2012;24.91
31/05/2012;25.03
01/06/2012;24.65
04/06/2012;24.515
05/06/2012;24.645
06/06/2012;25.045
07/06/2012;25.36
08/06/2012;25.155
11/06/2012;25.285
12/06/2012;25.725
13/06/2012;25.84
14/06/2012;25.745
15/06/2012;26.29
18/06/2012;26.41
19/06/2012;26.7
20/06/2012;26.775
21/06/2012;26.47
22/06/2012;26.07
25/06/2012;25.96
26/06/2012;26
27/06/2012;26.305
28/06/2012;26.45
29/06/2012;26.605
02/07/2012;26.85
03/07/2012;27.205
04/07/2012;27.325
05/07/2012;27.52
06/07/2012;27.57
09/07/2012;27.175
10/07/2012;27.57
11/07/2012;27.9
12/07/2012;27.87
13/07/2012;28.045
16/07/2012;28.21
17/07/2012;28.12
18/07/2012;28.23
19/07/2012;28.35
20/07/2012;28.485
23/07/2012;27.985
24/07/2012;27.885
25/07/2012;27.92
26/07/2012;27.275
27/07/2012;27.23
30/07/2012;27.835
31/07/2012;27.71
01/08/2012;27.87
02/08/2012;28.1
03/08/2012;28.4
06/08/2012;28.305
07/08/2012;28.77
08/08/2012;28.615
09/08/2012;28.91
10/08/2012;28.85
13/08/2012;28.61
14/08/2012;28.76
15/08/2012;28.9
16/08/2012;28.695
17/08/2012;28.76
20/08/2012;28.595
21/08/2012;28.48
22/08/2012;28.185
23/08/2012;28.045
24/08/2012;28.16
27/08/2012;28.145
28/08/2012;28.105
29/08/2012;28.005
30/08/2012;27.92
31/08/2012;27.81
03/09/2012;28.07
04/09/2012;27.695
05/09/2012;27.565
06/09/2012;28.045
07/09/2012;27.94
10/09/2012;27.905
11/09/2012;27.95
12/09/2012;27.845
13/09/2012;28.135
14/09/2012;27.925
17/09/2012;27.91
18/09/2012;27.85
19/09/2012;27.83
20/09/2012;27.5
21/09/2012;27.53
24/09/2012;27.57
25/09/2012;27.73
26/09/2012;27.335
27/09/2012;27.26
28/09/2012;26.9
01/10/2012;27.055
02/10/2012;26.985
03/10/2012;26.96
04/10/2012;26.695
05/10/2012;26.89
08/10/2012;26.84
09/10/2012;26.775
10/10/2012;26.76
11/10/2012;26.815
12/10/2012;26.605
15/10/2012;26.62
16/10/2012;26.7
17/10/2012;26.825
18/10/2012;26.575
19/10/2012;26.505
22/10/2012;26.39
23/10/2012;25.975
24/10/2012;26.21
25/10/2012;26.025
26/10/2012;26.2
29/10/2012;26.135
30/10/2012;26.54
31/10/2012;26.455
01/11/2012;27.125
02/11/2012;27.225
05/11/2012;27.085
06/11/2012;27.045
07/11/2012;26.9
08/11/2012;26.815
09/11/2012;26.76
12/11/2012;26.755
13/11/2012;26.97
14/11/2012;26.165
15/11/2012;25.765
16/11/2012;25.365
19/11/2012;25.79
20/11/2012;25.715
21/11/2012;25.775
22/11/2012;25.645
23/11/2012;25.77
26/11/2012;25.72
27/11/2012;25.675
28/11/2012;25.72
29/11/2012;25.79
30/11/2012;25.77
03/12/2012;25.65
04/12/2012;25.625
05/12/2012;25.675
06/12/2012;25.89
07/12/2012;25.94
10/12/2012;26.12
11/12/2012;26.155
12/12/2012;26.395
13/12/2012;26.31
14/12/2012;26.16
17/12/2012;26.215
18/12/2012;26.3
19/12/2012;26.26
20/12/2012;26.325
21/12/2012;26.225
24/12/2012;26.23
27/12/2012;26.15
28/12/2012;26.05
31/12/2012;25.975
02/01/2013;26.18
03/01/2013;26.38
04/01/2013;26.49
07/01/2013;26.3
08/01/2013;26.195
09/01/2013;26.28
10/01/2013;26.105
11/01/2013;26.025
14/01/2013;25.915
15/01/2013;26.06
16/01/2013;26.065
17/01/2013;26.16
18/01/2013;26.32
21/01/2013;26.27
22/01/2013;26.355
23/01/2013;26.365
24/01/2013;26.345
25/01/2013;26.515
28/01/2013;26.61
29/01/2013;26.985
30/01/2013;26.845
31/01/2013;26.11
01/02/2013;25.84
04/02/2013;25.565
05/02/2013;25.45
06/02/2013;25.4
07/02/2013;25.12
08/02/2013;25.145
11/02/2013;25.08
12/02/2013;25.125
13/02/2013;24.785
14/02/2013;24.745
15/02/2013;24.495
18/02/2013;24.5
19/02/2013;24.805
20/02/2013;24.735
21/02/2013;24.705
22/02/2013;24.965
25/02/2013;24.89
26/02/2013;24.79
27/02/2013;24.91
28/02/2013;25.18
01/03/2013;25.34
04/03/2013;25.295
05/03/2013;25.565
06/03/2013;25.51
07/03/2013;25.5
08/03/2013;25.46
11/03/2013;25.405
12/03/2013;25.35
13/03/2013;25.45
14/03/2013;25.71
15/03/2013;25.375
18/03/2013;25.325
19/03/2013;25.4
20/03/2013;25.41
21/03/2013;25.325
22/03/2013;25.32
25/03/2013;25.185
26/03/2013;25.43
27/03/2013;25.415
28/03/2013;25.19
02/04/2013;25.325
03/04/2013;25.21
04/04/2013;24.955
05/04/2013;24.555
08/04/2013;24.415
09/04/2013;24.51
10/04/2013;24.705
11/04/2013;24.91
12/04/2013;24.92
15/04/2013;24.715
16/04/2013;24.685
17/04/2013;24.46
18/04/2013;24.43
19/04/2013;24.425
22/04/2013;24.615
23/04/2013;25.155
24/04/2013;25.6
25/04/2013;25.85
26/04/2013;25.7
29/04/2013;25.8
30/04/2013;25.835
02/05/2013;26.2
03/05/2013;26.38
06/05/2013;26.26
07/05/2013;26.24
08/05/2013;26.48
09/05/2013;26.545
10/05/2013;26.565
13/05/2013;26.59
14/05/2013;26.8
15/05/2013;26.345
16/05/2013;26.195
17/05/2013;26.395
20/05/2013;26.33
21/05/2013;26.535
22/05/2013;26.41
23/05/2013;26.185
24/05/2013;25.95
27/05/2013;26.02
28/05/2013;26.335
29/05/2013;26.005
30/05/2013;25.93
31/05/2013;25.765
03/06/2013;25.54
04/06/2013;25.425
05/06/2013;25.09
06/06/2013;24.81
07/06/2013;24.805
10/06/2013;24.895
11/06/2013;24.965
12/06/2013;24.8
13/06/2013;24.78
14/06/2013;24.59
17/06/2013;24.76
18/06/2013;24.69
19/06/2013;24.62
20/06/2013;24.38
21/06/2013;24.24
24/06/2013;24.12
25/06/2013;24.1
26/06/2013;24.35
27/06/2013;24.6
28/06/2013;24.545
01/07/2013;24.565
02/07/2013;24.535
03/07/2013;24.35
04/07/2013;24.58
05/07/2013;24.465
08/07/2013;24.73
09/07/2013;25.085
10/07/2013;25.355
11/07/2013;25.535
12/07/2013;25.585
15/07/2013;25.62
16/07/2013;25.51
17/07/2013;25.71
18/07/2013;25.91
19/07/2013;25.9
22/07/2013;25.985
23/07/2013;25.805
24/07/2013;25.975
25/07/2013;25.855
26/07/2013;25.725
29/07/2013;25.59
30/07/2013;25.465
31/07/2013;25.595
01/08/2013;24.425
02/08/2013;24.235
05/08/2013;24.26
06/08/2013;24.23
07/08/2013;24.065
08/08/2013;24.05
09/08/2013;24.31
12/08/2013;24.14
13/08/2013;24.42
14/08/2013;24.15
15/08/2013;23.89
16/08/2013;24.005
19/08/2013;23.935
20/08/2013;23.845
21/08/2013;23.795
22/08/2013;23.845
23/08/2013;24.03
26/08/2013;24.14
27/08/2013;24.295
28/08/2013;24.82
29/08/2013;24.825
30/08/2013;24.49
02/09/2013;24.475
03/09/2013;24.49
04/09/2013;24.615
05/09/2013;24.665
06/09/2013;24.68
09/09/2013;24.38
10/09/2013;24.41
11/09/2013;24.52
12/09/2013;24.625
13/09/2013;24.7
16/09/2013;24.625
17/09/2013;24.42
18/09/2013;24.45
19/09/2013;24.51
20/09/2013;24.515
23/09/2013;24.43
24/09/2013;24.37
25/09/2013;24.28
26/09/2013;24.455
27/09/2013;24.27
30/09/2013;24.38
01/10/2013;24.21
02/10/2013;23.995
03/10/2013;24.05
04/10/2013;24.06
07/10/2013;23.925
08/10/2013;23.69
09/10/2013;23.47
10/10/2013;23.695
11/10/2013;23.76
14/10/2013;23.845
15/10/2013;24.185
16/10/2013;24.315
17/10/2013;24.15
18/10/2013;24.435
21/10/2013;24.555
22/10/2013;24.74
23/10/2013;24.62
24/10/2013;24.8
25/10/2013;24.945
28/10/2013;25.01
29/10/2013;25.3
30/10/2013;25.46
31/10/2013;24.565
01/11/2013;24.76
04/11/2013;24.775
05/11/2013;24.82
06/11/2013;24.825
07/11/2013;24.795
08/11/2013;24.6
11/11/2013;24.74
12/11/2013;24.71
13/11/2013;24.225
14/11/2013;24.52
15/11/2013;24.995
18/11/2013;25.02
19/11/2013;24.95
20/11/2013;25.205
21/11/2013;25.17
22/11/2013;25.2
25/11/2013;25.1
26/11/2013;24.66
27/11/2013;24.655
28/11/2013;24.63
29/11/2013;24.625
02/12/2013;24.57
03/12/2013;24.37
04/12/2013;24.305
05/12/2013;24.05
06/12/2013;24.68
09/12/2013;24.795
10/12/2013;24.8
11/12/2013;24.655
12/12/2013;24.56
13/12/2013;24.35
16/12/2013;24.55
17/12/2013;24.555
18/12/2013;24.795
19/12/2013;25.235
20/12/2013;25.445
23/12/2013;25.7
24/12/2013;25.8
27/12/2013;25.895
30/12/2013;25.75
31/12/2013;25.905
02/01/2014;25.92
03/01/2014;26.065
06/01/2014;25.81
07/01/2014;26.03
08/01/2014;25.965
09/01/2014;25.99
10/01/2014;26.35
13/01/2014;26.275
14/01/2014;26.175
15/01/2014;26.235
16/01/2014;26.36
17/01/2014;26.35
20/01/2014;26.34
21/01/2014;26.295
22/01/2014;26.655
23/01/2014;26.48
24/01/2014;26.15
27/01/2014;25.89
28/01/2014;25.785
29/01/2014;25.755
30/01/2014;26.145
31/01/2014;25.61
03/02/2014;25.28
04/02/2014;25.155
05/02/2014;25.175
06/02/2014;25.26
07/02/2014;25.3
10/02/2014;25.33
11/02/2014;25.8
12/02/2014;25.795
13/02/2014;25.9
14/02/2014;25.965
17/02/2014;25.955
18/02/2014;26.305
19/02/2014;26.48
20/02/2014;26.665
21/02/2014;26.835
24/02/2014;26.89
25/02/2014;26.715
26/02/2014;26.7
27/02/2014;26.54
28/02/2014;26.455
03/03/2014;26.19
04/03/2014;26.61
05/03/2014;26.535
06/03/2014;26.235
07/03/2014;26.17
10/03/2014;26.265
11/03/2014;26.33
12/03/2014;26.01
13/03/2014;25.75
14/03/2014;25.635
17/03/2014;25.74
18/03/2014;25.9
19/03/2014;25.905
20/03/2014;25.83
21/03/2014;26
24/03/2014;25.815
25/03/2014;26.07
26/03/2014;26.25
27/03/2014;26.425
28/03/2014;26.535
31/03/2014;26.52
01/04/2014;26.61
02/04/2014;26.53
03/04/2014;26.715
04/04/2014;26.845
07/04/2014;26.795
08/04/2014;26.725
09/04/2014;26.755
10/04/2014;26.74
11/04/2014;26.425
14/04/2014;26.8
15/04/2014;27.005
16/04/2014;27.09
17/04/2014;27.24
22/04/2014;27.295
23/04/2014;27.265
24/04/2014;27.385
25/04/2014;27.285
28/04/2014;27.41
29/04/2014;27.705
30/04/2014;28.545
02/05/2014;28.635
05/05/2014;28.6
06/05/2014;28.58
07/05/2014;28.76
08/05/2014;29.05
09/05/2014;29
12/05/2014;28.99
13/05/2014;29.115
14/05/2014;28.71
15/05/2014;28.735
16/05/2014;28.81
19/05/2014;28.9
20/05/2014;28.815
21/05/2014;29.035
22/05/2014;29.235
23/05/2014;29.065
26/05/2014;29.03
27/05/2014;28.9
28/05/2014;28.81
29/05/2014;28.985
30/05/2014;28.845
02/06/2014;29.01
03/06/2014;29.145
04/06/2014;28.805
05/06/2014;28.98
06/06/2014;29.045
09/06/2014;29.235
10/06/2014;29.26
11/06/2014;29.23
12/06/2014;29.495
13/06/2014;29.73
16/06/2014;29.75
17/06/2014;29.69
18/06/2014;30.035
19/06/2014;30.185
20/06/2014;30.455
23/06/2014;30.44
24/06/2014;30.39
25/06/2014;29.905
26/06/2014;30.055
27/06/2014;30.165
30/06/2014;30.24
01/07/2014;30.365
02/07/2014;30.54
03/07/2014;30.295
04/07/2014;30.485
07/07/2014;30.21
08/07/2014;30.065
09/07/2014;30.065
10/07/2014;29.81
11/07/2014;30.06
14/07/2014;30.175
15/07/2014;30.22
16/07/2014;30.665
17/07/2014;30.53
18/07/2014;30.44
21/07/2014;30.32
22/07/2014;30.605
23/07/2014;30.67
24/07/2014;30.71
25/07/2014;30.53
28/07/2014;30.435
29/07/2014;30.51
30/07/2014;30.095
31/07/2014;30.8
01/08/2014;30.21
04/08/2014;30.32
05/08/2014;30.68
06/08/2014;30.585
07/08/2014;30.3
08/08/2014;29.785
11/08/2014;30.11
12/08/2014;29.87
13/08/2014;29.565
14/08/2014;29.675
15/08/2014;29.67
18/08/2014;30.04
19/08/2014;30.365
20/08/2014;30.12
21/08/2014;30.09
22/08/2014;30.03
25/08/2014;30.115
26/08/2014;30.43
27/08/2014;30.51
28/08/2014;30.71
29/08/2014;30.735
01/09/2014;31.02
02/09/2014;30.67
03/09/2014;30.665
04/09/2014;30.92
05/09/2014;30.825
08/09/2014;30.4
09/09/2014;30.095
10/09/2014;30.285
11/09/2014;30.16
12/09/2014;29.97
15/09/2014;29.96
16/09/2014;30.22
17/09/2014;30.215
18/09/2014;30.44
19/09/2014;30.58
22/09/2014;30.565
23/09/2014;30.27
24/09/2014;30.345
25/09/2014;29.995
26/09/2014;30.04
29/09/2014;30.205
30/09/2014;30.325
01/10/2014;29.985
02/10/2014;29.08
03/10/2014;29.255
06/10/2014;29.16
07/10/2014;29.025
08/10/2014;28.92
09/10/2014;28.555
10/10/2014;27.84
13/10/2014;27.78
14/10/2014;27.345
15/10/2014;26.44
16/10/2014;25.905
17/10/2014;27.115
20/10/2014;26.56
21/10/2014;27.42
22/10/2014;27.725
23/10/2014;28
24/10/2014;27.875
27/10/2014;27.705
28/10/2014;27.835
29/10/2014;28.22
30/10/2014;28.275
31/10/2014;28.49
03/11/2014;28.105
04/11/2014;27.27
05/11/2014;27.68
06/11/2014;27.83
07/11/2014;28.48
10/11/2014;28.54
11/11/2014;28.27
12/11/2014;28.17
13/11/2014;27.42
14/11/2014;27.58
17/11/2014;27.705
18/11/2014;27.9
19/11/2014;27.81
20/11/2014;28.205
21/11/2014;28.855
24/11/2014;28.63
25/11/2014;28.34
26/11/2014;28.585
27/11/2014;27.435
28/11/2014;26.845
01/12/2014;26.75
02/12/2014;27.855
03/12/2014;27.795
04/12/2014;27.145
05/12/2014;27.235
08/12/2014;26.665
09/12/2014;26.395
10/12/2014;25.77
11/12/2014;25.97
12/12/2014;25.13
15/12/2014;24.56
16/12/2014;25.745
17/12/2014;26.575
18/12/2014;26.84
19/12/2014;27.755
22/12/2014;27.725
23/12/2014;27.965
24/12/2014;28.01
29/12/2014;28.15
30/12/2014;27.665
31/12/2014;27.66
02/01/2015;27.75
05/01/2015;26.615
06/01/2015;26.515
07/01/2015;26.87
08/01/2015;27.495
09/01/2015;27.08
12/01/2015;26.7
13/01/2015;26.815
14/01/2015;25.995
15/01/2015;27.015
16/01/2015;27.655
19/01/2015;27.7
20/01/2015;27.79
21/01/2015;28.245
22/01/2015;28.645
23/01/2015;29.08
26/01/2015;29.52
27/01/2015;29.325
28/01/2015;28.81
29/01/2015;27.45
30/01/2015;26.925
02/02/2015;27.46
03/02/2015;28.805
04/02/2015;28.815
05/02/2015;29.125
06/02/2015;29.205
09/02/2015;29.395
10/02/2015;29
11/02/2015;28.965
12/02/2015;28.55
13/02/2015;29
16/02/2015;28.82
17/02/2015;28.965
18/02/2015;29.265
19/02/2015;28.68
20/02/2015;28.86
23/02/2015;28.825
24/02/2015;29.065
25/02/2015;28.96
26/02/2015;28.95
27/02/2015;29.26
02/03/2015;28.76
03/03/2015;28.2
04/03/2015;28.285
05/03/2015;28.275
06/03/2015;28.26
09/03/2015;28.375
10/03/2015;27.41
11/03/2015;27.47
12/03/2015;27.68
13/03/2015;27.06
16/03/2015;27.18
17/03/2015;27.55
18/03/2015;28
19/03/2015;28.34
20/03/2015;28.495
23/03/2015;28.69
24/03/2015;28.355
25/03/2015;28.5
26/03/2015;28.22
27/03/2015;27.825
30/03/2015;28.15
31/03/2015;27.835
01/04/2015;28
02/04/2015;27.67
07/04/2015;28.7
08/04/2015;27.44
09/04/2015;27.78
10/04/2015;28.08
13/04/2015;28.335
14/04/2015;28.42
15/04/2015;28.94
16/04/2015;29.35
17/04/2015;29.035
20/04/2015;29.44
21/04/2015;29.2
22/04/2015;29.035
23/04/2015;29.14
24/04/2015;28.965
27/04/2015;29.075
28/04/2015;28.875
29/04/2015;28.56
30/04/2015;28.37
04/05/2015;28.71
05/05/2015;28.495
06/05/2015;28.135
07/05/2015;27.715
08/05/2015;28.57
11/05/2015;28.785
12/05/2015;28.455
13/05/2015;28.42
14/05/2015;28.035
15/05/2015;27.59
18/05/2015;27.475
19/05/2015;27.535
20/05/2015;27.67
21/05/2015;28.02
22/05/2015;27.77
25/05/2015;27.625
26/05/2015;27.405
27/05/2015;27.61
28/05/2015;27.41
29/05/2015;27.17
01/06/2015;26.875
02/06/2015;26.765
03/06/2015;26.535
04/06/2015;26.035
05/06/2015;26.18
08/06/2015;26.025
09/06/2015;25.79
10/06/2015;26.14
11/06/2015;26.25
12/06/2015;25.795
15/06/2015;25.745
16/06/2015;25.815
17/06/2015;25.84
18/06/2015;25.775
19/06/2015;25.885
22/06/2015;26.095
23/06/2015;26.24
24/06/2015;26.74
25/06/2015;26.6
26/06/2015;26.34
29/06/2015;25.8
30/06/2015;25.37
01/07/2015;25.535
02/07/2015;25.705
03/07/2015;25.535
06/07/2015;25.335
07/07/2015;24.835
08/07/2015;25.075
09/07/2015;25.225
10/07/2015;25.395
13/07/2015;25.66
14/07/2015;26.08
15/07/2015;26.09
16/07/2015;26.35
17/07/2015;26.215
20/07/2015;26.2
21/07/2015;26.2
22/07/2015;25.73
23/07/2015;25.34
24/07/2015;24.945
27/07/2015;24.455
28/07/2015;24.67
29/07/2015;25.11
30/07/2015;26.35
31/07/2015;26.18
03/08/2015;26.17
04/08/2015;26.18
05/08/2015;26.81
06/08/2015;26.725
07/08/2015;26.77
10/08/2015;26.66
11/08/2015;26.45
12/08/2015;26.32
13/08/2015;25.62
14/08/2015;25.4
17/08/2015;25.37
18/08/2015;25.205
19/08/2015;24.62
20/08/2015;24.5
21/08/2015;23.45
24/08/2015;21.64
25/08/2015;22.385
26/08/2015;21.62
27/08/2015;22.815
28/08/2015;23.39
31/08/2015;23.28
01/09/2015;22.54
02/09/2015;22.435
03/09/2015;23
04/09/2015;22.19
07/09/2015;22.185
08/09/2015;22.57
09/09/2015;22.815
10/09/2015;22.345
11/09/2015;22.095
14/09/2015;22.055
15/09/2015;22.315
16/09/2015;22.88
17/09/2015;22.71
18/09/2015;21.86
21/09/2015;22.025
22/09/2015;21.37
23/09/2015;21.475
24/09/2015;20.8
25/09/2015;21.13
28/09/2015;20.58
29/09/2015;20.88
30/09/2015;21.185
01/10/2015;21.605
02/10/2015;21.865
05/10/2015;22.95
06/10/2015;23.67
07/10/2015;24.34
08/10/2015;24.565
09/10/2015;24.455
12/10/2015;24.27
13/10/2015;23.925
14/10/2015;23.965
15/10/2015;24.21
16/10/2015;24.65
19/10/2015;24.29
20/10/2015;24.205
21/10/2015;24.51
22/10/2015;24.75
23/10/2015;24.57
26/10/2015;24.265
27/10/2015;23.81
28/10/2015;24.155
29/10/2015;24
30/10/2015;23.83
02/11/2015;24.03
03/11/2015;24.875
04/11/2015;24.98
05/11/2015;24.29
06/11/2015;24.195
09/11/2015;24.04
10/11/2015;24.02
11/11/2015;23.625
12/11/2015;22.615
13/11/2015;22.415
16/11/2015;22.565
17/11/2015;23.32
18/11/2015;23.6
19/11/2015;23.905
20/11/2015;23.495
23/11/2015;23.35
24/11/2015;23.5
25/11/2015;23.63
26/11/2015;23.995
27/11/2015;23.72
30/11/2015;23.6
01/12/2015;23.53
02/12/2015;23.62
03/12/2015;22.685
04/12/2015;22.21
07/12/2015;21.305
08/12/2015;21.145
09/12/2015;21.435
10/12/2015;21.29
11/12/2015;20.355
14/12/2015;19.635
15/12/2015;20.37
16/12/2015;20.265
17/12/2015;20.205
18/12/2015;20.3
21/12/2015;19.86
22/12/2015;20.28
23/12/2015;21.39
24/12/2015;21.475
28/12/2015;20.88
29/12/2015;21.325
30/12/2015;21.185
31/12/2015;21.095
04/01/2016;20.825
05/01/2016;21.04
06/01/2016;20.55
07/01/2016;19.78
08/01/2016;18.515
11/01/2016;18.315
12/01/2016;18.175
13/01/2016;18.18
14/01/2016;18.68
15/01/2016;17.87
18/01/2016;17.745
19/01/2016;17.93
20/01/2016;16.67
21/01/2016;17.43
22/01/2016;18.55
25/01/2016;18.51
26/01/2016;18.965
27/01/2016;19.345
28/01/2016;19.765
29/01/2016;19.995
01/02/2016;19.875
02/02/2016;19.08
03/02/2016;19.115
04/02/2016;20.02
05/02/2016;20.12
08/02/2016;19.79
09/02/2016;18.92
10/02/2016;18.9
11/02/2016;18.515
12/02/2016;19.76
15/02/2016;20.1
16/02/2016;20.21
17/02/2016;21.16
18/02/2016;20.615
19/02/2016;20.215
22/02/2016;20.83
23/02/2016;20.205
24/02/2016;19.635
25/02/2016;20.125
26/02/2016;20.89
29/02/2016;21.145
01/03/2016;21.21
02/03/2016;21.52
03/03/2016;21.58
04/03/2016;21.735
07/03/2016;21.735
08/03/2016;21.43
09/03/2016;21.89
10/03/2016;21.055
11/03/2016;21.55
14/03/2016;21.54
15/03/2016;21.215
16/03/2016;21.745
17/03/2016;22.18
18/03/2016;21.835
21/03/2016;21.8
22/03/2016;21.675
23/03/2016;21.47
24/03/2016;21.33
29/03/2016;21.125
30/03/2016;21.73
31/03/2016;21.34
01/04/2016;20.86
04/04/2016;21.075
05/04/2016;20.53
06/04/2016;20.725
07/04/2016;20.72
08/04/2016;21.56
11/04/2016;21.73
12/04/2016;22.115
13/04/2016;22.825
14/04/2016;22.975
15/04/2016;22.955
18/04/2016;22.865
19/04/2016;22.97
20/04/2016;23.2
21/04/2016;23.42
22/04/2016;23.405
25/04/2016;22.88
26/04/2016;23.02
27/04/2016;23.45
28/04/2016;23.62
29/04/2016;23
02/05/2016;22.97
03/05/2016;22.46
04/05/2016;21.84
05/05/2016;22.22
06/05/2016;22.335
09/05/2016;21.765
10/05/2016;22.07
11/05/2016;22.215
12/05/2016;22.18
13/05/2016;22.19
16/05/2016;22.395
17/05/2016;22.595
18/05/2016;22.65
19/05/2016;21.675
20/05/2016;21.96
23/05/2016;21.67
24/05/2016;21.94
25/05/2016;22.45
26/05/2016;22.355
27/05/2016;22.245
30/05/2016;22.32
31/05/2016;21.96
01/06/2016;21.745
02/06/2016;21.755
03/06/2016;21.72
06/06/2016;21.95
07/06/2016;22.755
08/06/2016;23.195
09/06/2016;23.04
10/06/2016;22.84
13/06/2016;22.61
14/06/2016;21.935
15/06/2016;21.89
16/06/2016;22.02
17/06/2016;22.605
20/06/2016;23.42
21/06/2016;23.705
22/06/2016;23.715
23/06/2016;24.23
24/06/2016;23.28
27/06/2016;23.21
28/06/2016;23.4
29/06/2016;24.51
30/06/2016;24.67
01/07/2016;24.875
04/07/2016;24.675
05/07/2016;24.835
06/07/2016;24.39
07/07/2016;24.595
08/07/2016;24.745
11/07/2016;24.785
12/07/2016;25.25
13/07/2016;24.85
14/07/2016;25.07
15/07/2016;24.995
18/07/2016;24.91
19/07/2016;25.095
20/07/2016;25.025
21/07/2016;25.095
22/07/2016;25.02
25/07/2016;24.46
26/07/2016;24.655
27/07/2016;24.49
28/07/2016;23.575
29/07/2016;23.18
01/08/2016;22.44
02/08/2016;22.07
03/08/2016;22.05
04/08/2016;22.465
05/08/2016;22.54
08/08/2016;22.68
09/08/2016;22.62
10/08/2016;22.46
11/08/2016;22.47
12/08/2016;22.37
15/08/2016;22.375
16/08/2016;22.415
17/08/2016;22.365
18/08/2016;22.54
19/08/2016;22.36
22/08/2016;22.16
23/08/2016;22.165
24/08/2016;22.165
25/08/2016;22.025
26/08/2016;22.275
29/08/2016;22.245
30/08/2016;22.375
31/08/2016;22.015
01/09/2016;21.725
02/09/2016;22.35
05/09/2016;22.63
06/09/2016;22.325
07/09/2016;22.575
08/09/2016;22.675
09/09/2016;22.295
12/09/2016;22.08
13/09/2016;21.515
14/09/2016;21.35
15/09/2016;21.375
16/09/2016;21.145
19/09/2016;21.435
20/09/2016;21.255
21/09/2016;21.335
22/09/2016;21.63
23/09/2016;21.545
26/09/2016;21.23
27/09/2016;20.92
28/09/2016;21
29/09/2016;22.23
30/09/2016;22.17
03/10/2016;22.355
04/10/2016;22.9
05/10/2016;23.08
06/10/2016;22.945
07/10/2016;22.985
10/10/2016;23.505
11/10/2016;23.195
12/10/2016;23.11
13/10/2016;22.915
14/10/2016;23.1
17/10/2016;22.77
18/10/2016;23.03
19/10/2016;23.275
20/10/2016;23.26
21/10/2016;23.315
24/10/2016;23.235
25/10/2016;23.25
26/10/2016;22.98
27/10/2016;23.215
28/10/2016;23.02
31/10/2016;22.71
01/11/2016;23.375
02/11/2016;22.765
03/11/2016;22.87
04/11/2016;22.72
07/11/2016;23.125
08/11/2016;23.4
09/11/2016;23.61
10/11/2016;23.5
11/11/2016;22.66
14/11/2016;22.45
15/11/2016;23.055
16/11/2016;23.08
17/11/2016;23.33
18/11/2016;23.155
21/11/2016;23.68
22/11/2016;23.75
23/11/2016;23.795
24/11/2016;23.86
25/11/2016;23.65
28/11/2016;23.385
29/11/2016;23.03
30/11/2016;23.98
01/12/2016;24.56
02/12/2016;24.355
05/12/2016;24.385
06/12/2016;24.325
07/12/2016;24.585
08/12/2016;24.73
09/12/2016;24.95
12/12/2016;25.33
13/12/2016;25.43
14/12/2016;25.48
15/12/2016;25.72
16/12/2016;25.94
19/12/2016;25.985
20/12/2016;26.265
21/12/2016;26.02
22/12/2016;26
23/12/2016;25.92
27/12/2016;26.04
28/12/2016;26.245
29/12/2016;26.185
30/12/2016;25.985
02/01/2017;26.22
03/01/2017;26.535
04/01/2017;26.665
05/01/2017;26.53
06/01/2017;26.425
09/01/2017;25.97
10/01/2017;25.895
11/01/2017;26.245
12/01/2017;26.165
13/01/2017;26.185
16/01/2017;25.965
17/01/2017;25.92
18/01/2017;25.86
19/01/2017;25.6
20/01/2017;25.7
23/01/2017;25.53
24/01/2017;25.605
25/01/2017;25.865
26/01/2017;25.79
27/01/2017;25.685
30/01/2017;25.19
31/01/2017;25.04
01/02/2017;25.115
02/02/2017;25.185
03/02/2017;25.465
06/02/2017;25.27
07/02/2017;25.13
08/02/2017;24.84
09/02/2017;25.19
10/02/2017;25.47
13/02/2017;25.655
14/02/2017;25.645
15/02/2017;25.56
16/02/2017;24.885
17/02/2017;24.535
20/02/2017;24.425
21/02/2017;24.82
22/02/2017;24.67
23/02/2017;24.75
24/02/2017;24.525
27/02/2017;24.4
28/02/2017;24.38
01/03/2017;24.78
02/03/2017;24.89
03/03/2017;24.865
06/03/2017;24.81
07/03/2017;24.805
08/03/2017;24.54
09/03/2017;24.015
10/03/2017;24.165
13/03/2017;24.38
14/03/2017;23.985
15/03/2017;24.155
16/03/2017;24.44
17/03/2017;24.55
20/03/2017;24.36
21/03/2017;24.44
22/03/2017;24.35
23/03/2017;24.41
24/03/2017;24.16
27/03/2017;24.06
28/03/2017;24.405
29/03/2017;24.68
30/03/2017;24.8
31/03/2017;24.615
03/04/2017;24.37
04/04/2017;24.55
05/04/2017;24.805
06/04/2017;24.9
07/04/2017;25.17
10/04/2017;25.17
11/04/2017;25.19
12/04/2017;25.15
13/04/2017;24.855
18/04/2017;24.505
19/04/2017;24.06
20/04/2017;23.95
21/04/2017;23.92
24/04/2017;24.055
25/04/2017;24.1
26/04/2017;24.275
27/04/2017;23.96
28/04/2017;23.88
02/05/2017;23.91
03/05/2017;23.945
04/05/2017;23.985
05/05/2017;24.48
08/05/2017;24.73
09/05/2017;24.92
10/05/2017;25.23
11/05/2017;25.315
12/05/2017;25.32
15/05/2017;25.395
16/05/2017;25.345
17/05/2017;25.415
18/05/2017;24.695
19/05/2017;24.71
22/05/2017;24.52
23/05/2017;24.545
24/05/2017;24.6
25/05/2017;24.455
26/05/2017;24.29
29/05/2017;24.385
30/05/2017;24.38
31/05/2017;24.15
01/06/2017;24.305
02/06/2017;23.875
05/06/2017;23.995
06/06/2017;23.945
07/06/2017;23.805
08/06/2017;23.77
09/06/2017;23.96
12/06/2017;24.105
13/06/2017;24.21
14/06/2017;23.825
15/06/2017;23.82
16/06/2017;24.16
19/06/2017;24.31
20/06/2017;23.75
21/06/2017;23.5
22/06/2017;23.515
23/06/2017;23.545
26/06/2017;23.515
27/06/2017;23.64
28/06/2017;23.665
29/06/2017;23.46
30/06/2017;23.235
03/07/2017;23.635
04/07/2017;23.665
05/07/2017;23.42
06/07/2017;23.385
07/07/2017;23.155
10/07/2017;23.16
11/07/2017;23.08
12/07/2017;23.48
13/07/2017;23.48
14/07/2017;23.465
17/07/2017;23.505
18/07/2017;23.29
19/07/2017;23.39
20/07/2017;23.44
21/07/2017;23.245
24/07/2017;23.11
25/07/2017;23.375
26/07/2017;23.48
27/07/2017;23.59
28/07/2017;23.7
31/07/2017;23.915
01/08/2017;23.98
02/08/2017;24.14
03/08/2017;24.135
04/08/2017;24.27
07/08/2017;24.32
08/08/2017;24.49
09/08/2017;24.51
10/08/2017;23.955
11/08/2017;23.54
14/08/2017;23.575
15/08/2017;23.37
16/08/2017;23.44
17/08/2017;23.38
18/08/2017;23.2
21/08/2017;23.12
22/08/2017;23.32
23/08/2017;23.265
24/08/2017;23.26
25/08/2017;23.325
28/08/2017;23.205
29/08/2017;22.975
30/08/2017;23.15
31/08/2017;23.145
01/09/2017;23.275
04/09/2017;23.2
05/09/2017;23.4
06/09/2017;23.46
07/09/2017;23.59
08/09/2017;23.54
11/09/2017;23.69
12/09/2017;23.79
13/09/2017;24.005
14/09/2017;24.24
15/09/2017;23.995
18/09/2017;24.015
19/09/2017;24.16
20/09/2017;24.445
21/09/2017;24.675
22/09/2017;24.83
25/09/2017;25.175
26/09/2017;25.425
27/09/2017;25.425
28/09/2017;25.61
29/09/2017;25.57
02/10/2017;25.615
03/10/2017;25.945
04/10/2017;25.84
05/10/2017;26
06/10/2017;25.68
09/10/2017;25.765
10/10/2017;25.82
11/10/2017;25.83
12/10/2017;25.66
13/10/2017;25.81
16/10/2017;25.86
17/10/2017;25.76
18/10/2017;25.825
19/10/2017;25.8
20/10/2017;25.935
23/10/2017;26.02
24/10/2017;26.16
25/10/2017;26.005
26/10/2017;26.05
27/10/2017;26.435
30/10/2017;26.695
31/10/2017;26.965
01/11/2017;27
02/11/2017;27.32
03/11/2017;27.515
06/11/2017;27.915
07/11/2017;27.895
08/11/2017;27.88
09/11/2017;27.735
10/11/2017;27.435
13/11/2017;27.425
14/11/2017;27.17
15/11/2017;26.815
16/11/2017;26.18
17/11/2017;26.235
20/11/2017;26.34
21/11/2017;26.31
22/11/2017;26.31
23/11/2017;26.315
24/11/2017;26.2
27/11/2017;25.98
28/11/2017;26.86
29/11/2017;26.875
30/11/2017;26.81
01/12/2017;26.855
04/12/2017;27.09
05/12/2017;27.07
06/12/2017;26.94
07/12/2017;26.745
08/12/2017;26.925
11/12/2017;27.105
12/12/2017;27.63
13/12/2017;27.43
14/12/2017;27.4
15/12/2017;27.675
18/12/2017;27.59
19/12/2017;27.39
20/12/2017;27.315
21/12/2017;27.765
22/12/2017;27.705
