11/12/2000;326.82
12/12/2000;331.83
13/12/2000;337.79
14/12/2000;331.23
15/12/2000;328.32
18/12/2000;331.13
19/12/2000;341.98
20/12/2000;333.54
21/12/2000;335.58
22/12/2000;335.59
27/12/2000;344.27
28/12/2000;348.61
29/12/2000;344.61
02/01/2001;345.45
03/01/2001;346.23
04/01/2001;341.36
05/01/2001;340.7
08/01/2001;342.71
09/01/2001;336.13
10/01/2001;330.55
11/01/2001;338.35
12/01/2001;341.01
15/01/2001;348.43
16/01/2001;341.35
17/01/2001;337.78
18/01/2001;333.13
19/01/2001;330.21
22/01/2001;333.87
23/01/2001;328.55
24/01/2001;335.56
25/01/2001;342.2
26/01/2001;343.14
29/01/2001;344.69
30/01/2001;341.43
31/01/2001;346.45
01/02/2001;341.19
02/02/2001;344.32
05/02/2001;352.44
06/02/2001;352.86
07/02/2001;348.22
08/02/2001;352.62
09/02/2001;357.88
12/02/2001;358
13/02/2001;354.32
14/02/2001;356.68
15/02/2001;351.78
16/02/2001;350.19
19/02/2001;352.01
20/02/2001;349.43
21/02/2001;345.84
22/02/2001;345.79
23/02/2001;341.84
26/02/2001;344.95
27/02/2001;345.94
28/02/2001;343.1
01/03/2001;341.85
02/03/2001;339.66
05/03/2001;345.51
06/03/2001;344.22
07/03/2001;345.51
08/03/2001;345.92
09/03/2001;345.62
12/03/2001;340.5
13/03/2001;334.91
14/03/2001;338.14
15/03/2001;344.89
16/03/2001;341.14
19/03/2001;338.11
20/03/2001;341.48
21/03/2001;342.62
22/03/2001;334.88
23/03/2001;328.91
26/03/2001;334.58
27/03/2001;342.48
28/03/2001;339.94
29/03/2001;342.85
30/03/2001;343.18
02/04/2001;345.88
03/04/2001;337.8
04/04/2001;337.29
05/04/2001;338.73
06/04/2001;342.91
09/04/2001;347.03
10/04/2001;354.29
11/04/2001;351.17
12/04/2001;353.7
17/04/2001;356.15
18/04/2001;355.92
19/04/2001;350.19
20/04/2001;350.44
23/04/2001;350.26
24/04/2001;358.33
25/04/2001;360.96
26/04/2001;365.12
27/04/2001;369.61
30/04/2001;368.46
02/05/2001;360.87
03/05/2001;349.28
04/05/2001;352.95
07/05/2001;365.67
08/05/2001;360.41
09/05/2001;363
10/05/2001;368.31
11/05/2001;365.67
14/05/2001;365.66
15/05/2001;371.04
16/05/2001;370.05
17/05/2001;372.42
18/05/2001;380.95
21/05/2001;382.67
22/05/2001;381.61
23/05/2001;379.53
24/05/2001;383.24
25/05/2001;381.46
28/05/2001;383.94
29/05/2001;385.29
30/05/2001;384.06
31/05/2001;381.66
01/06/2001;386.6
04/06/2001;386.87
05/06/2001;393.06
06/06/2001;386.08
07/06/2001;385.34
08/06/2001;385.26
11/06/2001;386.52
12/06/2001;384.22
13/06/2001;386.84
14/06/2001;383.64
15/06/2001;384.73
18/06/2001;374.35
19/06/2001;376.56
20/06/2001;378.61
21/06/2001;373.63
22/06/2001;372.62
25/06/2001;375.86
26/06/2001;372.77
27/06/2001;367.65
28/06/2001;358.96
29/06/2001;363.44
02/07/2001;364.41
03/07/2001;355.25
04/07/2001;357.3
05/07/2001;362.36
06/07/2001;357.72
09/07/2001;358.52
10/07/2001;351.53
11/07/2001;346.99
12/07/2001;349.53
13/07/2001;353.69
16/07/2001;349.95
17/07/2001;347.73
18/07/2001;333.84
19/07/2001;338.14
20/07/2001;341.74
23/07/2001;344.95
24/07/2001;341.1
25/07/2001;338.48
26/07/2001;347.21
27/07/2001;350.74
30/07/2001;353.16
31/07/2001;355.85
01/08/2001;357.62
02/08/2001;348.7
03/08/2001;342.56
06/08/2001;347.24
07/08/2001;346.35
08/08/2001;344.88
09/08/2001;340.34
10/08/2001;336.67
13/08/2001;343.88
14/08/2001;346.12
15/08/2001;346.37
16/08/2001;348.14
17/08/2001;342.36
20/08/2001;341.14
21/08/2001;343.39
22/08/2001;347.68
23/08/2001;348.81
24/08/2001;353.39
27/08/2001;353.2
28/08/2001;347.55
29/08/2001;350.46
30/08/2001;346.4
31/08/2001;347.84
03/09/2001;345.39
04/09/2001;348.93
05/09/2001;347.59
06/09/2001;345.97
07/09/2001;339.26
10/09/2001;336.59
11/09/2001;338.69
12/09/2001;327.63
13/09/2001;325.01
14/09/2001;311.3
17/09/2001;317.24
18/09/2001;317.81
19/09/2001;298.73
20/09/2001;282.98
21/09/2001;266.98
24/09/2001;282.59
25/09/2001;282.15
26/09/2001;289.75
27/09/2001;299.93
28/09/2001;311.75
01/10/2001;301.79
02/10/2001;310.46
03/10/2001;308.17
04/10/2001;319.92
05/10/2001;315.08
08/10/2001;316.27
09/10/2001;316.93
10/10/2001;331.4
11/10/2001;333.26
12/10/2001;335.79
15/10/2001;328.74
16/10/2001;329.23
17/10/2001;335.07
18/10/2001;324.1
19/10/2001;313.42
22/10/2001;320.3
23/10/2001;328.45
24/10/2001;324.5
25/10/2001;321.15
26/10/2001;331.63
29/10/2001;329.03
30/10/2001;320.61
31/10/2001;322.98
01/11/2001;323.99
02/11/2001;320.81
05/11/2001;325.09
06/11/2001;316.55
07/11/2001;316.44
08/11/2001;323.88
09/11/2001;326.36
12/11/2001;318.5
13/11/2001;330.8
14/11/2001;314.04
15/11/2001;293.07
16/11/2001;301.39
19/11/2001;304.02
20/11/2001;312.34
21/11/2001;313.03
22/11/2001;317.99
23/11/2001;316.9
26/11/2001;307.82
27/11/2001;306.23
28/11/2001;303.91
29/11/2001;305.65
30/11/2001;303.51
03/12/2001;308.77
04/12/2001;312.96
05/12/2001;320.06
06/12/2001;318.15
07/12/2001;312.48
10/12/2001;308.68
11/12/2001;311.38
12/12/2001;307.11
13/12/2001;301.18
14/12/2001;299.08
17/12/2001;309.22
18/12/2001;308.14
19/12/2001;307.04
20/12/2001;308.45
21/12/2001;316.45
24/12/2001;318.74
27/12/2001;324.32
28/12/2001;328.85
02/01/2002;319.16
03/01/2002;323.08
04/01/2002;322.18
07/01/2002;317.95
08/01/2002;316.88
09/01/2002;317.22
10/01/2002;314.96
11/01/2002;318.97
14/01/2002;311.11
15/01/2002;315.71
16/01/2002;311.41
17/01/2002;314.86
18/01/2002;314.22
21/01/2002;312.16
22/01/2002;313.28
23/01/2002;321.04
24/01/2002;323.64
25/01/2002;328.78
28/01/2002;333.14
29/01/2002;326.87
30/01/2002;326.55
31/01/2002;332.59
01/02/2002;337.13
04/02/2002;335.08
05/02/2002;329.31
06/02/2002;330.95
07/02/2002;329.07
08/02/2002;328.42
11/02/2002;327.59
12/02/2002;331
13/02/2002;331.52
14/02/2002;334.93
15/02/2002;334.84
18/02/2002;334.39
19/02/2002;330.55
20/02/2002;328.09
21/02/2002;333.73
22/02/2002;332.72
25/02/2002;338.24
26/02/2002;339.28
27/02/2002;346.99
28/02/2002;346.51
01/03/2002;347.12
04/03/2002;350.96
05/03/2002;348.51
06/03/2002;348.27
07/03/2002;352.02
08/03/2002;354.47
11/03/2002;358.72
12/03/2002;360.37
13/03/2002;357.95
14/03/2002;355.09
15/03/2002;359.14
18/03/2002;356.1
19/03/2002;358.94
20/03/2002;358.68
21/03/2002;353.41
22/03/2002;355.92
25/03/2002;350.48
26/03/2002;353.05
27/03/2002;358.42
28/03/2002;363.04
02/04/2002;365.1
03/04/2002;364.9
04/04/2002;355.08
05/04/2002;352.89
08/04/2002;350.9
09/04/2002;350.25
10/04/2002;350.35
11/04/2002;347.17
12/04/2002;343.28
15/04/2002;347.21
16/04/2002;353.76
17/04/2002;352.71
18/04/2002;355.71
19/04/2002;355
22/04/2002;355.41
23/04/2002;351.78
24/04/2002;347.79
25/04/2002;345.07
26/04/2002;342.71
29/04/2002;341.29
30/04/2002;346.6
02/05/2002;347.73
03/05/2002;350.84
06/05/2002;345.08
07/05/2002;343.36
08/05/2002;348.72
09/05/2002;347.8
10/05/2002;344.9
13/05/2002;347.12
14/05/2002;354.08
15/05/2002;356.01
16/05/2002;356.67
17/05/2002;347.91
20/05/2002;345.67
21/05/2002;347.17
22/05/2002;344.3
23/05/2002;347.32
24/05/2002;349.58
27/05/2002;349.55
28/05/2002;344.61
29/05/2002;341.99
30/05/2002;336.45
31/05/2002;344.38
03/06/2002;339.61
04/06/2002;328.76
05/06/2002;328.81
06/06/2002;329.69
07/06/2002;327.71
10/06/2002;324.25
11/06/2002;330.76
12/06/2002;324.54
13/06/2002;322.42
14/06/2002;313.98
17/06/2002;327.75
18/06/2002;329.25
19/06/2002;326.56
20/06/2002;320.52
21/06/2002;317.76
24/06/2002;311.54
25/06/2002;320.95
26/06/2002;316.44
27/06/2002;318.72
28/06/2002;332.17
01/07/2002;333.38
02/07/2002;326.78
03/07/2002;322.57
04/07/2002;330.36
05/07/2002;341.53
08/07/2002;341.69
09/07/2002;339.1
10/07/2002;321.23
11/07/2002;310.6
12/07/2002;308.22
15/07/2002;286.94
16/07/2002;281.3
17/07/2002;287.88
18/07/2002;289.75
19/07/2002;277.08
22/07/2002;256.96
23/07/2002;258.27
24/07/2002;257.1
25/07/2002;266.71
26/07/2002;269.56
29/07/2002;283.17
30/07/2002;285.45
31/07/2002;293.07
01/08/2002;276.62
02/08/2002;278.04
05/08/2002;275.03
06/08/2002;286.55
07/08/2002;284.44
08/08/2002;295.07
09/08/2002;299.72
12/08/2002;290.76
13/08/2002;292.64
14/08/2002;283.42
15/08/2002;293.64
16/08/2002;296.94
19/08/2002;300.26
20/08/2002;293.47
21/08/2002;293.74
22/08/2002;300.93
23/08/2002;297.4
26/08/2002;293.52
27/08/2002;302.58
28/08/2002;289.49
29/08/2002;283.65
30/08/2002;290.99
02/09/2002;285.56
03/09/2002;269.63
04/09/2002;272.06
05/09/2002;272.9
06/09/2002;285.26
09/09/2002;282.66
10/09/2002;291
11/09/2002;296.89
12/09/2002;284.28
13/09/2002;280.11
16/09/2002;282.6
17/09/2002;276.92
18/09/2002;268.67
19/09/2002;264.44
20/09/2002;260.92
23/09/2002;257.85
24/09/2002;256.01
25/09/2002;256.4
26/09/2002;272.33
27/09/2002;275.55
30/09/2002;262.58
01/10/2002;271.8
02/10/2002;282.19
03/10/2002;276.45
04/10/2002;269.7
07/10/2002;269.82
08/10/2002;263.99
09/10/2002;259.87
10/10/2002;266.58
11/10/2002;275.85
14/10/2002;272.6
15/10/2002;283.3
16/10/2002;278.06
17/10/2002;284.79
18/10/2002;283.11
21/10/2002;281.12
22/10/2002;271.73
23/10/2002;264.18
24/10/2002;272.66
25/10/2002;269.76
28/10/2002;267.5
29/10/2002;254.89
30/10/2002;265.47
31/10/2002;273.6
01/11/2002;270.96
04/11/2002;274.15
05/11/2002;273.12
06/11/2002;270.23
07/11/2002;265.16
08/11/2002;266.76
11/11/2002;269.6
12/11/2002;271.1
13/11/2002;268.36
14/11/2002;271.65
15/11/2002;273.07
18/11/2002;276.18
19/11/2002;276.99
20/11/2002;273.26
21/11/2002;278.68
22/11/2002;273.78
25/11/2002;272.02
26/11/2002;269.28
27/11/2002;275.76
28/11/2002;275.54
29/11/2002;275.04
02/12/2002;271.96
03/12/2002;270.18
04/12/2002;267.27
05/12/2002;265.62
06/12/2002;268
09/12/2002;264.38
10/12/2002;264.89
11/12/2002;267.08
12/12/2002;264.51
13/12/2002;261.89
16/12/2002;269.7
17/12/2002;268.81
18/12/2002;263.76
19/12/2002;266.05
20/12/2002;269.73
23/12/2002;275.69
27/12/2002;268.77
30/12/2002;272.64
02/01/2003;281.71
03/01/2003;277.93
06/01/2003;282.69
07/01/2003;278.42
08/01/2003;272.05
09/01/2003;274.08
10/01/2003;272.94
13/01/2003;268.85
14/01/2003;267.78
15/01/2003;267.79
16/01/2003;268.53
17/01/2003;264.28
20/01/2003;257.19
21/01/2003;254.47
22/01/2003;248.89
23/01/2003;248.18
24/01/2003;245.06
27/01/2003;237.51
28/01/2003;241.1
29/01/2003;247.76
30/01/2003;251.42
31/01/2003;253.51
03/02/2003;254.68
04/02/2003;249.9
05/02/2003;252.13
06/02/2003;243.84
07/02/2003;239.09
10/02/2003;241.78
11/02/2003;245.17
12/02/2003;238.91
13/02/2003;236.59
14/02/2003;242.19
17/02/2003;245.03
18/02/2003;249.43
19/02/2003;244.24
20/02/2003;243.64
21/02/2003;248.47
24/02/2003;249.06
25/02/2003;244.72
26/02/2003;241.76
27/02/2003;244.84
28/02/2003;245.68
03/03/2003;246.12
04/03/2003;244.83
05/03/2003;243.37
06/03/2003;242.33
07/03/2003;236.36
10/03/2003;233.38
11/03/2003;233.2
12/03/2003;221.19
13/03/2003;232.68
14/03/2003;238.71
17/03/2003;247.44
18/03/2003;242.71
19/03/2003;246.92
20/03/2003;243.16
21/03/2003;248.94
24/03/2003;240.37
25/03/2003;247.98
26/03/2003;248.26
27/03/2003;242.53
28/03/2003;245.71
31/03/2003;237.42
01/04/2003;243.4
02/04/2003;247.89
03/04/2003;251.31
04/04/2003;252.99
07/04/2003;259.44
08/04/2003;255.67
09/04/2003;255.94
10/04/2003;249.5
11/04/2003;251.51
14/04/2003;252.28
15/04/2003;254.38
16/04/2003;250.72
17/04/2003;252.28
22/04/2003;251.79
23/04/2003;252.98
24/04/2003;245.55
25/04/2003;239.21
28/04/2003;245.95
29/04/2003;241.84
30/04/2003;239.16
01/05/2003;239.16
02/05/2003;244.92
05/05/2003;247.18
06/05/2003;252.1
07/05/2003;252.74
08/05/2003;248.5
09/05/2003;251.2
12/05/2003;251.61
13/05/2003;251.49
14/05/2003;251.07
15/05/2003;254.04
16/05/2003;252.73
19/05/2003;245.77
20/05/2003;246.93
21/05/2003;246.45
22/05/2003;249.96
23/05/2003;248.82
26/05/2003;248.22
27/05/2003;249.66
28/05/2003;253.36
29/05/2003;252.47
30/05/2003;252.12
02/06/2003;255.9
03/06/2003;256.88
04/06/2003;261.91
05/06/2003;258.65
06/06/2003;262.87
09/06/2003;259.7
10/06/2003;262.76
11/06/2003;267.65
12/06/2003;272.51
13/06/2003;268.8
16/06/2003;273.07
17/06/2003;271.27
18/06/2003;273.16
19/06/2003;269.37
20/06/2003;273.16
23/06/2003;267.75
24/06/2003;268.7
25/06/2003;268.96
26/06/2003;267.59
27/06/2003;265.82
30/06/2003;261.94
01/07/2003;256.85
02/07/2003;260.19
03/07/2003;258.59
04/07/2003;259.36
07/07/2003;265.91
08/07/2003;264.74
09/07/2003;262.24
10/07/2003;258.19
11/07/2003;262.01
14/07/2003;264.49
15/07/2003;260.12
16/07/2003;258.54
17/07/2003;261.46
18/07/2003;261.66
21/07/2003;260.05
22/07/2003;262.34
23/07/2003;260.34
24/07/2003;262.33
25/07/2003;255.91
28/07/2003;258.81
29/07/2003;254.87
30/07/2003;255.36
31/07/2003;258.74
01/08/2003;253.77
04/08/2003;253.82
05/08/2003;256.59
06/08/2003;254.16
07/08/2003;258.27
08/08/2003;264.35
11/08/2003;270.11
12/08/2003;269.88
13/08/2003;268.67
14/08/2003;274.31
15/08/2003;273.61
18/08/2003;276.25
19/08/2003;275.53
20/08/2003;272.55
21/08/2003;275.1
22/08/2003;276.98
25/08/2003;274.79
26/08/2003;271.68
27/08/2003;272.88
28/08/2003;275.62
29/08/2003;272.19
01/09/2003;274.67
02/09/2003;275.78
03/09/2003;278.62
04/09/2003;279.55
05/09/2003;276.77
08/09/2003;279.17
09/09/2003;275
10/09/2003;272.29
11/09/2003;272.83
12/09/2003;270.32
15/09/2003;267.91
16/09/2003;270.28
17/09/2003;269.47
18/09/2003;267.27
19/09/2003;266.19
22/09/2003;261.8
23/09/2003;260.92
24/09/2003;262.82
25/09/2003;264.03
26/09/2003;259.67
29/09/2003;258.16
30/09/2003;254.31
01/10/2003;259.84
02/10/2003;258.49
03/10/2003;263.87
06/10/2003;262.07
07/10/2003;260.55
08/10/2003;259.36
09/10/2003;263.57
10/10/2003;263.87
13/10/2003;268.57
14/10/2003;268.47
15/10/2003;269.83
16/10/2003;268.71
17/10/2003;267.67
20/10/2003;267.24
21/10/2003;266.39
22/10/2003;262.99
23/10/2003;258.47
24/10/2003;257.46
27/10/2003;259.16
28/10/2003;260.49
29/10/2003;259.93
30/10/2003;260.69
31/10/2003;260.95
03/11/2003;265.67
04/11/2003;266.23
05/11/2003;263.2
06/11/2003;264.97
07/11/2003;266.38
10/11/2003;264.1
11/11/2003;262.95
12/11/2003;261.23
13/11/2003;261.64
14/11/2003;264.55
17/11/2003;259.26
18/11/2003;257.72
19/11/2003;257.92
20/11/2003;257.38
21/11/2003;258.05
24/11/2003;261.86
25/11/2003;261.94
26/11/2003;261.38
27/11/2003;262.39
28/11/2003;261.65
01/12/2003;266.34
02/12/2003;265.76
03/12/2003;266.74
04/12/2003;266.43
05/12/2003;265.96
08/12/2003;265.03
09/12/2003;270.53
10/12/2003;270.48
11/12/2003;272.37
12/12/2003;272.53
15/12/2003;272.51
16/12/2003;273.99
17/12/2003;276.39
18/12/2003;280.71
19/12/2003;280.98
22/12/2003;280.95
23/12/2003;279.14
24/12/2003;279.63
29/12/2003;281.46
30/12/2003;282.21
31/12/2003;284.92
02/01/2004;288.11
05/01/2004;288.99
06/01/2004;287.66
07/01/2004;281.24
08/01/2004;280.13
09/01/2004;270.89
12/01/2004;271.41
13/01/2004;273
14/01/2004;270.98
15/01/2004;273.05
16/01/2004;272.85
19/01/2004;275.64
20/01/2004;274.59
21/01/2004;278.1
22/01/2004;276.04
23/01/2004;275.47
26/01/2004;275.01
27/01/2004;275.01
28/01/2004;276.92
29/01/2004;276.23
30/01/2004;272.51
02/02/2004;273.38
03/02/2004;273.35
04/02/2004;273.56
05/02/2004;270.94
06/02/2004;269.6
09/02/2004;273.78
10/02/2004;273.45
11/02/2004;273.77
12/02/2004;273.56
13/02/2004;270.51
16/02/2004;272.58
17/02/2004;273.24
18/02/2004;274.02
19/02/2004;276.35
20/02/2004;278.52
23/02/2004;281.87
24/02/2004;279.12
25/02/2004;281.33
26/02/2004;285.38
27/02/2004;284.14
01/03/2004;289.22
02/03/2004;292.41
03/03/2004;292.93
04/03/2004;292.91
05/03/2004;289.47
08/03/2004;292.64
09/03/2004;290.07
10/03/2004;296.29
11/03/2004;287.93
12/03/2004;285.85
15/03/2004;283.36
16/03/2004;282.98
17/03/2004;285.75
18/03/2004;281.77
19/03/2004;284.9
22/03/2004;279.85
23/03/2004;278.5
24/03/2004;279.43
25/03/2004;279.18
26/03/2004;282.36
29/03/2004;284.7
30/03/2004;285.73
31/03/2004;286.1
01/04/2004;286.31
02/04/2004;291.69
05/04/2004;296.24
06/04/2004;297.37
07/04/2004;293.83
08/04/2004;296.94
13/04/2004;303.7
14/04/2004;301.23
15/04/2004;304.87
16/04/2004;308.23
19/04/2004;306.37
20/04/2004;306.59
21/04/2004;304.6
22/04/2004;304.71
23/04/2004;305.52
26/04/2004;304.16
27/04/2004;303.55
28/04/2004;300.58
29/04/2004;297.83
30/04/2004;296.94
03/05/2004;300.23
04/05/2004;301.98
05/05/2004;304.76
06/05/2004;301.94
07/05/2004;302.34
10/05/2004;293.76
11/05/2004;296.79
12/05/2004;295.97
13/05/2004;298.92
14/05/2004;299.8
17/05/2004;295.06
18/05/2004;293.56
19/05/2004;296.1
20/05/2004;294.92
21/05/2004;294.83
24/05/2004;294.7
25/05/2004;296.59
26/05/2004;299.56
27/05/2004;298.25
28/05/2004;296.11
31/05/2004;298.09
01/06/2004;296.8
02/06/2004;298.47
03/06/2004;299.02
04/06/2004;299.47
07/06/2004;301.3
08/06/2004;302.9
09/06/2004;300.45
10/06/2004;302.89
11/06/2004;303.58
14/06/2004;300.92
15/06/2004;303.53
16/06/2004;309.17
17/06/2004;311.5
18/06/2004;315.28
21/06/2004;312.44
22/06/2004;307.49
23/06/2004;307.31
24/06/2004;309.85
25/06/2004;308.88
28/06/2004;307.21
29/06/2004;304.42
30/06/2004;301.09
01/07/2004;301.85
02/07/2004;300.47
05/07/2004;302.06
06/07/2004;303.14
07/07/2004;302.47
08/07/2004;304.17
09/07/2004;307.31
12/07/2004;304.82
13/07/2004;303.76
14/07/2004;304.28
15/07/2004;304.66
16/07/2004;305.55
19/07/2004;304.47
20/07/2004;304.11
21/07/2004;304
22/07/2004;299.2
23/07/2004;300.16
26/07/2004;296.67
27/07/2004;298.34
28/07/2004;299.36
29/07/2004;306.05
30/07/2004;305.71
02/08/2004;303.17
03/08/2004;307.9
04/08/2004;305.15
05/08/2004;303.22
06/08/2004;296.14
09/08/2004;296.2
10/08/2004;299.68
11/08/2004;297.12
12/08/2004;298.7
13/08/2004;296.42
16/08/2004;298.71
17/08/2004;296.55
18/08/2004;297.49
19/08/2004;297.83
20/08/2004;298.89
23/08/2004;301.1
24/08/2004;298.52
25/08/2004;298.8
26/08/2004;300.72
27/08/2004;304.84
30/08/2004;304.93
31/08/2004;303.4
01/09/2004;305.71
02/09/2004;308.54
03/09/2004;311.49
06/09/2004;311.01
07/09/2004;310.84
08/09/2004;310.14
09/09/2004;308.81
10/09/2004;310.35
13/09/2004;311.29
14/09/2004;310.19
15/09/2004;310.78
16/09/2004;309.66
17/09/2004;312.53
20/09/2004;312.92
21/09/2004;317.8
22/09/2004;314.09
23/09/2004;312.16
24/09/2004;314.06
27/09/2004;315.48
28/09/2004;317.66
29/09/2004;313.37
30/09/2004;310.95
01/10/2004;316.98
04/10/2004;316.24
05/10/2004;318.52
06/10/2004;320.31
07/10/2004;321.56
08/10/2004;319.67
11/10/2004;320.44
12/10/2004;317.82
13/10/2004;314.58
14/10/2004;315.16
15/10/2004;314.92
18/10/2004;314.88
19/10/2004;314.35
20/10/2004;312.88
21/10/2004;315
22/10/2004;315.39
25/10/2004;308.76
26/10/2004;308.13
27/10/2004;313.29
28/10/2004;314.5
29/10/2004;311.89
01/11/2004;312.75
02/11/2004;313.49
03/11/2004;314.89
04/11/2004;317.01
05/11/2004;316.9
08/11/2004;315.89
09/11/2004;316.47
10/11/2004;316.99
11/11/2004;320.21
12/11/2004;318.88
15/11/2004;316.68
16/11/2004;314.58
17/11/2004;317.28
18/11/2004;317.5
19/11/2004;318.03
22/11/2004;317.06
23/11/2004;318.36
24/11/2004;316.2
25/11/2004;321.52
26/11/2004;321.21
29/11/2004;319.49
30/11/2004;318.58
01/12/2004;320.3
02/12/2004;315.24
03/12/2004;314.41
06/12/2004;313.63
07/12/2004;313.95
08/12/2004;312.09
09/12/2004;311.65
10/12/2004;313.96
13/12/2004;314.62
14/12/2004;314.4
15/12/2004;313.62
16/12/2004;313.63
17/12/2004;309.66
20/12/2004;311.83
21/12/2004;313.09
22/12/2004;314.65
23/12/2004;316.44
24/12/2004;316.59
27/12/2004;315.61
28/12/2004;315.97
29/12/2004;315.32
30/12/2004;315.77
31/12/2004;315.6
03/01/2005;314.95
04/01/2005;314.2
05/01/2005;311.77
06/01/2005;313.75
07/01/2005;314.65
10/01/2005;315.14
11/01/2005;313.39
12/01/2005;310.86
13/01/2005;314.42
14/01/2005;316.42
17/01/2005;317.25
18/01/2005;318.67
19/01/2005;318.62
20/01/2005;317.35
21/01/2005;320.4
24/01/2005;323.35
25/01/2005;324.77
26/01/2005;325.48
27/01/2005;325.92
28/01/2005;324.12
31/01/2005;325.38
01/02/2005;331.33
02/02/2005;332.38
03/02/2005;330.93
04/02/2005;334.3
07/02/2005;335.64
08/02/2005;335.13
09/02/2005;333.01
10/02/2005;333.38
11/02/2005;336.46
14/02/2005;335.47
15/02/2005;338.03
16/02/2005;338.87
17/02/2005;342.03
18/02/2005;345.41
21/02/2005;347.02
22/02/2005;343.31
23/02/2005;340.19
24/02/2005;341.04
25/02/2005;347.47
28/02/2005;348.69
01/03/2005;349.56
02/03/2005;351.37
03/03/2005;353.9
04/03/2005;358.29
07/03/2005;356.31
08/03/2005;355.65
09/03/2005;354.31
10/03/2005;347.22
11/03/2005;348.15
14/03/2005;348.76
15/03/2005;351.81
16/03/2005;346.94
17/03/2005;346.78
18/03/2005;350.88
21/03/2005;349.67
22/03/2005;349.73
23/03/2005;344.85
24/03/2005;345.25
29/03/2005;347.04
30/03/2005;345.11
31/03/2005;346.31
01/04/2005;347.73
04/04/2005;350.55
05/04/2005;353.17
06/04/2005;352.85
07/04/2005;357.93
08/04/2005;354.47
11/04/2005;352.52
12/04/2005;353.27
13/04/2005;352.09
14/04/2005;349.7
15/04/2005;343.05
18/04/2005;336.72
19/04/2005;338.92
20/04/2005;337.18
21/04/2005;336.15
22/04/2005;340.24
25/04/2005;343.63
26/04/2005;344.21
27/04/2005;337.72
28/04/2005;336.5
29/04/2005;336.39
02/05/2005;337.72
03/05/2005;337.93
04/05/2005;337.37
05/05/2005;342.44
06/05/2005;345.4
09/05/2005;343.44
10/05/2005;342.92
11/05/2005;341.11
12/05/2005;341.21
13/05/2005;337.82
16/05/2005;334.91
17/05/2005;335.54
18/05/2005;341.46
19/05/2005;344.94
20/05/2005;345.73
23/05/2005;347.47
24/05/2005;347.38
25/05/2005;349.46
26/05/2005;353.22
27/05/2005;353.53
30/05/2005;356.18
31/05/2005;352.84
01/06/2005;359.75
02/06/2005;361.4
03/06/2005;359.21
06/06/2005;359.2
07/06/2005;361.9
08/06/2005;361.73
09/06/2005;361.39
10/06/2005;366.51
13/06/2005;371.41
14/06/2005;374.12
15/06/2005;373.12
16/06/2005;376.12
17/06/2005;380.74
20/06/2005;379.94
21/06/2005;379.82
22/06/2005;378.83
23/06/2005;382.81
24/06/2005;382.67
27/06/2005;382.11
28/06/2005;390
29/06/2005;385.57
30/06/2005;385.93
01/07/2005;391.07
04/07/2005;397.65
05/07/2005;397.12
06/07/2005;403.52
07/07/2005;396.8
08/07/2005;406.87
11/07/2005;401.06
12/07/2005;398.1
13/07/2005;402.26
14/07/2005;404.35
15/07/2005;399.97
18/07/2005;398.27
19/07/2005;398.28
20/07/2005;393.88
21/07/2005;388.07
22/07/2005;392.14
25/07/2005;400.04
26/07/2005;398.06
27/07/2005;397.46
28/07/2005;398.61
29/07/2005;399.82
01/08/2005;398.92
02/08/2005;404.39
03/08/2005;407.28
04/08/2005;402.1
05/08/2005;397.85
08/08/2005;403.64
09/08/2005;408.81
10/08/2005;410.94
11/08/2005;413.71
12/08/2005;412.83
15/08/2005;412.31
16/08/2005;406.09
17/08/2005;405.53
18/08/2005;400.14
19/08/2005;407.48
22/08/2005;409.28
23/08/2005;403.85
24/08/2005;406.8
25/08/2005;403.27
26/08/2005;399.45
29/08/2005;402.02
30/08/2005;403.82
31/08/2005;414
01/09/2005;421.63
02/09/2005;419.96
05/09/2005;417.55
06/09/2005;420.65
07/09/2005;421.42
08/09/2005;422.17
09/09/2005;425.12
12/09/2005;424.53
13/09/2005;420.6
14/09/2005;422.74
15/09/2005;425.06
16/09/2005;429.21
19/09/2005;434.76
20/09/2005;435.53
21/09/2005;434.02
22/09/2005;435.68
23/09/2005;434.89
26/09/2005;437.29
27/09/2005;438.63
28/09/2005;440.56
29/09/2005;442.29
30/09/2005;440.53
03/10/2005;440.7
04/10/2005;433.92
05/10/2005;420.21
06/10/2005;410.85
07/10/2005;411.48
10/10/2005;412.69
11/10/2005;416.59
12/10/2005;413.82
13/10/2005;404.47
14/10/2005;397.03
17/10/2005;405.13
18/10/2005;400.62
19/10/2005;390.92
20/10/2005;391.2
21/10/2005;388.68
24/10/2005;396.04
25/10/2005;394.3
26/10/2005;399.87
27/10/2005;389.83
28/10/2005;390.95
31/10/2005;402.55
01/11/2005;402.25
02/11/2005;404.76
03/11/2005;413.03
04/11/2005;413.73
07/11/2005;410.68
08/11/2005;407.95
09/11/2005;408.95
10/11/2005;397.9
11/11/2005;398.82
14/11/2005;404.71
15/11/2005;408.79
16/11/2005;405.09
17/11/2005;409.85
18/11/2005;412.26
21/11/2005;419.52
22/11/2005;425.85
23/11/2005;423.91
24/11/2005;419.36
25/11/2005;421.52
28/11/2005;414.35
29/11/2005;413.16
30/11/2005;410.29
01/12/2005;419.37
02/12/2005;421.99
05/12/2005;424.03
06/12/2005;423.49
07/12/2005;421.43
08/12/2005;423.73
09/12/2005;420.02
12/12/2005;415.58
13/12/2005;422.28
14/12/2005;422.63
15/12/2005;419.99
16/12/2005;418.57
19/12/2005;413.39
20/12/2005;414.1
21/12/2005;417.29
22/12/2005;416.39
23/12/2005;416.54
27/12/2005;415.66
28/12/2005;414.38
29/12/2005;415.84
30/12/2005;412.86
02/01/2006;416.91
03/01/2006;421.29
04/01/2006;421.36
05/01/2006;419.76
06/01/2006;424.23
09/01/2006;428.14
10/01/2006;426.89
11/01/2006;429.44
12/01/2006;436.87
13/01/2006;432.93
16/01/2006;437.84
17/01/2006;436.55
18/01/2006;430.85
19/01/2006;431.82
20/01/2006;431.12
23/01/2006;430.06
24/01/2006;428.64
25/01/2006;428.96
26/01/2006;427.07
27/01/2006;434.51
30/01/2006;438.15
31/01/2006;437.82
01/02/2006;439.9
02/02/2006;428.66
03/02/2006;429.06
06/02/2006;433.74
07/02/2006;428.19
08/02/2006;420.62
09/02/2006;427.04
10/02/2006;419.37
13/02/2006;424.4
14/02/2006;418.48
15/02/2006;418.12
16/02/2006;419.32
17/02/2006;421.49
20/02/2006;424.97
21/02/2006;425.78
22/02/2006;422.6
23/02/2006;420.13
24/02/2006;422.52
27/02/2006;423.89
28/02/2006;416.73
01/03/2006;416.54
02/03/2006;414.35
03/03/2006;414.3
06/03/2006;412.82
07/03/2006;411.27
08/03/2006;410.9
09/03/2006;410.82
10/03/2006;412.68
13/03/2006;416.5
14/03/2006;417.58
15/03/2006;420.91
16/03/2006;419.24
17/03/2006;420.06
20/03/2006;418.67
21/03/2006;414.85
22/03/2006;416.43
23/03/2006;415.19
24/03/2006;421.91
27/03/2006;418.54
28/03/2006;419.97
29/03/2006;423.4
30/03/2006;428.16
31/03/2006;424.05
03/04/2006;427.86
04/04/2006;421.74
05/04/2006;425.31
06/04/2006;426.62
07/04/2006;429.2
10/04/2006;435.62
11/04/2006;432.96
12/04/2006;430.64
13/04/2006;430.11
18/04/2006;435.12
19/04/2006;439.13
20/04/2006;438.37
21/04/2006;442.51
24/04/2006;446.21
25/04/2006;442.6
26/04/2006;442.14
27/04/2006;436.33
28/04/2006;429.77
02/05/2006;434.55
03/05/2006;428.94
04/05/2006;433.62
05/05/2006;438.62
08/05/2006;432.87
09/05/2006;434.47
10/05/2006;429.92
11/05/2006;431.79
12/05/2006;423.16
15/05/2006;415.5
16/05/2006;416.34
17/05/2006;403.1
18/05/2006;399.06
19/05/2006;399.4
22/05/2006;388.87
23/05/2006;400.7
24/05/2006;394.85
25/05/2006;402.28
26/05/2006;410.28
29/05/2006;409.92
30/05/2006;401.01
31/05/2006;404.44
01/06/2006;407.2
02/06/2006;404.79
05/06/2006;406.45
06/06/2006;396.98
07/06/2006;395.7
08/06/2006;380.97
09/06/2006;387.03
12/06/2006;386.08
13/06/2006;378.06
14/06/2006;374.77
15/06/2006;384.95
16/06/2006;383.42
19/06/2006;379.85
20/06/2006;383.12
21/06/2006;382.94
22/06/2006;385.64
23/06/2006;393.62
26/06/2006;390.97
27/06/2006;392.26
28/06/2006;393.32
29/06/2006;399.15
30/06/2006;407.67
03/07/2006;411.38
04/07/2006;411.47
05/07/2006;404.97
06/07/2006;409.29
07/07/2006;412.18
10/07/2006;413.92
11/07/2006;410.25
12/07/2006;413.09
13/07/2006;408.45
14/07/2006;405.5
17/07/2006;401.38
18/07/2006;398.87
19/07/2006;403.8
20/07/2006;403.2
21/07/2006;400.55
24/07/2006;405.83
25/07/2006;409.81
26/07/2006;414.97
27/07/2006;419.97
28/07/2006;421.47
31/07/2006;418.75
01/08/2006;415.73
02/08/2006;416.86
03/08/2006;412.68
04/08/2006;415.23
07/08/2006;411.55
08/08/2006;412.47
09/08/2006;418.23
10/08/2006;416.38
11/08/2006;416.43
14/08/2006;418.3
15/08/2006;421.01
16/08/2006;421.87
17/08/2006;418.21
18/08/2006;417.92
21/08/2006;419.98
22/08/2006;422.69
23/08/2006;421.23
24/08/2006;421.73
25/08/2006;423.4
28/08/2006;424.29
29/08/2006;419.94
30/08/2006;418.26
31/08/2006;414.63
01/09/2006;415.16
04/09/2006;415.38
05/09/2006;415.06
06/09/2006;407.67
07/09/2006;401.97
08/09/2006;403.38
11/09/2006;396.66
12/09/2006;397.22
13/09/2006;397.17
14/09/2006;395.65
15/09/2006;393.08
18/09/2006;395.25
19/09/2006;396.62
20/09/2006;399.01
21/09/2006;399.38
22/09/2006;395.58
25/09/2006;391.66
26/09/2006;399.6
27/09/2006;403.86
28/09/2006;410.62
29/09/2006;410.14
02/10/2006;409.67
03/10/2006;403.25
04/10/2006;401.28
05/10/2006;406.99
06/10/2006;407.39
09/10/2006;411.25
10/10/2006;412.76
11/10/2006;414.85
12/10/2006;417.6
13/10/2006;420.28
16/10/2006;425.08
17/10/2006;423.56
18/10/2006;425
19/10/2006;425.8
20/10/2006;429.77
23/10/2006;426.49
24/10/2006;427
25/10/2006;429.74
26/10/2006;430.9
27/10/2006;427.36
30/10/2006;425.62
31/10/2006;424.3
01/11/2006;425.25
02/11/2006;421.22
03/11/2006;426.17
06/11/2006;433.52
07/11/2006;436.1
08/11/2006;438.87
09/11/2006;443.8
10/11/2006;447.26
13/11/2006;445.65
14/11/2006;448.2
15/11/2006;449.18
16/11/2006;451.04
17/11/2006;438.12
20/11/2006;441.16
21/11/2006;442.29
22/11/2006;439.85
23/11/2006;440.11
24/11/2006;438.06
27/11/2006;433.84
28/11/2006;433.86
29/11/2006;440.25
30/11/2006;434.57
01/12/2006;429.85
04/12/2006;430.3
05/12/2006;436.95
06/12/2006;436.96
07/12/2006;438.01
08/12/2006;437.83
11/12/2006;440.67
12/12/2006;439.18
13/12/2006;442.82
14/12/2006;447.14
15/12/2006;451.37
18/12/2006;446.75
19/12/2006;443.24
20/12/2006;444.43
21/12/2006;442.32
22/12/2006;437.01
27/12/2006;444.31
28/12/2006;443.24
29/12/2006;442.32
02/01/2007;446.74
03/01/2007;442.53
04/01/2007;434.78
05/01/2007;429.16
08/01/2007;427.42
09/01/2007;421.9
10/01/2007;417.17
11/01/2007;424.33
12/01/2007;423.28
15/01/2007;426.67
16/01/2007;421.5
17/01/2007;419.1
18/01/2007;418.93
19/01/2007;422.68
22/01/2007;422.11
23/01/2007;424.25
24/01/2007;427.28
25/01/2007;425.08
26/01/2007;423.19
29/01/2007;422.52
30/01/2007;423.63
31/01/2007;423.85
01/02/2007;428.92
02/02/2007;428.1
05/02/2007;431.84
06/02/2007;429.82
07/02/2007;430.43
08/02/2007;426.79
09/02/2007;429.97
12/02/2007;425.77
13/02/2007;428.67
14/02/2007;431.83
15/02/2007;431.55
16/02/2007;430.16
19/02/2007;432.54
20/02/2007;426.73
21/02/2007;425.15
22/02/2007;426.98
23/02/2007;428.4
26/02/2007;434.36
27/02/2007;422.94
28/02/2007;413.71
01/03/2007;409.71
02/03/2007;408.06
05/03/2007;404.77
06/03/2007;406.24
07/03/2007;409.46
08/03/2007;413.68
09/03/2007;414.71
12/03/2007;410.8
13/03/2007;408.15
14/03/2007;399.12
15/03/2007;405.18
16/03/2007;405.06
19/03/2007;409.62
20/03/2007;409.37
21/03/2007;410.76
22/03/2007;418.47
23/03/2007;425.73
26/03/2007;423.28
27/03/2007;422.97
28/03/2007;427.36
29/03/2007;431.95
30/03/2007;431.46
02/04/2007;430.46
03/04/2007;432.85
04/04/2007;431.94
05/04/2007;432.51
10/04/2007;432.98
11/04/2007;435.28
12/04/2007;435.54
13/04/2007;441.25
16/04/2007;441.51
17/04/2007;443.75
18/04/2007;439.74
19/04/2007;436.35
20/04/2007;439.56
23/04/2007;442.08
24/04/2007;438.36
25/04/2007;441.64
26/04/2007;441.61
27/04/2007;438.29
30/04/2007;439.72
02/05/2007;444.5
03/05/2007;449.03
04/05/2007;451.28
07/05/2007;449.41
08/05/2007;444.51
09/05/2007;445.74
10/05/2007;444.18
11/05/2007;447.37
14/05/2007;448.76
15/05/2007;450.86
16/05/2007;448.58
17/05/2007;455.18
18/05/2007;460.84
21/05/2007;465.26
22/05/2007;464.47
23/05/2007;466.64
24/05/2007;461.83
25/05/2007;462.83
29/05/2007;460.66
30/05/2007;457.43
31/05/2007;462.1
01/06/2007;465.6
04/06/2007;462.21
05/06/2007;462.72
06/06/2007;457.51
07/06/2007;456.97
08/06/2007;455.73
11/06/2007;457.82
12/06/2007;456.95
13/06/2007;461.11
14/06/2007;475.35
15/06/2007;481.79
18/06/2007;480.71
19/06/2007;482.07
20/06/2007;483.27
21/06/2007;482.35
22/06/2007;479.33
25/06/2007;477.78
26/06/2007;473.98
27/06/2007;469.28
28/06/2007;482.37
29/06/2007;489.09
02/07/2007;493.56
03/07/2007;494.02
04/07/2007;495.5
05/07/2007;493.14
06/07/2007;503.49
09/07/2007;508.29
10/07/2007;501.81
11/07/2007;497.43
12/07/2007;507.08
13/07/2007;509.73
16/07/2007;505.49
17/07/2007;500.65
18/07/2007;492.48
19/07/2007;498.6
20/07/2007;487.11
23/07/2007;494.86
24/07/2007;484.78
25/07/2007;476.01
26/07/2007;467.97
27/07/2007;461.71
30/07/2007;464.54
31/07/2007;473.42
01/08/2007;466.55
02/08/2007;458.36
03/08/2007;449.5
06/08/2007;442.2
07/08/2007;450.12
08/08/2007;461.6
09/08/2007;451.87
10/08/2007;437.34
13/08/2007;448.41
14/08/2007;442.23
15/08/2007;442.54
16/08/2007;423.4
17/08/2007;433.57
20/08/2007;433.79
21/08/2007;431.34
22/08/2007;439.19
23/08/2007;440.45
24/08/2007;446.17
27/08/2007;444.02
28/08/2007;435.68
29/08/2007;440.74
30/08/2007;448.78
31/08/2007;455.97
03/09/2007;453.49
04/09/2007;455.81
05/09/2007;449.14
06/09/2007;455.82
07/09/2007;445.92
10/09/2007;445.84
11/09/2007;452.46
12/09/2007;455.08
13/09/2007;459.98
14/09/2007;458.27
17/09/2007;453.21
18/09/2007;461.89
19/09/2007;476.58
20/09/2007;475.18
21/09/2007;475.06
24/09/2007;476.02
25/09/2007;469.25
26/09/2007;471.16
27/09/2007;471.77
28/09/2007;468.83
01/10/2007;468.92
02/10/2007;463.49
03/10/2007;458.67
04/10/2007;458.36
05/10/2007;461.47
08/10/2007;460.26
09/10/2007;463.2
10/10/2007;461.73
11/10/2007;466.03
12/10/2007;468.56
15/10/2007;472.11
16/10/2007;476.37
17/10/2007;473.81
18/10/2007;468.69
19/10/2007;467.27
22/10/2007;456.91
23/10/2007;456.1
24/10/2007;455.04
25/10/2007;454.56
26/10/2007;462
29/10/2007;466.81
30/10/2007;463.29
31/10/2007;464.32
01/11/2007;455.18
02/11/2007;456.3
05/11/2007;454.85
06/11/2007;456.89
07/11/2007;470.25
08/11/2007;467.66
09/11/2007;461.95
12/11/2007;454.16
13/11/2007;445.19
14/11/2007;451
15/11/2007;446.94
16/11/2007;446.19
19/11/2007;440.95
20/11/2007;447.29
21/11/2007;444.97
22/11/2007;443.73
23/11/2007;445.19
26/11/2007;442.54
27/11/2007;436.9
28/11/2007;442.2
29/11/2007;446.57
30/11/2007;450.72
03/12/2007;447.37
04/12/2007;445.81
05/12/2007;457.61
06/12/2007;459.45
07/12/2007;458.44
10/12/2007;455.07
11/12/2007;454.17
12/12/2007;457.63
13/12/2007;448.12
14/12/2007;451.75
17/12/2007;445.06
18/12/2007;442.65
19/12/2007;443.76
20/12/2007;448.87
21/12/2007;452.42
27/12/2007;457.3
28/12/2007;460.03
31/12/2007;460.59
02/01/2008;458.63
03/01/2008;466.85
04/01/2008;461.77
07/01/2008;469.34
08/01/2008;470.96
09/01/2008;469.12
10/01/2008;460.43
11/01/2008;455.11
14/01/2008;457.55
15/01/2008;443.3
16/01/2008;432.27
17/01/2008;425.52
18/01/2008;422.58
21/01/2008;396.07
22/01/2008;397.21
23/01/2008;376.85
24/01/2008;401.18
25/01/2008;403.22
28/01/2008;398.51
29/01/2008;404.98
30/01/2008;395.51
31/01/2008;395
01/02/2008;401.36
04/02/2008;405.97
05/02/2008;394.13
06/02/2008;396.25
07/02/2008;387.9
08/02/2008;391.53
11/02/2008;390.32
12/02/2008;404.31
13/02/2008;403.89
14/02/2008;410.25
15/02/2008;405.72
18/02/2008;412.96
19/02/2008;418.26
20/02/2008;412.1
21/02/2008;412.22
22/02/2008;412.11
25/02/2008;420.77
26/02/2008;422.41
27/02/2008;422.73
28/02/2008;418.65
29/02/2008;415.07
03/03/2008;409.35
04/03/2008;403.34
05/03/2008;413.33
06/03/2008;407.08
07/03/2008;399.92
10/03/2008;398.02
11/03/2008;404.9
12/03/2008;405.88
13/03/2008;401.64
14/03/2008;399.53
17/03/2008;383.47
18/03/2008;392.78
19/03/2008;389.06
20/03/2008;379.61
25/03/2008;388.57
26/03/2008;389.95
27/03/2008;392.67
28/03/2008;390.81
31/03/2008;390.65
01/04/2008;396.23
02/04/2008;402.33
03/04/2008;404.9
04/04/2008;405.83
07/04/2008;410.08
08/04/2008;412
09/04/2008;416.28
10/04/2008;417.98
11/04/2008;411.47
14/04/2008;408.81
15/04/2008;417.88
16/04/2008;426.22
17/04/2008;425.09
18/04/2008;431.99
21/04/2008;434.79
22/04/2008;436.06
23/04/2008;440.47
24/04/2008;437.48
25/04/2008;439.87
28/04/2008;441.38
29/04/2008;445.39
30/04/2008;446.81
02/05/2008;450.9
05/05/2008;452.57
06/05/2008;454.03
07/05/2008;456.12
08/05/2008;453.42
09/05/2008;450.07
12/05/2008;453.95
13/05/2008;455.02
14/05/2008;462
15/05/2008;461.61
16/05/2008;471.66
19/05/2008;478.87
20/05/2008;470.6
21/05/2008;481.03
22/05/2008;479.88
23/05/2008;470.96
26/05/2008;468.7
27/05/2008;460.13
28/05/2008;462.05
29/05/2008;468.46
30/05/2008;466.66
02/06/2008;462.97
03/06/2008;465.77
04/06/2008;451.68
05/06/2008;453.68
06/06/2008;450.87
09/06/2008;458.13
10/06/2008;449.74
11/06/2008;443.73
12/06/2008;441.78
13/06/2008;439.72
16/06/2008;442.75
17/06/2008;441.71
18/06/2008;433.79
19/06/2008;433.06
20/06/2008;429.16
23/06/2008;434.44
24/06/2008;431.71
25/06/2008;431.4
26/06/2008;426.14
27/06/2008;431.48
30/06/2008;440.22
01/07/2008;431.1
02/07/2008;427.52
03/07/2008;421.81
04/07/2008;419.68
07/07/2008;428.69
08/07/2008;416.95
09/07/2008;417.15
10/07/2008;404.93
11/07/2008;404.87
14/07/2008;400.17
15/07/2008;390.26
16/07/2008;380.47
17/07/2008;385.79
18/07/2008;385.19
21/07/2008;386.78
22/07/2008;394.73
23/07/2008;394.97
24/07/2008;383.78
25/07/2008;388.27
28/07/2008;392.23
29/07/2008;390.41
30/07/2008;393.06
31/07/2008;394.74
01/08/2008;387.62
04/08/2008;382.33
05/08/2008;377.55
06/08/2008;382.57
07/08/2008;387.11
08/08/2008;381.26
11/08/2008;387.54
12/08/2008;387.03
13/08/2008;381.88
14/08/2008;384.69
15/08/2008;383.52
18/08/2008;388.29
19/08/2008;382.66
20/08/2008;391.99
21/08/2008;394.47
22/08/2008;394.65
25/08/2008;390.69
26/08/2008;391.21
27/08/2008;396.32
28/08/2008;397.51
29/08/2008;399.27
01/09/2008;391.5
02/09/2008;385.79
03/09/2008;378.47
04/09/2008;370.7
05/09/2008;360.85
08/09/2008;368.86
09/09/2008;357.66
10/09/2008;355.87
11/09/2008;359.81
12/09/2008;370.64
15/09/2008;351.44
16/09/2008;339.84
17/09/2008;339.94
18/09/2008;331.09
19/09/2008;362.41
22/09/2008;358.13
23/09/2008;355.38
24/09/2008;354.91
25/09/2008;360.72
26/09/2008;352.78
29/09/2008;333.36
30/09/2008;339.49
01/10/2008;337.52
02/10/2008;326.06
03/10/2008;334.31
06/10/2008;302.13
07/10/2008;305.38
08/10/2008;281.19
09/10/2008;273.25
10/10/2008;253.54
13/10/2008;281.61
14/10/2008;297.77
15/10/2008;276.74
16/10/2008;252.87
17/10/2008;275.91
20/10/2008;291.02
21/10/2008;292.49
22/10/2008;273.07
23/10/2008;274.83
24/10/2008;262.19
27/10/2008;256.53
28/10/2008;265.04
29/10/2008;302.09
30/10/2008;296.79
31/10/2008;309.14
03/11/2008;312.21
04/11/2008;328.2
05/11/2008;314.68
06/11/2008;291.58
07/11/2008;300.73
10/11/2008;309.33
11/11/2008;293.4
12/11/2008;284.78
13/11/2008;290.96
14/11/2008;296.29
17/11/2008;285.34
18/11/2008;294.34
19/11/2008;281.49
20/11/2008;268.51
21/11/2008;260.83
24/11/2008;293.94
25/11/2008;296.99
26/11/2008;294.57
27/11/2008;301.64
28/11/2008;295.4
01/12/2008;274.24
02/12/2008;282.12
03/12/2008;278.68
04/12/2008;280.66
05/12/2008;256.79
08/12/2008;284.99
09/12/2008;288.67
10/12/2008;291.05
11/12/2008;296.01
12/12/2008;286.17
15/12/2008;289.73
16/12/2008;293.65
17/12/2008;296.5
18/12/2008;289.53
19/12/2008;279.9
22/12/2008;275.7
23/12/2008;271.83
24/12/2008;271.49
29/12/2008;272.77
30/12/2008;280.33
31/12/2008;279.21
02/01/2009;293.47
05/01/2009;298.85
06/01/2009;301.03
07/01/2009;292.22
08/01/2009;295.85
09/01/2009;291.25
12/01/2009;286.08
13/01/2009;283.76
14/01/2009;273.39
15/01/2009;267.64
16/01/2009;271.96
19/01/2009;270.98
20/01/2009;268.83
21/01/2009;263.59
22/01/2009;260.74
23/01/2009;264.19
26/01/2009;277.54
27/01/2009;279.94
28/01/2009;285.31
29/01/2009;283.95
30/01/2009;280.17
02/02/2009;277.64
03/02/2009;281.3
04/02/2009;290.11
05/02/2009;290.32
06/02/2009;297.48
09/02/2009;299.27
10/02/2009;289.36
11/02/2009;288.21
12/02/2009;285.77
13/02/2009;290.38
16/02/2009;288.95
17/02/2009;279.11
18/02/2009;280.14
19/02/2009;281.03
20/02/2009;267.45
23/02/2009;267.06
24/02/2009;264.94
25/02/2009;265.98
26/02/2009;268.93
27/02/2009;265.13
02/03/2009;249.02
03/03/2009;241.93
04/03/2009;256.95
05/03/2009;242.63
06/03/2009;240.26
09/03/2009;242.43
10/03/2009;255.31
11/03/2009;253.54
12/03/2009;254.69
13/03/2009;256.72
16/03/2009;258.66
17/03/2009;256.41
18/03/2009;253.91
19/03/2009;260.76
20/03/2009;262.28
23/03/2009;267.61
24/03/2009;265.82
25/03/2009;271.71
26/03/2009;273.37
27/03/2009;268.68
30/03/2009;255.9
31/03/2009;262.87
01/04/2009;261.23
02/04/2009;274.87
03/04/2009;268.29
06/04/2009;264.69
07/04/2009;262.66
08/04/2009;262.41
09/04/2009;266.79
14/04/2009;264.16
15/04/2009;261.86
16/04/2009;263.66
17/04/2009;267.63
20/04/2009;258.68
21/04/2009;260.66
22/04/2009;263.26
23/04/2009;266.83
24/04/2009;278.84
27/04/2009;277.02
28/04/2009;276.5
29/04/2009;280.88
30/04/2009;283.23
04/05/2009;292.51
05/05/2009;290.16
06/05/2009;294.85
07/05/2009;295.12
08/05/2009;302.27
11/05/2009;297
12/05/2009;299.9
13/05/2009;296.8
14/05/2009;292.9
15/05/2009;295.51
18/05/2009;300.65
19/05/2009;297.42
20/05/2009;302.42
21/05/2009;293.65
22/05/2009;293.58
25/05/2009;292.98
26/05/2009;297.39
27/05/2009;298.25
28/05/2009;297.97
29/05/2009;301.01
01/06/2009;310.75
02/06/2009;311.49
03/06/2009;303.06
04/06/2009;305.81
05/06/2009;309.37
08/06/2009;305.38
09/06/2009;306.14
10/06/2009;310.3
11/06/2009;312.84
12/06/2009;307.51
15/06/2009;299.03
16/06/2009;298.59
17/06/2009;291.05
18/06/2009;291.98
19/06/2009;294.7
22/06/2009;283.52
23/06/2009;281.71
24/06/2009;289.1
25/06/2009;285.81
26/06/2009;285.43
29/06/2009;290.79
30/06/2009;288.49
01/07/2009;295.17
02/07/2009;287.25
03/07/2009;286.35
06/07/2009;279.37
07/07/2009;275.43
08/07/2009;272.05
09/07/2009;273.83
10/07/2009;269.71
13/07/2009;274.93
14/07/2009;276.65
15/07/2009;284.81
16/07/2009;286.37
17/07/2009;288.92
20/07/2009;293.44
21/07/2009;297.8
22/07/2009;296.62
23/07/2009;302.24
24/07/2009;301.04
27/07/2009;305.19
28/07/2009;297.76
29/07/2009;297.81
30/07/2009;302.47
31/07/2009;291.96
03/08/2009;294.1
04/08/2009;291.59
05/08/2009;288.16
06/08/2009;288.74
07/08/2009;289.66
10/08/2009;288.29
11/08/2009;285.07
12/08/2009;290.69
13/08/2009;290.66
14/08/2009;289.3
17/08/2009;282.64
18/08/2009;286.38
19/08/2009;287.03
20/08/2009;292.55
21/08/2009;299.99
24/08/2009;303.3
25/08/2009;304.92
26/08/2009;301.55
27/08/2009;300.57
28/08/2009;302.44
31/08/2009;299.94
01/09/2009;294.67
02/09/2009;296.63
03/09/2009;296.09
04/09/2009;299.92
07/09/2009;301.99
08/09/2009;305.78
09/09/2009;311.97
10/09/2009;312.23
11/09/2009;313.49
14/09/2009;312.6
15/09/2009;314.11
16/09/2009;315.98
17/09/2009;316.91
18/09/2009;316.55
21/09/2009;312.71
22/09/2009;315.76
23/09/2009;312.77
24/09/2009;305.03
25/09/2009;305.47
28/09/2009;311.06
29/09/2009;310.35
30/09/2009;309.5
01/10/2009;304.59
02/10/2009;299.82
05/10/2009;300.18
06/10/2009;309.35
07/10/2009;307.32
08/10/2009;309.13
09/10/2009;309.52
12/10/2009;313.58
13/10/2009;312.17
14/10/2009;319.99
15/10/2009;319.52
16/10/2009;321.16
19/10/2009;325.97
20/10/2009;323.87
21/10/2009;325.34
22/10/2009;322.3
23/10/2009;320.21
26/10/2009;316.07
27/10/2009;319.56
28/10/2009;313.15
29/10/2009;315.26
30/10/2009;305.21
02/11/2009;308.82
03/11/2009;305.91
04/11/2009;311.71
05/11/2009;314.83
06/11/2009;314.3
09/11/2009;321.07
10/11/2009;319.67
11/11/2009;321.5
12/11/2009;320.03
13/11/2009;317.23
16/11/2009;321.67
17/11/2009;319.85
18/11/2009;319.27
19/11/2009;315.25
20/11/2009;310.77
23/11/2009;318.91
24/11/2009;316.35
25/11/2009;317.14
26/11/2009;308.84
27/11/2009;311.34
30/11/2009;306.35
01/12/2009;314.39
02/12/2009;315.22
03/12/2009;315.7
04/12/2009;318.38
07/12/2009;318.25
08/12/2009;314.06
09/12/2009;311.77
10/12/2009;313.96
11/12/2009;314.93
14/12/2009;318.25
15/12/2009;319.65
16/12/2009;322.85
17/12/2009;319.05
18/12/2009;315.08
21/12/2009;323.27
22/12/2009;327.06
23/12/2009;328.79
24/12/2009;329.41
28/12/2009;331.75
29/12/2009;332.16
30/12/2009;330.66
31/12/2009;330.53
04/01/2010;336.31
05/01/2010;338.02
06/01/2010;338.32
07/01/2010;340.12
08/01/2010;340.46
11/01/2010;343.24
12/01/2010;337.34
13/01/2010;335.65
14/01/2010;336.44
15/01/2010;331.16
18/01/2010;334.81
19/01/2010;336.54
20/01/2010;330.31
21/01/2010;325.68
22/01/2010;320.51
25/01/2010;317.31
26/01/2010;318.52
27/01/2010;314.61
28/01/2010;308.33
29/01/2010;312.88
01/02/2010;314.04
02/02/2010;317.89
03/02/2010;316.23
04/02/2010;308.59
05/02/2010;298.29
08/02/2010;302.4
09/02/2010;301.45
10/02/2010;303.91
11/02/2010;307.49
12/02/2010;307.76
15/02/2010;308.76
16/02/2010;313.54
17/02/2010;315.09
18/02/2010;317.47
19/02/2010;317.61
22/02/2010;316.55
23/02/2010;311.45
24/02/2010;310.6
25/02/2010;301.79
26/02/2010;305.1
01/03/2010;308.63
02/03/2010;311.06
03/03/2010;313.64
04/03/2010;312.53
05/03/2010;318.62
08/03/2010;319.25
09/03/2010;320.59
10/03/2010;324.21
11/03/2010;323.29
12/03/2010;321.4
15/03/2010;318.25
16/03/2010;321.11
17/03/2010;323.02
18/03/2010;321.22
19/03/2010;319.88
22/03/2010;319.75
23/03/2010;322.96
24/03/2010;322.47
25/03/2010;324.85
26/03/2010;325.15
29/03/2010;324.85
30/03/2010;324.85
31/03/2010;324.93
01/04/2010;330.81
06/04/2010;336.17
07/04/2010;332.75
08/04/2010;330.41
09/04/2010;336.44
12/04/2010;335.75
13/04/2010;332.95
14/04/2010;333.97
15/04/2010;335.08
16/04/2010;328.15
19/04/2010;326.6
20/04/2010;333.2
21/04/2010;329.92
22/04/2010;324.6
23/04/2010;327.49
26/04/2010;328.43
27/04/2010;319.4
28/04/2010;313.99
29/04/2010;320.28
30/04/2010;314.96
03/05/2010;315.87
04/05/2010;304
05/05/2010;302.84
06/05/2010;295.49
07/05/2010;284.78
10/05/2010;307.45
11/05/2010;305.3
12/05/2010;307.35
13/05/2010;307.48
14/05/2010;293.82
17/05/2010;294.02
18/05/2010;301.1
19/05/2010;292.03
20/05/2010;287.83
21/05/2010;288.37
24/05/2010;284.61
25/05/2010;277.85
26/05/2010;283.67
27/05/2010;292.13
28/05/2010;290.34
31/05/2010;287.39
01/06/2010;287.41
02/06/2010;285.48
03/06/2010;293.17
04/06/2010;285.64
07/06/2010;283.86
08/06/2010;281.38
09/06/2010;285.43
10/06/2010;287.77
11/06/2010;291.32
14/06/2010;297.98
15/06/2010;301.23
16/06/2010;304.55
17/06/2010;304.05
18/06/2010;302.88
21/06/2010;307.92
22/06/2010;304.58
23/06/2010;298.91
24/06/2010;292.39
25/06/2010;288.68
28/06/2010;291.71
29/06/2010;280.66
30/06/2010;281.31
01/07/2010;273.53
02/07/2010;277.03
05/07/2010;275.13
06/07/2010;280.89
07/07/2010;285.57
08/07/2010;289.42
09/07/2010;291.54
12/07/2010;292.56
13/07/2010;297.54
14/07/2010;296.61
15/07/2010;294.14
16/07/2010;288.5
19/07/2010;287.23
20/07/2010;286.68
21/07/2010;286.63
22/07/2010;292.47
23/07/2010;293.34
26/07/2010;294.85
27/07/2010;295.87
28/07/2010;295.42
29/07/2010;294.26
30/07/2010;294.36
02/08/2010;303.34
03/08/2010;303.54
04/08/2010;306.67
05/08/2010;307.48
06/08/2010;304.52
09/08/2010;309.74
10/08/2010;305.18
11/08/2010;297.2
12/08/2010;296.72
13/08/2010;296.71
16/08/2010;295.36
17/08/2010;299.57
18/08/2010;297.4
19/08/2010;291.81
20/08/2010;289.48
23/08/2010;291.62
24/08/2010;287.04
25/08/2010;283.62
26/08/2010;285.8
27/08/2010;287.19
30/08/2010;285.5
31/08/2010;286.24
01/09/2010;295.24
02/09/2010;295.96
03/09/2010;299.81
06/09/2010;300.18
07/09/2010;296.19
08/09/2010;298.4
09/09/2010;301.37
10/09/2010;301.17
13/09/2010;303.5
14/09/2010;303.89
15/09/2010;300.3
16/09/2010;299.54
17/09/2010;295.76
20/09/2010;300.32
21/09/2010;299.79
22/09/2010;295.45
23/09/2010;294.34
24/09/2010;296.55
27/09/2010;296.9
28/09/2010;296.88
29/09/2010;296.92
30/09/2010;296.27
01/10/2010;300.65
04/10/2010;296.89
05/10/2010;302.09
06/10/2010;305.51
07/10/2010;304.55
08/10/2010;304.08
11/10/2010;303.97
12/10/2010;300.18
13/10/2010;307.12
14/10/2010;306.88
15/10/2010;307.93
18/10/2010;309.8
19/10/2010;305.22
20/10/2010;306.97
21/10/2010;307.43
22/10/2010;307.11
25/10/2010;306.84
26/10/2010;305.62
27/10/2010;301.59
28/10/2010;306.02
29/10/2010;306.76
01/11/2010;307.59
02/11/2010;312.04
03/11/2010;310.38
04/11/2010;316.8
05/11/2010;315.77
08/11/2010;314.91
09/11/2010;320
10/11/2010;316.42
11/11/2010;316.5
12/11/2010;309.35
15/11/2010;312.67
16/11/2010;303.65
17/11/2010;304.35
18/11/2010;308.05
19/11/2010;306.68
22/11/2010;303.96
23/11/2010;298.1
24/11/2010;299.19
25/11/2010;300.29
26/11/2010;299.14
29/11/2010;293.13
30/11/2010;294.48
01/12/2010;298.56
02/12/2010;303.81
03/12/2010;304.29
06/12/2010;306.21
07/12/2010;310.7
08/12/2010;312.07
09/12/2010;313.88
10/12/2010;313.68
13/12/2010;317.27
14/12/2010;319.4
15/12/2010;317.76
16/12/2010;317.97
17/12/2010;317.62
20/12/2010;320.03
21/12/2010;324.25
22/12/2010;325.44
23/12/2010;325.07
24/12/2010;324.74
27/12/2010;321.85
28/12/2010;322.25
29/12/2010;325.41
30/12/2010;321.94
31/12/2010;319.71
03/01/2011;325.6
04/01/2011;328.54
05/01/2011;329.92
06/01/2011;331.28
07/01/2011;329.37
10/01/2011;325.95
11/01/2011;329.34
12/01/2011;335.64
13/01/2011;338.04
14/01/2011;340.35
17/01/2011;337.57
18/01/2011;340.54
19/01/2011;336.86
20/01/2011;333.01
21/01/2011;338.52
24/01/2011;339.52
25/01/2011;336.96
26/01/2011;340.56
27/01/2011;343.43
28/01/2011;337.79
31/01/2011;339.24
01/02/2011;350.74
02/02/2011;350.56
03/02/2011;348.6
04/02/2011;348.56
07/02/2011;349.51
08/02/2011;349.5
09/02/2011;346.78
10/02/2011;348.31
11/02/2011;349.09
14/02/2011;349.64
15/02/2011;350.67
16/02/2011;350.82
17/02/2011;351.36
18/02/2011;351.66
21/02/2011;342.89
22/02/2011;341.42
23/02/2011;338.95
24/02/2011;343.39
25/02/2011;347.29
28/02/2011;351.09
01/03/2011;346.44
02/03/2011;345.32
03/03/2011;347.74
04/03/2011;349.18
07/03/2011;348.21
08/03/2011;350.27
09/03/2011;346.54
10/03/2011;342.03
11/03/2011;338.84
14/03/2011;333.82
15/03/2011;327.42
16/03/2011;320.96
17/03/2011;328.79
18/03/2011;329.44
21/03/2011;334.69
22/03/2011;336.61
23/03/2011;338.37
24/03/2011;342.56
25/03/2011;343.43
28/03/2011;343.65
29/03/2011;344.75
30/03/2011;346.38
31/03/2011;346.5
01/04/2011;351.45
04/04/2011;352
05/04/2011;352.34
06/04/2011;349.66
07/04/2011;347.34
08/04/2011;350.32
11/04/2011;349.52
12/04/2011;340.58
13/04/2011;341.85
14/04/2011;337.94
15/04/2011;337.13
18/04/2011;330.12
19/04/2011;329.66
20/04/2011;339.24
21/04/2011;340.75
26/04/2011;340.79
27/04/2011;345.08
28/04/2011;347.32
29/04/2011;349.06
02/05/2011;348.42
03/05/2011;345.19
04/05/2011;337.21
05/05/2011;332.91
06/05/2011;336.31
09/05/2011;333.87
10/05/2011;337.53
11/05/2011;336.55
12/05/2011;331.54
13/05/2011;329.86
16/05/2011;328.4
17/05/2011;326.02
18/05/2011;328.91
19/05/2011;332.15
20/05/2011;330.97
23/05/2011;318.81
24/05/2011;320.79
25/05/2011;320.45
26/05/2011;320.48
27/05/2011;322.94
30/05/2011;322.5
31/05/2011;327.93
01/06/2011;324.29
02/06/2011;317.93
03/06/2011;316.13
06/06/2011;315.1
07/06/2011;315.03
08/06/2011;313.4
09/06/2011;317.66
10/06/2011;312.55
13/06/2011;311.68
14/06/2011;315.81
15/06/2011;310.7
16/06/2011;311.12
17/06/2011;312.77
20/06/2011;309.79
21/06/2011;317.31
22/06/2011;314.64
23/06/2011;308.63
24/06/2011;307.62
27/06/2011;308.72
28/06/2011;310.6
29/06/2011;318.72
30/06/2011;324.99
01/07/2011;326.33
04/07/2011;327.13
05/07/2011;325.15
06/07/2011;324.88
07/07/2011;327.5
08/07/2011;321.63
11/07/2011;315.75
12/07/2011;313.68
13/07/2011;315.47
14/07/2011;312.04
15/07/2011;311.14
18/07/2011;307.81
19/07/2011;310.24
20/07/2011;314.03
21/07/2011;317.88
22/07/2011;321.5
25/07/2011;320.06
26/07/2011;318.31
27/07/2011;313.66
28/07/2011;312.09
29/07/2011;308.51
01/08/2011;302.18
02/08/2011;298.56
03/08/2011;290.5
04/08/2011;279.57
05/08/2011;270.3
08/08/2011;260.82
09/08/2011;261.67
10/08/2011;250.32
11/08/2011;256.89
12/08/2011;265.98
15/08/2011;267.49
16/08/2011;267.46
17/08/2011;270.8
18/08/2011;258.33
19/08/2011;253.28
22/08/2011;260.79
23/08/2011;262.43
24/08/2011;265.39
25/08/2011;261.91
26/08/2011;260.19
29/08/2011;266.48
30/08/2011;268.44
31/08/2011;277.09
01/09/2011;279.47
02/09/2011;271.47
05/09/2011;258.88
06/09/2011;256.04
07/09/2011;266.4
08/09/2011;272.55
09/09/2011;264.83
12/09/2011;258.41
13/09/2011;260.61
14/09/2011;264.86
15/09/2011;270.77
16/09/2011;270.35
19/09/2011;259.9
20/09/2011;264.11
21/09/2011;260.98
22/09/2011;245.54
23/09/2011;247.12
26/09/2011;249.87
27/09/2011;263.17
28/09/2011;261.48
29/09/2011;262.96
30/09/2011;262.84
03/10/2011;255.99
04/10/2011;252.57
05/10/2011;263.12
06/10/2011;272.52
07/10/2011;279.84
10/10/2011;285.74
11/10/2011;283.18
12/10/2011;291.27
13/10/2011;288.07
14/10/2011;296.71
17/10/2011;294.43
18/10/2011;294.78
19/10/2011;297.75
20/10/2011;297.12
21/10/2011;303.05
24/10/2011;304.09
25/10/2011;302.64
26/10/2011;302.85
27/10/2011;314.56
28/10/2011;309.57
31/10/2011;303.28
01/11/2011;290.88
02/11/2011;295.49
03/11/2011;299.52
04/11/2011;295.54
07/11/2011;296.82
08/11/2011;302.53
09/11/2011;299.02
10/11/2011;296.17
11/11/2011;301.51
14/11/2011;299.69
15/11/2011;297.64
16/11/2011;300.9
17/11/2011;297.26
18/11/2011;295.39
21/11/2011;285.01
22/11/2011;282.05
23/11/2011;277.5
24/11/2011;275.26
25/11/2011;280.28
28/11/2011;291.98
29/11/2011;292.41
30/11/2011;304
01/12/2011;302.98
02/12/2011;305.97
05/12/2011;308.97
06/12/2011;308.95
07/12/2011;308.43
08/12/2011;300.38
09/12/2011;308.15
12/12/2011;300.6
13/12/2011;304.16
14/12/2011;295.92
15/12/2011;296.75
16/12/2011;292.52
19/12/2011;291.19
20/12/2011;296.51
21/12/2011;297.88
22/12/2011;302
23/12/2011;306.61
27/12/2011;307.29
28/12/2011;303.87
29/12/2011;309.19
30/12/2011;311.66
02/01/2012;315.98
03/01/2012;319.69
04/01/2012;318.49
05/01/2012;315.1
06/01/2012;315.77
09/01/2012;316.19
10/01/2012;320.85
11/01/2012;315.64
12/01/2012;312.44
13/01/2012;310.33
16/01/2012;313.1
17/01/2012;318.08
18/01/2012;317.94
19/01/2012;321.5
20/01/2012;317.69
23/01/2012;320.01
24/01/2012;320.58
25/01/2012;318.33
26/01/2012;321.71
27/01/2012;318.09
30/01/2012;315.61
31/01/2012;318.29
01/02/2012;320.97
02/02/2012;323.37
03/02/2012;324.88
06/02/2012;322.99
07/02/2012;323.28
08/02/2012;323.03
09/02/2012;325.29
10/02/2012;321.49
13/02/2012;325.13
14/02/2012;325.92
15/02/2012;325.8
16/02/2012;326.33
17/02/2012;328.87
20/02/2012;332.24
21/02/2012;330.73
22/02/2012;331.39
23/02/2012;330.04
24/02/2012;332.55
27/02/2012;331.17
28/02/2012;331.18
29/02/2012;329.56
01/03/2012;334.7
02/03/2012;334.76
05/03/2012;332.93
06/03/2012;325.49
07/03/2012;325.52
08/03/2012;332.09
09/03/2012;333.11
12/03/2012;332.83
13/03/2012;337.51
14/03/2012;336.24
15/03/2012;336.57
16/03/2012;337.81
19/03/2012;338.04
20/03/2012;333.64
21/03/2012;333.45
22/03/2012;327.78
23/03/2012;326.12
26/03/2012;330.21
27/03/2012;318.1
28/03/2012;314.39
29/03/2012;312.07
30/03/2012;315.88
02/04/2012;319.87
03/04/2012;315.53
04/04/2012;309.99
05/04/2012;312.22
10/04/2012;301.01
11/04/2012;301.86
12/04/2012;302.55
13/04/2012;296.48
16/04/2012;300.61
17/04/2012;304.44
18/04/2012;301.01
19/04/2012;294.04
20/04/2012;296.28
23/04/2012;287.26
24/04/2012;291.26
25/04/2012;294.81
26/04/2012;296.95
27/04/2012;299.05
30/04/2012;296.02
01/05/2012;296.02
02/05/2012;294.21
03/05/2012;294.54
04/05/2012;287.57
07/05/2012;291.85
08/05/2012;284.21
09/05/2012;281.26
10/05/2012;286.23
11/05/2012;287.32
14/05/2012;280.58
15/05/2012;277.8
16/05/2012;279.47
17/05/2012;276.34
18/05/2012;275.93
21/05/2012;274.21
22/05/2012;280.46
23/05/2012;272.43
24/05/2012;277.12
25/05/2012;278.08
28/05/2012;278.07
29/05/2012;278.48
30/05/2012;271.66
31/05/2012;272.55
01/06/2012;266.11
04/06/2012;266.02
05/06/2012;269.45
06/06/2012;275.52
07/06/2012;276.78
08/06/2012;275.19
11/06/2012;274.98
12/06/2012;275.53
13/06/2012;274.5
14/06/2012;275.11
15/06/2012;280.82
18/06/2012;276.63
19/06/2012;282.14
20/06/2012;283.11
21/06/2012;279.74
22/06/2012;275.32
25/06/2012;269.18
26/06/2012;267.02
27/06/2012;273.39
28/06/2012;273.27
29/06/2012;286.63
02/07/2012;290.77
03/07/2012;299.4
04/07/2012;297.79
05/07/2012;294.57
06/07/2012;288.57
09/07/2012;288.68
10/07/2012;290.46
11/07/2012;290.74
12/07/2012;287.28
13/07/2012;290.47
16/07/2012;289.05
17/07/2012;288.71
18/07/2012;293.54
19/07/2012;294.53
20/07/2012;288.75
23/07/2012;280.58
24/07/2012;275.44
25/07/2012;275.77
26/07/2012;288.14
27/07/2012;297.53
30/07/2012;299.61
31/07/2012;299.16
01/08/2012;300.82
02/08/2012;294.38
03/08/2012;308.83
06/08/2012;311.33
07/08/2012;317.25
08/08/2012;316.41
09/08/2012;316.11
10/08/2012;315.37
13/08/2012;313.9
14/08/2012;316.78
15/08/2012;317.3
16/08/2012;319.8
17/08/2012;321.16
20/08/2012;318.87
21/08/2012;320.06
22/08/2012;314.39
23/08/2012;311.07
24/08/2012;310.23
27/08/2012;312.24
28/08/2012;310.46
29/08/2012;310.93
30/08/2012;308.47
31/08/2012;312.89
03/09/2012;314.64
04/09/2012;310.05
05/09/2012;307.86
06/09/2012;319.03
07/09/2012;320.56
10/09/2012;319.29
11/09/2012;323.41
12/09/2012;324.25
13/09/2012;323.35
14/09/2012;333.43
17/09/2012;330.54
18/09/2012;326.96
19/09/2012;329.14
20/09/2012;324.29
21/09/2012;327.11
24/09/2012;322.9
25/09/2012;324.18
26/09/2012;315.35
27/09/2012;315.55
28/09/2012;308.67
01/10/2012;313.61
02/10/2012;312.39
03/10/2012;309.94
04/10/2012;307.48
05/10/2012;312.22
08/10/2012;308.49
09/10/2012;309.18
10/10/2012;309.78
11/10/2012;311.86
12/10/2012;307.25
15/10/2012;309.75
16/10/2012;317.09
17/10/2012;320.48
18/10/2012;319.83
19/10/2012;316.89
22/10/2012;315.06
23/10/2012;308.24
24/10/2012;310.27
25/10/2012;307.93
26/10/2012;309.42
29/10/2012;307.21
30/10/2012;312.21
31/10/2012;311.67
01/11/2012;314.54
02/11/2012;315.85
05/11/2012;311.23
06/11/2012;312.74
07/11/2012;305.45
08/11/2012;303.64
09/11/2012;305.47
12/11/2012;304.45
13/11/2012;305.62
14/11/2012;302.7
15/11/2012;301.69
16/11/2012;297.92
19/11/2012;306.08
20/11/2012;306.87
21/11/2012;307.51
22/11/2012;309.57
23/11/2012;311.74
26/11/2012;309.44
27/11/2012;307.92
28/11/2012;309.38
29/11/2012;313.21
30/11/2012;312.24
03/12/2012;312.13
04/12/2012;312.58
05/12/2012;310.37
06/12/2012;309.41
07/12/2012;306.97
10/12/2012;307.86
11/12/2012;311.78
12/12/2012;313.69
13/12/2012;313.36
14/12/2012;312.7
17/12/2012;311.91
18/12/2012;311.78
19/12/2012;314.29
20/12/2012;313.51
21/12/2012;314.02
24/12/2012;314.09
27/12/2012;315.1
28/12/2012;310.75
31/12/2012;311.13
02/01/2013;320.62
03/01/2013;319.7
04/01/2013;319.67
07/01/2013;315.45
08/01/2013;316.02
09/01/2013;317.81
10/01/2013;318.67
11/01/2013;319.12
14/01/2013;318.47
15/01/2013;320.3
16/01/2013;321.19
17/01/2013;321.72
18/01/2013;319.3
21/01/2013;320.44
22/01/2013;321.61
23/01/2013;322.16
24/01/2013;323.3
25/01/2013;323.45
28/01/2013;322.04
29/01/2013;324.3
30/01/2013;315.58
31/01/2013;313.33
01/02/2013;314.28
04/02/2013;305.61
05/02/2013;309.3
06/02/2013;306.52
07/02/2013;301.09
08/02/2013;301.65
11/02/2013;298.96
12/02/2013;300.99
13/02/2013;302.54
14/02/2013;297.55
15/02/2013;297.03
18/02/2013;296.97
19/02/2013;301.99
20/02/2013;299.54
21/02/2013;294.52
22/02/2013;299.95
25/02/2013;302.29
26/02/2013;294.4
27/02/2013;300.46
28/02/2013;301.61
01/03/2013;299.58
04/03/2013;299.33
05/03/2013;307.17
06/03/2013;307.59
07/03/2013;308.99
08/03/2013;310.55
11/03/2013;310.5
12/03/2013;312.56
13/03/2013;311.19
14/03/2013;315.63
15/03/2013;312.81
18/03/2013;310.25
19/03/2013;307.29
20/03/2013;310.55
21/03/2013;307.99
22/03/2013;307.4
25/03/2013;304.12
26/03/2013;303.38
27/03/2013;300.96
28/03/2013;299.62
02/04/2013;306.05
03/04/2013;301.09
04/04/2013;300.02
05/04/2013;296.55
08/04/2013;297.77
09/04/2013;300.97
10/04/2013;304.6
11/04/2013;305.13
12/04/2013;302.02
15/04/2013;296.83
16/04/2013;293.86
17/04/2013;287.79
18/04/2013;287.8
19/04/2013;289.66
22/04/2013;291.82
23/04/2013;298.01
24/04/2013;304.76
25/04/2013;306.83
26/04/2013;303.5
29/04/2013;307.82
30/04/2013;308.14
01/05/2013;308.14
02/05/2013;306.46
03/05/2013;312.05
06/05/2013;312.06
07/05/2013;313.35
08/05/2013;314.69
09/05/2013;315.11
10/05/2013;315.65
13/05/2013;314.63
14/05/2013;317.95
15/05/2013;317.95
16/05/2013;316.29
17/05/2013;318.61
20/05/2013;317.37
21/05/2013;319.09
22/05/2013;319.5
23/05/2013;315.14
24/05/2013;313.6
27/05/2013;316.88
28/05/2013;320.96
29/05/2013;315.9
30/05/2013;314.41
31/05/2013;308.3
03/06/2013;308.99
04/06/2013;309.24
05/06/2013;304
06/06/2013;299.29
07/06/2013;303.18
10/06/2013;303.07
11/06/2013;300.24
12/06/2013;297.09
13/06/2013;297.16
14/06/2013;299.34
17/06/2013;298.11
18/06/2013;297.79
19/06/2013;296.23
20/06/2013;286.41
21/06/2013;283.09
24/06/2013;277.82
25/06/2013;280.1
26/06/2013;284.04
27/06/2013;286.5
28/06/2013;287
01/07/2013;289.68
02/07/2013;287.4
03/07/2013;286.22
04/07/2013;292.31
05/07/2013;288.35
08/07/2013;292.49
09/07/2013;292.45
10/07/2013;292.65
11/07/2013;295.63
12/07/2013;295.91
15/07/2013;298.45
16/07/2013;297.19
17/07/2013;298.83
18/07/2013;304.06
19/07/2013;303.62
22/07/2013;306.13
23/07/2013;305.13
24/07/2013;308.3
25/07/2013;307.74
26/07/2013;307.05
29/07/2013;305.03
30/07/2013;307.7
31/07/2013;306.82
01/08/2013;312.21
02/08/2013;312.87
05/08/2013;312.3
06/08/2013;309.06
07/08/2013;309.02
08/08/2013;311.12
09/08/2013;310.66
12/08/2013;311.44
13/08/2013;314.06
14/08/2013;315.35
15/08/2013;316.47
16/08/2013;318.45
19/08/2013;314.18
20/08/2013;310.61
21/08/2013;309.53
22/08/2013;315.08
23/08/2013;320.53
26/08/2013;319.24
27/08/2013;317.45
28/08/2013;325.02
29/08/2013;323.97
30/08/2013;318.59
02/09/2013;322.2
03/09/2013;319.91
04/09/2013;320.51
05/09/2013;321.16
06/09/2013;323.12
09/09/2013;321.08
10/09/2013;323.39
11/09/2013;324.18
12/09/2013;324.1
13/09/2013;326.21
16/09/2013;326.67
17/09/2013;324.24
18/09/2013;323.59
19/09/2013;326.75
20/09/2013;327.01
23/09/2013;323.74
24/09/2013;325.64
25/09/2013;326.34
26/09/2013;324.88
27/09/2013;326.26
30/09/2013;321.53
01/10/2013;324.82
02/10/2013;323.32
03/10/2013;320.58
04/10/2013;323.19
07/10/2013;322.66
08/10/2013;321.97
09/10/2013;322.35
10/10/2013;326.55
11/10/2013;326.04
14/10/2013;326.06
15/10/2013;330.07
16/10/2013;331.84
17/10/2013;331.29
18/10/2013;333.51
21/10/2013;332.77
22/10/2013;332.74
23/10/2013;329.18
24/10/2013;330.72
25/10/2013;333.39
28/10/2013;333.31
29/10/2013;337.35
30/10/2013;338.41
31/10/2013;338.54
01/11/2013;335.03
04/11/2013;335.81
05/11/2013;334.04
06/11/2013;336.22
07/11/2013;331.35
08/11/2013;328.93
11/11/2013;331.13
12/11/2013;328.29
13/11/2013;327.85
14/11/2013;329.54
15/11/2013;330.58
18/11/2013;333.94
19/11/2013;330.03
20/11/2013;329.76
21/11/2013;329.54
22/11/2013;330.83
25/11/2013;329.91
26/11/2013;328.82
27/11/2013;329.23
28/11/2013;329.15
29/11/2013;329.47
02/12/2013;327.3
03/12/2013;321.61
04/12/2013;318.66
05/12/2013;314.17
06/12/2013;316.59
09/12/2013;317.26
10/12/2013;314
11/12/2013;310.67
12/12/2013;308.17
13/12/2013;306.81
16/12/2013;311.23
17/12/2013;306.98
18/12/2013;309.04
19/12/2013;314.35
20/12/2013;318.11
23/12/2013;319.71
24/12/2013;319.87
27/12/2013;324.03
30/12/2013;323.44
31/12/2013;324.46
02/01/2014;319.73
03/01/2014;321.4
06/01/2014;320.39
07/01/2014;323.4
08/01/2014;320.38
09/01/2014;319.55
10/01/2014;321.2
13/01/2014;319.37
14/01/2014;320.83
15/01/2014;322.17
16/01/2014;321.34
17/01/2014;322.9
20/01/2014;324.79
21/01/2014;323.15
22/01/2014;323.67
23/01/2014;321.01
24/01/2014;313.09
27/01/2014;311.11
28/01/2014;312.34
29/01/2014;310.16
30/01/2014;312.47
31/01/2014;309.22
03/02/2014;304.69
04/02/2014;304.05
05/02/2014;304.14
06/02/2014;309.08
07/02/2014;311.09
10/02/2014;310.54
11/02/2014;314.2
12/02/2014;317.03
13/02/2014;316.57
14/02/2014;319.92
17/02/2014;319.15
18/02/2014;319.43
19/02/2014;319.73
20/02/2014;323.57
21/02/2014;327.09
24/02/2014;330.57
25/02/2014;331.63
26/02/2014;332.52
27/02/2014;329.99
28/02/2014;333.22
03/03/2014;326.76
04/03/2014;333.32
05/03/2014;332.48
06/03/2014;333.25
07/03/2014;328.82
10/03/2014;330.31
11/03/2014;329.81
12/03/2014;327.96
13/03/2014;324.14
14/03/2014;324.37
17/03/2014;327.87
18/03/2014;333.24
19/03/2014;333.4
20/03/2014;333.82
21/03/2014;337.17
24/03/2014;330.22
25/03/2014;333.88
26/03/2014;337.73
27/03/2014;339.38
28/03/2014;341.93
31/03/2014;341.1
01/04/2014;342.09
02/04/2014;342.14
03/04/2014;343.03
04/04/2014;346.41
07/04/2014;342.8
08/04/2014;343.59
09/04/2014;346.1
10/04/2014;342.82
11/04/2014;340.74
14/04/2014;348.31
15/04/2014;347.09
16/04/2014;349.39
17/04/2014;351.07
22/04/2014;353.65
23/04/2014;350.35
24/04/2014;355.83
25/04/2014;352.67
28/04/2014;354.93
29/04/2014;362.92
30/04/2014;362.09
01/05/2014;362.09
02/05/2014;359.7
05/05/2014;360.05
06/05/2014;357.52
07/05/2014;361.63
08/05/2014;368.79
09/05/2014;365.05
12/05/2014;365.97
13/05/2014;362.86
14/05/2014;363.86
15/05/2014;357.94
16/05/2014;361.87
19/05/2014;360.27
20/05/2014;356.29
21/05/2014;361.98
22/05/2014;361.47
23/05/2014;363.99
26/05/2014;367.41
27/05/2014;365.08
28/05/2014;362.65
29/05/2014;362.65
30/05/2014;361.1
02/06/2014;361.97
03/06/2014;361.13
04/06/2014;356.48
05/06/2014;361.15
06/06/2014;363.84
09/06/2014;365.4
10/06/2014;365.45
11/06/2014;362.91
12/06/2014;367
13/06/2014;371.41
16/06/2014;369.7
17/06/2014;369.34
18/06/2014;371.62
19/06/2014;377.29
20/06/2014;378.37
23/06/2014;378.98
24/06/2014;380.45
25/06/2014;374.46
26/06/2014;372.32
27/06/2014;371.31
30/06/2014;372.08
01/07/2014;374.74
02/07/2014;374.24
03/07/2014;376.3
04/07/2014;375.13
07/07/2014;368.88
08/07/2014;363.14
09/07/2014;364.63
10/07/2014;355.76
11/07/2014;356.72
14/07/2014;359.1
15/07/2014;353.57
16/07/2014;359.97
17/07/2014;353.27
18/07/2014;355.41
21/07/2014;351.7
22/07/2014;361.36
23/07/2014;361.09
24/07/2014;363.09
25/07/2014;358.39
28/07/2014;360.74
29/07/2014;362.88
30/07/2014;350.85
31/07/2014;342.59
01/08/2014;340.47
04/08/2014;342.21
05/08/2014;341.16
06/08/2014;340.66
07/08/2014;336.85
08/08/2014;336.92
11/08/2014;341.16
12/08/2014;335.13
13/08/2014;336.56
14/08/2014;336.69
15/08/2014;334.58
18/08/2014;337.09
19/08/2014;339.71
20/08/2014;340.21
21/08/2014;344.33
22/08/2014;338.85
25/08/2014;346.58
26/08/2014;351.38
27/08/2014;350.65
28/08/2014;347.82
29/08/2014;351.58
01/09/2014;352.78
02/09/2014;350.35
03/09/2014;354.01
04/09/2014;361.32
05/09/2014;359.16
08/09/2014;355.32
09/09/2014;353.01
10/09/2014;351.71
11/09/2014;349.81
12/09/2014;348.53
15/09/2014;344.66
16/09/2014;346.95
17/09/2014;348.49
18/09/2014;349.3
19/09/2014;349.53
22/09/2014;346.62
23/09/2014;339.04
24/09/2014;346.93
25/09/2014;342.91
26/09/2014;348.69
29/09/2014;346.47
30/09/2014;353.37
01/10/2014;348.27
02/10/2014;333.05
03/10/2014;334.75
06/10/2014;333.66
07/10/2014;326.54
08/10/2014;323.25
09/10/2014;320.71
10/10/2014;310.36
13/10/2014;312.91
14/10/2014;310.27
15/10/2014;297.56
16/10/2014;295.59
17/10/2014;306.23
20/10/2014;299
21/10/2014;307.87
22/10/2014;309.25
23/10/2014;314.94
24/10/2014;309.73
27/10/2014;305.83
28/10/2014;312.23
29/10/2014;313.75
30/10/2014;316.84
31/10/2014;321.41
03/11/2014;317.44
04/11/2014;305.96
05/11/2014;313.02
06/11/2014;315.51
07/11/2014;315.41
10/11/2014;320.02
11/11/2014;317.87
12/11/2014;312.91
13/11/2014;309.72
14/11/2014;310.82
17/11/2014;313.89
18/11/2014;317.42
19/11/2014;316.98
20/11/2014;316.64
21/11/2014;328.79
24/11/2014;328.19
25/11/2014;324.84
26/11/2014;323.5
27/11/2014;312.9
28/11/2014;306.2
01/12/2014;301.93
02/12/2014;308.79
03/12/2014;308.58
04/12/2014;299.69
05/12/2014;303.26
08/12/2014;296.61
09/12/2014;289.8
10/12/2014;285.12
11/12/2014;284.63
12/12/2014;273.8
15/12/2014;263.92
16/12/2014;270.8
17/12/2014;278.13
18/12/2014;284.98
19/12/2014;287.03
22/12/2014;285.25
23/12/2014;290.71
24/12/2014;290.1
29/12/2014;289.25
30/12/2014;282.84
31/12/2014;282.73
02/01/2015;283.37
05/01/2015;265.47
06/01/2015;266.14
07/01/2015;270.29
08/01/2015;279.84
09/01/2015;271.09
12/01/2015;271.5
13/01/2015;274.95
14/01/2015;268.91
15/01/2015;277.1
16/01/2015;285.88
19/01/2015;284.4
20/01/2015;286.17
21/01/2015;293.06
22/01/2015;297.78
23/01/2015;301.26
26/01/2015;305.83
27/01/2015;304.89
28/01/2015;300.89
29/01/2015;296.85
30/01/2015;298.76
02/02/2015;306.67
03/02/2015;316.46
04/02/2015;312.1
05/02/2015;315.53
06/02/2015;312.94
09/02/2015;313.79
10/02/2015;310.67
11/02/2015;306.48
12/02/2015;310.96
13/02/2015;313.69
16/02/2015;312.53
17/02/2015;313.53
18/02/2015;316.96
19/02/2015;311.76
20/02/2015;312.64
23/02/2015;313.72
24/02/2015;319.08
25/02/2015;318.91
26/02/2015;318.7
27/02/2015;323.43
02/03/2015;318.39
03/03/2015;317.03
04/03/2015;318
05/03/2015;319.16
06/03/2015;317.04
09/03/2015;317.56
10/03/2015;307.95
11/03/2015;310.46
12/03/2015;310.08
13/03/2015;302.43
16/03/2015;300.56
17/03/2015;303.6
18/03/2015;308.09
19/03/2015;311.52
20/03/2015;320.58
23/03/2015;317.63
24/03/2015;317.48
25/03/2015;315.44
26/03/2015;315.53
27/03/2015;315.22
30/03/2015;318.07
31/03/2015;314.44
01/04/2015;316.01
02/04/2015;313.18
07/04/2015;325.03
08/04/2015;323.3
09/04/2015;328.57
10/04/2015;331.43
13/04/2015;333.98
14/04/2015;333.87
15/04/2015;340.16
16/04/2015;336.95
17/04/2015;332.66
20/04/2015;335.91
21/04/2015;332.84
22/04/2015;331.55
23/04/2015;332.47
24/04/2015;330.43
27/04/2015;337.62
28/04/2015;339.72
29/04/2015;332.2
30/04/2015;332.75
01/05/2015;332.75
04/05/2015;332.66
05/05/2015;329.54
06/05/2015;330.2
07/05/2015;323.34
08/05/2015;331.14
11/05/2015;329.25
12/05/2015;326.52
13/05/2015;327.09
14/05/2015;329.41
15/05/2015;323.8
18/05/2015;321.8
19/05/2015;325.52
20/05/2015;326.59
21/05/2015;328.97
22/05/2015;328.32
25/05/2015;325.1
26/05/2015;321.36
27/05/2015;324.8
28/05/2015;321.73
29/05/2015;316.78
01/06/2015;316.24
02/06/2015;317.98
03/06/2015;318.66
04/06/2015;312.03
05/06/2015;311.2
08/06/2015;304.8
09/06/2015;304.25
10/06/2015;311.42
11/06/2015;313.03
12/06/2015;307.65
15/06/2015;302.58
16/06/2015;302.96
17/06/2015;304.76
18/06/2015;303.88
19/06/2015;304.26
22/06/2015;313.8
23/06/2015;316.92
24/06/2015;318.77
25/06/2015;318.13
26/06/2015;317.94
29/06/2015;305.72
30/06/2015;300.39
01/07/2015;303.01
02/07/2015;302.46
03/07/2015;300.59
06/07/2015;293.29
07/07/2015;285.31
08/07/2015;288.26
09/07/2015;296.22
10/07/2015;303.15
13/07/2015;305.51
14/07/2015;307.18
15/07/2015;308.72
16/07/2015;311.56
17/07/2015;310.16
20/07/2015;310.85
21/07/2015;309.81
22/07/2015;305.07
23/07/2015;304.52
24/07/2015;301.86
27/07/2015;293.31
28/07/2015;296.94
29/07/2015;302.62
30/07/2015;303.84
31/07/2015;304.2
03/08/2015;302.77
04/08/2015;300.05
05/08/2015;304.79
06/08/2015;303.34
07/08/2015;305.67
10/08/2015;306.72
11/08/2015;303.13
12/08/2015;297.4
13/08/2015;297.64
14/08/2015;294.76
17/08/2015;296.65
18/08/2015;292.53
19/08/2015;286.34
20/08/2015;282.45
21/08/2015;273.82
24/08/2015;252.47
25/08/2015;262.58
26/08/2015;255.71
27/08/2015;271.33
28/08/2015;276.33
31/08/2015;274.89
01/09/2015;270.86
02/09/2015;269.04
03/09/2015;276.71
04/09/2015;267.7
07/09/2015;268.17
08/09/2015;270.31
09/09/2015;273.09
10/09/2015;267.99
11/09/2015;265.4
14/09/2015;265.36
15/09/2015;271.96
16/09/2015;278.87
17/09/2015;277.7
18/09/2015;269.19
21/09/2015;268.97
22/09/2015;260.29
23/09/2015;263.87
24/09/2015;257.12
25/09/2015;262.36
28/09/2015;253.93
29/09/2015;256.86
30/09/2015;263.21
01/10/2015;264.96
02/10/2015;270.59
05/10/2015;282.76
06/10/2015;290.75
07/10/2015;296.31
08/10/2015;296.77
09/10/2015;297.5
12/10/2015;295.23
13/10/2015;293.62
14/10/2015;292.19
15/10/2015;294.28
16/10/2015;297.09
19/10/2015;293.05
20/10/2015;290.52
21/10/2015;292.13
22/10/2015;296.13
23/10/2015;295.91
26/10/2015;291.29
27/10/2015;283.83
28/10/2015;288.61
29/10/2015;288.76
30/10/2015;287.57
02/11/2015;289.58
03/11/2015;299.02
04/11/2015;299.86
05/11/2015;297.54
06/11/2015;298.82
09/11/2015;296.37
10/11/2015;297.86
11/11/2015;297.01
12/11/2015;288.69
13/11/2015;285.8
16/11/2015;287.91
17/11/2015;298.26
18/11/2015;300.09
19/11/2015;300.46
20/11/2015;297.37
23/11/2015;296.54
24/11/2015;298.66
25/11/2015;300.97
26/11/2015;305.19
27/11/2015;302.83
30/11/2015;305.37
01/12/2015;303.6
02/12/2015;303.04
03/12/2015;290.98
04/12/2015;285.51
07/12/2015;279.95
08/12/2015;276.05
09/12/2015;279.08
10/12/2015;280.73
11/12/2015;272.7
14/12/2015;265
15/12/2015;275.71
16/12/2015;275.48
17/12/2015;274.28
18/12/2015;273.48
21/12/2015;265.89
22/12/2015;267.46
23/12/2015;277.04
24/12/2015;277.23
28/12/2015;272.72
29/12/2015;276.8
30/12/2015;273.11
31/12/2015;271.36
04/01/2016;266.3
05/01/2016;264.87
06/01/2016;260.59
07/01/2016;255.02
08/01/2016;246.07
11/01/2016;245.21
12/01/2016;245.09
13/01/2016;248.68
14/01/2016;253.65
15/01/2016;245.21
18/01/2016;245.49
19/01/2016;249.22
20/01/2016;237.13
21/01/2016;244.28
22/01/2016;254.46
25/01/2016;250.04
26/01/2016;256.64
27/01/2016;258.8
28/01/2016;260.57
29/01/2016;265.24
01/02/2016;260.42
02/02/2016;249.16
03/02/2016;250.16
04/02/2016;256.24
05/02/2016;254.54
08/02/2016;247.49
09/02/2016;238.95
10/02/2016;237.57
11/02/2016;227.68
12/02/2016;243.42
15/02/2016;248.15
16/02/2016;247.69
17/02/2016;253.65
18/02/2016;252.23
19/02/2016;251.77
22/02/2016;259.19
23/02/2016;252.82
24/02/2016;247.95
25/02/2016;253.61
26/02/2016;262.23
29/02/2016;265.92
01/03/2016;269.14
02/03/2016;272.47
03/03/2016;274.33
04/03/2016;276.65
07/03/2016;278.52
08/03/2016;272.2
09/03/2016;273.6
10/03/2016;265.35
11/03/2016;274.17
14/03/2016;273.71
15/03/2016;269.82
16/03/2016;272.68
17/03/2016;279.01
18/03/2016;278.97
21/03/2016;272.37
22/03/2016;272.91
23/03/2016;268.39
24/03/2016;263.51
29/03/2016;262.58
30/03/2016;269.47
31/03/2016;263.79
01/04/2016;255.83
04/04/2016;256.83
05/04/2016;251.23
06/04/2016;254.17
07/04/2016;251.44
08/04/2016;260.54
11/04/2016;261.95
12/04/2016;266.05
13/04/2016;276.12
14/04/2016;278.14
15/04/2016;275.97
18/04/2016;275.05
19/04/2016;279.78
20/04/2016;282.91
21/04/2016;284.87
22/04/2016;286.15
25/04/2016;284.02
26/04/2016;285.25
27/04/2016;290.94
28/04/2016;292.63
29/04/2016;286.38
02/05/2016;284.97
03/05/2016;276.92
04/05/2016;273.69
05/05/2016;277.51
06/05/2016;279.07
09/05/2016;273.61
10/05/2016;277.59
11/05/2016;277.94
12/05/2016;278.12
13/05/2016;278.42
16/05/2016;280.7
17/05/2016;279.77
18/05/2016;280.59
19/05/2016;274.08
20/05/2016;278.48
23/05/2016;273.83
24/05/2016;279.35
25/05/2016;285.89
26/05/2016;286.02
27/05/2016;285.06
30/05/2016;285.06
31/05/2016;283.4
01/06/2016;279.87
02/06/2016;276.9
03/06/2016;275.83
06/06/2016;279.15
07/06/2016;286.67
08/06/2016;285.7
09/06/2016;282.49
10/06/2016;277.11
13/06/2016;272.48
14/06/2016;264.55
15/06/2016;267.03
16/06/2016;265.87
17/06/2016;272.55
20/06/2016;281.46
21/06/2016;283.31
22/06/2016;282.78
23/06/2016;288.31
24/06/2016;266.87
27/06/2016;263.72
28/06/2016;270.76
29/06/2016;282.06
30/06/2016;285.61
01/07/2016;289.21
04/07/2016;286.19
05/07/2016;281.5
06/07/2016;275.76
07/07/2016;277.9
08/07/2016;282.51
11/07/2016;286.96
12/07/2016;290.94
13/07/2016;288.34
14/07/2016;292.74
15/07/2016;290.78
18/07/2016;288.49
19/07/2016;288.47
20/07/2016;288
21/07/2016;287.44
22/07/2016;285.82
25/07/2016;280.38
26/07/2016;281.04
27/07/2016;282.44
28/07/2016;279.69
29/07/2016;280.84
01/08/2016;276.85
02/08/2016;271.99
03/08/2016;273.5
04/08/2016;277.33
05/08/2016;281.62
08/08/2016;283.2
09/08/2016;285.45
10/08/2016;284.06
11/08/2016;287.39
12/08/2016;287.29
15/08/2016;287.84
16/08/2016;288.55
17/08/2016;286.7
18/08/2016;289.54
19/08/2016;285.88
22/08/2016;282.93
23/08/2016;285.43
24/08/2016;284.85
25/08/2016;283.33
26/08/2016;288.21
29/08/2016;285.65
30/08/2016;288.72
31/08/2016;284.78
01/09/2016;283.53
02/09/2016;291
05/09/2016;293.02
06/09/2016;291.46
07/09/2016;294.48
08/09/2016;294.82
09/09/2016;290.85
12/09/2016;287.66
13/09/2016;278.78
14/09/2016;276.52
15/09/2016;277.07
16/09/2016;271.23
19/09/2016;275.62
20/09/2016;273.31
21/09/2016;274
22/09/2016;281.18
23/09/2016;278.9
26/09/2016;274.16
27/09/2016;269.23
28/09/2016;270.67
29/09/2016;281.83
30/09/2016;279.53
03/10/2016;280.39
04/10/2016;284.59
05/10/2016;286.18
06/10/2016;286.17
07/10/2016;285.55
10/10/2016;291.43
11/10/2016;288.31
12/10/2016;289.55
13/10/2016;288.14
14/10/2016;292.63
17/10/2016;289.36
18/10/2016;292.7
19/10/2016;294.28
20/10/2016;296.78
21/10/2016;296.65
24/10/2016;296.61
25/10/2016;296.21
26/10/2016;293.3
27/10/2016;296.4
28/10/2016;294.95
31/10/2016;290.35
01/11/2016;287.22
02/11/2016;281.61
03/11/2016;281.16
04/11/2016;279.29
07/11/2016;283.8
08/11/2016;285.4
09/11/2016;286.26
10/11/2016;286.62
11/11/2016;280.6
14/11/2016;277.85
15/11/2016;286
16/11/2016;284.85
17/11/2016;287.43
18/11/2016;283.62
21/11/2016;288.73
22/11/2016;289.8
23/11/2016;289.6
24/11/2016;290.56
25/11/2016;289.73
28/11/2016;288.11
29/11/2016;287.5
30/11/2016;296.08
01/12/2016;299.32
02/12/2016;297.92
05/12/2016;299.37
06/12/2016;301.17
07/12/2016;304.84
08/12/2016;305.98
09/12/2016;307.4
12/12/2016;312.46
13/12/2016;315.18
14/12/2016;313.48
15/12/2016;315.64
16/12/2016;320.1
19/12/2016;317.5
20/12/2016;320.85
21/12/2016;318.05
22/12/2016;320.49
23/12/2016;322.01
27/12/2016;322.32
28/12/2016;323.59
29/12/2016;323.84
30/12/2016;324.01
02/01/2017;326.04
03/01/2017;327
04/01/2017;326.68
05/01/2017;326.31
06/01/2017;325.88
09/01/2017;320.97
10/01/2017;322.08
11/01/2017;323.93
12/01/2017;324.38
13/01/2017;326.21
16/01/2017;322.92
17/01/2017;321.97
18/01/2017;322.41
19/01/2017;319.24
20/01/2017;321.45
23/01/2017;316.95
24/01/2017;318.14
25/01/2017;320.13
26/01/2017;318.8
27/01/2017;315.9
30/01/2017;309.71
31/01/2017;307.79
01/02/2017;308.61
02/02/2017;307.35
03/02/2017;312.14
06/02/2017;310.18
07/02/2017;306.66
08/02/2017;307.17
09/02/2017;311.16
10/02/2017;313.55
13/02/2017;315.66
14/02/2017;315.03
15/02/2017;314.81
16/02/2017;314.55
17/02/2017;311.39
20/02/2017;312.95
21/02/2017;317.51
22/02/2017;316.11
23/02/2017;316.72
24/02/2017;313.52
27/02/2017;312.11
28/02/2017;312.12
01/03/2017;318.16
02/03/2017;318.68
03/03/2017;320.4
06/03/2017;318.75
07/03/2017;317.45
08/03/2017;314.28
09/03/2017;311.23
10/03/2017;313.55
13/03/2017;313.33
14/03/2017;308.31
15/03/2017;312.37
16/03/2017;315.05
17/03/2017;314.95
20/03/2017;309.7
21/03/2017;311.1
22/03/2017;310.96
23/03/2017;312.81
24/03/2017;310.87
27/03/2017;310.14
28/03/2017;312.38
29/03/2017;314.74
30/03/2017;318.26
31/03/2017;319.2
03/04/2017;316.42
04/04/2017;320.24
05/04/2017;321.84
06/04/2017;324.63
07/04/2017;327.12
10/04/2017;325.67
11/04/2017;325.95
12/04/2017;325.87
13/04/2017;322.02
18/04/2017;315.94
19/04/2017;314.67
20/04/2017;315.32
21/04/2017;311.6
24/04/2017;317.96
25/04/2017;317.98
26/04/2017;318.9
27/04/2017;313.47
28/04/2017;313.55
01/05/2017;313.55
02/05/2017;313.37
03/05/2017;312.53
04/05/2017;313.3
05/05/2017;319.12
08/05/2017;318.28
09/05/2017;319.15
10/05/2017;321.46
11/05/2017;320.4
12/05/2017;320.12
15/05/2017;323.5
16/05/2017;325.21
17/05/2017;322.4
18/05/2017;321.06
19/05/2017;323.46
22/05/2017;323.82
23/05/2017;323.12
24/05/2017;322.47
25/05/2017;318.73
26/05/2017;314.92
29/05/2017;315.18
30/05/2017;314.92
31/05/2017;311.93
01/06/2017;312.85
02/06/2017;310.16
05/06/2017;305.86
06/06/2017;306.21
07/06/2017;303.32
08/06/2017;304.38
09/06/2017;305.26
12/06/2017;304.18
13/06/2017;304.51
14/06/2017;299.74
15/06/2017;297.48
16/06/2017;298.78
19/06/2017;301.28
20/06/2017;296.23
21/06/2017;295.73
22/06/2017;294.86
23/06/2017;293.38
26/06/2017;293.59
27/06/2017;294.74
28/06/2017;295.15
29/06/2017;291.4
30/06/2017;288.48
03/07/2017;294.1
04/07/2017;293.62
05/07/2017;289.11
06/07/2017;287.83
07/07/2017;283.95
10/07/2017;285.89
11/07/2017;285.89
12/07/2017;289.21
13/07/2017;289.88
14/07/2017;291.72
17/07/2017;291.36
18/07/2017;289.1
19/07/2017;291.28
20/07/2017;291.56
21/07/2017;287.55
24/07/2017;287.06
25/07/2017;289.22
26/07/2017;291.44
27/07/2017;289.29
28/07/2017;290.06
31/07/2017;289.59
01/08/2017;292.05
02/08/2017;292.92
03/08/2017;292.16
04/08/2017;294.39
07/08/2017;294.08
08/08/2017;294.25
09/08/2017;291.88
10/08/2017;291.53
11/08/2017;286.17
14/08/2017;287.24
15/08/2017;286.28
16/08/2017;287.92
17/08/2017;285.72
18/08/2017;284.77
21/08/2017;284.89
22/08/2017;287.41
23/08/2017;288.5
24/08/2017;287.14
25/08/2017;286.8
28/08/2017;285.68
29/08/2017;284.53
30/08/2017;286.71
31/08/2017;288.72
01/09/2017;291.16
04/09/2017;290.64
05/09/2017;292.58
06/09/2017;293.62
07/09/2017;294.75
08/09/2017;291.98
11/09/2017;294.44
12/09/2017;295.32
13/09/2017;296.58
14/09/2017;298.55
15/09/2017;298.08
18/09/2017;297.56
19/09/2017;299.34
20/09/2017;301.94
21/09/2017;303.11
22/09/2017;303.97
25/09/2017;304.17
26/09/2017;303.05
27/09/2017;302.1
28/09/2017;303.31
29/09/2017;304.08
02/10/2017;303.1
03/10/2017;305.44
04/10/2017;302.46
05/10/2017;305.27
06/10/2017;303.33
09/10/2017;303.69
10/10/2017;303.87
11/10/2017;305.26
12/10/2017;303.82
13/10/2017;305.79
16/10/2017;306.7
17/10/2017;305.33
18/10/2017;304.62
19/10/2017;304.02
20/10/2017;304.54
23/10/2017;305.12
24/10/2017;307.41
25/10/2017;303.92
26/10/2017;308.95
27/10/2017;312.66
30/10/2017;316.15
31/10/2017;317.7
01/11/2017;320.77
02/11/2017;322.48
03/11/2017;322.31
06/11/2017;322.72
07/11/2017;325.49
08/11/2017;324.83
09/11/2017;322.75
10/11/2017;320.03
13/11/2017;317.33
14/11/2017;312.72
15/11/2017;307.45
16/11/2017;306.79
17/11/2017;306.87
20/11/2017;307.75
21/11/2017;310.6
22/11/2017;312.29
23/11/2017;312.37
24/11/2017;311.25
27/11/2017;309.83
28/11/2017;312.86
29/11/2017;314.4
30/11/2017;313.99
01/12/2017;314.31
04/12/2017;316.93
05/12/2017;315.17
06/12/2017;313.64
07/12/2017;313.51
08/12/2017;312.3
11/12/2017;313.97
12/12/2017;317.53
13/12/2017;314.64
14/12/2017;313.85
15/12/2017;309.97
18/12/2017;314.96
19/12/2017;310.14
20/12/2017;310.91
21/12/2017;314.04
22/12/2017;313.55
27/12/2017;314.2
28/12/2017;312.91
29/12/2017;309.81
02/01/2018;311.16
03/01/2018;314.71
04/01/2018;320.43
05/01/2018;322.43
08/01/2018;324.13
09/01/2018;325.11
10/01/2018;324.91
