11/12/2000;344.47
12/12/2000;347.87
13/12/2000;354.08
14/12/2000;343.83
15/12/2000;338.43
18/12/2000;342.65
19/12/2000;349.37
20/12/2000;338.49
21/12/2000;338.25
22/12/2000;338.43
27/12/2000;348.63
28/12/2000;352.26
29/12/2000;346.93
02/01/2001;347.82
03/01/2001;348.32
04/01/2001;343.15
05/01/2001;344.51
08/01/2001;345.46
09/01/2001;337.95
10/01/2001;334.18
11/01/2001;341.72
12/01/2001;343.63
15/01/2001;353.3
16/01/2001;345.04
17/01/2001;347.22
18/01/2001;345.19
19/01/2001;343.4
22/01/2001;346.7
23/01/2001;343.44
24/01/2001;348.33
25/01/2001;354.52
26/01/2001;356.49
29/01/2001;357.3
30/01/2001;351.67
31/01/2001;355.38
01/02/2001;350.67
02/02/2001;353.69
05/02/2001;361.26
06/02/2001;362.12
07/02/2001;358.47
08/02/2001;362.57
09/02/2001;367.57
12/02/2001;367.14
13/02/2001;363.11
14/02/2001;364.62
15/02/2001;361.06
16/02/2001;356.93
19/02/2001;358.98
20/02/2001;356.91
21/02/2001;354.42
22/02/2001;353.74
23/02/2001;350.74
26/02/2001;352.99
27/02/2001;354.2
28/02/2001;351.43
01/03/2001;351.87
02/03/2001;350.06
05/03/2001;354.09
06/03/2001;356.39
07/03/2001;360.29
08/03/2001;360.08
09/03/2001;356.68
12/03/2001;354.93
13/03/2001;347.78
14/03/2001;349.8
15/03/2001;356.34
16/03/2001;351.5
19/03/2001;348.79
20/03/2001;351.25
21/03/2001;352.93
22/03/2001;346.55
23/03/2001;338.98
26/03/2001;345.84
27/03/2001;354.25
28/03/2001;354.06
29/03/2001;353.98
30/03/2001;356.32
02/04/2001;356.65
03/04/2001;347.71
04/04/2001;346.68
05/04/2001;350.73
06/04/2001;353.36
09/04/2001;362.61
10/04/2001;370.6
11/04/2001;367.6
12/04/2001;367.51
17/04/2001;372.16
18/04/2001;365.5
19/04/2001;363.07
20/04/2001;364.68
23/04/2001;368.8
24/04/2001;372.18
25/04/2001;373.92
26/04/2001;380.38
27/04/2001;383.93
30/04/2001;381.61
02/05/2001;374.88
03/05/2001;362.06
04/05/2001;369.58
07/05/2001;373.9
08/05/2001;372.05
09/05/2001;377.05
10/05/2001;380.6
11/05/2001;377.22
14/05/2001;371.79
15/05/2001;381.86
16/05/2001;382.72
17/05/2001;383.7
18/05/2001;393.29
21/05/2001;395.53
22/05/2001;396.69
23/05/2001;394.5
24/05/2001;396.16
25/05/2001;396.64
28/05/2001;397.81
29/05/2001;400.63
30/05/2001;399.87
31/05/2001;397.5
01/06/2001;402.54
04/06/2001;405.04
05/06/2001;408.84
06/06/2001;400.75
07/06/2001;399.6
08/06/2001;399.21
11/06/2001;400.45
12/06/2001;400.55
13/06/2001;400.78
14/06/2001;396.21
15/06/2001;399.08
18/06/2001;390.69
19/06/2001;392.43
20/06/2001;395.07
21/06/2001;389.75
22/06/2001;388.18
25/06/2001;390.95
26/06/2001;388.53
27/06/2001;385.79
28/06/2001;375.74
29/06/2001;378.41
02/07/2001;377.24
03/07/2001;369.9
04/07/2001;373.74
05/07/2001;379.16
06/07/2001;373.29
09/07/2001;373.5
10/07/2001;366.06
11/07/2001;361.03
12/07/2001;365.03
13/07/2001;367.2
16/07/2001;365.58
17/07/2001;361
18/07/2001;347.31
19/07/2001;353.51
20/07/2001;356.63
23/07/2001;358.6
24/07/2001;351.52
25/07/2001;352.88
26/07/2001;361.32
27/07/2001;363.51
30/07/2001;366.03
31/07/2001;370.53
01/08/2001;371.97
02/08/2001;362.39
03/08/2001;356.17
06/08/2001;359.67
07/08/2001;362.42
08/08/2001;362.56
09/08/2001;356.39
10/08/2001;353.59
13/08/2001;358.81
14/08/2001;362.21
15/08/2001;361.84
16/08/2001;361.94
17/08/2001;357.46
20/08/2001;356.08
21/08/2001;359.07
22/08/2001;362.06
23/08/2001;362.83
24/08/2001;367.22
27/08/2001;367.42
28/08/2001;361.91
29/08/2001;363.75
30/08/2001;358.78
31/08/2001;360.62
03/09/2001;358.73
04/09/2001;365.43
05/09/2001;364.63
06/09/2001;361.39
07/09/2001;352.9
10/09/2001;349.11
11/09/2001;355.47
12/09/2001;341.72
13/09/2001;337.67
14/09/2001;325
17/09/2001;334.92
18/09/2001;334.74
19/09/2001;317.2
20/09/2001;303.44
21/09/2001;289.44
24/09/2001;302.74
25/09/2001;300.98
26/09/2001;307.05
27/09/2001;318.63
28/09/2001;333.52
01/10/2001;318.49
02/10/2001;326.94
03/10/2001;327.35
04/10/2001;339.16
05/10/2001;334.94
08/10/2001;335.36
09/10/2001;335.13
10/10/2001;349.31
11/10/2001;350.54
12/10/2001;353.17
15/10/2001;345.82
16/10/2001;345.03
17/10/2001;353.82
18/10/2001;340.44
19/10/2001;327.37
22/10/2001;334.82
23/10/2001;344.21
24/10/2001;337.77
25/10/2001;333.69
26/10/2001;347.09
29/10/2001;342.16
30/10/2001;335.32
31/10/2001;337.93
01/11/2001;339.95
02/11/2001;336.83
05/11/2001;341.88
06/11/2001;332.09
07/11/2001;333.87
08/11/2001;339.33
09/11/2001;343.27
12/11/2001;334.23
13/11/2001;347.01
14/11/2001;326.99
15/11/2001;304.52
16/11/2001;311.4
19/11/2001;313.76
20/11/2001;323.88
21/11/2001;323.8
22/11/2001;328.66
23/11/2001;326.3
26/11/2001;317.72
27/11/2001;318.74
28/11/2001;316.21
29/11/2001;317.81
30/11/2001;315.25
03/12/2001;318.36
04/12/2001;320.71
05/12/2001;328.01
06/12/2001;325.56
07/12/2001;318.86
10/12/2001;316.45
11/12/2001;317.96
12/12/2001;314.52
13/12/2001;311.11
14/12/2001;308.82
17/12/2001;317.31
18/12/2001;316.25
19/12/2001;315.03
20/12/2001;315.12
21/12/2001;325.62
24/12/2001;327.86
27/12/2001;334.28
28/12/2001;337.21
02/01/2002;326.21
03/01/2002;329.84
04/01/2002;330.31
07/01/2002;327.36
08/01/2002;325.51
09/01/2002;325.21
10/01/2002;323.94
11/01/2002;325.99
14/01/2002;320.1
15/01/2002;325.06
16/01/2002;322.49
17/01/2002;323.76
18/01/2002;321.64
21/01/2002;320.91
22/01/2002;320.35
23/01/2002;330.18
24/01/2002;332.66
25/01/2002;337.4
28/01/2002;343.34
29/01/2002;336.18
30/01/2002;337.01
31/01/2002;342.8
01/02/2002;346.95
04/02/2002;345.21
05/02/2002;337.69
06/02/2002;340.67
07/02/2002;338.29
08/02/2002;336.73
11/02/2002;336.15
12/02/2002;340.25
13/02/2002;342.53
14/02/2002;347.67
15/02/2002;349.1
18/02/2002;348.77
19/02/2002;344.9
20/02/2002;339.91
21/02/2002;345.3
22/02/2002;345.15
25/02/2002;351.23
26/02/2002;354.21
27/02/2002;360.22
28/02/2002;357.05
01/03/2002;360.35
04/03/2002;363.6
05/03/2002;362.41
06/03/2002;361.44
07/03/2002;366.32
08/03/2002;366.61
11/03/2002;370.32
12/03/2002;372.16
13/03/2002;371.42
14/03/2002;367.28
15/03/2002;370.65
18/03/2002;367.98
19/03/2002;371.3
20/03/2002;371.39
21/03/2002;367.71
22/03/2002;370.13
25/03/2002;365.15
26/03/2002;367.19
27/03/2002;372.09
28/03/2002;378.56
02/04/2002;380.44
03/04/2002;379.35
04/04/2002;369.93
05/04/2002;368.02
08/04/2002;367.99
09/04/2002;364.94
10/04/2002;365.55
11/04/2002;360.76
12/04/2002;358.1
15/04/2002;363.41
16/04/2002;369.28
17/04/2002;365.61
18/04/2002;367.37
19/04/2002;367.33
22/04/2002;368.66
23/04/2002;363.77
24/04/2002;357.87
25/04/2002;354.84
26/04/2002;351.04
29/04/2002;350.26
30/04/2002;358.1
02/05/2002;358.55
03/05/2002;362.82
06/05/2002;359.87
07/05/2002;354.28
08/05/2002;358.94
09/05/2002;359.19
10/05/2002;357.47
13/05/2002;359.74
14/05/2002;368.43
15/05/2002;367.26
16/05/2002;366.98
17/05/2002;359.61
20/05/2002;357.68
21/05/2002;360.65
22/05/2002;354.93
23/05/2002;357.32
24/05/2002;360.99
27/05/2002;359.86
28/05/2002;351.87
29/05/2002;350.37
30/05/2002;346.04
31/05/2002;353.64
03/06/2002;350.74
04/06/2002;344.4
05/06/2002;338.95
06/06/2002;338.82
07/06/2002;336.4
10/06/2002;333.84
11/06/2002;339.01
12/06/2002;332.92
13/06/2002;329.96
14/06/2002;319.68
17/06/2002;332.86
18/06/2002;333.84
19/06/2002;330.11
20/06/2002;326.39
21/06/2002;321.92
24/06/2002;317.98
25/06/2002;326.89
26/06/2002;321.61
27/06/2002;323.13
28/06/2002;334.81
01/07/2002;338.18
02/07/2002;331.16
03/07/2002;325.71
04/07/2002;332.39
05/07/2002;343.52
08/07/2002;342.66
09/07/2002;338.97
10/07/2002;326.55
11/07/2002;315.25
12/07/2002;310.08
15/07/2002;287.83
16/07/2002;285.69
17/07/2002;295.17
18/07/2002;297.84
19/07/2002;283.37
22/07/2002;266.17
23/07/2002;265.52
24/07/2002;263.29
25/07/2002;274.55
26/07/2002;277.32
29/07/2002;292.24
30/07/2002;294.14
31/07/2002;303.2
01/08/2002;285.52
02/08/2002;287.95
05/08/2002;285.69
06/08/2002;297.45
07/08/2002;294.89
08/08/2002;306
09/08/2002;310.76
12/08/2002;300.08
13/08/2002;304.36
14/08/2002;295.77
15/08/2002;307.17
16/08/2002;307.6
19/08/2002;312.11
20/08/2002;306.88
21/08/2002;306.04
22/08/2002;314.4
23/08/2002;310.17
26/08/2002;308.42
27/08/2002;316.43
28/08/2002;302.1
29/08/2002;295.69
30/08/2002;301.24
02/09/2002;297.84
03/09/2002;280.04
04/09/2002;278.66
05/09/2002;279.64
06/09/2002;291.75
09/09/2002;288.47
10/09/2002;296.85
11/09/2002;301.02
12/09/2002;289.64
13/09/2002;285.14
16/09/2002;289.02
17/09/2002;283.18
18/09/2002;272.94
19/09/2002;269.53
20/09/2002;268.96
23/09/2002;265.89
24/09/2002;262.48
25/09/2002;262.24
26/09/2002;277.1
27/09/2002;281.68
30/09/2002;267.12
01/10/2002;275.69
02/10/2002;283.9
03/10/2002;278.16
04/10/2002;273.84
07/10/2002;273.08
08/10/2002;266.11
09/10/2002;262.11
10/10/2002;267.6
11/10/2002;276.79
14/10/2002;273.24
15/10/2002;286.12
16/10/2002;281.85
17/10/2002;289.38
18/10/2002;288.53
21/10/2002;285.68
22/10/2002;273.87
23/10/2002;267.74
24/10/2002;276.12
25/10/2002;272.63
28/10/2002;270.47
29/10/2002;255.4
30/10/2002;264.55
31/10/2002;271.34
01/11/2002;270.68
04/11/2002;270.88
05/11/2002;269.21
06/11/2002;265.85
07/11/2002;261.92
08/11/2002;264.43
11/11/2002;266.52
12/11/2002;268.22
13/11/2002;265.21
14/11/2002;267.14
15/11/2002;269.54
18/11/2002;272.3
19/11/2002;274.36
20/11/2002;269.14
21/11/2002;273.86
22/11/2002;269.42
25/11/2002;267.49
26/11/2002;264.11
27/11/2002;272.13
28/11/2002;273.67
29/11/2002;272.8
02/12/2002;269.07
03/12/2002;269.52
04/12/2002;266.41
05/12/2002;266.49
06/12/2002;266.53
09/12/2002;263.97
10/12/2002;263.93
11/12/2002;267.1
12/12/2002;263.97
13/12/2002;261.91
16/12/2002;270.3
17/12/2002;268.43
18/12/2002;263.92
19/12/2002;265.35
20/12/2002;268.2
23/12/2002;273.7
27/12/2002;266.15
30/12/2002;270.07
02/01/2003;276.93
03/01/2003;274.63
06/01/2003;277.67
07/01/2003;274.12
08/01/2003;268.59
09/01/2003;269.81
10/01/2003;269.45
13/01/2003;264.59
14/01/2003;262.98
15/01/2003;261.57
16/01/2003;262.93
17/01/2003;258.59
20/01/2003;251.92
21/01/2003;248.03
22/01/2003;242.76
23/01/2003;240.87
24/01/2003;238.06
27/01/2003;230.55
28/01/2003;234.51
29/01/2003;243.2
30/01/2003;246.38
31/01/2003;247.45
03/02/2003;250.48
04/02/2003;245.25
05/02/2003;250.1
06/02/2003;240.44
07/02/2003;236.41
10/02/2003;238.52
11/02/2003;242.89
12/02/2003;237.19
13/02/2003;233.57
14/02/2003;238.15
17/02/2003;241.57
18/02/2003;246.07
19/02/2003;240.29
20/02/2003;240.64
21/02/2003;245.75
24/02/2003;246.84
25/02/2003;243.04
26/02/2003;238.8
27/02/2003;240.56
28/02/2003;241.36
03/03/2003;242.78
04/03/2003;242.07
05/03/2003;241.07
06/03/2003;239.96
07/03/2003;234.14
10/03/2003;231.21
11/03/2003;232.62
12/03/2003;220.53
13/03/2003;233.55
14/03/2003;238.65
17/03/2003;247.49
18/03/2003;244.3
19/03/2003;247.57
20/03/2003;245.83
21/03/2003;252.45
24/03/2003;244.22
25/03/2003;250.31
26/03/2003;252.13
27/03/2003;244.96
28/03/2003;246.37
31/03/2003;237.61
01/04/2003;244.59
02/04/2003;245.39
03/04/2003;247.69
04/04/2003;250.51
07/04/2003;255.88
08/04/2003;250.61
09/04/2003;251.12
10/04/2003;245.99
11/04/2003;247.13
14/04/2003;248.42
15/04/2003;250.4
16/04/2003;246.08
17/04/2003;247.13
22/04/2003;248.14
23/04/2003;249.21
24/04/2003;243.59
25/04/2003;236.78
28/04/2003;242.76
29/04/2003;239.14
30/04/2003;236.32
01/05/2003;235.82
02/05/2003;241.31
05/05/2003;241.96
06/05/2003;246.47
07/05/2003;246.43
08/05/2003;241.93
09/05/2003;244.21
12/05/2003;245.18
13/05/2003;245.49
14/05/2003;244.39
15/05/2003;248.75
16/05/2003;247.13
19/05/2003;240.97
20/05/2003;243.45
21/05/2003;241.88
22/05/2003;245.74
23/05/2003;243.4
26/05/2003;242.62
27/05/2003;244.95
28/05/2003;249
29/05/2003;247.54
30/05/2003;246.21
02/06/2003;250.98
03/06/2003;250.99
04/06/2003;256.27
05/06/2003;253.09
06/06/2003;257.24
09/06/2003;254
10/06/2003;257.43
11/06/2003;262.21
12/06/2003;266.47
13/06/2003;261.58
16/06/2003;264.75
17/06/2003;263.34
18/06/2003;266.27
19/06/2003;261.56
20/06/2003;265.03
23/06/2003;261.83
24/06/2003;261.73
25/06/2003;261.62
26/06/2003;260.43
27/06/2003;258.85
30/06/2003;255.95
01/07/2003;250.77
02/07/2003;253.44
03/07/2003;252.49
04/07/2003;253.09
07/07/2003;258.48
08/07/2003;255.92
09/07/2003;253.33
10/07/2003;249.14
11/07/2003;252.52
14/07/2003;254.41
15/07/2003;249.53
16/07/2003;249.01
17/07/2003;252.14
18/07/2003;251.71
21/07/2003;251.29
22/07/2003;253.63
23/07/2003;251.96
24/07/2003;254.39
25/07/2003;248.53
28/07/2003;251.78
29/07/2003;249.05
30/07/2003;250.41
31/07/2003;253.87
01/08/2003;248.98
04/08/2003;248.5
05/08/2003;251.47
06/08/2003;248.82
07/08/2003;252.86
08/08/2003;258.52
11/08/2003;262.94
12/08/2003;262.49
13/08/2003;260.41
14/08/2003;265.57
15/08/2003;263.87
18/08/2003;267.7
19/08/2003;265.89
20/08/2003;264.17
21/08/2003;266.84
22/08/2003;267.93
25/08/2003;266.52
26/08/2003;263.5
27/08/2003;265.32
28/08/2003;267.1
29/08/2003;262.13
01/09/2003;264.16
02/09/2003;266.98
03/09/2003;271.14
04/09/2003;271.34
05/09/2003;267.15
08/09/2003;270.36
09/09/2003;265.19
10/09/2003;263.72
11/09/2003;264.9
12/09/2003;261.74
15/09/2003;259.63
16/09/2003;262.4
17/09/2003;261.38
18/09/2003;259.26
19/09/2003;256.85
22/09/2003;254.69
23/09/2003;253.42
24/09/2003;255.8
25/09/2003;257.36
26/09/2003;252.18
29/09/2003;250.29
30/09/2003;246.72
01/10/2003;251.86
02/10/2003;251.08
03/10/2003;256.79
06/10/2003;255.82
07/10/2003;253.84
08/10/2003;252.23
09/10/2003;256.8
10/10/2003;256.15
13/10/2003;262.01
14/10/2003;260.73
15/10/2003;261.79
16/10/2003;260.47
17/10/2003;259.5
20/10/2003;258.9
21/10/2003;257.25
22/10/2003;254.51
23/10/2003;250.64
24/10/2003;249.59
27/10/2003;250.9
28/10/2003;251.47
29/10/2003;251.06
30/10/2003;251.09
31/10/2003;252.58
03/11/2003;257.16
04/11/2003;257.51
05/11/2003;255.97
06/11/2003;257.03
07/11/2003;258.28
10/11/2003;256.36
11/11/2003;255.34
12/11/2003;252.74
13/11/2003;252.74
14/11/2003;255.08
17/11/2003;250.92
18/11/2003;248.66
19/11/2003;248.82
20/11/2003;248.94
21/11/2003;248.96
24/11/2003;253.2
25/11/2003;252.18
26/11/2003;251.33
27/11/2003;251.64
28/11/2003;250.24
01/12/2003;254.78
02/12/2003;253.44
03/12/2003;254.19
04/12/2003;253.98
05/12/2003;254.08
08/12/2003;253.95
09/12/2003;259.96
10/12/2003;260.47
11/12/2003;261.75
12/12/2003;262.14
15/12/2003;261.36
16/12/2003;261.69
17/12/2003;265.24
18/12/2003;270.22
19/12/2003;271.67
22/12/2003;271.7
23/12/2003;269.66
24/12/2003;270.7
29/12/2003;271.89
30/12/2003;272.8
31/12/2003;274.02
02/01/2004;276.2
05/01/2004;276.95
06/01/2004;276.11
07/01/2004;269.98
08/01/2004;269.68
09/01/2004;260.93
12/01/2004;263.05
13/01/2004;264.26
14/01/2004;261.28
15/01/2004;262.33
16/01/2004;262.13
19/01/2004;264.83
20/01/2004;263.57
21/01/2004;268.28
22/01/2004;265.56
23/01/2004;264.29
26/01/2004;263.44
27/01/2004;263.61
28/01/2004;266.44
29/01/2004;265.89
30/01/2004;262.23
02/02/2004;262.24
03/02/2004;262.29
04/02/2004;262.99
05/02/2004;259.69
06/02/2004;257.33
09/02/2004;261.56
10/02/2004;259.65
11/02/2004;259.89
12/02/2004;259.64
13/02/2004;258.56
16/02/2004;260.76
17/02/2004;262.02
18/02/2004;261.65
19/02/2004;264.24
20/02/2004;267.2
23/02/2004;269.36
24/02/2004;266.94
25/02/2004;269.99
26/02/2004;274.48
27/02/2004;273.32
01/03/2004;279.12
02/03/2004;281.77
03/03/2004;282.65
04/03/2004;282.36
05/03/2004;278.76
08/03/2004;281.41
09/03/2004;278.68
10/03/2004;283.92
11/03/2004;277.03
12/03/2004;275.48
15/03/2004;274.04
16/03/2004;274.23
17/03/2004;277.73
18/03/2004;273.31
19/03/2004;276.85
22/03/2004;271.51
23/03/2004;270.21
24/03/2004;271.48
25/03/2004;270.28
26/03/2004;272.45
29/03/2004;276.09
30/03/2004;279.49
31/03/2004;278.29
01/04/2004;278.93
02/04/2004;284.25
05/04/2004;290.6
06/04/2004;292.18
07/04/2004;290.43
08/04/2004;292.82
13/04/2004;299.53
14/04/2004;295.54
15/04/2004;299.78
16/04/2004;302
19/04/2004;300.24
20/04/2004;299.89
21/04/2004;296.72
22/04/2004;297.23
23/04/2004;298.31
26/04/2004;298.3
27/04/2004;298.32
28/04/2004;296.87
29/04/2004;293.72
30/04/2004;291.67
03/05/2004;293.84
04/05/2004;296.61
05/05/2004;298.89
06/05/2004;298.68
07/05/2004;300.02
10/05/2004;291.72
11/05/2004;293.6
12/05/2004;292.62
13/05/2004;296.17
14/05/2004;296.71
17/05/2004;292.17
18/05/2004;289.46
19/05/2004;291.72
20/05/2004;290.77
21/05/2004;290.17
24/05/2004;291.56
25/05/2004;295.19
26/05/2004;297.69
27/05/2004;294.46
28/05/2004;292.01
31/05/2004;293.01
01/06/2004;293.54
02/06/2004;295.74
03/06/2004;296.8
04/06/2004;295.62
07/06/2004;296.86
08/06/2004;298.93
09/06/2004;296.3
10/06/2004;298.4
11/06/2004;299
14/06/2004;295.42
15/06/2004;298.49
16/06/2004;305.03
17/06/2004;306.8
18/06/2004;309.43
21/06/2004;306.18
22/06/2004;301.9
23/06/2004;303.14
24/06/2004;305.06
25/06/2004;304.02
28/06/2004;303
29/06/2004;301.18
30/06/2004;296.96
01/07/2004;296.78
02/07/2004;294.58
05/07/2004;296.17
06/07/2004;298.15
07/07/2004;296.35
08/07/2004;298.51
09/07/2004;302.72
12/07/2004;300.43
13/07/2004;298.99
14/07/2004;299.15
15/07/2004;300.01
16/07/2004;301.92
19/07/2004;301.17
20/07/2004;300.16
21/07/2004;300.46
22/07/2004;295.86
23/07/2004;297.53
26/07/2004;295.24
27/07/2004;295.57
28/07/2004;298.99
29/07/2004;305.84
30/07/2004;306.48
02/08/2004;305.14
03/08/2004;309.83
04/08/2004;306.81
05/08/2004;304.82
06/08/2004;296.84
09/08/2004;297.26
10/08/2004;300.32
11/08/2004;295.85
12/08/2004;297.07
13/08/2004;293.6
16/08/2004;296.9
17/08/2004;293.73
18/08/2004;294.3
19/08/2004;293.81
20/08/2004;294.78
23/08/2004;296.8
24/08/2004;293.49
25/08/2004;293.97
26/08/2004;295.35
27/08/2004;301.2
30/08/2004;301.14
31/08/2004;298.54
01/09/2004;301.78
02/09/2004;304.02
03/09/2004;306.03
06/09/2004;305.09
07/09/2004;304.6
08/09/2004;304.35
09/09/2004;303.63
10/09/2004;304.86
13/09/2004;305.19
14/09/2004;304.35
15/09/2004;305.65
16/09/2004;305.82
17/09/2004;309.15
20/09/2004;311.04
21/09/2004;315.76
22/09/2004;312.14
23/09/2004;309.54
24/09/2004;312.1
27/09/2004;312.29
28/09/2004;315.32
29/09/2004;310.32
30/09/2004;307.88
01/10/2004;313.49
04/10/2004;312.3
05/10/2004;316.19
06/10/2004;318.64
07/10/2004;319.62
08/10/2004;317.42
11/10/2004;318.39
12/10/2004;316.17
13/10/2004;312.85
14/10/2004;314.13
15/10/2004;313.05
18/10/2004;312.76
19/10/2004;311.63
20/10/2004;309.95
21/10/2004;312.27
22/10/2004;312.83
25/10/2004;307.34
26/10/2004;305.25
27/10/2004;309.8
28/10/2004;309.92
29/10/2004;308.08
01/11/2004;309.46
02/11/2004;310.42
03/11/2004;311.2
04/11/2004;313.07
05/11/2004;311.98
08/11/2004;311.73
09/11/2004;312.62
10/11/2004;310.91
11/11/2004;312.65
12/11/2004;313.27
15/11/2004;311.76
16/11/2004;309.95
17/11/2004;311.7
18/11/2004;311.77
19/11/2004;312.85
22/11/2004;311.58
23/11/2004;313.47
24/11/2004;311.84
25/11/2004;317.45
26/11/2004;316.34
29/11/2004;314.79
30/11/2004;313.88
01/12/2004;315.51
02/12/2004;309.16
03/12/2004;307.83
06/12/2004;306.89
07/12/2004;307.48
08/12/2004;305.27
09/12/2004;305.02
10/12/2004;307.09
13/12/2004;307.01
14/12/2004;306.77
15/12/2004;306.51
16/12/2004;305.42
17/12/2004;303.03
20/12/2004;304.28
21/12/2004;304.52
22/12/2004;305.05
23/12/2004;305.83
24/12/2004;306.77
27/12/2004;305.96
28/12/2004;305.94
29/12/2004;304.72
30/12/2004;304.66
31/12/2004;304.38
03/01/2005;304.16
04/01/2005;303.31
05/01/2005;302.14
06/01/2005;304.48
07/01/2005;306.19
10/01/2005;306.48
11/01/2005;304.86
12/01/2005;302.65
13/01/2005;306.52
14/01/2005;308.75
17/01/2005;308.65
18/01/2005;311.17
19/01/2005;311.34
20/01/2005;309.86
21/01/2005;311.65
24/01/2005;314.84
25/01/2005;316.31
26/01/2005;318.97
27/01/2005;320.01
28/01/2005;317.25
31/01/2005;317.5
01/02/2005;324.61
02/02/2005;325.46
03/02/2005;323.84
04/02/2005;328.04
07/02/2005;329.74
08/02/2005;330.3
09/02/2005;328.31
10/02/2005;329.65
11/02/2005;331.41
14/02/2005;330.34
15/02/2005;332.43
16/02/2005;333.19
17/02/2005;335.77
18/02/2005;337.98
21/02/2005;340.02
22/02/2005;337.38
23/02/2005;334.49
24/02/2005;334.49
25/02/2005;341.67
28/02/2005;341.4
01/03/2005;341.97
02/03/2005;343.64
03/03/2005;346.71
04/03/2005;350.95
07/03/2005;348.13
08/03/2005;347.11
09/03/2005;345.29
10/03/2005;337.84
11/03/2005;338.88
14/03/2005;339.28
15/03/2005;343.26
16/03/2005;338.74
17/03/2005;338.04
18/03/2005;342.1
21/03/2005;341.37
22/03/2005;341.16
23/03/2005;336.2
24/03/2005;335.57
29/03/2005;338.64
30/03/2005;335.45
31/03/2005;336.69
01/04/2005;338.71
04/04/2005;342.64
05/04/2005;345.24
06/04/2005;344.18
07/04/2005;349.4
08/04/2005;346.8
11/04/2005;344.42
12/04/2005;344.16
13/04/2005;341.72
14/04/2005;339.07
15/04/2005;332.8
18/04/2005;327.08
19/04/2005;330.62
20/04/2005;328.98
21/04/2005;326.83
22/04/2005;331.64
25/04/2005;336.42
26/04/2005;336.71
27/04/2005;330.67
28/04/2005;330.5
29/04/2005;331.13
02/05/2005;331.28
03/05/2005;331.67
04/05/2005;331.67
05/05/2005;336.47
06/05/2005;339.24
09/05/2005;336.88
10/05/2005;336.39
11/05/2005;332.94
12/05/2005;332.26
13/05/2005;329.73
16/05/2005;325.69
17/05/2005;327.3
18/05/2005;332.43
19/05/2005;335.09
20/05/2005;335.41
23/05/2005;336.62
24/05/2005;337.49
25/05/2005;339.93
26/05/2005;344.4
27/05/2005;343.53
30/05/2005;345.86
31/05/2005;343.67
01/06/2005;351.1
02/06/2005;352.33
03/06/2005;350.72
06/06/2005;350.16
07/06/2005;353.83
08/06/2005;353.37
09/06/2005;353.71
10/06/2005;359.49
13/06/2005;363.87
14/06/2005;365.63
15/06/2005;364.28
16/06/2005;367.96
17/06/2005;371.55
20/06/2005;373.83
21/06/2005;372.76
22/06/2005;371.33
23/06/2005;375.23
24/06/2005;374.65
27/06/2005;374.2
28/06/2005;382.88
29/06/2005;377.19
30/06/2005;374.69
01/07/2005;381.23
04/07/2005;390.05
05/07/2005;389.99
06/07/2005;395.34
07/07/2005;386.97
08/07/2005;396.69
11/07/2005;390.63
12/07/2005;385.82
13/07/2005;388.18
14/07/2005;390.76
15/07/2005;386.17
18/07/2005;385.01
19/07/2005;385.02
20/07/2005;380.74
21/07/2005;376.39
22/07/2005;379.66
25/07/2005;387.98
26/07/2005;384.73
27/07/2005;384.06
28/07/2005;383.67
29/07/2005;385.68
01/08/2005;385.97
02/08/2005;391.23
03/08/2005;394.07
04/08/2005;390.09
05/08/2005;387.48
08/08/2005;394.18
09/08/2005;400.77
10/08/2005;402.47
11/08/2005;404.84
12/08/2005;403.2
15/08/2005;403.1
16/08/2005;397.94
17/08/2005;397.08
18/08/2005;390.38
19/08/2005;396.65
22/08/2005;396.68
23/08/2005;392.54
24/08/2005;392.28
25/08/2005;389.38
26/08/2005;386.11
29/08/2005;387.6
30/08/2005;390.85
31/08/2005;398.67
01/09/2005;404.55
02/09/2005;402.67
05/09/2005;401.68
06/09/2005;404.16
07/09/2005;403.6
08/09/2005;402.43
09/09/2005;406.45
12/09/2005;406.63
13/09/2005;402.66
14/09/2005;403.85
15/09/2005;409.09
16/09/2005;413.19
19/09/2005;421.02
20/09/2005;419.76
21/09/2005;419.83
22/09/2005;421.14
23/09/2005;417.87
26/09/2005;418.89
27/09/2005;420.65
28/09/2005;423.82
29/09/2005;426.28
30/09/2005;423.53
03/10/2005;424.55
04/10/2005;416.26
05/10/2005;404.18
06/10/2005;393.67
07/10/2005;393.21
10/10/2005;395.77
11/10/2005;399.3
12/10/2005;396.59
13/10/2005;389.42
14/10/2005;383.24
17/10/2005;390
18/10/2005;386.34
19/10/2005;378.09
20/10/2005;380.15
21/10/2005;377.28
24/10/2005;383.82
25/10/2005;380.92
26/10/2005;388.12
27/10/2005;380.67
28/10/2005;382.35
31/10/2005;391.91
01/11/2005;391.72
02/11/2005;393.24
03/11/2005;402.29
04/11/2005;401.79
07/11/2005;398.91
08/11/2005;399.32
09/11/2005;397.44
10/11/2005;389.45
11/11/2005;390.29
14/11/2005;395.92
15/11/2005;399.33
16/11/2005;395.26
17/11/2005;399.86
18/11/2005;403.02
21/11/2005;408.52
22/11/2005;413.99
23/11/2005;411.25
24/11/2005;408.86
25/11/2005;411.13
28/11/2005;402.43
29/11/2005;401.37
30/11/2005;398.66
01/12/2005;408.22
02/12/2005;412.46
05/12/2005;413.6
06/12/2005;413.97
07/12/2005;409.35
08/12/2005;412.46
09/12/2005;408.32
12/12/2005;403.39
13/12/2005;407.92
14/12/2005;405.21
15/12/2005;401.59
16/12/2005;401.07
19/12/2005;396.98
20/12/2005;398.61
21/12/2005;400.89
22/12/2005;399.04
23/12/2005;398.3
27/12/2005;397.64
28/12/2005;395.86
29/12/2005;397.99
30/12/2005;395.62
02/01/2006;397.56
03/01/2006;405.39
04/01/2006;406.31
05/01/2006;404.68
06/01/2006;409.96
09/01/2006;411.93
10/01/2006;411.33
11/01/2006;410.86
12/01/2006;418.43
13/01/2006;417.13
16/01/2006;421.64
17/01/2006;419.93
18/01/2006;416.08
19/01/2006;416.76
20/01/2006;417.34
23/01/2006;416.18
24/01/2006;416.07
25/01/2006;417.03
26/01/2006;415.46
27/01/2006;423.19
30/01/2006;429.96
31/01/2006;428.65
01/02/2006;430.66
02/02/2006;420.13
03/02/2006;419.47
06/02/2006;422.11
07/02/2006;413.54
08/02/2006;407.5
09/02/2006;413.69
10/02/2006;409.33
13/02/2006;412.94
14/02/2006;407.05
15/02/2006;410.09
16/02/2006;411.03
17/02/2006;413.21
20/02/2006;418.27
21/02/2006;418.1
22/02/2006;412.87
23/02/2006;410.38
24/02/2006;411.99
27/02/2006;411.65
28/02/2006;404.2
01/03/2006;408.23
02/03/2006;404.93
03/03/2006;406.24
06/03/2006;405.2
07/03/2006;403.3
08/03/2006;402.54
09/03/2006;403.25
10/03/2006;404.71
13/03/2006;408.55
14/03/2006;409.95
15/03/2006;414.26
16/03/2006;411.16
17/03/2006;411.55
20/03/2006;409.92
21/03/2006;407.81
22/03/2006;409.21
23/03/2006;408.5
24/03/2006;415.91
27/03/2006;412.76
28/03/2006;413.64
29/03/2006;417.61
30/03/2006;419.39
31/03/2006;414.35
03/04/2006;420.09
04/04/2006;414.34
05/04/2006;418.14
06/04/2006;419.93
07/04/2006;423.99
10/04/2006;431.74
11/04/2006;431.09
12/04/2006;429.65
13/04/2006;429.37
18/04/2006;435.5
19/04/2006;439.39
20/04/2006;437.64
21/04/2006;443.9
24/04/2006;445.69
25/04/2006;440.93
26/04/2006;439.83
27/04/2006;432.39
28/04/2006;427.16
01/05/2006;428.2
02/05/2006;435.48
03/05/2006;429.83
04/05/2006;432.73
05/05/2006;436.54
08/05/2006;430.75
09/05/2006;433.77
10/05/2006;427.84
11/05/2006;429.49
12/05/2006;420.05
15/05/2006;411.59
16/05/2006;411.33
17/05/2006;399.48
18/05/2006;396.62
19/05/2006;397.07
22/05/2006;386.73
23/05/2006;400.89
24/05/2006;393.46
25/05/2006;402.05
26/05/2006;408.59
29/05/2006;408.54
30/05/2006;399.52
31/05/2006;400.84
01/06/2006;403.97
02/06/2006;403.19
05/06/2006;403.74
06/06/2006;395.97
07/06/2006;394.5
08/06/2006;380.85
09/06/2006;387.14
12/06/2006;386.11
13/06/2006;377.25
14/06/2006;373.01
15/06/2006;383.48
16/06/2006;382.03
19/06/2006;379.52
20/06/2006;382.83
21/06/2006;382.07
22/06/2006;384.4
23/06/2006;392.26
26/06/2006;388.56
27/06/2006;390.71
28/06/2006;393.69
29/06/2006;399.18
30/06/2006;404.23
03/07/2006;407.97
04/07/2006;407.13
05/07/2006;403.03
06/07/2006;407.02
07/07/2006;411.13
10/07/2006;411.78
11/07/2006;409.06
12/07/2006;410.48
13/07/2006;408.92
14/07/2006;407.78
17/07/2006;405.32
18/07/2006;403.3
19/07/2006;405.19
20/07/2006;403.61
21/07/2006;400.78
24/07/2006;406.36
25/07/2006;408.18
26/07/2006;412.33
27/07/2006;419.75
28/07/2006;420.61
31/07/2006;417.54
01/08/2006;416.53
02/08/2006;419.64
03/08/2006;414.56
04/08/2006;416.38
07/08/2006;412.62
08/08/2006;410.86
09/08/2006;414.6
10/08/2006;411.12
11/08/2006;410.8
14/08/2006;412.38
15/08/2006;412.85
16/08/2006;411.3
17/08/2006;408.12
18/08/2006;409.3
21/08/2006;412.83
22/08/2006;413.26
23/08/2006;412.05
24/08/2006;411.32
25/08/2006;411.88
28/08/2006;412.1
29/08/2006;406.27
30/08/2006;405.96
31/08/2006;404.87
01/09/2006;405.63
04/09/2006;404.59
05/09/2006;406.1
06/09/2006;399.81
07/09/2006;393.24
08/09/2006;395.52
11/09/2006;387.53
12/09/2006;388.55
13/09/2006;389.71
14/09/2006;388.96
15/09/2006;384.36
18/09/2006;387.01
19/09/2006;388.82
20/09/2006;388.54
21/09/2006;388.16
22/09/2006;383.86
25/09/2006;378.64
26/09/2006;385.88
27/09/2006;389.71
28/09/2006;394.87
29/09/2006;392.34
02/10/2006;392.4
03/10/2006;384.96
04/10/2006;383.77
05/10/2006;388.24
06/10/2006;388.34
09/10/2006;391.45
10/10/2006;393.06
11/10/2006;393.45
12/10/2006;396.19
13/10/2006;401.48
16/10/2006;406.58
17/10/2006;407.11
18/10/2006;407.67
19/10/2006;408.14
20/10/2006;410.61
23/10/2006;408.03
24/10/2006;410.38
25/10/2006;413.17
26/10/2006;414.26
27/10/2006;411.56
30/10/2006;408.57
31/10/2006;405.83
01/11/2006;406.12
02/11/2006;404.4
03/11/2006;409
06/11/2006;414.48
07/11/2006;415.97
08/11/2006;418
09/11/2006;420.24
10/11/2006;421.69
13/11/2006;418.23
14/11/2006;419.33
15/11/2006;420.3
16/11/2006;422.11
17/11/2006;410.79
20/11/2006;412.76
21/11/2006;414.07
22/11/2006;410.68
23/11/2006;408.89
24/11/2006;407.97
27/11/2006;404.33
28/11/2006;405
29/11/2006;409.96
30/11/2006;407.24
01/12/2006;403.59
04/12/2006;403.37
05/12/2006;409.22
06/12/2006;408.87
07/12/2006;408.71
08/12/2006;410.05
11/12/2006;411.06
12/12/2006;410.22
13/12/2006;412.44
14/12/2006;415.08
15/12/2006;418.38
18/12/2006;416.64
19/12/2006;414.04
20/12/2006;413.26
21/12/2006;411.52
22/12/2006;409.5
27/12/2006;414.31
28/12/2006;413.5
29/12/2006;411.61
02/01/2007;415.83
03/01/2007;411.19
04/01/2007;404.13
05/01/2007;397.87
08/01/2007;396.74
09/01/2007;390.38
10/01/2007;386.83
11/01/2007;394.6
12/01/2007;397.2
15/01/2007;401.73
16/01/2007;395.99
17/01/2007;394.47
18/01/2007;394.67
19/01/2007;398.94
22/01/2007;398.41
23/01/2007;400.77
24/01/2007;403.74
25/01/2007;401.18
26/01/2007;400.05
29/01/2007;398.85
30/01/2007;399.27
31/01/2007;397.59
01/02/2007;403.13
02/02/2007;401.73
05/02/2007;405.19
06/02/2007;403.09
07/02/2007;402.95
08/02/2007;399.58
09/02/2007;401.84
12/02/2007;398.03
13/02/2007;398.72
14/02/2007;400.06
15/02/2007;399.44
16/02/2007;397.3
19/02/2007;397.64
20/02/2007;393.49
21/02/2007;390.91
22/02/2007;393.01
23/02/2007;398.03
26/02/2007;403.51
27/02/2007;394.23
28/02/2007;384.51
01/03/2007;383.41
02/03/2007;380
05/03/2007;375.17
06/03/2007;377.09
07/03/2007;379.85
08/03/2007;384.79
09/03/2007;385.31
12/03/2007;382.24
13/03/2007;379.65
14/03/2007;370.73
15/03/2007;376.34
16/03/2007;374.27
19/03/2007;378.67
20/03/2007;378.56
21/03/2007;380.71
22/03/2007;388.32
23/03/2007;395.66
26/03/2007;395
27/03/2007;394.39
28/03/2007;398.82
29/03/2007;402.93
30/03/2007;400.43
02/04/2007;399.47
03/04/2007;400.73
04/04/2007;399.74
05/04/2007;400.72
10/04/2007;401.08
11/04/2007;403.75
12/04/2007;403.55
13/04/2007;410.62
16/04/2007;411.69
17/04/2007;413.69
18/04/2007;409.97
19/04/2007;407.36
20/04/2007;409.36
23/04/2007;413.21
24/04/2007;408.75
25/04/2007;410.95
26/04/2007;410.87
27/04/2007;406.15
30/04/2007;408.18
01/05/2007;408.13
02/05/2007;411.64
03/05/2007;417.52
04/05/2007;419.77
07/05/2007;418.62
08/05/2007;414.57
09/05/2007;412.2
10/05/2007;409.47
11/05/2007;410.94
14/05/2007;412.14
15/05/2007;412.13
16/05/2007;410.67
17/05/2007;418.9
18/05/2007;426.01
21/05/2007;431.3
22/05/2007;430.24
23/05/2007;431.01
24/05/2007;427.66
25/05/2007;426.22
28/05/2007;426.14
29/05/2007;423.98
30/05/2007;421.44
31/05/2007;424.78
01/06/2007;429.22
04/06/2007;429.28
05/06/2007;428.58
06/06/2007;423.89
07/06/2007;424.14
08/06/2007;424.04
11/06/2007;426.53
12/06/2007;425.51
13/06/2007;429.16
14/06/2007;439.67
15/06/2007;446.53
18/06/2007;445.12
19/06/2007;445.66
20/06/2007;446.54
21/06/2007;446.56
22/06/2007;445.21
25/06/2007;445.6
26/06/2007;442.59
27/06/2007;439.61
28/06/2007;451
29/06/2007;455.99
02/07/2007;458.96
03/07/2007;460.1
04/07/2007;461.62
05/07/2007;459.05
06/07/2007;466.77
09/07/2007;469.1
10/07/2007;464.21
11/07/2007;461.57
12/07/2007;469.07
13/07/2007;471.03
16/07/2007;466.75
17/07/2007;464.64
18/07/2007;458.41
19/07/2007;462.65
20/07/2007;455.4
23/07/2007;460.29
24/07/2007;450.18
25/07/2007;445.55
26/07/2007;437.17
27/07/2007;430.88
30/07/2007;431.23
31/07/2007;439.72
01/08/2007;434.3
02/08/2007;428.68
03/08/2007;420.59
06/08/2007;413.14
07/08/2007;419.23
08/08/2007;427.89
09/08/2007;420.19
10/08/2007;406.69
13/08/2007;416.56
14/08/2007;411.61
15/08/2007;412.06
16/08/2007;393.73
17/08/2007;404.63
20/08/2007;406.23
21/08/2007;404.8
22/08/2007;411.05
23/08/2007;413.17
24/08/2007;417.65
27/08/2007;416.16
28/08/2007;407.59
29/08/2007;411.18
30/08/2007;419.59
31/08/2007;426.32
03/09/2007;423.98
04/09/2007;430.24
05/09/2007;426.3
06/09/2007;432.58
07/09/2007;425.07
10/09/2007;423.15
11/09/2007;428.9
12/09/2007;431.52
13/09/2007;436.14
14/09/2007;432.7
17/09/2007;427.96
18/09/2007;433.53
19/09/2007;445.5
20/09/2007;445.57
21/09/2007;446.89
24/09/2007;446.8
25/09/2007;437.04
26/09/2007;436.92
27/09/2007;437.12
28/09/2007;436.79
01/10/2007;437.41
02/10/2007;431.9
03/10/2007;427.64
04/10/2007;428.27
05/10/2007;432.42
08/10/2007;431.52
09/10/2007;436.22
10/10/2007;435.56
11/10/2007;442.78
12/10/2007;450.46
15/10/2007;453.75
16/10/2007;457.49
17/10/2007;455.18
18/10/2007;450.65
19/10/2007;447.63
22/10/2007;439
23/10/2007;442.19
24/10/2007;442.67
25/10/2007;443.25
26/10/2007;452.08
29/10/2007;456.47
30/10/2007;450.21
31/10/2007;451.6
01/11/2007;445.13
02/11/2007;446.51
05/11/2007;446.23
06/11/2007;447.48
07/11/2007;451.9
08/11/2007;450.29
09/11/2007;443.5
12/11/2007;433.45
13/11/2007;426.72
14/11/2007;432.6
15/11/2007;425.54
16/11/2007;424.65
19/11/2007;418.1
20/11/2007;424.67
21/11/2007;423.24
22/11/2007;422.27
23/11/2007;422.56
26/11/2007;421.01
27/11/2007;416.13
28/11/2007;423.03
29/11/2007;426.39
30/11/2007;430.59
03/12/2007;428.58
04/12/2007;425.51
05/12/2007;436.75
06/12/2007;438.24
07/12/2007;437.03
10/12/2007;435.5
11/12/2007;436.51
12/12/2007;441.55
13/12/2007;434.51
14/12/2007;439.16
17/12/2007;432.92
18/12/2007;431.49
19/12/2007;431.51
20/12/2007;434.65
21/12/2007;438.46
24/12/2007;438.09
27/12/2007;442.16
28/12/2007;442
31/12/2007;442.02
02/01/2008;438.4
03/01/2008;446.79
04/01/2008;440.12
07/01/2008;446.45
08/01/2008;444.17
09/01/2008;437.2
10/01/2008;428.78
11/01/2008;422.59
14/01/2008;421.81
15/01/2008;410.14
16/01/2008;401.94
17/01/2008;397.56
18/01/2008;394.8
21/01/2008;371.7
22/01/2008;375.38
23/01/2008;357.48
24/01/2008;378.3
25/01/2008;383.61
28/01/2008;377.96
29/01/2008;383.08
30/01/2008;376.62
31/01/2008;378.33
01/02/2008;383.13
04/02/2008;386.18
05/02/2008;380.09
06/02/2008;380.31
07/02/2008;374.92
08/02/2008;380.48
11/02/2008;379.58
12/02/2008;392.56
13/02/2008;391.54
14/02/2008;396.18
15/02/2008;388.53
18/02/2008;396.6
19/02/2008;398.89
20/02/2008;393.43
21/02/2008;393.29
22/02/2008;393.28
25/02/2008;400.86
26/02/2008;402.89
27/02/2008;401.63
28/02/2008;395.6
29/02/2008;392.89
03/03/2008;386.71
04/03/2008;382.31
05/03/2008;390.83
06/03/2008;385.18
07/03/2008;380.17
10/03/2008;379.25
11/03/2008;383.26
12/03/2008;385.24
13/03/2008;379.43
14/03/2008;375.95
17/03/2008;357.11
18/03/2008;365.95
19/03/2008;360.29
20/03/2008;352.87
25/03/2008;362.94
26/03/2008;363.72
27/03/2008;365.42
28/03/2008;362.28
31/03/2008;364.57
01/04/2008;368.55
02/04/2008;372.43
03/04/2008;376.77
04/04/2008;378.41
07/04/2008;383.73
08/04/2008;382.24
09/04/2008;386.94
10/04/2008;389.78
11/04/2008;384.86
14/04/2008;384.41
15/04/2008;391
16/04/2008;397.95
17/04/2008;396.89
18/04/2008;404.16
21/04/2008;404.37
22/04/2008;406.23
23/04/2008;411.63
24/04/2008;407.68
25/04/2008;412.77
28/04/2008;414.92
29/04/2008;423.42
30/04/2008;423.01
01/05/2008;423.55
02/05/2008;427.91
05/05/2008;427.34
06/05/2008;431.83
07/05/2008;435.86
08/05/2008;435.14
09/05/2008;429.38
12/05/2008;433.75
13/05/2008;429.76
14/05/2008;433.8
15/05/2008;436.24
16/05/2008;444.75
19/05/2008;453.61
20/05/2008;444.8
21/05/2008;455.7
22/05/2008;455.31
23/05/2008;445.03
26/05/2008;443.19
27/05/2008;435.73
28/05/2008;436.38
29/05/2008;442.2
30/05/2008;438.9
02/06/2008;433.84
03/06/2008;436.96
04/06/2008;422.24
05/06/2008;422.31
06/06/2008;422.24
09/06/2008;430.32
10/06/2008;423.5
11/06/2008;422.6
12/06/2008;420.83
13/06/2008;418.9
16/06/2008;421.82
17/06/2008;421.76
18/06/2008;413.42
19/06/2008;412.7
20/06/2008;406.75
23/06/2008;412.65
24/06/2008;410.3
25/06/2008;409.37
26/06/2008;405.13
27/06/2008;409.76
30/06/2008;419.64
01/07/2008;409.85
02/07/2008;404.23
03/07/2008;400.53
04/07/2008;397.16
07/07/2008;407.56
08/07/2008;395.17
09/07/2008;394.36
10/07/2008;382.53
11/07/2008;382.94
14/07/2008;379.92
15/07/2008;369.8
16/07/2008;360.48
17/07/2008;366.32
18/07/2008;366.57
21/07/2008;367.82
22/07/2008;373.22
23/07/2008;374.08
24/07/2008;362.84
25/07/2008;367.38
28/07/2008;370.33
29/07/2008;366.5
30/07/2008;370.57
31/07/2008;373.84
01/08/2008;367.7
04/08/2008;362.33
05/08/2008;356.77
06/08/2008;362.48
07/08/2008;368.24
08/08/2008;362.96
11/08/2008;367.97
12/08/2008;369.16
13/08/2008;360.97
14/08/2008;366.44
15/08/2008;363.43
18/08/2008;366.7
19/08/2008;361.08
20/08/2008;368.28
21/08/2008;373.92
22/08/2008;374.87
25/08/2008;372.05
26/08/2008;371.08
27/08/2008;377.06
28/08/2008;376.02
29/08/2008;378.83
01/09/2008;369.15
02/09/2008;361.42
03/09/2008;354.19
04/09/2008;349.01
05/09/2008;341.8
08/09/2008;352.03
09/09/2008;341.94
10/09/2008;341.13
11/09/2008;345.46
12/09/2008;355.7
15/09/2008;338.7
16/09/2008;323.68
17/09/2008;324.13
18/09/2008;320.66
19/09/2008;346.97
22/09/2008;348.22
23/09/2008;343.68
24/09/2008;341.87
25/09/2008;345.51
26/09/2008;336.8
29/09/2008;316.61
30/09/2008;321.31
01/10/2008;319.73
02/10/2008;307.69
03/10/2008;317.91
06/10/2008;287.55
07/10/2008;294.62
08/10/2008;271.93
09/10/2008;267.29
10/10/2008;245.9
13/10/2008;273.29
14/10/2008;288.34
15/10/2008;265.51
16/10/2008;246.91
17/10/2008;265.43
20/10/2008;286.75
21/10/2008;287.13
22/10/2008;267.1
23/10/2008;272.76
24/10/2008;256.19
27/10/2008;250.43
28/10/2008;261.71
29/10/2008;294.66
30/10/2008;292.02
31/10/2008;304.61
03/11/2008;304.57
04/11/2008;322.45
05/11/2008;310.74
06/11/2008;290.5
07/11/2008;299.36
10/11/2008;304.13
11/11/2008;288.38
12/11/2008;273.69
13/11/2008;273.1
14/11/2008;278.44
17/11/2008;273.33
18/11/2008;282.05
19/11/2008;269.97
20/11/2008;254.57
21/11/2008;251.14
24/11/2008;280.79
25/11/2008;285.79
26/11/2008;284.61
27/11/2008;294.75
28/11/2008;293.16
01/12/2008;269.84
02/12/2008;275.64
03/12/2008;271.67
04/12/2008;271.94
05/12/2008;251.25
08/12/2008;273.96
09/12/2008;280.76
10/12/2008;280.36
11/12/2008;288.01
12/12/2008;275.76
15/12/2008;280.2
16/12/2008;280.77
17/12/2008;280.08
18/12/2008;272.81
19/12/2008;265.97
22/12/2008;261.71
23/12/2008;259.5
24/12/2008;257.69
29/12/2008;258.82
30/12/2008;264.5
31/12/2008;266.57
02/01/2009;280.88
05/01/2009;290.09
06/01/2009;295.67
07/01/2009;285.34
08/01/2009;288.09
09/01/2009;285.57
12/01/2009;278.32
13/01/2009;277.45
14/01/2009;264.51
15/01/2009;261.84
16/01/2009;267.85
19/01/2009;264.21
20/01/2009;261.66
21/01/2009;255
22/01/2009;254.07
23/01/2009;257.38
26/01/2009;268.61
27/01/2009;270.69
28/01/2009;274.09
29/01/2009;273.66
30/01/2009;273.75
02/02/2009;266.8
03/02/2009;270.52
04/02/2009;278.85
05/02/2009;282.92
06/02/2009;290.42
09/02/2009;291.61
10/02/2009;281.63
11/02/2009;281.65
12/02/2009;280.18
13/02/2009;284.32
16/02/2009;280.74
17/02/2009;276.56
18/02/2009;274.07
19/02/2009;274.66
20/02/2009;263.89
23/02/2009;262.75
24/02/2009;259.7
25/02/2009;261.09
26/02/2009;262.35
27/02/2009;257.35
02/03/2009;241.29
03/03/2009;232.1
04/03/2009;246.7
05/03/2009;237.48
06/03/2009;237.62
09/03/2009;241.15
10/03/2009;250.28
11/03/2009;247.96
12/03/2009;248.08
13/03/2009;252
16/03/2009;255.4
17/03/2009;253.78
18/03/2009;248.86
19/03/2009;253.06
20/03/2009;255.37
23/03/2009;261.99
24/03/2009;261.91
25/03/2009;263.85
26/03/2009;263.38
27/03/2009;261.42
30/03/2009;250.44
31/03/2009;257.28
01/04/2009;256.52
02/04/2009;268.67
03/04/2009;262.88
06/04/2009;259.79
07/04/2009;256.44
08/04/2009;253.53
09/04/2009;257.02
14/04/2009;256.48
15/04/2009;255.14
16/04/2009;259.24
17/04/2009;262.94
20/04/2009;255.22
21/04/2009;256.96
22/04/2009;257.91
23/04/2009;261.38
24/04/2009;272
27/04/2009;271.65
28/04/2009;271.22
29/04/2009;275.05
30/04/2009;276.66
01/05/2009;277.84
04/05/2009;283.96
05/05/2009;285.07
06/05/2009;288.34
07/05/2009;289.44
08/05/2009;295.61
11/05/2009;289.36
12/05/2009;292.16
13/05/2009;289.15
14/05/2009;286
15/05/2009;287.52
18/05/2009;295.09
19/05/2009;293.94
20/05/2009;297.21
21/05/2009;290.9
22/05/2009;290.69
25/05/2009;290.23
26/05/2009;293.56
27/05/2009;294.86
28/05/2009;294.44
29/05/2009;297.52
01/06/2009;308.35
02/06/2009;309.68
03/06/2009;301.34
04/06/2009;302.1
05/06/2009;305.32
08/06/2009;303.85
09/06/2009;306.24
10/06/2009;309.75
11/06/2009;310.6
12/06/2009;306.14
15/06/2009;298.25
16/06/2009;297.53
17/06/2009;288.96
18/06/2009;287.95
19/06/2009;294.2
22/06/2009;280.82
23/06/2009;277.48
24/06/2009;283.48
25/06/2009;281.1
26/06/2009;280.81
29/06/2009;287.3
30/06/2009;284.26
01/07/2009;290.43
02/07/2009;283.28
03/07/2009;282.08
06/07/2009;274.17
07/07/2009;271.55
08/07/2009;268.87
09/07/2009;270.67
10/07/2009;267.35
13/07/2009;271.58
14/07/2009;274.97
15/07/2009;283.5
16/07/2009;284.21
17/07/2009;285.94
20/07/2009;290.62
21/07/2009;292.92
22/07/2009;292.53
23/07/2009;297.22
24/07/2009;297.09
27/07/2009;301.4
28/07/2009;294.38
29/07/2009;293.99
30/07/2009;298.06
31/07/2009;290.65
03/08/2009;296.27
04/08/2009;295.79
05/08/2009;291
06/08/2009;289.84
07/08/2009;293.09
10/08/2009;292.25
11/08/2009;289.74
12/08/2009;293.5
13/08/2009;293.18
14/08/2009;292.43
17/08/2009;287.34
18/08/2009;291.45
19/08/2009;291.74
20/08/2009;296.67
21/08/2009;303.04
24/08/2009;303.85
25/08/2009;305.79
26/08/2009;301.27
27/08/2009;299.54
28/08/2009;301.5
31/08/2009;299.71
01/09/2009;294.26
02/09/2009;299.42
03/09/2009;298.56
04/09/2009;301.21
07/09/2009;303.08
08/09/2009;306.63
09/09/2009;312.37
10/09/2009;312.62
11/09/2009;312.95
14/09/2009;310.03
15/09/2009;310.72
16/09/2009;313.84
17/09/2009;315.74
18/09/2009;312.44
21/09/2009;309.87
22/09/2009;312.83
23/09/2009;310.14
24/09/2009;301.96
25/09/2009;302.2
28/09/2009;306.82
29/09/2009;307.66
30/09/2009;305.65
01/10/2009;300.95
02/10/2009;295.47
05/10/2009;296.02
06/10/2009;304.49
07/10/2009;301.53
08/10/2009;304.6
09/10/2009;303.38
12/10/2009;305.88
13/10/2009;304.35
14/10/2009;312.44
15/10/2009;313.37
16/10/2009;316.68
19/10/2009;322.33
20/10/2009;321.26
21/10/2009;323.82
22/10/2009;319.76
23/10/2009;317.18
26/10/2009;315.63
27/10/2009;323.33
28/10/2009;317.11
29/10/2009;319.25
30/10/2009;310
02/11/2009;312.02
03/11/2009;310.95
04/11/2009;315.35
05/11/2009;317.97
06/11/2009;316.94
09/11/2009;323.59
10/11/2009;322.41
11/11/2009;321.38
12/11/2009;319.73
13/11/2009;320.6
16/11/2009;325.82
17/11/2009;326.24
18/11/2009;324.8
19/11/2009;320.11
20/11/2009;316.29
23/11/2009;322.62
24/11/2009;320.5
25/11/2009;321.13
26/11/2009;311.41
27/11/2009;315.2
30/11/2009;309.04
01/12/2009;317.39
02/12/2009;318.25
03/12/2009;316.38
04/12/2009;320.27
07/12/2009;320.12
08/12/2009;315.7
09/12/2009;312.5
10/12/2009;313.2
11/12/2009;314.8
14/12/2009;318.11
15/12/2009;319.24
16/12/2009;322.47
17/12/2009;318.48
18/12/2009;317.41
21/12/2009;324.16
22/12/2009;327.17
23/12/2009;328.89
24/12/2009;329.89
28/12/2009;331.24
29/12/2009;330.81
30/12/2009;330.54
31/12/2009;331.06
04/01/2010;337.52
05/01/2010;338.86
06/01/2010;338.53
07/01/2010;340.78
08/01/2010;340.59
11/01/2010;344.45
12/01/2010;340.82
13/01/2010;339.64
14/01/2010;341.25
15/01/2010;339.42
18/01/2010;341.76
19/01/2010;344.19
20/01/2010;339.34
21/01/2010;334.19
22/01/2010;328.76
25/01/2010;326.37
26/01/2010;327.75
27/01/2010;323.81
28/01/2010;319.25
29/01/2010;321.75
01/02/2010;322.85
02/02/2010;323.43
03/02/2010;322.15
04/02/2010;315.2
05/02/2010;308.33
08/02/2010;309.97
09/02/2010;310.09
10/02/2010;310.76
11/02/2010;316.44
12/02/2010;315.51
15/02/2010;316.66
16/02/2010;321.64
17/02/2010;321.25
18/02/2010;323.57
19/02/2010;323.97
22/02/2010;323.39
23/02/2010;318.36
24/02/2010;318.77
25/02/2010;310.11
26/02/2010;312.85
01/03/2010;317.87
02/03/2010;319.72
03/03/2010;322.27
04/03/2010;322.25
05/03/2010;327.4
08/03/2010;327.56
09/03/2010;328.6
10/03/2010;331
11/03/2010;330.67
12/03/2010;330
15/03/2010;326.84
16/03/2010;330.27
17/03/2010;334.61
18/03/2010;335.6
19/03/2010;333.67
22/03/2010;332.12
23/03/2010;335.12
24/03/2010;335.29
25/03/2010;336.2
26/03/2010;334.37
29/03/2010;333.49
30/03/2010;334.16
31/03/2010;334.13
01/04/2010;340.59
06/04/2010;348.87
07/04/2010;346.67
08/04/2010;345
09/04/2010;349.85
12/04/2010;348.15
13/04/2010;345.99
14/04/2010;347.88
15/04/2010;351.81
16/04/2010;345.85
19/04/2010;344.22
20/04/2010;351.34
21/04/2010;349.22
22/04/2010;344.99
23/04/2010;346.76
26/04/2010;347.85
27/04/2010;338.75
28/04/2010;339.66
29/04/2010;336.88
30/04/2010;332.97
03/05/2010;333.81
04/05/2010;323.05
05/05/2010;323.31
06/05/2010;319.12
07/05/2010;306.78
10/05/2010;321.54
11/05/2010;320.02
12/05/2010;321.76
13/05/2010;322.79
14/05/2010;312.2
17/05/2010;312.12
18/05/2010;316.21
19/05/2010;306.56
20/05/2010;302.51
21/05/2010;298.15
24/05/2010;296.02
25/05/2010;290.46
26/05/2010;298.06
27/05/2010;308.84
28/05/2010;303.28
31/05/2010;302.47
01/06/2010;296.24
02/06/2010;294.64
03/06/2010;300.91
04/06/2010;297.93
07/06/2010;295.51
08/06/2010;289.21
09/06/2010;290.38
10/06/2010;288.09
11/06/2010;294.68
14/06/2010;293.31
15/06/2010;292.59
16/06/2010;294.36
17/06/2010;295.96
18/06/2010;295.08
21/06/2010;297.93
22/06/2010;293.02
23/06/2010;290.96
24/06/2010;283.96
25/06/2010;278.15
28/06/2010;281.37
29/06/2010;272.97
30/06/2010;273.41
01/07/2010;267.23
02/07/2010;269.78
05/07/2010;270.4
06/07/2010;277.15
07/07/2010;282.66
08/07/2010;286.36
09/07/2010;287.34
12/07/2010;293.76
13/07/2010;299.33
14/07/2010;297.41
15/07/2010;294.72
16/07/2010;291.48
19/07/2010;286.24
20/07/2010;286.53
21/07/2010;289.79
22/07/2010;294.5
23/07/2010;297.7
26/07/2010;300.21
27/07/2010;299.43
28/07/2010;297.36
29/07/2010;296.33
30/07/2010;295.11
02/08/2010;304.5
03/08/2010;305.53
04/08/2010;307.42
05/08/2010;306.49
06/08/2010;304.41
09/08/2010;309.36
10/08/2010;304.57
11/08/2010;298.87
12/08/2010;298.79
13/08/2010;301.61
16/08/2010;300.15
17/08/2010;302.52
18/08/2010;298.48
19/08/2010;292.76
20/08/2010;294.03
23/08/2010;296.45
24/08/2010;289.72
25/08/2010;286.62
26/08/2010;290.16
27/08/2010;289.99
30/08/2010;289.37
31/08/2010;288.16
01/09/2010;295.77
02/09/2010;295.78
03/09/2010;299.7
06/09/2010;300.29
07/09/2010;298.55
08/09/2010;302.65
09/09/2010;305.14
10/09/2010;303.66
13/09/2010;305.5
14/09/2010;305.33
15/09/2010;302.27
16/09/2010;302.01
17/09/2010;299.9
20/09/2010;303.74
21/09/2010;303.89
22/09/2010;297.86
23/09/2010;299.37
24/09/2010;301.25
27/09/2010;301.18
28/09/2010;299.57
29/09/2010;300.86
30/09/2010;300.74
01/10/2010;306.17
04/10/2010;302.99
05/10/2010;305.42
06/10/2010;307.85
07/10/2010;306.15
08/10/2010;305.62
11/10/2010;305.91
12/10/2010;302.19
13/10/2010;307.57
14/10/2010;306.54
15/10/2010;306.26
18/10/2010;308.71
19/10/2010;306.66
20/10/2010;306.31
21/10/2010;305.48
22/10/2010;304.98
25/10/2010;304.88
26/10/2010;305.41
27/10/2010;301.83
28/10/2010;304.9
29/10/2010;307.81
01/11/2010;309.01
02/11/2010;312.82
03/11/2010;312.95
04/11/2010;318.38
05/11/2010;319.84
08/11/2010;318.89
09/11/2010;322.68
10/11/2010;320.94
11/11/2010;323.79
12/11/2010;318.81
15/11/2010;321.85
16/11/2010;311.5
17/11/2010;312.79
18/11/2010;316.14
19/11/2010;313.42
22/11/2010;310.67
23/11/2010;307.24
24/11/2010;310.71
25/11/2010;311.71
26/11/2010;311.06
29/11/2010;305.3
30/11/2010;306.52
01/12/2010;311.42
02/12/2010;316.59
03/12/2010;315.29
06/12/2010;320.99
07/12/2010;325.41
08/12/2010;327.37
09/12/2010;328.9
10/12/2010;328.85
13/12/2010;330.43
14/12/2010;333.55
15/12/2010;331.54
16/12/2010;331.88
17/12/2010;331.81
20/12/2010;334.56
21/12/2010;337.15
22/12/2010;337.47
23/12/2010;338.8
24/12/2010;338.64
27/12/2010;336.73
28/12/2010;337.61
29/12/2010;339.11
30/12/2010;334.62
31/12/2010;332.58
03/01/2011;335.23
04/01/2011;343.49
05/01/2011;346.2
06/01/2011;346.51
07/01/2011;347.57
10/01/2011;346.54
11/01/2011;351.31
12/01/2011;354
13/01/2011;351.76
14/01/2011;351.44
17/01/2011;351.17
18/01/2011;355.91
19/01/2011;350.55
20/01/2011;343.47
21/01/2011;347.65
24/01/2011;347.39
25/01/2011;343.61
26/01/2011;347.07
27/01/2011;349.13
28/01/2011;344.88
31/01/2011;347.76
01/02/2011;358.34
02/02/2011;358.59
03/02/2011;355.8
04/02/2011;354.3
07/02/2011;357.43
08/02/2011;356.09
09/02/2011;352.14
10/02/2011;352.94
11/02/2011;355.05
14/02/2011;357.59
15/02/2011;359.8
16/02/2011;358.96
17/02/2011;359.73
18/02/2011;359.77
21/02/2011;355.26
22/02/2011;354.1
23/02/2011;352.19
24/02/2011;355.03
25/02/2011;358.01
28/02/2011;361.32
01/03/2011;357.75
02/03/2011;355.09
03/03/2011;357.9
04/03/2011;358.81
07/03/2011;358.47
08/03/2011;357.85
09/03/2011;353.79
10/03/2011;347.17
11/03/2011;344.77
14/03/2011;342.57
15/03/2011;336.28
16/03/2011;332.94
17/03/2011;340.17
18/03/2011;340.39
21/03/2011;343.66
22/03/2011;345.99
23/03/2011;347.27
24/03/2011;351.5
25/03/2011;352.8
28/03/2011;351.46
29/03/2011;350.35
30/03/2011;351.74
31/03/2011;349.76
01/04/2011;356.36
04/04/2011;356.83
05/04/2011;359.28
06/04/2011;357.28
07/04/2011;355
08/04/2011;356.91
11/04/2011;355.69
12/04/2011;343.34
13/04/2011;345.26
14/04/2011;343.04
15/04/2011;342.42
18/04/2011;337.4
19/04/2011;338.29
20/04/2011;346.35
21/04/2011;347.87
26/04/2011;346.97
27/04/2011;349.93
28/04/2011;349.46
29/04/2011;350.56
02/05/2011;349.91
03/05/2011;344.36
04/05/2011;335.51
05/05/2011;331.61
06/05/2011;337.66
09/05/2011;337.87
10/05/2011;340.17
11/05/2011;338.01
12/05/2011;332.2
13/05/2011;330.06
16/05/2011;329.11
17/05/2011;326.82
18/05/2011;329.83
19/05/2011;333.32
20/05/2011;335.01
23/05/2011;326.65
24/05/2011;329.7
25/05/2011;331.72
26/05/2011;333.38
27/05/2011;334.71
30/05/2011;334.76
31/05/2011;337.86
01/06/2011;332.72
02/06/2011;325.95
03/06/2011;323.92
06/06/2011;322.52
07/06/2011;321.98
08/06/2011;319.52
09/06/2011;324.77
10/06/2011;320.04
13/06/2011;319.83
14/06/2011;323.13
15/06/2011;319.25
16/06/2011;317.63
17/06/2011;316.75
20/06/2011;314.15
21/06/2011;322.03
22/06/2011;318.77
23/06/2011;312.87
24/06/2011;311.73
27/06/2011;312.6
28/06/2011;313.94
29/06/2011;321.17
30/06/2011;326.94
01/07/2011;328.96
04/07/2011;330.7
05/07/2011;331.1
06/07/2011;330.68
07/07/2011;333.84
08/07/2011;330.36
11/07/2011;328.57
12/07/2011;325.95
13/07/2011;328.89
14/07/2011;325.83
15/07/2011;327.11
18/07/2011;323.73
19/07/2011;326.54
20/07/2011;330.06
21/07/2011;332.1
22/07/2011;334.37
25/07/2011;335.16
26/07/2011;333.5
27/07/2011;329.94
28/07/2011;330.22
29/07/2011;327.16
01/08/2011;323.94
02/08/2011;319.28
03/08/2011;308.98
04/08/2011;296.05
05/08/2011;286.16
08/08/2011;275.59
09/08/2011;278.99
10/08/2011;269.78
11/08/2011;276.19
12/08/2011;285.65
15/08/2011;288.1
16/08/2011;289.66
17/08/2011;291.56
18/08/2011;278.94
19/08/2011;273.36
22/08/2011;276.85
23/08/2011;279.77
24/08/2011;282.92
25/08/2011;276.12
26/08/2011;275.96
29/08/2011;279.29
30/08/2011;284.33
31/08/2011;293.2
01/09/2011;292.91
02/09/2011;286.08
05/09/2011;274.04
06/09/2011;274.66
07/09/2011;285.88
08/09/2011;292.08
09/09/2011;287.59
12/09/2011;282.23
13/09/2011;282.85
14/09/2011;287.14
15/09/2011;293.81
16/09/2011;295.35
19/09/2011;287.75
20/09/2011;293.2
21/09/2011;286.88
22/09/2011;271.73
23/09/2011;272.11
26/09/2011;272.7
27/09/2011;286.16
28/09/2011;283.98
29/09/2011;283.16
30/09/2011;284.48
03/10/2011;280
04/10/2011;271.62
05/10/2011;283.36
06/10/2011;290.23
07/10/2011;296.31
10/10/2011;302.17
11/10/2011;300.19
12/10/2011;304.85
13/10/2011;303
14/10/2011;310.34
17/10/2011;310.99
18/10/2011;311.86
19/10/2011;315.72
20/10/2011;312.63
21/10/2011;320.26
24/10/2011;320.24
25/10/2011;323.07
26/10/2011;324.99
27/10/2011;330.87
28/10/2011;328.05
31/10/2011;323.19
01/11/2011;313.4
02/11/2011;317.86
03/11/2011;321.91
04/11/2011;319.83
07/11/2011;320.74
08/11/2011;325.63
09/11/2011;322.07
10/11/2011;319.64
11/11/2011;324.69
14/11/2011;323.5
15/11/2011;322.84
16/11/2011;325.31
17/11/2011;320.81
18/11/2011;317.84
21/11/2011;306.72
22/11/2011;304.08
23/11/2011;300.04
24/11/2011;296.91
25/11/2011;301.51
28/11/2011;311.15
29/11/2011;313.16
30/11/2011;325.26
01/12/2011;322.72
02/12/2011;327.16
05/12/2011;329.91
06/12/2011;330.64
07/12/2011;330.13
08/12/2011;323.46
09/12/2011;328.25
12/12/2011;323.25
13/12/2011;329.76
14/12/2011;321.25
15/12/2011;322.55
16/12/2011;321.23
19/12/2011;318.74
20/12/2011;324.83
21/12/2011;324.09
22/12/2011;329.67
23/12/2011;333.98
27/12/2011;334.52
28/12/2011;331.51
29/12/2011;335.56
30/12/2011;337.35
02/01/2012;339.7
03/01/2012;346.04
04/01/2012;347
05/01/2012;345.69
06/01/2012;348.87
09/01/2012;348.47
10/01/2012;353.22
11/01/2012;347.01
12/01/2012;344.38
13/01/2012;343.31
16/01/2012;344.77
17/01/2012;347.91
18/01/2012;347.21
19/01/2012;348.72
20/01/2012;342.82
23/01/2012;345.76
24/01/2012;347.19
25/01/2012;344.93
26/01/2012;346.6
27/01/2012;340.65
30/01/2012;337.27
31/01/2012;343.37
01/02/2012;347.82
02/02/2012;347.94
03/02/2012;350.62
06/02/2012;351.49
07/02/2012;350.89
08/02/2012;350.51
09/02/2012;353.63
10/02/2012;352.22
13/02/2012;354.62
14/02/2012;355.22
15/02/2012;355.17
16/02/2012;355.94
17/02/2012;357.01
20/02/2012;360.59
21/02/2012;357.86
22/02/2012;357.91
23/02/2012;357.17
24/02/2012;359.05
27/02/2012;360.13
28/02/2012;359.33
29/02/2012;358.47
01/03/2012;361.73
02/03/2012;362.46
05/03/2012;361.31
06/03/2012;352.04
07/03/2012;353.05
08/03/2012;358.29
09/03/2012;359.15
12/03/2012;357.51
13/03/2012;362.92
14/03/2012;363.69
15/03/2012;361.11
16/03/2012;363.13
19/03/2012;362.99
20/03/2012;357.54
21/03/2012;357.06
22/03/2012;351.72
23/03/2012;351.45
26/03/2012;357.21
27/03/2012;348.75
28/03/2012;344.15
29/03/2012;340.75
30/03/2012;344.54
02/04/2012;350.56
03/04/2012;346.05
04/04/2012;339.74
05/04/2012;342.5
10/04/2012;331.32
11/04/2012;333.21
12/04/2012;334.3
13/04/2012;330.55
16/04/2012;333.25
17/04/2012;339.26
18/04/2012;338.24
19/04/2012;333.59
20/04/2012;333.93
23/04/2012;327.37
24/04/2012;331.32
25/04/2012;332.31
26/04/2012;338.12
27/04/2012;339.73
30/04/2012;338.92
01/05/2012;338.61
02/05/2012;337.03
03/05/2012;337.53
04/05/2012;327.36
07/05/2012;330.27
08/05/2012;322.31
09/05/2012;318.18
10/05/2012;323.24
11/05/2012;324.33
14/05/2012;317.16
15/05/2012;314.77
16/05/2012;313.42
17/05/2012;308.94
18/05/2012;306.37
21/05/2012;307.3
22/05/2012;313
23/05/2012;305.69
24/05/2012;312.52
25/05/2012;313.81
28/05/2012;313.03
29/05/2012;315.85
30/05/2012;308.4
31/05/2012;307.24
01/06/2012;301.61
04/06/2012;299.83
05/06/2012;301.9
06/06/2012;309.31
07/06/2012;313.71
08/06/2012;310.56
11/06/2012;311.56
12/06/2012;314.32
13/06/2012;312.6
14/06/2012;310.55
15/06/2012;317.29
18/06/2012;315.48
19/06/2012;321.17
20/06/2012;321.78
21/06/2012;315.82
22/06/2012;310.06
25/06/2012;305.72
26/06/2012;305.07
27/06/2012;311.71
28/06/2012;312.59
29/06/2012;321.4
02/07/2012;328.08
03/07/2012;334.1
04/07/2012;332.67
05/07/2012;332.87
06/07/2012;328.82
09/07/2012;326.91
10/07/2012;330.27
11/07/2012;332.24
12/07/2012;329.24
13/07/2012;333.48
16/07/2012;333.94
17/07/2012;334.35
18/07/2012;338.02
19/07/2012;339.48
20/07/2012;337.3
23/07/2012;328.24
24/07/2012;325.45
25/07/2012;323.88
26/07/2012;330.05
27/07/2012;334.34
30/07/2012;340.22
31/07/2012;334.23
01/08/2012;335.28
02/08/2012;333.07
03/08/2012;341.02
06/08/2012;342.98
07/08/2012;350.94
08/08/2012;350.14
09/08/2012;350.47
10/08/2012;350.39
13/08/2012;348.2
14/08/2012;351.23
15/08/2012;352.09
16/08/2012;352.16
17/08/2012;354.62
20/08/2012;351.9
21/08/2012;351.41
22/08/2012;347.52
23/08/2012;344.87
24/08/2012;344.31
27/08/2012;345.37
28/08/2012;343.96
29/08/2012;344.17
30/08/2012;342.53
31/08/2012;344.09
03/09/2012;347
04/09/2012;342.06
05/09/2012;336.74
06/09/2012;345.1
07/09/2012;345.87
10/09/2012;345.95
11/09/2012;347.56
12/09/2012;346.73
13/09/2012;347.76
14/09/2012;353.99
17/09/2012;352.61
18/09/2012;348.27
19/09/2012;349.33
20/09/2012;347.22
21/09/2012;347.97
24/09/2012;347.19
25/09/2012;349.06
26/09/2012;342.19
27/09/2012;342.98
28/09/2012;338.62
01/10/2012;342.5
02/10/2012;341.99
03/10/2012;340.51
04/10/2012;337.97
05/10/2012;340.58
08/10/2012;338.37
09/10/2012;339.17
10/10/2012;338.97
11/10/2012;341.59
12/10/2012;337.59
15/10/2012;338.15
16/10/2012;342.08
17/10/2012;346.19
18/10/2012;346.29
19/10/2012;344.47
22/10/2012;341.37
23/10/2012;333.94
24/10/2012;336.28
25/10/2012;335.22
26/10/2012;336.28
29/10/2012;333.72
30/10/2012;339.83
31/10/2012;334.99
01/11/2012;337.57
02/11/2012;338.25
05/11/2012;335.18
06/11/2012;336.27
07/11/2012;329.71
08/11/2012;328.15
09/11/2012;328.22
12/11/2012;326.57
13/11/2012;327.45
14/11/2012;322.91
15/11/2012;320.45
16/11/2012;316.26
19/11/2012;324.37
20/11/2012;325.18
21/11/2012;326.39
22/11/2012;327.81
23/11/2012;329.02
26/11/2012;326.48
27/11/2012;325.79
28/11/2012;325.37
29/11/2012;328.21
30/11/2012;327.31
03/12/2012;326.63
04/12/2012;324.89
05/12/2012;323.86
06/12/2012;324.99
07/12/2012;324.01
10/12/2012;325.4
11/12/2012;325.67
12/12/2012;327.28
13/12/2012;325.7
14/12/2012;324
17/12/2012;323.6
18/12/2012;324.14
19/12/2012;325.68
20/12/2012;324.92
21/12/2012;325.07
24/12/2012;324.45
27/12/2012;324
28/12/2012;321.48
31/12/2012;322.84
02/01/2013;329.56
03/01/2013;332.22
04/01/2013;333.93
07/01/2013;330.59
08/01/2013;330.33
09/01/2013;333.41
10/01/2013;333.31
11/01/2013;332.11
14/01/2013;330.24
15/01/2013;332.17
16/01/2013;332.78
17/01/2013;333.11
18/01/2013;332.72
21/01/2013;332.5
22/01/2013;333.98
23/01/2013;336.63
24/01/2013;336.91
25/01/2013;335.77
28/01/2013;334.22
29/01/2013;337.48
30/01/2013;331.78
31/01/2013;328.02
01/02/2013;327.58
04/02/2013;322.72
05/02/2013;325.59
06/02/2013;323.58
07/02/2013;320.63
08/02/2013;321.99
11/02/2013;318.97
12/02/2013;320.69
13/02/2013;320.14
14/02/2013;317.45
15/02/2013;316.5
18/02/2013;315.2
19/02/2013;317.86
20/02/2013;316.17
21/02/2013;313.24
22/02/2013;317.37
25/02/2013;317.52
26/02/2013;313.62
27/02/2013;316.78
28/02/2013;318.09
01/03/2013;316.61
04/03/2013;316.37
05/03/2013;322.38
06/03/2013;322.5
07/03/2013;321.91
08/03/2013;323
11/03/2013;322.79
12/03/2013;323.42
13/03/2013;323.67
14/03/2013;327.09
15/03/2013;324.57
18/03/2013;324.65
19/03/2013;324.04
20/03/2013;323.72
21/03/2013;323.63
22/03/2013;324.19
25/03/2013;322.95
26/03/2013;323.93
27/03/2013;323.15
28/03/2013;321.53
02/04/2013;325.26
03/04/2013;322.81
04/04/2013;319.42
05/04/2013;314.61
08/04/2013;315.87
09/04/2013;317.75
10/04/2013;319.45
11/04/2013;320.31
12/04/2013;317.59
15/04/2013;312.12
16/04/2013;309.52
17/04/2013;303.63
18/04/2013;304.27
19/04/2013;306.07
22/04/2013;306.85
23/04/2013;312.61
24/04/2013;318.09
25/04/2013;321.44
26/04/2013;318.82
29/04/2013;320.17
30/04/2013;321.94
01/05/2013;321.63
02/05/2013;323.36
03/05/2013;328.18
06/05/2013;328.27
07/05/2013;328.31
08/05/2013;329.51
09/05/2013;330.71
10/05/2013;330.07
13/05/2013;329.78
14/05/2013;332.53
15/05/2013;331.36
16/05/2013;329.93
17/05/2013;332.32
20/05/2013;332.18
21/05/2013;334.26
22/05/2013;334.18
23/05/2013;329.13
24/05/2013;327.57
27/05/2013;328.84
28/05/2013;333.77
29/05/2013;329.07
30/05/2013;328.8
31/05/2013;325.53
03/06/2013;324.95
04/06/2013;324.43
05/06/2013;319.96
06/06/2013;315.4
07/06/2013;317.4
10/06/2013;317.74
11/06/2013;315.62
12/06/2013;313.38
13/06/2013;314.02
14/06/2013;314.94
17/06/2013;315.33
18/06/2013;314.31
19/06/2013;312.93
20/06/2013;306.52
21/06/2013;303.31
24/06/2013;299.23
25/06/2013;301.55
26/06/2013;304.88
27/06/2013;305.89
28/06/2013;304.52
01/07/2013;307.48
02/07/2013;305.72
03/07/2013;304.18
04/07/2013;308.86
05/07/2013;305.68
08/07/2013;309.63
09/07/2013;311.53
10/07/2013;313.72
11/07/2013;315.37
12/07/2013;315.27
15/07/2013;316.67
16/07/2013;315.41
17/07/2013;317.57
18/07/2013;321.23
19/07/2013;321.4
22/07/2013;323.42
23/07/2013;322
24/07/2013;322.62
25/07/2013;321.44
26/07/2013;320.4
29/07/2013;318.5
30/07/2013;315.84
31/07/2013;315.82
01/08/2013;317.38
02/08/2013;317.04
05/08/2013;317.72
06/08/2013;316.11
07/08/2013;314.45
08/08/2013;315.02
09/08/2013;316.75
12/08/2013;316.69
13/08/2013;319.56
14/08/2013;320.12
15/08/2013;317.56
16/08/2013;318.48
19/08/2013;316.07
20/08/2013;312.68
21/08/2013;310.76
22/08/2013;314.03
23/08/2013;317.7
26/08/2013;317.76
27/08/2013;318.66
28/08/2013;326.19
29/08/2013;325.81
30/08/2013;321.53
02/09/2013;324.51
03/09/2013;323.59
04/09/2013;325.4
05/09/2013;326.38
06/09/2013;327.56
09/09/2013;323.94
10/09/2013;324.69
11/09/2013;326.26
12/09/2013;326.33
13/09/2013;327.57
16/09/2013;327.53
17/09/2013;324.69
18/09/2013;324.7
19/09/2013;326.24
20/09/2013;325.98
23/09/2013;323.43
24/09/2013;324.44
25/09/2013;324.59
26/09/2013;324.77
27/09/2013;324.13
30/09/2013;320.86
01/10/2013;322.07
02/10/2013;320.53
03/10/2013;319.82
04/10/2013;320.09
07/10/2013;319.52
08/10/2013;316.58
09/10/2013;315.4
10/10/2013;319.14
11/10/2013;319.74
14/10/2013;321.45
15/10/2013;325.09
16/10/2013;326.25
17/10/2013;324.99
18/10/2013;327.86
21/10/2013;329.04
22/10/2013;328.54
23/10/2013;325.87
24/10/2013;327.31
25/10/2013;329.8
28/10/2013;328.58
29/10/2013;334.74
30/10/2013;336.22
31/10/2013;336.93
01/11/2013;336.17
04/11/2013;337.96
05/11/2013;338
06/11/2013;338.83
07/11/2013;336.59
08/11/2013;333.99
11/11/2013;335.61
12/11/2013;332.8
13/11/2013;330.92
14/11/2013;333.25
15/11/2013;336.05
18/11/2013;336.5
19/11/2013;334.65
20/11/2013;335.94
21/11/2013;335.18
22/11/2013;336.37
25/11/2013;334.74
26/11/2013;331.83
27/11/2013;332.28
28/11/2013;332.93
29/11/2013;332.89
02/12/2013;330.7
03/12/2013;327.01
04/12/2013;325.76
05/12/2013;321.65
06/12/2013;325.03
09/12/2013;325.4
10/12/2013;323.54
11/12/2013;321.59
12/12/2013;317.68
13/12/2013;315.92
16/12/2013;319.94
17/12/2013;316.43
18/12/2013;318.27
19/12/2013;323.87
20/12/2013;326.23
23/12/2013;329.39
24/12/2013;330.7
27/12/2013;333.82
30/12/2013;333.29
31/12/2013;335
02/01/2014;333.58
03/01/2014;334.99
06/01/2014;333.8
07/01/2014;337.05
08/01/2014;335.71
09/01/2014;336.31
10/01/2014;338.75
13/01/2014;337.24
14/01/2014;336.25
15/01/2014;337.94
16/01/2014;337.84
17/01/2014;339.64
20/01/2014;340.65
21/01/2014;339.94
22/01/2014;341.03
23/01/2014;336.64
24/01/2014;329.04
27/01/2014;321.33
28/01/2014;321.23
29/01/2014;319.21
30/01/2014;320.41
31/01/2014;318.22
03/02/2014;314
04/02/2014;314.4
05/02/2014;314.48
06/02/2014;319.25
07/02/2014;320.08
10/02/2014;320.49
11/02/2014;325.34
12/02/2014;327.37
13/02/2014;325.36
14/02/2014;328.02
17/02/2014;328.21
18/02/2014;329.9
19/02/2014;330.64
20/02/2014;333.54
21/02/2014;335.85
24/02/2014;338.44
25/02/2014;337.97
26/02/2014;338.34
27/02/2014;336.22
28/02/2014;337.53
03/03/2014;332.57
04/03/2014;336.4
05/03/2014;335.01
06/03/2014;334.08
07/03/2014;330.94
10/03/2014;330.87
11/03/2014;330.9
12/03/2014;327.85
13/03/2014;325.21
14/03/2014;324.06
17/03/2014;326.27
18/03/2014;328.05
19/03/2014;327.71
20/03/2014;326.84
21/03/2014;328.84
24/03/2014;325.37
25/03/2014;329.53
26/03/2014;332.46
27/03/2014;334.63
28/03/2014;336.73
31/03/2014;336.46
01/04/2014;337.61
02/04/2014;338.32
03/04/2014;339.46
04/04/2014;342.56
07/04/2014;339.52
08/04/2014;338.6
09/04/2014;340.52
10/04/2014;338.68
11/04/2014;334.79
14/04/2014;339.92
15/04/2014;340
16/04/2014;342.71
17/04/2014;344.09
22/04/2014;346.81
23/04/2014;344.25
24/04/2014;348.33
25/04/2014;347.25
28/04/2014;348.09
29/04/2014;356.61
30/04/2014;357.98
01/05/2014;359.11
02/05/2014;359.44
05/05/2014;359.35
06/05/2014;359.37
07/05/2014;361.27
08/05/2014;366.02
09/05/2014;363.48
12/05/2014;364.51
13/05/2014;363.41
14/05/2014;362.69
15/05/2014;359.04
16/05/2014;361.99
19/05/2014;362.13
20/05/2014;359.44
21/05/2014;363.69
22/05/2014;363.3
23/05/2014;363.37
26/05/2014;364.98
27/05/2014;363.7
28/05/2014;362.15
29/05/2014;363.13
30/05/2014;361.71
02/06/2014;363.41
03/06/2014;362.57
04/06/2014;359.14
05/06/2014;362.83
06/06/2014;365.46
09/06/2014;367.02
10/06/2014;366.82
11/06/2014;364.77
12/06/2014;369.1
13/06/2014;373.13
16/06/2014;371.72
17/06/2014;370.97
18/06/2014;373.46
19/06/2014;376.48
20/06/2014;377.75
23/06/2014;378.99
24/06/2014;379.26
25/06/2014;372.97
26/06/2014;372.96
27/06/2014;371.58
30/06/2014;371.94
01/07/2014;374.27
02/07/2014;376.08
03/07/2014;376.63
04/07/2014;376.73
07/07/2014;371.64
08/07/2014;365.78
09/07/2014;365.65
10/07/2014;359.93
11/07/2014;360.46
14/07/2014;361.78
15/07/2014;359.6
16/07/2014;365.46
17/07/2014;360.31
18/07/2014;359.8
21/07/2014;357.31
22/07/2014;364.97
23/07/2014;365.06
24/07/2014;365.31
25/07/2014;361.92
28/07/2014;362.45
29/07/2014;361.92
30/07/2014;354.74
31/07/2014;351.25
01/08/2014;349.23
04/08/2014;350.79
05/08/2014;350.89
06/08/2014;348.65
07/08/2014;345.54
08/08/2014;341.85
11/08/2014;346.83
12/08/2014;343.23
13/08/2014;342.21
14/08/2014;343.15
15/08/2014;342.31
18/08/2014;345.79
19/08/2014;349.05
20/08/2014;348.92
21/08/2014;350.17
22/08/2014;348.2
25/08/2014;352.28
26/08/2014;355.54
27/08/2014;355.71
28/08/2014;354.09
29/08/2014;355.79
01/09/2014;358.06
02/09/2014;355.1
03/09/2014;357.62
04/09/2014;358.93
05/09/2014;357.65
08/09/2014;353.65
09/09/2014;351.18
10/09/2014;351.32
11/09/2014;349.57
12/09/2014;348.33
15/09/2014;345.04
16/09/2014;346.93
17/09/2014;348.3
18/09/2014;350.58
19/09/2014;351.12
22/09/2014;349.45
23/09/2014;343.63
24/09/2014;347.89
25/09/2014;343.24
26/09/2014;345.47
29/09/2014;345.97
30/09/2014;349.31
01/10/2014;344.12
02/10/2014;330.34
03/10/2014;332.65
06/10/2014;332.4
07/10/2014;327.64
08/10/2014;323.59
09/10/2014;321
10/10/2014;311.4
13/10/2014;313.29
14/10/2014;309.11
15/10/2014;298.59
16/10/2014;296.78
17/10/2014;308.39
20/10/2014;301.09
21/10/2014;311.35
22/10/2014;313.2
23/10/2014;315.85
24/10/2014;311.53
27/10/2014;308.32
28/10/2014;311.91
29/10/2014;315.08
30/10/2014;315.23
31/10/2014;319.27
03/11/2014;316.68
04/11/2014;304.74
05/11/2014;311.86
06/11/2014;313.84
07/11/2014;317.66
10/11/2014;320.32
11/11/2014;317.14
12/11/2014;314.03
13/11/2014;308.98
14/11/2014;310.6
17/11/2014;311.91
18/11/2014;314.3
19/11/2014;313.35
20/11/2014;315.29
21/11/2014;325.34
24/11/2014;323.17
25/11/2014;319.62
26/11/2014;317.79
27/11/2014;305.23
28/11/2014;294.65
01/12/2014;292.04
02/12/2014;301.29
03/12/2014;302.31
04/12/2014;293.61
05/12/2014;294.55
08/12/2014;288.88
09/12/2014;283.15
10/12/2014;277.83
11/12/2014;276.86
12/12/2014;266.97
15/12/2014;258.8
16/12/2014;266.45
17/12/2014;275.13
18/12/2014;282.61
19/12/2014;287.56
22/12/2014;286.03
23/12/2014;289
24/12/2014;289.05
29/12/2014;289.26
30/12/2014;284.02
31/12/2014;284.47
02/01/2015;284.7
05/01/2015;270.82
06/01/2015;271.08
07/01/2015;273.43
08/01/2015;280.21
09/01/2015;274.67
12/01/2015;271.06
13/01/2015;274.1
14/01/2015;266.83
15/01/2015;276.68
16/01/2015;285.64
19/01/2015;284.65
20/01/2015;285.47
21/01/2015;292.6
22/01/2015;298.6
23/01/2015;301.06
26/01/2015;305.83
27/01/2015;304.48
28/01/2015;300.29
29/01/2015;292
30/01/2015;292.02
02/02/2015;300.57
03/02/2015;311.17
04/02/2015;308.44
05/02/2015;313.46
06/02/2015;313.06
09/02/2015;316.71
10/02/2015;311.68
11/02/2015;307.65
12/02/2015;309.42
13/02/2015;315.19
16/02/2015;314.19
17/02/2015;314.44
18/02/2015;319.12
19/02/2015;312.88
20/02/2015;314.66
23/02/2015;314.08
24/02/2015;318.49
25/02/2015;318.5
26/02/2015;318.68
27/02/2015;320.72
02/03/2015;316.08
03/03/2015;314.1
04/03/2015;314.56
05/03/2015;315.74
06/03/2015;315.33
09/03/2015;315.29
10/03/2015;304.33
11/03/2015;304.9
12/03/2015;304.91
13/03/2015;297.33
16/03/2015;296.35
17/03/2015;300
18/03/2015;303.89
19/03/2015;308.62
20/03/2015;314.9
23/03/2015;312.96
24/03/2015;310.67
25/03/2015;310.96
26/03/2015;309.54
27/03/2015;308.23
30/03/2015;309.48
31/03/2015;306.28
01/04/2015;308.84
02/04/2015;306.24
07/04/2015;319.04
08/04/2015;326.86
09/04/2015;330.77
10/04/2015;334.78
13/04/2015;336.76
14/04/2015;337.38
15/04/2015;344.15
16/04/2015;343.43
17/04/2015;341.3
20/04/2015;343.71
21/04/2015;341.62
22/04/2015;341.13
23/04/2015;342.3
24/04/2015;340.07
27/04/2015;343.03
28/04/2015;342.74
29/04/2015;336.57
30/04/2015;336.66
01/05/2015;334.41
04/05/2015;336.03
05/05/2015;337.24
06/05/2015;335.36
07/05/2015;327.49
08/05/2015;335.88
11/05/2015;337.21
12/05/2015;335.22
13/05/2015;335.67
14/05/2015;335.82
15/05/2015;330.61
18/05/2015;328.8
19/05/2015;330.6
20/05/2015;332.1
21/05/2015;336.71
22/05/2015;335.25
25/05/2015;333.66
26/05/2015;329.88
27/05/2015;332.33
28/05/2015;329.33
29/05/2015;325.5
01/06/2015;322.88
02/06/2015;322.74
03/06/2015;320.93
04/06/2015;314.23
05/06/2015;315.83
08/06/2015;311.89
09/06/2015;310.87
10/06/2015;317.12
11/06/2015;318.57
12/06/2015;313.26
15/06/2015;310.04
16/06/2015;310.42
17/06/2015;312.74
18/06/2015;310.54
19/06/2015;311.41
22/06/2015;316.25
23/06/2015;319.66
24/06/2015;322.35
25/06/2015;321.59
26/06/2015;320.09
29/06/2015;311.63
30/06/2015;306.95
01/07/2015;307.68
02/07/2015;311.67
03/07/2015;309.14
06/07/2015;304.42
07/07/2015;296.25
08/07/2015;298.15
09/07/2015;303.17
10/07/2015;306.48
13/07/2015;310.09
14/07/2015;312.68
15/07/2015;313.61
16/07/2015;314.79
17/07/2015;313.15
20/07/2015;312.58
21/07/2015;311.31
22/07/2015;307.26
23/07/2015;302.98
24/07/2015;299.14
27/07/2015;291.55
28/07/2015;295.49
29/07/2015;301.37
30/07/2015;306.96
31/07/2015;304.17
03/08/2015;303.44
04/08/2015;302.1
05/08/2015;307.57
06/08/2015;302.46
07/08/2015;303.93
10/08/2015;303.91
11/08/2015;299.56
12/08/2015;297.1
13/08/2015;295.78
14/08/2015;292.98
17/08/2015;293.73
18/08/2015;291.47
19/08/2015;285.31
20/08/2015;281.51
21/08/2015;271.11
24/08/2015;249.11
25/08/2015;258.47
26/08/2015;251.97
27/08/2015;266.61
28/08/2015;273.08
31/08/2015;272.3
01/09/2015;265.3
02/09/2015;263.9
03/09/2015;271.86
04/09/2015;260.91
07/09/2015;260.83
08/09/2015;264.72
09/09/2015;267.79
10/09/2015;262.36
11/09/2015;259.3
14/09/2015;258.63
15/09/2015;263.39
16/09/2015;270.3
17/09/2015;269.29
18/09/2015;260.57
21/09/2015;261.82
22/09/2015;253.56
23/09/2015;255.36
24/09/2015;248.2
25/09/2015;253.69
28/09/2015;245.88
29/09/2015;248.55
30/09/2015;254.02
01/10/2015;257.39
02/10/2015;261.88
05/10/2015;274.58
06/10/2015;282.54
07/10/2015;290.23
08/10/2015;290.22
09/10/2015;291.25
12/10/2015;287.78
13/10/2015;285.02
14/10/2015;284.31
15/10/2015;287.32
16/10/2015;290.08
19/10/2015;286.51
20/10/2015;284.39
21/10/2015;286.4
22/10/2015;291.19
23/10/2015;290.77
26/10/2015;287.1
27/10/2015;280.3
28/10/2015;285.29
29/10/2015;285.06
30/10/2015;283.65
02/11/2015;285.41
03/11/2015;295.42
04/11/2015;297.11
05/11/2015;290.53
06/11/2015;289.91
09/11/2015;287.97
10/11/2015;288.3
11/11/2015;286.51
12/11/2015;277.66
13/11/2015;275.14
16/11/2015;277.95
17/11/2015;287.41
18/11/2015;290.35
19/11/2015;291.42
20/11/2015;288.04
23/11/2015;286.92
24/11/2015;288.35
25/11/2015;290.16
26/11/2015;294.42
27/11/2015;292.11
30/11/2015;293.46
01/12/2015;292.49
02/12/2015;292.02
03/12/2015;280.66
04/12/2015;275.11
07/12/2015;267.36
08/12/2015;263.64
09/12/2015;267.5
10/12/2015;267.69
11/12/2015;257.96
14/12/2015;251.2
15/12/2015;260.94
16/12/2015;260.76
17/12/2015;259.9
18/12/2015;257.82
21/12/2015;252.21
22/12/2015;255.22
23/12/2015;267.3
24/12/2015;267.92
28/12/2015;264.14
29/12/2015;266.98
30/12/2015;263.7
31/12/2015;262.31
04/01/2016;258.5
05/01/2016;258.22
06/01/2016;253.03
07/01/2016;246.07
08/01/2016;237.09
11/01/2016;235.21
12/01/2016;233.77
13/01/2016;237.31
14/01/2016;242.74
15/01/2016;233.62
18/01/2016;233.93
19/01/2016;236.59
20/01/2016;224.42
21/01/2016;232.73
22/01/2016;244.51
25/01/2016;241.35
26/01/2016;247.09
27/01/2016;249.81
28/01/2016;253.77
29/01/2016;257.92
01/02/2016;254.35
02/02/2016;242
03/02/2016;242.37
04/02/2016;250.43
05/02/2016;249.91
08/02/2016;242.78
09/02/2016;235.12
10/02/2016;234.68
11/02/2016;225.42
12/02/2016;239.73
15/02/2016;244.74
16/02/2016;244.31
17/02/2016;252.56
18/02/2016;250.23
19/02/2016;247.68
22/02/2016;255.52
23/02/2016;249.45
24/02/2016;242.52
25/02/2016;247.71
26/02/2016;256.62
29/02/2016;260.49
01/03/2016;262.69
02/03/2016;266.16
03/03/2016;268.95
04/03/2016;272.24
07/03/2016;273.52
08/03/2016;266.76
09/03/2016;269.06
10/03/2016;260.33
11/03/2016;267.28
14/03/2016;266.98
15/03/2016;262.14
16/03/2016;266.44
17/03/2016;272.98
18/03/2016;272.24
21/03/2016;268
22/03/2016;268.39
23/03/2016;264.07
24/03/2016;260.68
29/03/2016;258.05
30/03/2016;265.46
31/03/2016;260.29
01/04/2016;253.17
04/04/2016;253.9
05/04/2016;247.93
06/04/2016;250.25
07/04/2016;248.51
08/04/2016;257.12
11/04/2016;258.91
12/04/2016;262.83
13/04/2016;271.91
14/04/2016;272.47
15/04/2016;270.24
18/04/2016;269.59
19/04/2016;274.62
20/04/2016;276.82
21/04/2016;279.35
22/04/2016;280.34
25/04/2016;276.85
26/04/2016;279.87
27/04/2016;285.41
28/04/2016;287.37
29/04/2016;281.85
02/05/2016;280.02
03/05/2016;272.19
04/05/2016;268.5
05/05/2016;271.57
06/05/2016;272.32
09/05/2016;266.9
10/05/2016;270.94
11/05/2016;271.97
12/05/2016;272.4
13/05/2016;272.18
16/05/2016;274.66
17/05/2016;274.65
18/05/2016;276.1
19/05/2016;268.76
20/05/2016;272.42
23/05/2016;268.53
24/05/2016;273.26
25/05/2016;280.19
26/05/2016;279.29
27/05/2016;278.14
30/05/2016;278.34
31/05/2016;275.63
01/06/2016;271.94
02/06/2016;270.49
03/06/2016;270
06/06/2016;273.9
07/06/2016;281.14
08/06/2016;281.95
09/06/2016;279.13
10/06/2016;274.21
13/06/2016;270.18
14/06/2016;262.39
15/06/2016;264.24
16/06/2016;263.13
17/06/2016;270.69
20/06/2016;279.89
21/06/2016;281.73
22/06/2016;282.14
23/06/2016;287.51
24/06/2016;269.85
27/06/2016;265.02
28/06/2016;271.43
29/06/2016;284.1
30/06/2016;288.04
01/07/2016;291.2
04/07/2016;289.07
05/07/2016;285.51
06/07/2016;279.46
07/07/2016;282.83
08/07/2016;286.19
11/07/2016;289.83
12/07/2016;294.4
13/07/2016;291.47
14/07/2016;294.73
15/07/2016;293.37
18/07/2016;291.03
19/07/2016;291.3
20/07/2016;290.99
21/07/2016;291.56
22/07/2016;289.39
25/07/2016;283.41
26/07/2016;283.71
27/07/2016;284.13
28/07/2016;278.94
29/07/2016;278.68
01/08/2016;273.69
02/08/2016;269.4
03/08/2016;271.15
04/08/2016;274.47
05/08/2016;277.57
08/08/2016;279.39
09/08/2016;281.56
10/08/2016;279.85
11/08/2016;282.76
12/08/2016;282.84
15/08/2016;283.27
16/08/2016;283.82
17/08/2016;281.91
18/08/2016;286.29
19/08/2016;283.4
22/08/2016;281.5
23/08/2016;283.02
24/08/2016;283.39
25/08/2016;281.86
26/08/2016;285.76
29/08/2016;284.13
30/08/2016;286.13
31/08/2016;282.2
01/09/2016;280.13
02/09/2016;287.63
05/09/2016;290.37
06/09/2016;287.77
07/09/2016;290.58
08/09/2016;291.13
09/09/2016;286.84
12/09/2016;284.07
13/09/2016;276.05
14/09/2016;274.18
15/09/2016;274.93
16/09/2016;271.1
19/09/2016;275.02
20/09/2016;272.54
21/09/2016;273.36
22/09/2016;279.79
23/09/2016;277.96
26/09/2016;273.64
27/09/2016;269.7
28/09/2016;271.61
29/09/2016;283.43
30/09/2016;282.29
03/10/2016;283.71
04/10/2016;288.37
05/10/2016;289.86
06/10/2016;289.84
07/10/2016;289.69
10/10/2016;295.27
11/10/2016;290.97
12/10/2016;291.08
13/10/2016;289.4
14/10/2016;293.79
17/10/2016;290.36
18/10/2016;293.58
19/10/2016;295.89
20/10/2016;297.04
21/10/2016;297.55
24/10/2016;296.88
25/10/2016;297.07
26/10/2016;293.86
27/10/2016;296.02
28/10/2016;294.43
31/10/2016;290.06
01/11/2016;286.7
02/11/2016;280.44
03/11/2016;280.78
04/11/2016;278.98
07/11/2016;283.67
08/11/2016;284.21
09/11/2016;284.76
10/11/2016;284.75
11/11/2016;278.61
14/11/2016;276.27
15/11/2016;284.13
16/11/2016;283.71
17/11/2016;286.59
18/11/2016;283.79
21/11/2016;289.76
22/11/2016;290.55
23/11/2016;291.03
24/11/2016;292.68
25/11/2016;290.8
28/11/2016;288.93
29/11/2016;286.37
30/11/2016;296.08
01/12/2016;301.56
02/12/2016;299.33
05/12/2016;300.16
06/12/2016;300.08
07/12/2016;303.22
08/12/2016;304.99
09/12/2016;306.77
12/12/2016;311.98
13/12/2016;313.44
14/12/2016;312.48
15/12/2016;313.92
16/12/2016;318.64
19/12/2016;316.46
20/12/2016;319.98
21/12/2016;318.1
22/12/2016;319.4
23/12/2016;319.79
27/12/2016;320.38
28/12/2016;322.69
29/12/2016;322.48
30/12/2016;322.47
02/01/2017;324.88
03/01/2017;327.81
04/01/2017;327.03
05/01/2017;326.62
06/01/2017;325.55
09/01/2017;321
10/01/2017;321.16
11/01/2017;323.47
12/01/2017;323.29
13/01/2017;324.97
16/01/2017;321.44
17/01/2017;320.54
18/01/2017;320.78
19/01/2017;318.05
20/01/2017;319.68
23/01/2017;315.36
24/01/2017;316.75
25/01/2017;319.04
26/01/2017;318.27
27/01/2017;316.53
30/01/2017;310.11
31/01/2017;307.89
01/02/2017;309.83
02/02/2017;308.45
03/02/2017;312.75
06/02/2017;310.86
07/02/2017;306.27
08/02/2017;305.62
09/02/2017;309.37
10/02/2017;311.48
13/02/2017;313.46
14/02/2017;313.06
15/02/2017;312.4
16/02/2017;309.87
17/02/2017;306.69
20/02/2017;307.58
21/02/2017;312.64
22/02/2017;310.44
23/02/2017;311.43
24/02/2017;308.15
27/02/2017;307.32
28/02/2017;307.66
01/03/2017;313.11
02/03/2017;313.71
03/03/2017;314.02
06/03/2017;312.51
07/03/2017;311.93
08/03/2017;309.41
09/03/2017;304.67
10/03/2017;308.03
13/03/2017;308.3
14/03/2017;303.11
15/03/2017;306.39
16/03/2017;309.07
17/03/2017;309.25
20/03/2017;305.82
21/03/2017;306.64
22/03/2017;305.61
23/03/2017;307.82
24/03/2017;305.5
27/03/2017;303.85
28/03/2017;306.58
29/03/2017;309.73
30/03/2017;313.4
31/03/2017;313.06
03/04/2017;311.08
04/04/2017;314.25
05/04/2017;316.31
06/04/2017;318.37
07/04/2017;320.71
10/04/2017;320.54
11/04/2017;320.84
12/04/2017;321.55
13/04/2017;318.6
18/04/2017;312.26
19/04/2017;310.16
20/04/2017;309.43
21/04/2017;306.55
24/04/2017;310.58
25/04/2017;310.73
26/04/2017;312.63
27/04/2017;307.58
28/04/2017;307.76
01/05/2017;307.6
02/05/2017;308.17
03/05/2017;307.08
04/05/2017;306.84
05/05/2017;313.16
08/05/2017;313.97
09/05/2017;315.42
10/05/2017;318.18
11/05/2017;317.24
12/05/2017;316.29
15/05/2017;319.23
16/05/2017;319.71
17/05/2017;317.94
18/05/2017;315.69
19/05/2017;317.48
22/05/2017;317.29
23/05/2017;316.63
24/05/2017;316.71
25/05/2017;312.93
26/05/2017;309.62
29/05/2017;310.14
30/05/2017;309.37
31/05/2017;305.78
01/06/2017;306.93
02/06/2017;302.91
05/06/2017;301.25
06/06/2017;301.7
07/06/2017;299.61
08/06/2017;299.99
09/06/2017;301.44
12/06/2017;301.49
13/06/2017;302.28
14/06/2017;297.56
15/06/2017;295.8
16/06/2017;297.46
19/06/2017;299.94
20/06/2017;293.4
21/06/2017;292.69
22/06/2017;291.81
23/06/2017;291.26
26/06/2017;291.21
27/06/2017;292.29
28/06/2017;292.46
29/06/2017;289.04
30/06/2017;286.88
03/07/2017;292.29
04/07/2017;292.31
05/07/2017;288.34
06/07/2017;287.35
07/07/2017;284.01
10/07/2017;285.31
11/07/2017;284.54
12/07/2017;288.73
13/07/2017;289.19
14/07/2017;290.72
17/07/2017;290.97
18/07/2017;288.07
19/07/2017;289.85
20/07/2017;290.09
21/07/2017;286.56
24/07/2017;285.54
25/07/2017;288.33
26/07/2017;290.51
27/07/2017;289.35
28/07/2017;290.05
31/07/2017;290.28
01/08/2017;293.1
02/08/2017;293.69
03/08/2017;292.53
04/08/2017;294.79
07/08/2017;295.13
08/08/2017;296.05
09/08/2017;294.42
10/08/2017;292.07
11/08/2017;286.26
14/08/2017;287.16
15/08/2017;285.28
16/08/2017;287.22
17/08/2017;283.96
18/08/2017;282.92
21/08/2017;282.6
22/08/2017;284.68
23/08/2017;284.85
24/08/2017;283.91
25/08/2017;284.22
28/08/2017;282.98
29/08/2017;280.66
30/08/2017;282.89
31/08/2017;284.95
01/09/2017;287.05
04/09/2017;286.95
05/09/2017;289.08
06/09/2017;289.85
07/09/2017;290.79
08/09/2017;288.58
11/09/2017;290.81
12/09/2017;291.93
13/09/2017;293.43
14/09/2017;295.91
15/09/2017;294.75
18/09/2017;295.04
19/09/2017;296.86
20/09/2017;299.5
21/09/2017;301.56
22/09/2017;302.38
25/09/2017;304.91
26/09/2017;304.67
27/09/2017;304.47
28/09/2017;306.45
29/09/2017;306.1
02/10/2017;305.65
03/10/2017;308.07
04/10/2017;306.37
05/10/2017;309.08
06/10/2017;305.96
09/10/2017;306.48
10/10/2017;307.64
11/10/2017;308.09
12/10/2017;307.08
13/10/2017;309.13
16/10/2017;309.59
17/10/2017;307.94
18/10/2017;307.09
19/10/2017;306.37
20/10/2017;307.46
23/10/2017;308.1
24/10/2017;309.97
25/10/2017;307.2
26/10/2017;310.24
27/10/2017;314.42
30/10/2017;318.35
31/10/2017;320.52
01/11/2017;323.55
02/11/2017;324.24
03/11/2017;323.44
06/11/2017;325.81
07/11/2017;327.84
08/11/2017;327.58
09/11/2017;322.28
10/11/2017;319.18
13/11/2017;316.68
14/11/2017;311.64
15/11/2017;307.01
16/11/2017;305.7
17/11/2017;305.8
20/11/2017;306.46
21/11/2017;308.58
22/11/2017;309.91
23/11/2017;309.74
24/11/2017;308.18
27/11/2017;305.95
28/11/2017;310.34
29/11/2017;311.47
30/11/2017;310.91
01/12/2017;311.54
04/12/2017;313.29
05/12/2017;311.86
06/12/2017;310.68
07/12/2017;309.79
08/12/2017;310.5
11/12/2017;312.31
12/12/2017;317.17
13/12/2017;313.98
14/12/2017;314.02
15/12/2017;311.74
18/12/2017;314.63
19/12/2017;311.81
20/12/2017;312.21
21/12/2017;316.69
22/12/2017;316.88
27/12/2017;317.86
28/12/2017;316.86
29/12/2017;315.53
02/01/2018;317.19
