04/10/2005;184.53
05/10/2005;176.5
06/10/2005;172
07/10/2005;174
10/10/2005;173
11/10/2005;177
12/10/2005;177.57
13/10/2005;172.86
14/10/2005;170.44
17/10/2005;175.7
18/10/2005;169
19/10/2005;165.72
20/10/2005;160.25
21/10/2005;164.5
24/10/2005;160.53
25/10/2005;166.2
26/10/2005;160
27/10/2005;161
28/10/2005;164.5
31/10/2005;158.11
01/11/2005;159.6
02/11/2005;157.6
03/11/2005;162.6
04/11/2005;160.5
07/11/2005;157.9
08/11/2005;160.74
09/11/2005;158.8
10/11/2005;154.38
11/11/2005;154
14/11/2005;154.3
15/11/2005;150.87
16/11/2005;152.67
17/11/2005;150.43
18/11/2005;150.23
21/11/2005;150.8
22/11/2005;155.82
23/11/2005;154.8
28/11/2005;150.19
29/11/2005;148.06
30/11/2005;152.71
01/12/2005;159.25
02/12/2005;163.13
05/12/2005;161.5
06/12/2005;161
07/12/2005;159.76
08/12/2005;166.66
09/12/2005;163.99
12/12/2005;168.68
13/12/2005;169.09
14/12/2005;168.57
15/12/2005;168
16/12/2005;161.89
19/12/2005;157.52
20/12/2005;155.88
21/12/2005;157.64
22/12/2005;159.06
23/12/2005;160.05
27/12/2005;157.34
28/12/2005;162.11
29/12/2005;168.24
30/12/2005;174
03/01/2006;178.62
04/01/2006;182.45
05/01/2006;181.7
06/01/2006;184.55
09/01/2006;179.75
10/01/2006;178
11/01/2006;176.31
12/01/2006;176.85
13/01/2006;177.11
17/01/2006;184
18/01/2006;180
19/01/2006;180
20/01/2006;183
23/01/2006;181
24/01/2006;177.44
25/01/2006;170.46
26/01/2006;172.43
27/01/2006;177.14
30/01/2006;180.49
31/01/2006;175.58
01/02/2006;174.35
02/02/2006;168.93
03/02/2006;170.17
06/02/2006;166.22
07/02/2006;161.4
08/02/2006;158.31
09/02/2006;158.01
10/02/2006;151.05
13/02/2006;147.8
14/02/2006;144.61
15/02/2006;143.1
16/02/2006;148.83
17/02/2006;152.87
21/02/2006;153.07
22/02/2006;149.79
23/02/2006;152.01
24/02/2006;155.97
27/02/2006;148.7
28/02/2006;154.43
01/03/2006;179.99
02/03/2006;186.25
03/03/2006;189.81
06/03/2006;184.1
07/03/2006;185.35
08/03/2006;183.23
09/03/2006;184
10/03/2006;181.85
13/03/2006;187
14/03/2006;194.89
15/03/2006;191.05
16/03/2006;194.9
17/03/2006;193.25
20/03/2006;187.48
21/03/2006;189.75
22/03/2006;184.8
23/03/2006;191.5
24/03/2006;195.75
27/03/2006;197.2
28/03/2006;203.85
29/03/2006;207.55
30/03/2006;208.05
31/03/2006;206.45
03/04/2006;205.12
04/04/2006;206.25
05/04/2006;210.6
06/04/2006;214.39
07/04/2006;212.51
10/04/2006;215.14
11/04/2006;219.21
12/04/2006;221.55
13/04/2006;222.97
17/04/2006;228.47
18/04/2006;232.14
19/04/2006;234.69
20/04/2006;232.2
21/04/2006;235.95
24/04/2006;230.4
25/04/2006;224.5
26/04/2006;225.1
27/04/2006;216.69
28/04/2006;221
01/05/2006;227.56
02/05/2006;232.5
03/05/2006;228.25
04/05/2006;217.36
05/05/2006;226.73
08/05/2006;224.86
09/05/2006;235.1
10/05/2006;245.94
11/05/2006;248.95
12/05/2006;242.56
15/05/2006;226.8
16/05/2006;222.58
17/05/2006;216
18/05/2006;217.5
19/05/2006;218.5
22/05/2006;217.22
23/05/2006;225
24/05/2006;215.67
25/05/2006;224
26/05/2006;231
30/05/2006;233.47
31/05/2006;228.73
01/06/2006;227.46
02/06/2006;236.25
05/06/2006;233.67
06/06/2006;234.64
07/06/2006;226.25
08/06/2006;227.87
09/06/2006;230.53
12/06/2006;225.99
13/06/2006;217.1
14/06/2006;218.22
15/06/2006;220.19
16/06/2006;220.48
19/06/2006;216.37
20/06/2006;216.68
21/06/2006;223.02
22/06/2006;227.52
23/06/2006;229.47
26/06/2006;234.33
27/06/2006;232.89
28/06/2006;231.85
29/06/2006;236.65
30/06/2006;239.31
03/07/2006;238.46
05/07/2006;241.42
06/07/2006;240.55
07/07/2006;238.76
10/07/2006;230.49
11/07/2006;231.22
12/07/2006;236.75
13/07/2006;238.56
14/07/2006;243.08
17/07/2006;239.9
18/07/2006;236.69
19/07/2006;233.27
20/07/2006;235.86
21/07/2006;242.46
24/07/2006;241.93
25/07/2006;239
26/07/2006;237.5
27/07/2006;235.29
28/07/2006;233.8
31/07/2006;234.96
01/08/2006;237.24
02/08/2006;241.24
03/08/2006;236.54
04/08/2006;232.05
07/08/2006;232
08/08/2006;227.2
09/08/2006;219.87
10/08/2006;206.78
11/08/2006;213.24
14/08/2006;204.98
15/08/2006;206.92
16/08/2006;202.58
17/08/2006;196.5
18/08/2006;200.52
21/08/2006;197.83
22/08/2006;198.07
23/08/2006;188.55
24/08/2006;186.08
25/08/2006;190.58
28/08/2006;182.83
29/08/2006;182.5
30/08/2006;183.35
31/08/2006;182.07
01/09/2006;178.42
05/09/2006;168.26
06/09/2006;167.9
07/09/2006;168.41
08/09/2006;164.23
11/09/2006;162.15
12/09/2006;160.83
13/09/2006;160.05
14/09/2006;160.16
15/09/2006;163.71
18/09/2006;162.66
19/09/2006;154.83
20/09/2006;149.29
21/09/2006;153.38
22/09/2006;151.99
25/09/2006;150.08
26/09/2006;152.62
27/09/2006;156.33
28/09/2006;156.02
29/09/2006;156.32
02/10/2006;154.25
03/10/2006;149.81
04/10/2006;153.46
05/10/2006;154.72
06/10/2006;153.02
09/10/2006;152.07
10/10/2006;148.67
11/10/2006;147.87
12/10/2006;148.72
13/10/2006;151.81
16/10/2006;153.22
17/10/2006;151.71
18/10/2006;150.03
19/10/2006;153.28
20/10/2006;150.94
23/10/2006;150.44
24/10/2006;153.22
25/10/2006;158.75
26/10/2006;154.22
27/10/2006;155.63
30/10/2006;146
31/10/2006;144.66
01/11/2006;149.48
02/11/2006;147.65
03/11/2006;152.57
06/11/2006;154.33
07/11/2006;153.56
08/11/2006;157.77
09/11/2006;160.52
10/11/2006;156.56
13/11/2006;154.71
14/11/2006;155.77
15/11/2006;159.47
16/11/2006;154.11
17/11/2006;154.93
20/11/2006;156.05
21/11/2006;164.27
22/11/2006;159.67
24/11/2006;159.67
27/11/2006;159.75
28/11/2006;163.71
29/11/2006;170.84
30/11/2006;170.24
01/12/2006;170.21
04/12/2006;166.31
05/12/2006;164.39
06/12/2006;162.13
07/12/2006;162.32
08/12/2006;161.71
11/12/2006;159.58
12/12/2006;159.7
13/12/2006;162.21
14/12/2006;167.01
15/12/2006;170.39
18/12/2006;167.49
19/12/2006;171.06
20/12/2006;169.3
21/12/2006;164.89
22/12/2006;163.09
26/12/2006;157.16
27/12/2006;158.89
28/12/2006;159.8
29/12/2006;160.21
03/01/2007;154.89
04/01/2007;148.7
05/01/2007;149.31
08/01/2007;146.85
09/01/2007;146.96
10/01/2007;142.92
11/01/2007;139.05
12/01/2007;143.2
16/01/2007;136.93
17/01/2007;137.86
18/01/2007;135.53
19/01/2007;139.8
22/01/2007;137.54
23/01/2007;144.73
24/01/2007;146.16
25/01/2007;144.41
26/01/2007;148.34
29/01/2007;144.1
30/01/2007;152.13
31/01/2007;150.09
01/02/2007;152.53
02/02/2007;157.29
05/02/2007;155.99
06/02/2007;157.25
07/02/2007;154.15
08/02/2007;159.33
09/02/2007;161.48
12/02/2007;155.27
13/02/2007;160.91
14/02/2007;161.62
15/02/2007;159.72
16/02/2007;164.53
20/02/2007;164.91
21/02/2007;170.47
22/02/2007;175.48
23/02/2007;176.31
26/02/2007;177.77
27/02/2007;181.61
28/02/2007;184.76
01/03/2007;191.01
02/03/2007;190.18
05/03/2007;184.47
06/03/2007;185.33
07/03/2007;189.55
08/03/2007;192.61
09/03/2007;190.21
12/03/2007;191.05
13/03/2007;193.18
14/03/2007;192.83
15/03/2007;188.16
16/03/2007;190.71
19/03/2007;195.81
20/03/2007;194.21
21/03/2007;193.49
22/03/2007;195.75
23/03/2007;199.83
26/03/2007;207.2
27/03/2007;207.3
28/03/2007;205.72
29/03/2007;213.55
30/03/2007;211.15
02/04/2007;204.28
03/04/2007;201.77
04/04/2007;210.54
05/04/2007;212.88
09/04/2007;209.46
10/04/2007;212.3
11/04/2007;215.87
12/04/2007;219.18
13/04/2007;217.97
16/04/2007;211.57
17/04/2007;205.58
18/04/2007;208.33
19/04/2007;208.88
20/04/2007;213.74
23/04/2007;219.07
24/04/2007;220.89
25/04/2007;228.26
26/04/2007;229.03
27/04/2007;236.13
30/04/2007;244.05
01/05/2007;224.47
02/05/2007;223.26
03/05/2007;224.76
04/05/2007;221.64
07/05/2007;218.96
08/05/2007;220.45
09/05/2007;223.09
10/05/2007;232.61
11/05/2007;235.21
14/05/2007;230.12
15/05/2007;230.16
16/05/2007;233.7
17/05/2007;243.66
18/05/2007;240.77
21/05/2007;240.13
22/05/2007;230.63
23/05/2007;231.04
24/05/2007;235.69
25/05/2007;240.37
29/05/2007;229.79
30/05/2007;227.25
31/05/2007;225.12
01/06/2007;224.46
04/06/2007;223.8
05/06/2007;220.73
06/06/2007;219.04
07/06/2007;219.27
08/06/2007;212.71
11/06/2007;215.13
12/06/2007;213.5
13/06/2007;215.53
14/06/2007;222.47
15/06/2007;226.01
18/06/2007;226.43
19/06/2007;223.46
20/06/2007;222.81
21/06/2007;224.67
22/06/2007;228.66
25/06/2007;230.25
26/06/2007;224.69
27/06/2007;225.46
28/06/2007;226.67
29/06/2007;229.42
02/07/2007;224.87
03/07/2007;226.44
05/07/2007;228.43
06/07/2007;230.96
09/07/2007;234.46
10/07/2007;236.94
11/07/2007;230.63
12/07/2007;226.63
13/07/2007;222.48
16/07/2007;212.62
17/07/2007;210.07
18/07/2007;219.53
19/07/2007;219.14
20/07/2007;216.46
23/07/2007;210.41
24/07/2007;204.77
25/07/2007;208.79
26/07/2007;207.59
27/07/2007;210.17
30/07/2007;208.56
31/07/2007;214.08
01/08/2007;202.96
02/08/2007;203.62
03/08/2007;202.9
06/08/2007;192.59
07/08/2007;194.42
08/08/2007;193.77
09/08/2007;193.4
10/08/2007;195.48
13/08/2007;193.75
14/08/2007;197.38
15/08/2007;200.88
16/08/2007;197.83
17/08/2007;203.88
20/08/2007;193.65
21/08/2007;186.37
22/08/2007;188.9
23/08/2007;192.32
24/08/2007;198.14
27/08/2007;203.93
28/08/2007;201.54
29/08/2007;210.08
30/08/2007;208.01
31/08/2007;205.19
04/09/2007;199.1
05/09/2007;199.65
06/09/2007;197.17
07/09/2007;198.64
10/09/2007;197.86
11/09/2007;198.11
12/09/2007;201.6
13/09/2007;204.64
14/09/2007;203.64
17/09/2007;204.42
18/09/2007;206.03
19/09/2007;209.34
20/09/2007;213.51
21/09/2007;211.45
24/09/2007;208.34
25/09/2007;203.79
26/09/2007;202.74
27/09/2007;209.39
28/09/2007;206.83
01/10/2007;198.13
02/10/2007;198.28
03/10/2007;199.59
04/10/2007;205.22
05/10/2007;204.93
08/10/2007;200.02
09/10/2007;202.02
10/10/2007;203.36
11/10/2007;206.66
12/10/2007;208.51
15/10/2007;215.75
16/10/2007;217.37
17/10/2007;214.66
18/10/2007;218.51
19/10/2007;216.87
22/10/2007;213.34
23/10/2007;210.89
24/10/2007;214.75
25/10/2007;223.58
26/10/2007;227.4
29/10/2007;232.74
30/10/2007;225.71
31/10/2007;234
01/11/2007;234.32
02/11/2007;243.95
05/11/2007;238.11
06/11/2007;243.5
07/11/2007;244.06
08/11/2007;243.76
09/11/2007;245.6
12/11/2007;241.65
13/11/2007;231.67
14/11/2007;237.04
15/11/2007;233.62
16/11/2007;237.54
19/11/2007;238.16
20/11/2007;245.15
21/11/2007;243.71
23/11/2007;246.7
26/11/2007;244.14
27/11/2007;237.3
28/11/2007;227.57
29/11/2007;226.48
30/11/2007;225.91
03/12/2007;225.01
04/12/2007;225.17
05/12/2007;221.7
06/12/2007;230.13
07/12/2007;226.9
10/12/2007;225.01
11/12/2007;229.14
12/12/2007;241.28
13/12/2007;237.44
14/12/2007;234.17
17/12/2007;233.54
18/12/2007;230.43
19/12/2007;233.19
20/12/2007;232.76
21/12/2007;237.95
24/12/2007;238.4
26/12/2007;245.26
27/12/2007;249.62
28/12/2007;245.97
31/12/2007;247.58
02/01/2008;256.89
03/01/2008;254.14
04/01/2008;251.1
07/01/2008;242.98
08/01/2008;247.39
09/01/2008;243.55
10/01/2008;236.01
11/01/2008;232.03
14/01/2008;237.28
15/01/2008;230.92
16/01/2008;227.83
17/01/2008;226.68
18/01/2008;230.34
22/01/2008;228.06
23/01/2008;225.08
24/01/2008;228.28
25/01/2008;231.82
28/01/2008;232.53
29/01/2008;232.95
30/01/2008;233.4
31/01/2008;230.91
01/02/2008;228.34
04/02/2008;231.17
05/02/2008;226.47
06/02/2008;223.99
07/02/2008;226.78
08/02/2008;235.72
11/02/2008;239.62
12/02/2008;236.8
13/02/2008;238.99
14/02/2008;247.61
15/02/2008;249.38
19/02/2008;260.31
20/02/2008;258.52
21/02/2008;252.2
22/02/2008;253.37
25/02/2008;254.19
26/02/2008;255.05
27/02/2008;247.77
28/02/2008;249.57
29/02/2008;251.23
03/03/2008;267.2
04/03/2008;252.91
05/03/2008;264.21
06/03/2008;265.32
07/03/2008;269.43
10/03/2008;271.49
11/03/2008;272.61
12/03/2008;272.86
13/03/2008;268.28
14/03/2008;268.94
17/03/2008;250.42
18/03/2008;266
19/03/2008;256.03
20/03/2008;260.51
24/03/2008;264.12
25/03/2008;268.02
26/03/2008;274.29
27/03/2008;271.63
28/03/2008;271.7
31/03/2008;261.63
01/04/2008;263.92
02/04/2008;277.36
03/04/2008;272.43
04/04/2008;275.67
07/04/2008;278.35
08/04/2008;275.04
09/04/2008;277.42
10/04/2008;279.21
11/04/2008;280.73
14/04/2008;282.18
15/04/2008;288.1
16/04/2008;293.9
17/04/2008;295.78
18/04/2008;298.93
21/04/2008;297.91
22/04/2008;301.64
23/04/2008;305.07
24/04/2008;301.86
25/04/2008;305.37
28/04/2008;303.07
29/04/2008;293.92
30/04/2008;293.12
01/05/2008;287.82
02/05/2008;296.64
05/05/2008;305.29
06/05/2008;310.55
07/05/2008;311.82
08/05/2008;313.78
09/05/2008;320.12
12/05/2008;316.42
13/05/2008;320
14/05/2008;318.04
15/05/2008;316.58
16/05/2008;322.35
19/05/2008;323.66
20/05/2008;330.44
21/05/2008;339.65
22/05/2008;332.97
23/05/2008;339.6
27/05/2008;338.3
28/05/2008;344.76
29/05/2008;340.42
30/05/2008;340.89
02/06/2008;339.07
03/06/2008;335.25
04/06/2008;319.51
05/06/2008;333.45
06/06/2008;354.8
09/06/2008;339.4
10/06/2008;331.93
11/06/2008;346.58
12/06/2008;352.6
13/06/2008;346.26
16/06/2008;343.79
17/06/2008;341.79
18/06/2008;346.67
19/06/2008;335.26
20/06/2008;343.92
23/06/2008;345.51
24/06/2008;346.35
25/06/2008;339.41
26/06/2008;351.13
27/06/2008;350.12
30/06/2008;350.15
01/07/2008;351.34
02/07/2008;354.94
03/07/2008;357.1
07/07/2008;348.27
08/07/2008;336.31
09/07/2008;338.08
10/07/2008;351.09
11/07/2008;356.32
14/07/2008;355.77
15/07/2008;338.48
16/07/2008;327.94
17/07/2008;316.33
18/07/2008;317.09
21/07/2008;321.71
22/07/2008;314.7
23/07/2008;303.44
24/07/2008;305.94
25/07/2008;303.23
28/07/2008;307
29/07/2008;300.77
30/07/2008;313.51
31/07/2008;304.8
01/08/2008;308.43
04/08/2008;300.02
05/08/2008;295.64
06/08/2008;294.93
07/08/2008;300.27
08/08/2008;288.74
11/08/2008;286.66
12/08/2008;284.32
13/08/2008;293.23
14/08/2008;291.2
15/08/2008;286.02
18/08/2008;281.52
19/08/2008;286.39
20/08/2008;291.03
21/08/2008;304.52
22/08/2008;286.86
25/08/2008;288.23
26/08/2008;296.97
27/08/2008;306.72
28/08/2008;302.14
29/08/2008;300.99
02/09/2008;273.37
03/09/2008;276.68
04/09/2008;274.04
05/09/2008;268.61
08/09/2008;275.03
09/09/2008;265.26
10/09/2008;266.16
11/09/2008;274.88
12/09/2008;276.96
15/09/2008;256.14
16/09/2008;240.08
17/09/2008;246.3
18/09/2008;248.24
19/09/2008;259.97
22/09/2008;270.38
23/09/2008;259.5
24/09/2008;259.47
25/09/2008;269.73
26/09/2008;266.51
29/09/2008;239.7
30/09/2008;248.47
01/10/2008;236
02/10/2008;225.5
03/10/2008;222.83
06/10/2008;205.91
07/10/2008;206.28
08/10/2008;202.98
09/10/2008;202.73
10/10/2008;180.7
13/10/2008;191.76
14/10/2008;188.48
15/10/2008;178.22
16/10/2008;162.2
17/10/2008;166.61
20/10/2008;172.01
21/10/2008;169.19
22/10/2008;157.09
23/10/2008;157.78
24/10/2008;147.79
27/10/2008;147.69
28/10/2008;145.55
29/10/2008;153.3
30/10/2008;146.7
31/10/2008;144.13
03/11/2008;136.25
04/11/2008;153.27
05/11/2008;142.44
06/11/2008;133.6
07/11/2008;134.95
10/11/2008;136.79
11/11/2008;130.59
12/11/2008;124.81
13/11/2008;130.24
14/11/2008;123.91
17/11/2008;117.46
18/11/2008;113.68
19/11/2008;110.7
20/11/2008;100.7
21/11/2008;106.43
24/11/2008;114.25
25/11/2008;109.49
26/11/2008;117.98
28/11/2008;114.62
01/12/2008;111.12
02/12/2008;105.83
03/12/2008;104.15
04/12/2008;96.95
05/12/2008;90.12
08/12/2008;96.18
09/12/2008;93.64
10/12/2008;96.87
11/12/2008;107.86
12/12/2008;107.77
15/12/2008;103.69
16/12/2008;104
17/12/2008;100.55
18/12/2008;96.29
19/12/2008;96.93
22/12/2008;88.62
23/12/2008;85.6
24/12/2008;79.27
26/12/2008;84.4
29/12/2008;87.45
30/12/2008;88.53
31/12/2008;100.82
02/01/2009;111.05
05/01/2009;118.24
06/01/2009;118.92
07/01/2009;107.64
08/01/2009;108.82
09/01/2009;111.12
12/01/2009;108.41
13/01/2009;114.89
14/01/2009;116.77
15/01/2009;117.42
16/01/2009;116.72
20/01/2009;114.31
21/01/2009;117.38
22/01/2009;109.34
23/01/2009;115.44
26/01/2009;115.31
27/01/2009;110.85
28/01/2009;118.35
29/01/2009;123.09
30/01/2009;126.89
02/02/2009;114.92
03/02/2009;116.7
04/02/2009;121.84
05/02/2009;127.48
06/02/2009;125.07
09/02/2009;124.71
10/02/2009;124.39
11/02/2009;126.98
12/02/2009;125.83
13/02/2009;120.63
17/02/2009;111.18
18/02/2009;106.52
19/02/2009;109.86
20/02/2009;107.46
23/02/2009;104.33
24/02/2009;108.37
25/02/2009;116.67
26/02/2009;130.04
27/02/2009;128.07
02/03/2009;128.62
03/03/2009;131.94
04/03/2009;138.16
05/03/2009;131.27
06/03/2009;133.22
09/03/2009;133.51
10/03/2009;129.72
11/03/2009;125.12
12/03/2009;134.57
13/03/2009;135.29
16/03/2009;136.73
17/03/2009;142.38
18/03/2009;136.57
19/03/2009;143.73
20/03/2009;145.7
23/03/2009;148.81
24/03/2009;150.26
25/03/2009;149.5
26/03/2009;153.11
27/03/2009;148.79
30/03/2009;137.99
31/03/2009;140
01/04/2009;137.17
02/04/2009;146.98
03/04/2009;149.24
06/04/2009;147.55
07/04/2009;146.04
08/04/2009;143.96
09/04/2009;148.1
13/04/2009;146.32
14/04/2009;145.76
15/04/2009;144.68
16/04/2009;147.43
17/04/2009;149.27
20/04/2009;141.19
21/04/2009;141.44
22/04/2009;139.06
23/04/2009;139.44
24/04/2009;144.2
27/04/2009;140.32
28/04/2009;139.77
29/04/2009;144.84
30/04/2009;147.42
01/05/2009;151.74
04/05/2009;158.6
05/05/2009;157.22
06/05/2009;162.8
07/05/2009;166.55
08/05/2009;170.55
11/05/2009;168.02
12/05/2009;166.79
13/05/2009;168.88
14/05/2009;172.37
15/05/2009;168.06
18/05/2009;175.81
19/05/2009;181.25
20/05/2009;180.95
21/05/2009;179.97
22/05/2009;184.08
26/05/2009;185.24
27/05/2009;189.17
28/05/2009;191.05
29/05/2009;193.1
01/06/2009;192.43
02/06/2009;192.52
03/06/2009;190.16
04/06/2009;196.21
05/06/2009;195.46
08/06/2009;193.6
09/06/2009;196.67
10/06/2009;201.53
11/06/2009;206.49
12/06/2009;204.31
15/06/2009;205.3
16/06/2009;207.11
17/06/2009;203.26
18/06/2009;202.95
19/06/2009;192.44
22/06/2009;185.97
23/06/2009;189.32
24/06/2009;184.25
25/06/2009;189.83
26/06/2009;187.41
29/06/2009;193.58
30/06/2009;189.72
01/07/2009;185.9
02/07/2009;179.08
06/07/2009;174.04
07/07/2009;173.28
08/07/2009;163.33
09/07/2009;166.38
10/07/2009;165.05
13/07/2009;163.94
14/07/2009;164.66
15/07/2009;170.81
16/07/2009;171.35
17/07/2009;176.99
20/07/2009;178.94
21/07/2009;181.2
22/07/2009;183.83
23/07/2009;191.32
24/07/2009;191.59
27/07/2009;193.47
28/07/2009;191.06
29/07/2009;185.5
30/07/2009;199.11
31/07/2009;204.48
03/08/2009;206.93
04/08/2009;205.67
05/08/2009;205.12
06/08/2009;206.07
07/08/2009;200.81
10/08/2009;202.74
11/08/2009;204.22
12/08/2009;202.53
13/08/2009;201.92
14/08/2009;193.8
17/08/2009;195.15
18/08/2009;200.02
19/08/2009;203.46
20/08/2009;198.22
21/08/2009;199.56
24/08/2009;204.91
25/08/2009;200.7
26/08/2009;198.26
27/08/2009;203.14
28/08/2009;206.18
31/08/2009;198.59
01/09/2009;178.22
02/09/2009;180.86
03/09/2009;179.28
04/09/2009;177.63
08/09/2009;182.89
09/09/2009;182.81
10/09/2009;180.36
11/09/2009;175.98
14/09/2009;174.33
15/09/2009;178.92
16/09/2009;184.83
17/09/2009;185.12
18/09/2009;183.24
21/09/2009;175.14
22/09/2009;178.16
23/09/2009;170.49
24/09/2009;163.66
25/09/2009;162.05
28/09/2009;163.8
29/09/2009;162.81
30/09/2009;172.59
01/10/2009;175.79
02/10/2009;174.09
05/10/2009;175.39
06/10/2009;177.27
07/10/2009;172.03
08/10/2009;177.97
09/10/2009;176.8
12/10/2009;179.9
13/10/2009;183.18
14/10/2009;185.75
15/10/2009;194.49
16/10/2009;197.93
19/10/2009;198.72
20/10/2009;198.77
21/10/2009;205.43
22/10/2009;204.42
23/10/2009;204.38
26/10/2009;203.38
27/10/2009;207.05
28/10/2009;198.64
29/10/2009;201.9
30/10/2009;194.32
02/11/2009;199.03
03/11/2009;200.04
04/11/2009;201.27
05/11/2009;198.77
06/11/2009;192.43
09/11/2009;198.18
10/11/2009;197.74
11/11/2009;199.27
12/11/2009;194.05
13/11/2009;191.62
16/11/2009;198.68
17/11/2009;200.49
18/11/2009;201.14
19/11/2009;196.95
20/11/2009;198.06
23/11/2009;197.94
24/11/2009;193.9
25/11/2009;199.76
27/11/2009;192.62
30/11/2009;200.08
01/12/2009;204.23
02/12/2009;199.28
03/12/2009;199.3
04/12/2009;197.5
07/12/2009;194.06
08/12/2009;192.46
09/12/2009;185.73
10/12/2009;183.51
11/12/2009;184.16
14/12/2009;182.67
15/12/2009;184.51
16/12/2009;187.39
17/12/2009;185.2
18/12/2009;189.48
21/12/2009;186.91
22/12/2009;188.88
23/12/2009;196.66
24/12/2009;198.96
28/12/2009;201.84
29/12/2009;201.06
30/12/2009;204.06
31/12/2009;205.25
04/01/2010;210.44
05/01/2010;212.5
06/01/2010;213.66
07/01/2010;213.49
08/01/2010;215.53
11/01/2010;214.27
12/01/2010;209.78
13/01/2010;206.02
14/01/2010;207.38
15/01/2010;204.54
19/01/2010;205.91
20/01/2010;204.65
21/01/2010;198.29
22/01/2010;196.57
25/01/2010;200.08
26/01/2010;196.74
27/01/2010;193.92
28/01/2010;191.74
29/01/2010;190.31
01/02/2010;193.21
02/02/2010;201.79
03/02/2010;203.62
04/02/2010;195.08
05/02/2010;188.64
08/02/2010;189.4
09/02/2010;192.9
10/02/2010;192.9
11/02/2010;193.57
12/02/2010;192.95
16/02/2010;198.82
17/02/2010;200.71
18/02/2010;206.92
19/02/2010;208.57
22/02/2010;211.58
23/02/2010;206.56
24/02/2010;209.89
25/02/2010;203.7
26/02/2010;207.88
01/03/2010;215.56
02/03/2010;219.66
03/03/2010;224.76
04/03/2010;223.37
05/03/2010;227.1
08/03/2010;228.92
09/03/2010;226.03
10/03/2010;228.51
11/03/2010;227.2
12/03/2010;225.5
15/03/2010;222.28
16/03/2010;227.5
17/03/2010;230.97
18/03/2010;230.09
19/03/2010;225.56
22/03/2010;225.62
23/03/2010;226.28
24/03/2010;222.12
25/03/2010;221.77
26/03/2010;220.74
29/03/2010;226.13
30/03/2010;227.47
31/03/2010;231
01/04/2010;232.37
05/04/2010;235.02
06/04/2010;234.83
07/04/2010;231.47
08/04/2010;229.83
09/04/2010;228.93
12/04/2010;229.58
13/04/2010;230.93
14/04/2010;233.27
15/04/2010;232.62
16/04/2010;227.7
19/04/2010;225.44
20/04/2010;228.09
21/04/2010;228.27
22/04/2010;230.02
23/04/2010;235.31
26/04/2010;234.09
27/04/2010;232.68
28/04/2010;233.27
29/04/2010;235.56
30/04/2010;239.63
03/05/2010;243.51
04/05/2010;232.22
05/05/2010;222.04
06/05/2010;215.63
07/05/2010;212.51
10/05/2010;217.26
11/05/2010;219.52
12/05/2010;221.04
13/05/2010;219.51
14/05/2010;213.08
17/05/2010;204.31
18/05/2010;204.31
19/05/2010;201.52
20/05/2010;196.45
21/05/2010;196.12
24/05/2010;197.08
25/05/2010;193.08
26/05/2010;197.04
27/05/2010;203.89
28/05/2010;201.98
01/06/2010;198.25
02/06/2010;202.61
03/06/2010;208.12
04/06/2010;199.53
07/06/2010;199.49
08/06/2010;198.91
09/06/2010;203.97
10/06/2010;207.05
11/06/2010;204.97
14/06/2010;207.64
15/06/2010;212.15
16/06/2010;214.52
17/06/2010;216.4
18/06/2010;214.76
21/06/2010;214.28
22/06/2010;213.35
23/06/2010;208.23
24/06/2010;209.35
25/06/2010;216.78
28/06/2010;213.76
29/06/2010;207.2
30/06/2010;206.06
01/07/2010;199.76
02/07/2010;197.77
06/07/2010;197.13
07/07/2010;202.53
08/07/2010;205.11
09/07/2010;207
12/07/2010;202.8
13/07/2010;208.21
14/07/2010;206.65
15/07/2010;206.07
16/07/2010;204.86
19/07/2010;205.9
20/07/2010;207.86
21/07/2010;206.78
22/07/2010;214.66
23/07/2010;212.22
26/07/2010;210.58
27/07/2010;206.32
28/07/2010;206.34
29/07/2010;209.74
30/07/2010;210.66
02/08/2010;216.85
03/08/2010;219.35
04/08/2010;217.5
05/08/2010;216.44
06/08/2010;211.27
09/08/2010;211.87
10/08/2010;208.53
11/08/2010;199.76
12/08/2010;195.48
13/08/2010;193.96
16/08/2010;192.43
17/08/2010;195.32
18/08/2010;196.12
19/08/2010;192.87
20/08/2010;192.51
23/08/2010;188.1
24/08/2010;184.94
25/08/2010;186.39
26/08/2010;190.85
27/08/2010;194.79
30/08/2010;193.41
31/08/2010;188.94
01/09/2010;188.91
02/09/2010;192.16
03/09/2010;191.95
07/09/2010;193.29
08/09/2010;193.94
09/09/2010;193.54
10/09/2010;197.31
13/09/2010;198.06
14/09/2010;196.9
15/09/2010;196.25
16/09/2010;192.47
17/09/2010;191.92
20/09/2010;194.96
21/09/2010;191.96
22/09/2010;190.14
23/09/2010;191.74
24/09/2010;194.71
27/09/2010;194.88
28/09/2010;194.79
29/09/2010;199.55
30/09/2010;204.48
01/10/2010;208.61
04/10/2010;209.33
05/10/2010;212.55
06/10/2010;215.59
07/10/2010;211.8
08/10/2010;215.12
11/10/2010;216.55
12/10/2010;212.39
13/10/2010;216.61
14/10/2010;213.65
15/10/2010;210.38
18/10/2010;215.15
19/10/2010;204.83
20/10/2010;208.26
21/10/2010;204.1
22/10/2010;206.38
25/10/2010;207.73
26/10/2010;209.4
27/10/2010;210.2
28/10/2010;211.39
29/10/2010;210.45
01/11/2010;209.29
02/11/2010;210.96
03/11/2010;213.8
04/11/2010;217.71
05/11/2010;218
08/11/2010;217.85
09/11/2010;218.5
10/11/2010;223.62
11/11/2010;223.57
12/11/2010;220.99
15/11/2010;219.5
16/11/2010;215.57
17/11/2010;215.79
18/11/2010;222.83
19/11/2010;219.6
22/11/2010;215.19
23/11/2010;213.42
24/11/2010;221.36
26/11/2010;221.03
29/11/2010;228.46
30/11/2010;226.52
01/12/2010;230.04
02/12/2010;235.53
03/12/2010;235.21
06/12/2010;234.17
07/12/2010;232.3
08/12/2010;230.46
09/12/2010;234.05
10/12/2010;230.93
13/12/2010;231.84
14/12/2010;229.64
15/12/2010;230.92
16/12/2010;230.43
17/12/2010;231.78
20/12/2010;237.78
21/12/2010;239.85
22/12/2010;242.45
23/12/2010;244.26
27/12/2010;242.09
28/12/2010;240.56
29/12/2010;239.04
30/12/2010;239.18
31/12/2010;245.32
03/01/2011;242.73
04/01/2011;241.4
05/01/2011;244.51
06/01/2011;244.3
07/01/2011;241.31
10/01/2011;245.43
11/01/2011;247.84
12/01/2011;246.31
13/01/2011;244.59
14/01/2011;249.46
18/01/2011;247.92
19/01/2011;248.16
20/01/2011;242.25
21/01/2011;245.89
24/01/2011;241.32
25/01/2011;234.27
26/01/2011;243.06
27/01/2011;238.16
28/01/2011;245.68
31/01/2011;249.06
01/02/2011;251.94
02/02/2011;249.85
03/02/2011;250.34
04/02/2011;243.53
07/02/2011;245.05
08/02/2011;249.42
09/02/2011;252.6
10/02/2011;246.98
11/02/2011;246.52
14/02/2011;251.74
15/02/2011;248.88
16/02/2011;254.47
17/02/2011;252.77
18/02/2011;255.13
22/02/2011;260.21
23/02/2011;271.49
24/02/2011;271.67
25/02/2011;273.95
28/02/2011;272.96
01/03/2011;298.34
02/03/2011;302.95
03/03/2011;302.62
04/03/2011;304.64
07/03/2011;300.39
08/03/2011;294.67
09/03/2011;302.72
10/03/2011;301.96
11/03/2011;298.77
14/03/2011;296.03
15/03/2011;280.29
16/03/2011;284.37
17/03/2011;295.06
18/03/2011;294.94
21/03/2011;299.74
22/03/2011;300.45
23/03/2011;302.13
24/03/2011;304.48
25/03/2011;304.45
28/03/2011;302.74
29/03/2011;304.58
30/03/2011;306.4
31/03/2011;310.76
01/04/2011;315.13
04/04/2011;316.88
05/04/2011;320.13
06/04/2011;319.29
07/04/2011;318.65
08/04/2011;326.07
11/04/2011;320.05
12/04/2011;316.41
13/04/2011;324.24
14/04/2011;323.47
15/04/2011;328.92
18/04/2011;325.28
19/04/2011;323.31
20/04/2011;327.73
21/04/2011;330.86
25/04/2011;332.29
26/04/2011;335.72
27/04/2011;341.94
28/04/2011;342.98
29/04/2011;346.48
02/05/2011;334.79
03/05/2011;332.94
04/05/2011;332.25
05/05/2011;309.54
06/05/2011;309.01
09/05/2011;327.84
10/05/2011;337.97
11/05/2011;312.28
12/05/2011;306.39
13/05/2011;307.44
16/05/2011;293.11
17/05/2011;291.93
18/05/2011;295.55
19/05/2011;292.6
20/05/2011;293.58
23/05/2011;293.81
24/05/2011;299.28
25/05/2011;301.62
26/05/2011;304.83
27/05/2011;309.2
31/05/2011;315.04
01/06/2011;297.73
02/06/2011;296.77
03/06/2011;299.31
06/06/2011;294.99
07/06/2011;299.19
08/06/2011;297.87
09/06/2011;303.98
10/06/2011;301.77
13/06/2011;299.68
14/06/2011;306.46
15/06/2011;292.35
16/06/2011;294.94
17/06/2011;294.6
20/06/2011;291.15
21/06/2011;288.26
22/06/2011;297.33
23/06/2011;283.76
24/06/2011;277.66
27/06/2011;280.75
28/06/2011;288.96
29/06/2011;300.97
30/06/2011;303.16
01/07/2011;297.26
05/07/2011;297.74
06/07/2011;299.76
07/07/2011;312.7
08/07/2011;309.26
11/07/2011;307.05
12/07/2011;309.82
13/07/2011;315.16
14/07/2011;312.48
15/07/2011;312.93
18/07/2011;309.74
19/07/2011;311.49
20/07/2011;314.7
21/07/2011;309.95
22/07/2011;313.01
25/07/2011;312.64
26/07/2011;315.36
27/07/2011;314.23
28/07/2011;311.76
29/07/2011;311.29
01/08/2011;305.4
02/08/2011;303.73
03/08/2011;293.13
04/08/2011;273.72
05/08/2011;280.52
08/08/2011;269.16
09/08/2011;266.76
10/08/2011;278.25
11/08/2011;282.73
12/08/2011;282.22
15/08/2011;287.45
16/08/2011;285.38
17/08/2011;287.03
18/08/2011;278.32
19/08/2011;284.12
22/08/2011;283.51
23/08/2011;287.66
24/08/2011;287.84
25/08/2011;296.79
26/08/2011;293.46
29/08/2011;290.64
30/08/2011;299.58
31/08/2011;303.2
01/09/2011;289.27
02/09/2011;283.96
06/09/2011;282.26
07/09/2011;290.8
08/09/2011;288.52
09/09/2011;277.1
12/09/2011;273.82
13/09/2011;274.24
14/09/2011;272.58
15/09/2011;278.28
16/09/2011;278.41
19/09/2011;269.65
20/09/2011;270.14
21/09/2011;266.65
22/09/2011;256
23/09/2011;255.47
26/09/2011;256.94
27/09/2011;269.55
28/09/2011;265.07
29/09/2011;261.92
30/09/2011;262.6
03/10/2011;251.1
04/10/2011;248.84
05/10/2011;256.92
06/10/2011;268.6
07/10/2011;264.76
10/10/2011;269.53
11/10/2011;274.76
12/10/2011;274.87
13/10/2011;275.75
14/10/2011;282.47
17/10/2011;274.29
18/10/2011;274.69
19/10/2011;267.15
20/10/2011;267.55
21/10/2011;268.46
24/10/2011;268.88
25/10/2011;269.98
26/10/2011;265.16
27/10/2011;274.2
28/10/2011;268.22
31/10/2011;264.29
01/11/2011;262.44
02/11/2011;262.72
03/11/2011;264.18
04/11/2011;266.34
07/11/2011;272.82
08/11/2011;270.64
09/11/2011;264.42
10/11/2011;263.68
11/11/2011;260.38
14/11/2011;253.53
15/11/2011;258.57
16/11/2011;262.73
17/11/2011;250.71
18/11/2011;247.84
21/11/2011;248.9
22/11/2011;256.18
23/11/2011;251.77
25/11/2011;244.89
28/11/2011;251.81
29/11/2011;253.91
30/11/2011;256.77
01/12/2011;255.79
02/12/2011;261.62
05/12/2011;261.37
06/12/2011;264.54
07/12/2011;258.69
08/12/2011;256.66
09/12/2011;259.61
12/12/2011;256.36
13/12/2011;262.54
14/12/2011;250.37
15/12/2011;248.77
16/12/2011;248.7
19/12/2011;248.91
20/12/2011;257.87
21/12/2011;261.99
22/12/2011;263.98
23/12/2011;268.72
27/12/2011;268.88
28/12/2011;265.13
29/12/2011;268.01
30/12/2011;268.63
03/01/2012;274.86
04/01/2012;278.52
05/01/2012;273.65
06/01/2012;275.16
09/01/2012;275.9
10/01/2012;277.28
11/01/2012;276.33
12/01/2012;273.13
13/01/2012;273.42
17/01/2012;277.13
18/01/2012;282.54
19/01/2012;281.58
20/01/2012;278.44
23/01/2012;277.79
24/01/2012;280.5
25/01/2012;283.38
26/01/2012;284.66
27/01/2012;292.68
30/01/2012;287.07
31/01/2012;288.74
01/02/2012;289.22
02/02/2012;286.89
03/02/2012;291.44
06/02/2012;292.79
07/02/2012;292.75
08/02/2012;297.52
09/02/2012;301.28
10/02/2012;297.49
13/02/2012;301.25
14/02/2012;298.25
15/02/2012;300.67
16/02/2012;304.71
17/02/2012;301.56
21/02/2012;307.02
22/02/2012;308.77
23/02/2012;311.36
24/02/2012;315.28
27/02/2012;312.83
28/02/2012;304.01
29/02/2012;304.23
01/03/2012;335.17
02/03/2012;327.21
05/03/2012;325.8
06/03/2012;322.99
07/03/2012;328.74
08/03/2012;331.4
09/03/2012;333.24
12/03/2012;332.3
13/03/2012;335.46
14/03/2012;334.7
15/03/2012;328.85
16/03/2012;335.69
19/03/2012;336.78
20/03/2012;336.31
21/03/2012;335.71
22/03/2012;333.96
23/03/2012;338.52
26/03/2012;341.66
27/03/2012;340.56
28/03/2012;339.55
29/03/2012;340.06
30/03/2012;338.99
02/04/2012;338.22
03/04/2012;339.54
04/04/2012;333.36
05/04/2012;334.05
09/04/2012;329.67
10/04/2012;324.96
11/04/2012;329.55
12/04/2012;335.67
13/04/2012;334.61
16/04/2012;326.7
17/04/2012;323.4
18/04/2012;320.27
19/04/2012;315.41
20/04/2012;314.27
23/04/2012;318.73
24/04/2012;315.93
25/04/2012;315.57
26/04/2012;318.33
27/04/2012;320.62
30/04/2012;318.44
01/05/2012;309.71
02/05/2012;307.57
03/05/2012;305
04/05/2012;297.58
07/05/2012;297.41
08/05/2012;299.44
09/05/2012;302.41
10/05/2012;301.02
11/05/2012;300.08
14/05/2012;295.9
15/05/2012;294.41
16/05/2012;292.09
17/05/2012;287.82
18/05/2012;288.95
21/05/2012;294.01
22/05/2012;293.7
23/05/2012;287.23
24/05/2012;287.65
25/05/2012;289.29
29/05/2012;290.65
30/05/2012;285.82
31/05/2012;282.5
01/06/2012;265.68
04/06/2012;267.07
05/06/2012;268.47
06/06/2012;269.03
07/06/2012;268.5
08/06/2012;268.52
11/06/2012;265.66
12/06/2012;265.02
13/06/2012;265.54
14/06/2012;267.64
15/06/2012;270.17
18/06/2012;266.09
19/06/2012;264.15
20/06/2012;259.02
21/06/2012;255.01
22/06/2012;256.99
25/06/2012;264.58
26/06/2012;264.51
27/06/2012;262.04
28/06/2012;261.42
29/06/2012;272.72
02/07/2012;262.39
03/07/2012;272.29
05/07/2012;276.48
06/07/2012;271.6
09/07/2012;275.94
10/07/2012;274.69
11/07/2012;276.89
12/07/2012;280.62
13/07/2012;281.61
16/07/2012;285.47
17/07/2012;284.5
18/07/2012;288.34
19/07/2012;293.89
20/07/2012;294.3
23/07/2012;288.29
24/07/2012;282.48
25/07/2012;279.29
26/07/2012;281.38
27/07/2012;288.78
30/07/2012;293.68
31/07/2012;291.46
01/08/2012;283.42
02/08/2012;286.96
03/08/2012;293.1
06/08/2012;292.22
07/08/2012;299.13
08/08/2012;298.04
09/08/2012;300.08
10/08/2012;300.39
13/08/2012;299.07
14/08/2012;300.14
15/08/2012;308.4
16/08/2012;308.32
17/08/2012;302.75
20/08/2012;303.08
21/08/2012;306.52
22/08/2012;310.42
23/08/2012;311.58
24/08/2012;307.8
27/08/2012;315.48
28/08/2012;312.61
29/08/2012;310.03
30/08/2012;308.26
31/08/2012;310.56
04/09/2012;295.22
05/09/2012;294.98
06/09/2012;299.1
07/09/2012;301.96
10/09/2012;302.4
11/09/2012;304.35
12/09/2012;300.16
13/09/2012;296.22
14/09/2012;301.56
17/09/2012;294.33
18/09/2012;289.9
19/09/2012;282.86
20/09/2012;290.4
21/09/2012;294.25
24/09/2012;291.76
25/09/2012;296.71
26/09/2012;308.11
27/09/2012;314.43
28/09/2012;334.2
01/10/2012;292.01
02/10/2012;286.92
03/10/2012;279.95
04/10/2012;294.29
05/10/2012;295.25
08/10/2012;289.31
09/10/2012;295.87
10/10/2012;295.93
11/10/2012;295.56
12/10/2012;289.28
15/10/2012;285.03
16/10/2012;284.53
17/10/2012;278.17
18/10/2012;274.51
19/10/2012;269.63
22/10/2012;264.75
23/10/2012;260.5
24/10/2012;260.3
25/10/2012;267.64
26/10/2012;269.91
29/10/2012;275.68
30/10/2012;272.88
31/10/2012;276.18
01/11/2012;263.36
02/11/2012;257.36
05/11/2012;262.02
06/11/2012;269.89
07/11/2012;258.89
08/11/2012;260.73
09/11/2012;269.92
12/11/2012;267.63
13/11/2012;265.38
14/11/2012;267.9
15/11/2012;269.62
16/11/2012;271.01
19/11/2012;275.45
20/11/2012;271.25
21/11/2012;274.95
23/11/2012;274.39
26/11/2012;272.63
27/11/2012;273.21
28/11/2012;273.39
29/11/2012;278.7
30/11/2012;276.14
03/12/2012;272.65
04/12/2012;268.9
05/12/2012;263.78
06/12/2012;259.69
07/12/2012;259.74
10/12/2012;259.81
11/12/2012;261.05
12/12/2012;264.65
13/12/2012;260.21
14/12/2012;266.21
17/12/2012;265.46
18/12/2012;269.09
19/12/2012;274.31
20/12/2012;275.43
21/12/2012;273.47
24/12/2012;275.06
26/12/2012;281.58
27/12/2012;282.13
28/12/2012;279.99
31/12/2012;281.2
02/01/2013;279.51
03/01/2013;279.77
04/01/2013;276.43
07/01/2013;277.74
08/01/2013;279.44
09/01/2013;277.89
10/01/2013;279.33
11/01/2013;273.95
14/01/2013;275.41
15/01/2013;270.66
16/01/2013;272.14
17/01/2013;276.84
18/01/2013;279.68
22/01/2013;282.99
23/01/2013;283.38
24/01/2013;286.29
25/01/2013;287.54
28/01/2013;293.48
29/01/2013;297.34
30/01/2013;303.87
31/01/2013;302.58
01/02/2013;305.36
04/02/2013;301.15
05/02/2013;303.74
06/02/2013;303.97
07/02/2013;299.99
08/02/2013;305.88
11/02/2013;302.12
12/02/2013;305.03
13/02/2013;303.54
14/02/2013;311.66
15/02/2013;313.45
19/02/2013;312.12
20/02/2013;305.95
21/02/2013;303.65
22/02/2013;307.96
25/02/2013;306.11
26/02/2013;298.16
27/02/2013;285.65
28/02/2013;291.46
01/03/2013;312.86
04/03/2013;309.83
05/03/2013;314.82
06/03/2013;312.47
07/03/2013;312.33
08/03/2013;320.35
11/03/2013;315.24
12/03/2013;315.02
13/03/2013;314.23
14/03/2013;314.13
15/03/2013;316.38
18/03/2013;312.89
19/03/2013;304.51
20/03/2013;311.63
21/03/2013;307.06
22/03/2013;306.25
25/03/2013;306.26
26/03/2013;311.06
27/03/2013;311.55
28/03/2013;310.54
01/04/2013;310.15
02/04/2013;304.08
03/04/2013;291.4
04/04/2013;289.87
05/04/2013;286.36
08/04/2013;290.93
09/04/2013;294.24
10/04/2013;286.51
11/04/2013;283.1
12/04/2013;280.18
15/04/2013;275.76
16/04/2013;278.18
17/04/2013;272.9
18/04/2013;275.55
19/04/2013;277.24
22/04/2013;276.94
23/04/2013;271.9
24/04/2013;274.74
25/04/2013;281.18
26/04/2013;283.49
29/04/2013;282.75
30/04/2013;280.1
01/05/2013;271.93
02/05/2013;278.06
03/05/2013;282.54
06/05/2013;286.57
07/05/2013;283.34
08/05/2013;285.38
09/05/2013;288.51
10/05/2013;286.03
13/05/2013;282.1
14/05/2013;283.76
15/05/2013;286.7
16/05/2013;288.22
17/05/2013;290.69
20/05/2013;290.56
21/05/2013;284.58
22/05/2013;281.94
23/05/2013;282.81
24/05/2013;283.9
28/05/2013;285.28
29/05/2013;280.31
30/05/2013;281.25
31/05/2013;277.89
03/06/2013;278.51
04/06/2013;281.82
05/06/2013;282.3
06/06/2013;285.09
07/06/2013;287.15
10/06/2013;284.81
11/06/2013;282.31
12/06/2013;281.01
13/06/2013;286.13
14/06/2013;289.67
17/06/2013;285.61
18/06/2013;287.94
19/06/2013;289.24
20/06/2013;278.72
21/06/2013;276.17
24/06/2013;273.76
25/06/2013;273.74
26/06/2013;273.06
27/06/2013;274.26
28/06/2013;275.2
01/07/2013;273.79
02/07/2013;278.33
03/07/2013;283.82
05/07/2013;289.68
08/07/2013;288.37
09/07/2013;292.6
10/07/2013;301.49
11/07/2013;302.14
12/07/2013;311.75
15/07/2013;310.29
16/07/2013;313.43
17/07/2013;311.01
18/07/2013;310.98
19/07/2013;312.34
22/07/2013;305.51
23/07/2013;305.91
24/07/2013;305.48
25/07/2013;301.7
26/07/2013;304.44
29/07/2013;301.25
30/07/2013;301.85
31/07/2013;304.42
01/08/2013;302.84
02/08/2013;299.47
05/08/2013;295.06
06/08/2013;291.51
07/08/2013;287.11
08/08/2013;285.76
09/08/2013;290.82
12/08/2013;290.41
13/08/2013;294.25
14/08/2013;298.3
15/08/2013;298.45
16/08/2013;296.75
19/08/2013;293.33
20/08/2013;292.72
21/08/2013;293.77
22/08/2013;296.48
23/08/2013;300.72
26/08/2013;295.17
27/08/2013;303.41
28/08/2013;309.45
29/08/2013;306.64
30/08/2013;301.86
03/09/2013;286.46
04/09/2013;286.43
05/09/2013;283.6
06/09/2013;285.37
09/09/2013;280.24
10/09/2013;273.57
11/09/2013;271.22
12/09/2013;276.27
13/09/2013;276.96
16/09/2013;271.66
17/09/2013;266.11
18/09/2013;274.21
19/09/2013;269.72
20/09/2013;268.42
23/09/2013;262.3
24/09/2013;265.92
25/09/2013;267.29
26/09/2013;270.5
27/09/2013;267.62
30/09/2013;263.47
01/10/2013;261.06
02/10/2013;262.87
03/10/2013;263.96
04/10/2013;260.76
07/10/2013;262.61
08/10/2013;263.06
09/10/2013;262.3
10/10/2013;269.81
11/10/2013;266.81
14/10/2013;266.68
15/10/2013;265.98
16/10/2013;270.21
17/10/2013;264.79
18/10/2013;267.32
21/10/2013;265.38
22/10/2013;261.67
23/10/2013;255.23
24/10/2013;258.96
25/10/2013;258.71
28/10/2013;263.09
29/10/2013;260.98
30/10/2013;265.08
31/10/2013;263.37
01/11/2013;254.54
04/11/2013;252.82
05/11/2013;251.61
06/11/2013;254.8
07/11/2013;250.31
08/11/2013;255.34
11/11/2013;259.65
12/11/2013;258.64
13/11/2013;262.8
14/11/2013;268.37
15/11/2013;265.77
18/11/2013;265.68
19/11/2013;263.95
20/11/2013;266.3
21/11/2013;274.38
22/11/2013;272.61
25/11/2013;268.07
26/11/2013;268.69
27/11/2013;269.83
29/11/2013;268.41
02/12/2013;267.84
03/12/2013;272.37
04/12/2013;271.92
05/12/2013;271.27
06/12/2013;272.69
09/12/2013;267.49
10/12/2013;268.29
11/12/2013;266.11
12/12/2013;263.48
13/12/2013;262.93
16/12/2013;264.37
17/12/2013;264.72
18/12/2013;269.73
19/12/2013;274.01
20/12/2013;278.31
23/12/2013;278.03
24/12/2013;281.42
26/12/2013;282
27/12/2013;281.61
30/12/2013;278.77
31/12/2013;278.58
02/01/2014;269.5
03/01/2014;264.88
06/01/2014;264.6
07/01/2014;267.86
08/01/2014;265.63
09/01/2014;264.26
10/01/2014;266.91
13/01/2014;263.41
14/01/2014;262.24
15/01/2014;262.64
16/01/2014;259.51
17/01/2014;262.04
21/01/2014;262.06
22/01/2014;267.71
23/01/2014;266.18
24/01/2014;266.32
27/01/2014;262.17
28/01/2014;262.78
29/01/2014;266.09
30/01/2014;266.26
31/01/2014;262.72
03/02/2014;260.69
04/02/2014;260.31
05/02/2014;264.13
06/02/2014;268.3
07/02/2014;274.89
10/02/2014;272.48
11/02/2014;275.26
12/02/2014;276.31
13/02/2014;277.72
14/02/2014;280.53
18/02/2014;283.23
19/02/2014;282.47
20/02/2014;284.66
21/02/2014;283.33
24/02/2014;283.36
25/02/2014;279.81
26/02/2014;279.92
27/02/2014;276.18
28/02/2014;278.98
03/03/2014;302.03
04/03/2014;298.53
05/03/2014;294.03
06/03/2014;294.55
07/03/2014;297.38
10/03/2014;294.94
11/03/2014;296.7
12/03/2014;295.58
13/03/2014;293.29
14/03/2014;295.97
17/03/2014;288.11
18/03/2014;290.28
19/03/2014;286.88
20/03/2014;289.55
21/03/2014;290.79
24/03/2014;289.09
25/03/2014;288.28
26/03/2014;290.89
27/03/2014;294.26
28/03/2014;293.75
31/03/2014;291.1
01/04/2014;286.97
02/04/2014;286.68
03/04/2014;291.18
04/04/2014;293.13
07/04/2014;292.6
08/04/2014;298.01
09/04/2014;300.84
10/04/2014;300.79
11/04/2014;301.44
14/04/2014;303.84
15/04/2014;304.21
16/04/2014;304.05
17/04/2014;305.47
21/04/2014;308.69
22/04/2014;309.52
23/04/2014;309.35
24/04/2014;308.95
25/04/2014;307.51
28/04/2014;304.03
29/04/2014;306.34
30/04/2014;300.77
01/05/2014;293.88
02/05/2014;294.45
05/05/2014;290.92
06/05/2014;288.58
07/05/2014;291.82
08/05/2014;290.5
09/05/2014;289.6
12/05/2014;291.46
13/05/2014;293.02
14/05/2014;296.93
15/05/2014;296.42
16/05/2014;297.35
19/05/2014;296.46
20/05/2014;296.4
21/05/2014;299.42
22/05/2014;300.58
23/05/2014;302.35
27/05/2014;299.52
28/05/2014;300.59
29/05/2014;301.36
30/05/2014;299.65
02/06/2014;294.99
03/06/2014;294.87
04/06/2014;293.52
05/06/2014;295.63
06/06/2014;293.9
09/06/2014;298.48
10/06/2014;297.45
11/06/2014;300.08
12/06/2014;308.37
13/06/2014;305.77
16/06/2014;307.18
17/06/2014;309.11
18/06/2014;309.82
19/06/2014;312.55
20/06/2014;312.77
23/06/2014;310.76
24/06/2014;312.58
25/06/2014;309.27
26/06/2014;308.56
27/06/2014;309.88
30/06/2014;307.7
01/07/2014;303.66
02/07/2014;302.4
03/07/2014;301.98
07/07/2014;298.9
08/07/2014;297.29
09/07/2014;293.77
10/07/2014;295.76
11/07/2014;290.85
14/07/2014;292.51
15/07/2014;289.86
16/07/2014;288.25
17/07/2014;288.17
18/07/2014;286.03
21/07/2014;289.14
22/07/2014;288.07
23/07/2014;286.01
24/07/2014;283.68
25/07/2014;286.53
28/07/2014;284.92
29/07/2014;287.09
30/07/2014;284.33
31/07/2014;283.11
01/08/2014;274.43
04/08/2014;272.49
05/08/2014;271.55
06/08/2014;273.97
07/08/2014;277.23
08/08/2014;275.37
11/08/2014;275.25
12/08/2014;273.45
13/08/2014;275.44
14/08/2014;266.66
15/08/2014;269.86
18/08/2014;265.6
19/08/2014;269.54
20/08/2014;271.26
21/08/2014;274.75
22/08/2014;273.84
25/08/2014;274.97
26/08/2014;276.31
27/08/2014;274.59
28/08/2014;275.27
29/08/2014;278.27
02/09/2014;254.3
03/09/2014;262
04/09/2014;259.99
05/09/2014;258.34
08/09/2014;256.19
09/09/2014;254.84
10/09/2014;252.65
11/09/2014;252.41
12/09/2014;251.88
15/09/2014;253.08
16/09/2014;255.88
17/09/2014;256.92
18/09/2014;256.1
19/09/2014;261.14
22/09/2014;258.47
23/09/2014;262.87
24/09/2014;266.38
25/09/2014;271.8
26/09/2014;266.19
29/09/2014;269.63
30/09/2014;258.69
01/10/2014;244.97
02/10/2014;240.91
03/10/2014;237.85
06/10/2014;241.32
07/10/2014;236.83
08/10/2014;231.84
09/10/2014;227.49
10/10/2014;225.75
13/10/2014;225.53
14/10/2014;218.02
15/10/2014;214.87
16/10/2014;221.09
17/10/2014;223.27
20/10/2014;220.02
21/10/2014;221.34
22/10/2014;215.56
23/10/2014;220.69
24/10/2014;218.17
27/10/2014;217.02
28/10/2014;219.61
29/10/2014;222.07
30/10/2014;219.58
31/10/2014;216.95
03/11/2014;211.76
04/11/2014;207.8
05/11/2014;208.67
06/11/2014;213.01
07/11/2014;213.52
10/11/2014;210.11
11/11/2014;210.36
12/11/2014;210.7
13/11/2014;200.16
14/11/2014;204.25
17/11/2014;202.63
18/11/2014;204.32
19/11/2014;204.38
20/11/2014;202.76
21/11/2014;205.65
24/11/2014;203.34
25/11/2014;203.18
26/11/2014;203.51
28/11/2014;190.39
01/12/2014;188.1
02/12/2014;181.16
03/12/2014;180.7
04/12/2014;179.48
05/12/2014;177.34
08/12/2014;170.66
09/12/2014;172.36
10/12/2014;164.18
11/12/2014;162.44
12/12/2014;159.73
15/12/2014;157.64
16/12/2014;154.1
17/12/2014;156.62
18/12/2014;152.72
19/12/2014;155.95
22/12/2014;153.5
23/12/2014;157.04
24/12/2014;151.27
26/12/2014;150.87
29/12/2014;145.28
30/12/2014;145.37
31/12/2014;143.53
02/01/2015;143.34
05/01/2015;138.14
06/01/2015;135.43
07/01/2015;133.76
08/01/2015;134.09
09/01/2015;132.32
12/01/2015;127.45
13/01/2015;126.85
14/01/2015;135.07
15/01/2015;129.94
16/01/2015;135.88
20/01/2015;131.28
21/01/2015;132.55
22/01/2015;133.08
23/01/2015;134.79
26/01/2015;131.67
27/01/2015;135.01
28/01/2015;134.5
29/01/2015;135.37
30/01/2015;141.52
02/02/2015;154.46
03/02/2015;160.13
04/02/2015;148.17
05/02/2015;152.48
06/02/2015;155.91
09/02/2015;157.82
10/02/2015;155.23
11/02/2015;154.32
12/02/2015;159.55
13/02/2015;162.62
17/02/2015;159.01
18/02/2015;157.36
19/02/2015;161.62
20/02/2015;164.07
23/02/2015;164.62
24/02/2015;162.02
25/02/2015;171.87
26/02/2015;170.76
27/02/2015;176.76
02/03/2015;189.73
03/03/2015;194.99
04/03/2015;192.57
05/03/2015;188.73
06/03/2015;188.19
09/03/2015;187.47
10/03/2015;181.83
11/03/2015;182.64
12/03/2015;180.95
13/03/2015;176.23
16/03/2015;172.86
17/03/2015;173.01
18/03/2015;179.91
19/03/2015;177.43
20/03/2015;179.78
23/03/2015;180.39
24/03/2015;179.97
25/03/2015;183.65
26/03/2015;188.17
27/03/2015;179.8
30/03/2015;180.06
31/03/2015;178
01/04/2015;183.12
02/04/2015;176.13
06/04/2015;184.25
07/04/2015;186.09
08/04/2015;173.92
09/04/2015;175.92
10/04/2015;180.73
13/04/2015;180.46
14/04/2015;183.6
15/04/2015;193.6
16/04/2015;193.54
17/04/2015;192.99
20/04/2015;193.15
21/04/2015;188.81
22/04/2015;192.45
23/04/2015;199.56
24/04/2015;200.79
27/04/2015;200.9
28/04/2015;200.18
29/04/2015;201.79
30/04/2015;204.97
01/05/2015;204.53
04/05/2015;203.39
05/05/2015;206.34
06/05/2015;203.66
07/05/2015;199.03
08/05/2015;199.18
11/05/2015;198.64
12/05/2015;203.93
13/05/2015;204.05
14/05/2015;205.75
15/05/2015;205.68
18/05/2015;204.11
19/05/2015;199.5
20/05/2015;204.11
21/05/2015;208.24
22/05/2015;205.39
26/05/2015;199.83
27/05/2015;194.45
28/05/2015;198.51
29/05/2015;208.58
01/06/2015;204.22
02/06/2015;206.48
03/06/2015;204.53
04/06/2015;198.06
05/06/2015;203
08/06/2015;200.75
09/06/2015;207.71
10/06/2015;214.64
11/06/2015;213.81
12/06/2015;212.11
15/06/2015;209.91
16/06/2015;212.45
17/06/2015;210.05
18/06/2015;211.01
19/06/2015;205.86
22/06/2015;202.97
23/06/2015;207.66
24/06/2015;205.55
25/06/2015;203.68
26/06/2015;204.85
29/06/2015;203.03
30/06/2015;208.96
01/07/2015;200.68
02/07/2015;203.43
06/07/2015;192.37
07/07/2015;194.94
08/07/2015;199.9
09/07/2015;204.51
10/07/2015;201.65
13/07/2015;193.96
14/07/2015;193.07
15/07/2015;185.89
16/07/2015;189.67
17/07/2015;192.86
20/07/2015;193.03
21/07/2015;192.09
22/07/2015;186.76
23/07/2015;185.21
24/07/2015;182.82
27/07/2015;182.04
28/07/2015;180.32
29/07/2015;182.24
30/07/2015;182.79
31/07/2015;184.1
03/08/2015;167.45
04/08/2015;168.52
05/08/2015;167.05
06/08/2015;164.78
07/08/2015;162.3
10/08/2015;169.4
11/08/2015;169.37
12/08/2015;176.35
13/08/2015;171.41
14/08/2015;168.69
17/08/2015;165.42
18/08/2015;164.68
19/08/2015;155.92
20/08/2015;153.46
21/08/2015;154.49
24/08/2015;147.1
25/08/2015;143.86
26/08/2015;135.49
27/08/2015;145.68
28/08/2015;152.18
31/08/2015;164.04
01/09/2015;139.56
02/09/2015;142.52
03/09/2015;143.71
04/09/2015;141.82
08/09/2015;140.21
09/09/2015;135.97
10/09/2015;139.36
11/09/2015;136.99
14/09/2015;130.43
15/09/2015;133.29
16/09/2015;138.21
17/09/2015;137.6
18/09/2015;135.62
21/09/2015;140.31
22/09/2015;141.64
23/09/2015;138.16
24/09/2015;136.52
25/09/2015;139.59
28/09/2015;134.88
29/09/2015;136.32
30/09/2015;138.94
01/10/2015;136.68
02/10/2015;134.14
05/10/2015;138.53
06/10/2015;143.62
07/10/2015;139
08/10/2015;140.78
09/10/2015;141.67
12/10/2015;134.11
13/10/2015;131.4
14/10/2015;130.83
15/10/2015;130.72
16/10/2015;132.8
19/10/2015;125.14
20/10/2015;127.83
21/10/2015;128.08
22/10/2015;130.67
23/10/2015;130.36
26/10/2015;128.79
27/10/2015;128.72
28/10/2015;135.01
29/10/2015;134.96
30/10/2015;140.5
02/11/2015;137.53
03/11/2015;144.55
04/11/2015;139.19
05/11/2015;136.1
06/11/2015;136.95
09/11/2015;137.05
10/11/2015;136.18
11/11/2015;132.94
12/11/2015;127.31
13/11/2015;123.89
16/11/2015;123.86
17/11/2015;123.8
18/11/2015;126.61
19/11/2015;128.79
20/11/2015;129.03
23/11/2015;131.34
24/11/2015;139.02
25/11/2015;139.61
27/11/2015;139.05
30/11/2015;135.87
01/12/2015;136.3
02/12/2015;129.31
03/12/2015;129.63
04/12/2015;127.02
07/12/2015;120.94
08/12/2015;120.36
09/12/2015;123.17
10/12/2015;128.02
11/12/2015;128.15
14/12/2015;125.58
15/12/2015;124.44
16/12/2015;123.28
17/12/2015;126.16
18/12/2015;127.46
21/12/2015;120.94
22/12/2015;117.49
23/12/2015;124.14
24/12/2015;126.43
28/12/2015;123.26
29/12/2015;127.6
30/12/2015;123
31/12/2015;126.71
04/01/2016;129.07
05/01/2016;125.67
06/01/2016;116.18
07/01/2016;114.6
08/01/2016;112.77
11/01/2016;111.3
12/01/2016;108.48
13/01/2016;105.28
14/01/2016;106.84
15/01/2016;102.12
19/01/2016;102.62
20/01/2016;101.77
21/01/2016;103.12
22/01/2016;108.38
25/01/2016;103
26/01/2016;104.72
27/01/2016;104.57
28/01/2016;107.9
29/01/2016;110.31
01/02/2016;108.3
02/02/2016;100.08
03/02/2016;101.37
04/02/2016;102.84
05/02/2016;99.27
08/02/2016;95.61
09/02/2016;89.89
10/02/2016;94.25
11/02/2016;94.17
12/02/2016;104.32
16/02/2016;97.09
17/02/2016;100.34
18/02/2016;97.24
19/02/2016;95.94
22/02/2016;100.06
23/02/2016;96.63
24/02/2016;101.04
25/02/2016;105.6
26/02/2016;101.66
29/02/2016;104.97
01/03/2016;130.35
02/03/2016;131.07
03/03/2016;129.88
04/03/2016;133.21
07/03/2016;139.27
08/03/2016;138.78
09/03/2016;147.05
10/03/2016;143.9
11/03/2016;144.43
14/03/2016;142.26
15/03/2016;140.82
16/03/2016;141.83
17/03/2016;143.83
18/03/2016;142.73
21/03/2016;145.89
22/03/2016;149.71
23/03/2016;145.41
24/03/2016;146.59
28/03/2016;146.8
29/03/2016;145.38
30/03/2016;143.64
31/03/2016;142.65
01/04/2016;140.16
04/04/2016;137.7
05/04/2016;137.78
06/04/2016;139.47
07/04/2016;138.12
08/04/2016;146.37
11/04/2016;150.77
12/04/2016;153.43
13/04/2016;152.95
14/04/2016;150.56
15/04/2016;146.12
18/04/2016;143.65
19/04/2016;147.99
20/04/2016;150.68
21/04/2016;151.59
22/04/2016;153.09
25/04/2016;151.31
26/04/2016;156.6
27/04/2016;158.08
28/04/2016;159.8
29/04/2016;158.48
02/05/2016;156.28
03/05/2016;151
04/05/2016;148.66
05/05/2016;149.14
06/05/2016;149.62
09/05/2016;144.27
10/05/2016;148.57
11/05/2016;158.15
12/05/2016;158.33
13/05/2016;158.82
16/05/2016;160.63
17/05/2016;163.41
18/05/2016;164.89
19/05/2016;163.39
20/05/2016;163.56
23/05/2016;164.56
24/05/2016;165.44
25/05/2016;164.16
26/05/2016;161.95
27/05/2016;163.19
31/05/2016;161.49
01/06/2016;161.53
02/06/2016;163.46
03/06/2016;160.75
06/06/2016;158.87
07/06/2016;158.71
08/06/2016;161.98
09/06/2016;161.86
10/06/2016;155.96
13/06/2016;153.62
14/06/2016;152.13
15/06/2016;150.14
16/06/2016;146.53
17/06/2016;150.53
20/06/2016;158.27
21/06/2016;159.29
22/06/2016;158.82
23/06/2016;160.35
24/06/2016;152.5
27/06/2016;147.67
28/06/2016;151
29/06/2016;152.48
30/06/2016;150.14
01/07/2016;151.35
05/07/2016;142.87
06/07/2016;143.29
07/07/2016;136.31
08/07/2016;137.08
11/07/2016;138.35
12/07/2016;143.01
13/07/2016;137.84
14/07/2016;141.4
15/07/2016;142.2
18/07/2016;138.72
19/07/2016;137.57
20/07/2016;136.37
21/07/2016;135.5
22/07/2016;136.15
25/07/2016;133.36
26/07/2016;134.52
27/07/2016;132.14
28/07/2016;130.62
29/07/2016;132.1
01/08/2016;130.36
02/08/2016;131.16
03/08/2016;134.99
04/08/2016;136.8
05/08/2016;137.63
08/08/2016;136.2
09/08/2016;134.62
10/08/2016;130.14
11/08/2016;136.17
12/08/2016;137.09
15/08/2016;140.07
16/08/2016;142.26
17/08/2016;145.05
18/08/2016;148.97
19/08/2016;151.29
22/08/2016;148.42
23/08/2016;149.88
24/08/2016;150.96
25/08/2016;151.14
26/08/2016;151.28
29/08/2016;146.69
30/08/2016;144.83
31/08/2016;141.22
01/09/2016;127.24
02/09/2016;130.16
06/09/2016;131.64
07/09/2016;134.64
08/09/2016;141.65
09/09/2016;136.11
12/09/2016;138.99
13/09/2016;137.65
14/09/2016;136.15
15/09/2016;143.02
16/09/2016;146.16
19/09/2016;142.08
20/09/2016;136.46
21/09/2016;139.9
22/09/2016;140.18
23/09/2016;137.69
26/09/2016;140.24
27/09/2016;139.37
28/09/2016;147.77
29/09/2016;146.68
30/09/2016;148.74
03/10/2016;147.05
04/10/2016;149.96
05/10/2016;149.28
06/10/2016;149.78
07/10/2016;148.18
10/10/2016;149.72
11/10/2016;148.29
12/10/2016;146.19
13/10/2016;148.18
14/10/2016;149.36
17/10/2016;149.24
18/10/2016;150.57
19/10/2016;151.36
20/10/2016;149.37
21/10/2016;153.14
24/10/2016;150.38
25/10/2016;150.05
26/10/2016;148.31
27/10/2016;148.71
28/10/2016;146.91
31/10/2016;144.95
01/11/2016;148.41
02/11/2016;144.79
03/11/2016;142.45
04/11/2016;137.86
07/11/2016;137.1
08/11/2016;136.92
09/11/2016;135.72
10/11/2016;133.77
11/11/2016;130.53
14/11/2016;127.78
15/11/2016;133.5
16/11/2016;131.91
17/11/2016;134.3
18/11/2016;133.91
21/11/2016;139.65
22/11/2016;140.98
23/11/2016;142.17
25/11/2016;137.27
28/11/2016;141.27
29/11/2016;137.71
30/11/2016;149.08
01/12/2016;154.7
02/12/2016;155.91
05/12/2016;155.75
06/12/2016;153.59
07/12/2016;150.82
08/12/2016;150.47
09/12/2016;150.73
12/12/2016;154.3
13/12/2016;155.07
14/12/2016;153.31
15/12/2016;154.21
16/12/2016;155.71
19/12/2016;156.39
20/12/2016;159.36
21/12/2016;160.55
22/12/2016;160.4
23/12/2016;162.62
27/12/2016;165.28
28/12/2016;167.46
29/12/2016;168.2
30/12/2016;166.51
03/01/2017;162.18
04/01/2017;164.59
05/01/2017;163.77
06/01/2017;163.4
09/01/2017;157.07
10/01/2017;154.67
11/01/2017;159.29
12/01/2017;161.08
13/01/2017;161.17
17/01/2017;160.04
18/01/2017;154.87
19/01/2017;153.45
20/01/2017;156.6
23/01/2017;156.67
24/01/2017;157.59
25/01/2017;152.38
26/01/2017;154.27
27/01/2017;152.71
30/01/2017;150.55
31/01/2017;152.56
01/02/2017;157.91
02/02/2017;153.29
03/02/2017;155.37
06/02/2017;151.03
07/02/2017;148.75
08/02/2017;155.27
09/02/2017;157.02
10/02/2017;158.96
13/02/2017;154.46
14/02/2017;154.67
15/02/2017;154.79
16/02/2017;152.47
17/02/2017;151.66
21/02/2017;149.4
22/02/2017;151.33
23/02/2017;152.86
24/02/2017;151.48
27/02/2017;153.27
28/02/2017;151.2
01/03/2017;167.8
02/03/2017;164.33
03/03/2017;165.31
06/03/2017;167.23
07/03/2017;167.98
08/03/2017;165.26
09/03/2017;162.43
10/03/2017;160.01
13/03/2017;158.07
14/03/2017;158.35
15/03/2017;158.34
16/03/2017;159.42
17/03/2017;159.89
20/03/2017;161.13
21/03/2017;160.52
22/03/2017;160.19
23/03/2017;158.96
24/03/2017;160.48
27/03/2017;161.89
28/03/2017;163.49
29/03/2017;167.2
30/03/2017;168.12
31/03/2017;170.01
03/04/2017;169.37
04/04/2017;172.17
05/04/2017;171.53
06/04/2017;172.96
07/04/2017;174.62
10/04/2017;175.81
11/04/2017;175.77
12/04/2017;174.17
13/04/2017;173.49
17/04/2017;171.96
18/04/2017;171.1
19/04/2017;165.9
20/04/2017;167.05
21/04/2017;164.45
24/04/2017;162.14
25/04/2017;162.3
26/04/2017;159.03
27/04/2017;155
28/04/2017;154.8
01/05/2017;152.72
02/05/2017;151.36
03/05/2017;153.38
04/05/2017;148.12
05/05/2017;150.46
08/05/2017;151.78
09/05/2017;148.95
10/05/2017;153.96
11/05/2017;156.22
12/05/2017;157.61
15/05/2017;159.54
16/05/2017;160.43
17/05/2017;160.27
18/05/2017;160.63
19/05/2017;165.23
22/05/2017;166.26
23/05/2017;166.14
24/05/2017;165.26
25/05/2017;160.93
26/05/2017;164.26
30/05/2017;163.89
31/05/2017;161.22
01/06/2017;160.14
02/06/2017;157.71
05/06/2017;153.81
06/06/2017;155.45
07/06/2017;149.13
08/06/2017;149.19
09/06/2017;150.17
12/06/2017;148.8
13/06/2017;149.95
14/06/2017;143.27
15/06/2017;143.57
16/06/2017;145.48
19/06/2017;145.06
20/06/2017;142.4
21/06/2017;141.05
22/06/2017;143.45
23/06/2017;143.41
26/06/2017;143.87
27/06/2017;145.98
28/06/2017;148.33
29/06/2017;148.56
30/06/2017;151.52
03/07/2017;153.48
05/07/2017;150.24
06/07/2017;152.87
07/07/2017;149.84
10/07/2017;150.07
11/07/2017;151.83
12/07/2017;152.08
13/07/2017;152.61
14/07/2017;156.05
17/07/2017;155.67
18/07/2017;157.89
19/07/2017;161.69
20/07/2017;160.62
21/07/2017;156.33
24/07/2017;155.68
25/07/2017;159.62
26/07/2017;161.73
27/07/2017;164.46
28/07/2017;167.61
31/07/2017;170.58
01/08/2017;166.13
02/08/2017;164.48
03/08/2017;163.19
04/08/2017;164.63
07/08/2017;162.99
08/08/2017;162.08
09/08/2017;162
10/08/2017;160.28
11/08/2017;161.3
14/08/2017;157.67
15/08/2017;157.95
16/08/2017;156.38
17/08/2017;158.69
18/08/2017;162.4
21/08/2017;158.41
22/08/2017;159.08
23/08/2017;161.89
24/08/2017;166.41
25/08/2017;166.66
28/08/2017;171.23
29/08/2017;178.33
30/08/2017;188.47
31/08/2017;213.99
01/09/2017;174.79
05/09/2017;169.91
06/09/2017;167.33
07/09/2017;166.1
08/09/2017;164.76
11/09/2017;163.45
12/09/2017;165.63
13/09/2017;164.73
14/09/2017;162.87
15/09/2017;166.17
18/09/2017;166.86
19/09/2017;165.5
20/09/2017;165.51
21/09/2017;164.38
22/09/2017;166.84
25/09/2017;172.2
26/09/2017;169.88
27/09/2017;165.4
28/09/2017;163.18
29/09/2017;160.65
02/10/2017;155.53
03/10/2017;156.55
04/10/2017;158.05
05/10/2017;161.14
06/10/2017;155.88
09/10/2017;155.94
10/10/2017;159.15
11/10/2017;160.92
12/10/2017;158.32
13/10/2017;162.22
16/10/2017;161.69
17/10/2017;163.01
18/10/2017;164.29
19/10/2017;164.47
20/10/2017;167.81
23/10/2017;167.83
24/10/2017;171.55
25/10/2017;173.48
26/10/2017;175.06
27/10/2017;176.86
30/10/2017;176.41
31/10/2017;177.96
01/11/2017;174.1
02/11/2017;176.97
03/11/2017;179.34
06/11/2017;183
07/11/2017;181.53
08/11/2017;182.13
09/11/2017;181.97
10/11/2017;181.24
13/11/2017;179.29
14/11/2017;176.12
15/11/2017;173.88
16/11/2017;171.37
17/11/2017;174.47
20/11/2017;174.38
21/11/2017;177.31
22/11/2017;176.79
24/11/2017;178.8
27/11/2017;178.93
28/11/2017;177.2
29/11/2017;173.09
30/11/2017;172.84
01/12/2017;174.16
04/12/2017;169.22
05/12/2017;171.84
06/12/2017;166.09
07/12/2017;170
08/12/2017;171.66
11/12/2017;172.66
12/12/2017;169.76
13/12/2017;164.67
14/12/2017;167.07
15/12/2017;165.48
18/12/2017;167.25
19/12/2017;169.66
20/12/2017;173.53
21/12/2017;174.76
22/12/2017;174.15
